idx,sample_id,y_true,y_pred,true_label,pred_label,confidence,correct,pseudotime
0,GTEX-ZF29-0926-SM-4WKFZ,2,2,Normal Tissue,Normal Tissue,0.9947807192802428,True,0.11549484
1,GTEX-TSE9-0126-SM-3DB83,2,2,Normal Tissue,Normal Tissue,0.9988825917243958,True,0.041768733
2,GTEX-12WSK-2326-SM-5GCOH,2,2,Normal Tissue,Normal Tissue,0.9915403723716736,True,0.13261741
3,GTEX-P4PQ-0126-SM-2S1NM,2,2,Normal Tissue,Normal Tissue,0.9994545578956604,True,0.009372984
5,TCGA-EE-A29D-06,1,1,Metastasis,Metastasis,0.8812503814697266,True,0.82891715
6,TCGA-FS-A1ZA-06,1,1,Metastasis,Metastasis,0.6404559016227722,True,0.5733936
7,TCGA-EE-A17X-06,1,1,Metastasis,Metastasis,0.7810675501823425,True,0.7525403
8,TCGA-FR-A8YD-06,1,1,Metastasis,Metastasis,0.8682079911231995,True,0.706309
9,TCGA-FS-A1ZF-06,1,1,Metastasis,Metastasis,0.7798933982849121,True,0.9412528
10,GTEX-X585-0008-SM-46MU4,2,2,Normal Tissue,Normal Tissue,0.9963213205337524,True,0.37179637
11,TCGA-EB-A41A-01,0,0,Primary Tumor,Primary Tumor,0.8743029236793518,True,0.67440504
12,TCGA-D3-A3ML-06,1,1,Metastasis,Metastasis,0.8007327318191528,True,0.7911486
13,TCGA-EE-A2MP-06,1,1,Metastasis,Metastasis,0.6054069995880127,True,0.6098218
14,TCGA-DA-A1I4-06,1,1,Metastasis,Metastasis,0.7494019269943237,True,0.7785677
15,GTEX-132NY-0326-SM-5IJBL,2,2,Normal Tissue,Normal Tissue,0.989384949207306,True,0.1471957
16,GTEX-ZT9X-0008-SM-4YCD7,2,2,Normal Tissue,Normal Tissue,0.9467121362686156,True,0.38453373
17,TCGA-ER-A19S-06,1,1,Metastasis,Metastasis,0.9603615403175354,True,0.87997377
18,TCGA-EE-A3AB-06,1,1,Metastasis,Metastasis,0.74449622631073,True,0.52218807
19,GTEX-11DXX-0008-SM-5Q5B8,2,2,Normal Tissue,Normal Tissue,0.9913514852523804,True,0.39445958
20,GTEX-11O72-0626-SM-5PNYE,2,2,Normal Tissue,Normal Tissue,0.9781180024147034,True,0.12677406
21,GTEX-Y8LW-1526-SM-5IFHL,2,2,Normal Tissue,Normal Tissue,0.9971559047698976,True,0.050520174
22,TCGA-D3-A5GR-06,1,1,Metastasis,Metastasis,0.9694074988365172,True,0.8808896
23,GTEX-13PVR-2326-SM-5QGR1,2,2,Normal Tissue,Normal Tissue,0.9991021156311036,True,0.036247596
24,GTEX-T6MO-1626-SM-32QOM,2,2,Normal Tissue,Normal Tissue,0.999464213848114,True,0.021043919
25,TCGA-W3-AA1R-06,1,1,Metastasis,Metastasis,0.9483867883682252,True,0.8885064
26,GTEX-ZVZP-2426-SM-59HKJ,2,2,Normal Tissue,Normal Tissue,0.9968284964561462,True,0.053104945
27,TCGA-D3-A8GK-06,1,1,Metastasis,Metastasis,0.8391624689102173,True,0.75407535
28,GTEX-U4B1-1826-SM-4DXSU,2,2,Normal Tissue,Normal Tissue,0.99105703830719,True,0.20286608
29,GTEX-ZVZO-0126-SM-5A5L9,2,2,Normal Tissue,Normal Tissue,0.9973989725112916,True,0.107407264
30,GTEX-13FTY-2126-SM-5IFFB,2,2,Normal Tissue,Normal Tissue,0.9943564534187316,True,0.09505431
32,GTEX-OXRP-0126-SM-3NB32,2,2,Normal Tissue,Normal Tissue,0.9968520998954772,True,0.07979253
33,GTEX-YFC4-0008-SM-4RGM3,2,2,Normal Tissue,Normal Tissue,0.9749282002449036,True,0.3962206
34,GTEX-13FH7-1126-SM-5K7UG,2,2,Normal Tissue,Normal Tissue,0.99625164270401,True,0.111473925
35,GTEX-147GR-0526-SM-5S2MY,2,2,Normal Tissue,Normal Tissue,0.9943667054176332,True,0.080407485
36,GTEX-Y8LW-1826-SM-5S2MV,2,2,Normal Tissue,Normal Tissue,0.9962095022201538,True,0.08516043
37,GTEX-O5YU-0008-SM-4E3I7,2,2,Normal Tissue,Normal Tissue,0.5634329319000244,True,0.5865158
38,GTEX-X8HC-0126-SM-4E3JW,2,2,Normal Tissue,Normal Tissue,0.9933981895446776,True,0.11198751
39,TCGA-D3-A51G-06,1,1,Metastasis,Metastasis,0.8277589082717896,True,0.80117124
40,TCGA-EE-A29M-06,1,1,Metastasis,Metastasis,0.9624845385551452,True,0.75754035
41,TCGA-BF-A5ER-01,0,0,Primary Tumor,Primary Tumor,0.9077327251434326,True,0.63834316
42,TCGA-D3-A8GD-06,1,1,Metastasis,Metastasis,0.9784749746322632,True,0.77559006
43,TCGA-D3-A5GU-06,1,1,Metastasis,Metastasis,0.8895165324211121,True,0.8891728
44,GTEX-YEC4-2126-SM-5IFJH,2,2,Normal Tissue,Normal Tissue,0.9940593242645264,True,0.097102225
45,GTEX-SIU8-0126-SM-2XCDT,2,2,Normal Tissue,Normal Tissue,0.9799864888191224,True,0.18183523
46,GTEX-Y111-0126-SM-4SOIV,2,2,Normal Tissue,Normal Tissue,0.987676739692688,True,0.096053794
47,GTEX-11GS4-0008-SM-5QGRA,2,2,Normal Tissue,Normal Tissue,0.907157301902771,True,0.5281802
49,GTEX-WI4N-1026-SM-3LK7N,2,2,Normal Tissue,Normal Tissue,0.9969502091407776,True,0.106127374
50,TCGA-D3-A3C8-06,1,1,Metastasis,Metastasis,0.5089885592460632,True,0.49913332
51,TCGA-FS-A4F2-06,1,1,Metastasis,Metastasis,0.7125320434570312,True,0.9303041
52,TCGA-EE-A29P-06,1,1,Metastasis,Metastasis,0.9637792110443116,True,0.8546036
53,GTEX-QLQ7-1626-SM-2S1R8,2,2,Normal Tissue,Normal Tissue,0.9927155375480652,True,0.101096146
54,TCGA-EB-A44O-01,0,0,Primary Tumor,Primary Tumor,0.8355184197425842,True,0.55258673
56,TCGA-ER-A19T-01,0,0,Primary Tumor,Primary Tumor,0.8032020330429077,True,0.625103
57,GTEX-11EQ8-0008-SM-5Q5DJ,2,2,Normal Tissue,Normal Tissue,0.94469553232193,True,0.48265758
58,GTEX-11GSO-2426-SM-5A5LY,2,2,Normal Tissue,Normal Tissue,0.9961979985237122,True,0.056243517
59,GTEX-OXRL-0126-SM-2YUMP,2,2,Normal Tissue,Normal Tissue,0.9972332119941713,True,0.09969748
60,GTEX-XV7Q-0008-SM-4BRWL,2,2,Normal Tissue,Normal Tissue,0.9936057329177856,True,0.3668648
61,TCGA-ER-A19T-06,1,1,Metastasis,Metastasis,0.760213315486908,True,0.8828526
62,GTEX-12WSB-0126-SM-59HJN,2,2,Normal Tissue,Normal Tissue,0.9526168704032898,True,0.18308906
63,GTEX-SNMC-0008-SM-4DM5A,2,2,Normal Tissue,Normal Tissue,0.993913233280182,True,0.33349103
64,GTEX-QVJO-0008-SM-447AU,2,2,Normal Tissue,Normal Tissue,0.99098938703537,True,0.38859844
65,GTEX-Y5V6-2426-SM-4VDSB,2,2,Normal Tissue,Normal Tissue,0.9322089552879332,True,0.11934123
66,GTEX-Z93S-0008-SM-4RGM5,2,2,Normal Tissue,Normal Tissue,0.8980346322059631,True,0.48218915
67,GTEX-13OVH-0126-SM-5MR4B,2,2,Normal Tissue,Normal Tissue,0.9822943210601808,True,0.13666059
68,GTEX-XUW1-0926-SM-4BONX,2,2,Normal Tissue,Normal Tissue,0.9953351616859436,True,0.07919949
69,GTEX-14C5O-0126-SM-5SI6N,2,2,Normal Tissue,Normal Tissue,0.972941279411316,True,0.14573963
70,GTEX-145MG-1526-SM-5Q5EM,2,2,Normal Tissue,Normal Tissue,0.750872790813446,True,0.18427126
71,GTEX-XLM4-0008-SM-4AT4W,2,2,Normal Tissue,Normal Tissue,0.6305227279663086,True,0.5966433
72,GTEX-WYVS-2126-SM-3NMA3,2,2,Normal Tissue,Normal Tissue,0.7897043228149414,True,0.158243
73,GTEX-14753-0426-SM-5NQAM,2,2,Normal Tissue,Normal Tissue,0.9949589371681212,True,0.06622763
74,TCGA-D3-A3CE-06,1,1,Metastasis,Metastasis,0.8775407075881958,True,0.7094837
75,GTEX-13OW8-1026-SM-5J1NQ,2,2,Normal Tissue,Normal Tissue,0.9907349348068236,True,0.05511082
76,GTEX-113JC-2326-SM-5EQ4E,2,2,Normal Tissue,Normal Tissue,0.9737262725830078,True,0.16464505
77,GTEX-Z9EW-1626-SM-5CVMN,2,2,Normal Tissue,Normal Tissue,0.9984629154205322,True,0.031844083
78,GTEX-13X6K-0626-SM-5LU5D,2,2,Normal Tissue,Normal Tissue,0.986031413078308,True,0.13267723
79,TCGA-ER-A19M-06,1,1,Metastasis,Metastasis,0.927908182144165,True,0.8288114
80,GTEX-11OF3-0008-SM-5S2NH,2,2,Normal Tissue,Normal Tissue,0.9305428266525269,True,0.54513586
81,GTEX-ZPU1-1126-SM-4YCF3,2,2,Normal Tissue,Normal Tissue,0.9739009141921996,True,0.17409207
82,TCGA-EE-A3AF-06,1,1,Metastasis,Metastasis,0.7740606665611267,True,0.7368477
83,TCGA-EE-A29A-06,1,1,Metastasis,Metastasis,0.6989845037460327,True,0.8290733
84,TCGA-EE-A184-06,1,1,Metastasis,Metastasis,0.742249608039856,True,0.56073785
85,TCGA-FS-A1YY-06,1,1,Metastasis,Metastasis,0.5709146857261658,True,0.817635
86,TCGA-EE-A3J4-06,1,1,Metastasis,Metastasis,0.7971556186676025,True,0.82630193
88,TCGA-FS-A4F8-06,1,1,Metastasis,Metastasis,0.8508856296539307,True,0.5890964
89,GTEX-RN64-0008-SM-48FEZ,2,2,Normal Tissue,Normal Tissue,0.9499074220657348,True,0.5164356
90,TCGA-EB-A6QZ-01,0,0,Primary Tumor,Primary Tumor,0.8308334350585938,True,0.58105975
91,TCGA-D3-A8GQ-06,1,1,Metastasis,Metastasis,0.8940964937210083,True,0.8760302
92,TCGA-RP-A694-06,1,1,Metastasis,Metastasis,0.9515792727470398,True,0.827412
93,TCGA-FS-A1ZC-06,1,1,Metastasis,Metastasis,0.587706446647644,True,0.82519877
94,GTEX-QLQW-1126-SM-2S1Q8,2,2,Normal Tissue,Normal Tissue,0.8984262943267822,True,0.094847344
95,TCGA-XV-AAZW-01,0,0,Primary Tumor,Primary Tumor,0.7737941741943359,True,0.4867636
96,GTEX-Y111-0626-SM-4SOIT,2,2,Normal Tissue,Normal Tissue,0.9931061863899232,True,0.1416236
97,GTEX-11UD1-0008-SM-5S2P6,2,2,Normal Tissue,Normal Tissue,0.9845053553581238,True,0.4382053
98,TCGA-FW-A3TU-06,1,1,Metastasis,Metastasis,0.9512071013450624,True,0.84972346
99,GTEX-P4PQ-0008-SM-48TDX,2,2,Normal Tissue,Normal Tissue,0.9958065748214722,True,0.40096256
100,GTEX-T5JW-0008-SM-4DM5X,2,2,Normal Tissue,Normal Tissue,0.9808332920074464,True,0.4489835
101,GTEX-13OVJ-0126-SM-5KM36,2,2,Normal Tissue,Normal Tissue,0.9619986414909364,True,0.19248705
103,GTEX-PWCY-1826-SM-2S1OK,2,2,Normal Tissue,Normal Tissue,0.9992831349372864,True,0.0
105,GTEX-13OVI-2726-SM-5KM56,2,2,Normal Tissue,Normal Tissue,0.7877532839775085,True,0.35845265
106,GTEX-12696-0126-SM-5EQ4L,2,2,Normal Tissue,Normal Tissue,0.9878082871437072,True,0.14340195
107,GTEX-OOBK-0008-SM-3NB27,2,2,Normal Tissue,Normal Tissue,0.9282928109169006,True,0.43004763
108,GTEX-132AR-0326-SM-5KM2C,2,2,Normal Tissue,Normal Tissue,0.9984825253486632,True,0.06586432
109,TCGA-BF-AAP1-01,0,0,Primary Tumor,Primary Tumor,0.7567784786224365,True,0.6663694
110,GTEX-13OW5-0126-SM-5MR3A,2,2,Normal Tissue,Normal Tissue,0.978836715221405,True,0.13232753
111,TCGA-YD-A9TB-06,1,1,Metastasis,Metastasis,0.9561994671821594,True,0.79254764
112,GTEX-P4QT-0008-SM-48TDZ,2,2,Normal Tissue,Normal Tissue,0.9919413328170776,True,0.33995607
113,TCGA-EE-A2MU-06,1,1,Metastasis,Metastasis,0.9608615636825562,True,0.70947766
114,GTEX-13G51-1826-SM-5KLZH,2,2,Normal Tissue,Normal Tissue,0.9261950850486756,True,0.13217005
115,TCGA-ER-A3EV-06,1,1,Metastasis,Metastasis,0.9292163252830504,True,0.66291004
116,GTEX-XQ8I-0008-SM-4WAWM,2,2,Normal Tissue,Normal Tissue,0.9781330823898317,True,0.4342767
118,TCGA-YD-A89C-06,1,1,Metastasis,Metastasis,0.8451110124588013,True,0.94098127
120,TCGA-FS-A1Z4-06,1,1,Metastasis,Metastasis,0.9476089477539062,True,0.79707414
121,TCGA-RP-A695-06,1,1,Metastasis,Metastasis,0.9300941824913024,True,0.8050777
122,GTEX-XUZC-0008-SM-4BOQG,2,2,Normal Tissue,Normal Tissue,0.989697277545929,True,0.37053403
123,GTEX-Y114-0008-SM-4TT8X,2,2,Normal Tissue,Normal Tissue,0.6159621477127075,True,0.46575823
124,GTEX-131YS-2826-SM-5EQ47,2,2,Normal Tissue,Normal Tissue,0.988598108291626,True,0.13223653
125,GTEX-11TUW-0626-SM-5LU9M,2,2,Normal Tissue,Normal Tissue,0.9962366223335266,True,0.075337484
126,TCGA-GN-A262-06,1,1,Metastasis,Metastasis,0.8545933365821838,True,0.8713921
127,TCGA-BF-AAP2-01,0,0,Primary Tumor,Primary Tumor,0.6633357405662537,True,0.5766378
128,GTEX-XUJ4-1826-SM-4BOOU,2,2,Normal Tissue,Normal Tissue,0.9868401288986206,True,0.16368037
129,TCGA-EE-A2MN-06,1,1,Metastasis,Metastasis,0.9481968879699708,True,0.7567788
130,GTEX-12WSJ-1126-SM-5LZVJ,2,2,Normal Tissue,Normal Tissue,0.9960836172103882,True,0.13361232
131,TCGA-FS-A1ZT-06,1,1,Metastasis,Metastasis,0.9601982831954956,True,0.7790353
132,GTEX-13SLX-0526-SM-5S2ON,2,2,Normal Tissue,Normal Tissue,0.9805945754051208,True,0.110589534
133,TCGA-EB-A5SE-01,0,0,Primary Tumor,Primary Tumor,0.8389397263526917,True,0.57652587
134,GTEX-13X6J-0126-SM-5QGOU,2,2,Normal Tissue,Normal Tissue,0.9990646243095398,True,0.030394176
135,GTEX-XMD1-0008-SM-4AT41,2,2,Normal Tissue,Normal Tissue,0.8619338274002075,True,0.5291074
136,GTEX-WVLH-0008-SM-4MVPD,2,2,Normal Tissue,Normal Tissue,0.7898331880569458,True,0.46968713
137,TCGA-EB-A5VV-06,1,1,Metastasis,Metastasis,0.9370052814483644,True,0.72311693
138,GTEX-YB5K-0008-SM-4VDT8,2,2,Normal Tissue,Normal Tissue,0.9329702854156494,True,0.46748874
139,GTEX-13O1R-0126-SM-5L3EH,2,2,Normal Tissue,Normal Tissue,0.99698668718338,True,0.09035754
140,GTEX-139YR-1026-SM-5LZYN,2,2,Normal Tissue,Normal Tissue,0.9977508187294006,True,0.07191701
141,GTEX-11EQ8-0126-SM-5EQ54,2,2,Normal Tissue,Normal Tissue,0.9778746962547302,True,0.29801425
142,GTEX-1212Z-0126-SM-59HK4,2,2,Normal Tissue,Normal Tissue,0.9901503324508668,True,0.074776605
143,GTEX-ZZ64-1026-SM-5GZXG,2,2,Normal Tissue,Normal Tissue,0.955917239189148,True,0.14614622
144,GTEX-13X6J-0626-SM-5LU5F,2,2,Normal Tissue,Normal Tissue,0.9807850122451782,True,0.13294637
145,GTEX-ZVTK-0226-SM-51MRG,2,2,Normal Tissue,Normal Tissue,0.8058940172195435,True,0.28917685
146,GTEX-PLZ4-0008-SM-48TE6,2,2,Normal Tissue,Normal Tissue,0.9943956136703492,True,0.4176541
147,GTEX-WYJK-0526-SM-3NM8Z,2,2,Normal Tissue,Normal Tissue,0.9522970914840698,True,0.14094134
148,GTEX-ZVT2-0126-SM-5GIDQ,2,2,Normal Tissue,Normal Tissue,0.9904468059539796,True,0.118447706
149,GTEX-WXYG-2326-SM-4E3I6,2,2,Normal Tissue,Normal Tissue,0.998523771762848,True,0.06070541
150,GTEX-ZDTS-0008-SM-4E3I8,2,2,Normal Tissue,Normal Tissue,0.8867267370223999,True,0.47954345
151,GTEX-ZQG8-1626-SM-5HL6H,2,2,Normal Tissue,Normal Tissue,0.9459521174430848,True,0.10584774
152,TCGA-D3-A2J7-06,1,1,Metastasis,Metastasis,0.9394503831863404,True,0.77570933
153,GTEX-YEC4-0008-SM-4W1YR,2,2,Normal Tissue,Normal Tissue,0.703441321849823,True,0.52332836
154,GTEX-XK95-0008-SM-4AT5G,2,2,Normal Tissue,Normal Tissue,0.9942986965179444,True,0.35689703
155,GTEX-ZTTD-2826-SM-4YCFA,2,2,Normal Tissue,Normal Tissue,0.6659883260726929,True,0.28971538
156,GTEX-11O72-0008-SM-5Q5DN,2,2,Normal Tissue,Normal Tissue,0.9077125191688538,True,0.5036566
157,TCGA-DA-A1I5-06,1,1,Metastasis,Metastasis,0.8707345724105835,True,0.54998463
158,TCGA-EB-A5KH-06,1,1,Metastasis,Metastasis,0.8147947192192078,True,0.67764026
159,GTEX-QV44-1926-SM-2S1RF,2,2,Normal Tissue,Normal Tissue,0.997803032398224,True,0.040376876
160,GTEX-XUW1-0008-SM-4BOQH,2,2,Normal Tissue,Normal Tissue,0.9201205968856812,True,0.46081695
161,TCGA-EE-A2GK-06,1,1,Metastasis,Metastasis,0.9090726375579834,True,0.64917266
162,GTEX-13NZ8-0826-SM-5MR3I,2,2,Normal Tissue,Normal Tissue,0.9982696771621704,True,0.08666809
163,GTEX-WQUQ-0426-SM-3MJFU,2,2,Normal Tissue,Normal Tissue,0.992871105670929,True,0.08251647
164,GTEX-RUSQ-1526-SM-2TF62,2,2,Normal Tissue,Normal Tissue,0.9963313937187196,True,0.114807606
166,GTEX-WQUQ-0008-SM-4OOT1,2,2,Normal Tissue,Normal Tissue,0.9787455797195436,True,0.4148307
167,TCGA-FR-A3YO-06,1,1,Metastasis,Metastasis,0.846988320350647,True,0.813254
168,GTEX-ZEX8-0008-SM-4E3JU,2,2,Normal Tissue,Normal Tissue,0.9822494983673096,True,0.40793663
169,GTEX-14C38-0726-SM-5SI6M,2,2,Normal Tissue,Normal Tissue,0.9758089780807496,True,0.20340548
172,GTEX-ZDTS-0126-SM-4WAY5,2,2,Normal Tissue,Normal Tissue,0.9933488965034484,True,0.050840978
173,GTEX-1399U-0008-SM-5S2VE,2,2,Normal Tissue,Normal Tissue,0.5621374249458313,True,0.61899304
175,TCGA-W3-AA1W-06,1,1,Metastasis,Metastasis,0.9548428058624268,True,0.81384534
176,GTEX-Y9LG-1126-SM-4VBQ7,2,2,Normal Tissue,Normal Tissue,0.998024582862854,True,0.070543334
177,TCGA-EB-A24C-01,0,0,Primary Tumor,Primary Tumor,0.7761769890785217,True,0.4835009
178,GTEX-X638-0126-SM-47JZ8,2,2,Normal Tissue,Normal Tissue,0.9950057864189148,True,0.1032497
179,GTEX-13N11-2326-SM-5IJBF,2,2,Normal Tissue,Normal Tissue,0.9958106279373168,True,0.060039166
180,GTEX-147F3-0526-SM-5SI98,2,2,Normal Tissue,Normal Tissue,0.853156566619873,True,0.14536484
181,TCGA-EB-A3XB-01,0,0,Primary Tumor,Primary Tumor,0.746013343334198,True,0.5979426
183,TCGA-FS-A1ZD-06,1,1,Metastasis,Metastasis,0.8921465873718262,True,0.8320743
184,GTEX-11EQ9-1626-SM-5PNY8,2,2,Normal Tissue,Normal Tissue,0.9465473890304564,True,0.12757537
185,TCGA-D3-A2JF-06,1,1,Metastasis,Metastasis,0.9371399879455566,True,0.6096499
186,GTEX-S3XE-0008-SM-3NM8O,2,2,Normal Tissue,Normal Tissue,0.8324589133262634,True,0.4639434
187,TCGA-WE-A8ZX-06,1,1,Metastasis,Metastasis,0.9603650569915771,True,0.8495917
188,TCGA-EE-A2MJ-06,1,1,Metastasis,Metastasis,0.8737747669219971,True,0.5768927
189,GTEX-T5JC-0426-SM-32PLO,2,2,Normal Tissue,Normal Tissue,0.9907442927360536,True,0.067118004
191,GTEX-X4EP-0126-SM-3P5YV,2,2,Normal Tissue,Normal Tissue,0.9725281000137328,True,0.1256565
192,TCGA-EB-A44Q-06,1,1,Metastasis,Metastasis,0.957213580608368,True,0.9137113
193,GTEX-111YS-0008-SM-5Q5BH,2,2,Normal Tissue,Normal Tissue,0.8607417345046997,True,0.5389504
194,GTEX-ZVZP-1226-SM-5GID7,2,2,Normal Tissue,Normal Tissue,0.9970868229866028,True,0.071165875
195,TCGA-EE-A2MS-06,1,1,Metastasis,Metastasis,0.8894354104995728,True,0.64400643
196,GTEX-XBED-2226-SM-47JYQ,2,2,Normal Tissue,Normal Tissue,0.9771172404289246,True,0.13935661
197,GTEX-PLZ6-0008-SM-48TD5,2,2,Normal Tissue,Normal Tissue,0.918417751789093,True,0.492163
198,GTEX-ZEX8-2426-SM-4WKG4,2,2,Normal Tissue,Normal Tissue,0.993043065071106,True,0.095313445
199,TCGA-D3-A1Q7-06,1,1,Metastasis,Metastasis,0.9182891249656676,True,0.9023122
200,TCGA-GF-A3OT-06,1,1,Metastasis,Metastasis,0.794273853302002,True,0.7327818
201,TCGA-ER-A19G-06,1,1,Metastasis,Metastasis,0.968936562538147,True,0.86305314
202,TCGA-EB-A3Y6-01,0,0,Primary Tumor,Primary Tumor,0.8128321170806885,True,0.66472495
203,TCGA-WE-A8ZO-06,1,1,Metastasis,Metastasis,0.9178711771965028,True,0.82695365
204,GTEX-WH7G-0008-SM-4LVNM,2,2,Normal Tissue,Normal Tissue,0.9851120114326476,True,0.40394846
206,GTEX-13FLV-0126-SM-5K7WT,2,2,Normal Tissue,Normal Tissue,0.9250395894050598,True,0.18719587
207,TCGA-DA-A95X-06,1,1,Metastasis,Metastasis,0.9165915250778198,True,0.83807725
208,GTEX-OHPK-0008-SM-4E3JL,2,2,Normal Tissue,Normal Tissue,0.4165223240852356,True,0.6145483
209,GTEX-ZVZQ-0326-SM-59HLL,2,2,Normal Tissue,Normal Tissue,0.885759711265564,True,0.43709245
210,GTEX-RU72-0926-SM-2TF6B,2,2,Normal Tissue,Normal Tissue,0.999065101146698,True,0.029785529
211,GTEX-1122O-0008-SM-5QGR2,2,2,Normal Tissue,Normal Tissue,0.9927380681037904,True,0.43578523
212,GTEX-OXRK-0226-SM-2YUN1,2,2,Normal Tissue,Normal Tissue,0.9977624416351318,True,0.08457947
213,GTEX-U8XE-0326-SM-3DB8P,2,2,Normal Tissue,Normal Tissue,0.9960923790931702,True,0.07631803
214,GTEX-OXRN-0126-SM-48TDM,2,2,Normal Tissue,Normal Tissue,0.996554970741272,True,0.07102475
215,GTEX-QEG4-0008-SM-48TYZ,2,2,Normal Tissue,Normal Tissue,0.9725582003593444,True,0.42496878
216,GTEX-ZGAY-0526-SM-4WWBB,2,2,Normal Tissue,Normal Tissue,0.9907737374305724,True,0.124678284
217,GTEX-QDT8-0008-SM-48U2F,2,2,Normal Tissue,Normal Tissue,0.99614679813385,True,0.32428697
218,GTEX-13CF3-2426-SM-5IFGX,2,2,Normal Tissue,Normal Tissue,0.9969817996025084,True,0.07744862
219,TCGA-D3-A3C7-06,1,1,Metastasis,Metastasis,0.841402530670166,True,0.78047144
220,GTEX-X88G-0008-SM-47JWN,2,2,Normal Tissue,Normal Tissue,0.8220365643501282,True,0.50563306
221,GTEX-12126-0008-SM-5S2UC,2,2,Normal Tissue,Normal Tissue,0.9089612364768982,True,0.49962783
222,TCGA-ER-A19D-06,1,1,Metastasis,Metastasis,0.5340979695320129,True,0.5216662
223,TCGA-DA-A1HY-06,1,1,Metastasis,Metastasis,0.906645894050598,True,0.75705403
224,GTEX-P4QR-0008-SM-48TE2,2,2,Normal Tissue,Normal Tissue,0.9972540736198424,True,0.29147124
225,GTEX-13S7M-0126-SM-5SI6A,2,2,Normal Tissue,Normal Tissue,0.9945650100708008,True,0.094004646
226,TCGA-W3-AA21-06,1,1,Metastasis,Metastasis,0.94336998462677,True,0.76367986
227,GTEX-ZYFG-2326-SM-5E44B,2,2,Normal Tissue,Normal Tissue,0.9969472289085388,True,0.09281303
228,GTEX-11DXY-0126-SM-5H11Q,2,2,Normal Tissue,Normal Tissue,0.9966042041778564,True,0.08086103
229,GTEX-ZY6K-1426-SM-5GZX2,2,2,Normal Tissue,Normal Tissue,0.6977776288986206,True,0.31945902
230,GTEX-11EMC-0008-SM-5Q5DR,2,2,Normal Tissue,Normal Tissue,0.905324399471283,True,0.50360644
231,GTEX-12WS9-0326-SM-59HJV,2,2,Normal Tissue,Normal Tissue,0.9931986927986144,True,0.11166998
232,GTEX-111VG-0008-SM-5Q5BG,2,2,Normal Tissue,Normal Tissue,0.9889004230499268,True,0.38050884
233,GTEX-XAJ8-1426-SM-47JYM,2,2,Normal Tissue,Normal Tissue,0.9773926138877868,True,0.083727434
234,GTEX-X5EB-0008-SM-46MU3,2,2,Normal Tissue,Normal Tissue,0.9880240559577942,True,0.4212284
235,TCGA-ER-A19K-01,0,0,Primary Tumor,Primary Tumor,0.7029462456703186,True,0.49159616
236,TCGA-EE-A2MI-06,1,1,Metastasis,Metastasis,0.8170483708381653,True,0.78333
237,TCGA-GN-A267-06,1,1,Metastasis,Metastasis,0.8031384944915771,True,0.699157
238,GTEX-YB5E-0008-SM-4VDT7,2,2,Normal Tissue,Normal Tissue,0.8858460783958435,True,0.48335934
239,GTEX-UPJH-0226-SM-3GADV,2,2,Normal Tissue,Normal Tissue,0.989003360271454,True,0.06460629
240,GTEX-ZVT3-0008-SM-51MRI,2,2,Normal Tissue,Normal Tissue,0.8175863027572632,True,0.43718615
241,GTEX-XUJ4-0008-SM-4BOQI,2,2,Normal Tissue,Normal Tissue,0.9783285856246948,True,0.42847422
242,GTEX-Z93S-1626-SM-5CVMB,2,2,Normal Tissue,Normal Tissue,0.9766030311584472,True,0.097005665
244,GTEX-YJ8A-0426-SM-5IFID,2,2,Normal Tissue,Normal Tissue,0.9989153146743774,True,0.030296726
245,TCGA-WE-AAA4-06,1,1,Metastasis,Metastasis,0.9382444620132446,True,0.7554268
246,TCGA-DA-A1IA-06,1,1,Metastasis,Metastasis,0.6302802562713623,True,0.7382691
247,GTEX-13X6I-1826-SM-5SIAO,2,2,Normal Tissue,Normal Tissue,0.983053743839264,True,0.117274016
248,GTEX-11EI6-2826-SM-5H11D,2,2,Normal Tissue,Normal Tissue,0.9854817390441896,True,0.06330963
249,GTEX-11WQC-1826-SM-5GU59,2,2,Normal Tissue,Normal Tissue,0.9974898099899292,True,0.060493853
250,GTEX-R55F-0126-SM-48FCK,2,2,Normal Tissue,Normal Tissue,0.9888521432876588,True,0.15155976
252,TCGA-BF-AAP0-06,1,1,Metastasis,Metastasis,0.9615790843963624,True,0.9112996
253,TCGA-ER-A3PL-06,1,1,Metastasis,Metastasis,0.8828884363174438,True,0.83974814
254,GTEX-11DXY-0008-SM-5QGR4,2,2,Normal Tissue,Normal Tissue,0.9928714632987976,True,0.38663158
255,GTEX-OIZH-0126-SM-2HMIS,2,2,Normal Tissue,Normal Tissue,0.913355827331543,True,0.2113569
256,GTEX-11XUK-0008-SM-5S2WD,2,2,Normal Tissue,Normal Tissue,0.8571275472640991,True,0.55590045
257,GTEX-WZTO-0008-SM-4PQZZ,2,2,Normal Tissue,Normal Tissue,0.6212035417556763,True,0.5863344
258,GTEX-146FQ-2126-SM-5RQHU,2,2,Normal Tissue,Normal Tissue,0.9785651564598083,True,0.092696145
259,GTEX-X4EP-0008-SM-4PQYO,2,2,Normal Tissue,Normal Tissue,0.9952503442764282,True,0.35034096
260,TCGA-FR-A3YN-06,1,1,Metastasis,Metastasis,0.9498454928398132,True,0.81061804
261,GTEX-W5WG-0008-SM-4KL25,2,2,Normal Tissue,Normal Tissue,0.9775615334510804,True,0.4090118
263,TCGA-D3-A51T-06,1,1,Metastasis,Metastasis,0.9632824063301086,True,0.8102473
264,GTEX-WFJO-0008-SM-4LVN7,2,2,Normal Tissue,Normal Tissue,0.9993144273757936,True,0.2729608
265,GTEX-VUSG-0008-SM-4KL24,2,2,Normal Tissue,Normal Tissue,0.8164038062095642,True,0.48675013
266,GTEX-1399R-2726-SM-5IJBA,2,2,Normal Tissue,Normal Tissue,0.9899308681488036,True,0.107527696
267,TCGA-FW-A3R5-06,1,1,Metastasis,Metastasis,0.9212601780891418,True,0.8249353
268,TCGA-FS-A1ZJ-06,1,1,Metastasis,Metastasis,0.5451174974441528,True,0.55788714
269,TCGA-BF-AAOX-01,0,0,Primary Tumor,Primary Tumor,0.8254624009132385,True,0.5032597
270,TCGA-FR-A7U9-06,1,1,Metastasis,Metastasis,0.9452569484710692,True,0.93952835
271,GTEX-131XH-2226-SM-5DUXJ,2,2,Normal Tissue,Normal Tissue,0.9889561533927916,True,0.11211833
272,GTEX-Y8E4-0008-SM-4V6FW,2,2,Normal Tissue,Normal Tissue,0.8740461468696594,True,0.49524504
273,GTEX-TML8-0008-SM-4DXUI,2,2,Normal Tissue,Normal Tissue,0.994048237800598,True,0.32733405
274,GTEX-WVJS-0008-SM-4MVPC,2,2,Normal Tissue,Normal Tissue,0.803112268447876,True,0.51567245
275,TCGA-D3-A1Q3-06,1,1,Metastasis,Metastasis,0.9571364521980286,True,0.82808334
276,GTEX-X585-2426-SM-46MW2,2,2,Normal Tissue,Normal Tissue,0.9375386238098145,True,0.23555577
277,GTEX-Y8E5-0008-SM-57WBA,2,2,Normal Tissue,Normal Tissue,0.5887494683265686,True,0.6026282
278,TCGA-W3-AA1Q-06,1,1,Metastasis,Metastasis,0.9413726329803468,True,0.7925904
279,TCGA-D9-A1JW-06,1,1,Metastasis,Metastasis,0.8385398983955383,True,0.56296885
280,TCGA-GN-A268-06,1,1,Metastasis,Metastasis,0.8121128082275391,True,0.8535261
281,TCGA-GN-A4U7-06,1,1,Metastasis,Metastasis,0.6430515050888062,True,0.62760776
282,GTEX-T2YK-0008-SM-4DM6M,2,2,Normal Tissue,Normal Tissue,0.995918333530426,True,0.32512447
283,TCGA-EE-A3J8-06,1,1,Metastasis,Metastasis,0.8292747735977173,True,0.8446607
284,GTEX-WHPG-2626-SM-3NMBR,2,2,Normal Tissue,Normal Tissue,0.9691432118415833,True,0.10807651
285,GTEX-ZPU1-0008-SM-4E3IR,2,2,Normal Tissue,Normal Tissue,0.9923887848854064,True,0.34274897
286,TCGA-GN-A4U4-06,1,1,Metastasis,Metastasis,0.6985545754432678,True,0.59532684
287,TCGA-D3-A2JD-06,1,1,Metastasis,Metastasis,0.951164722442627,True,0.790385
288,TCGA-WE-A8JZ-06,1,1,Metastasis,Metastasis,0.8549075126647949,True,0.7962702
289,GTEX-ZTPG-0326-SM-5O9AX,2,2,Normal Tissue,Normal Tissue,0.9969454407691956,True,0.108279094
290,GTEX-ZF2S-0008-SM-4E3IK,2,2,Normal Tissue,Normal Tissue,0.5322653651237488,True,0.59848803
291,GTEX-Y3IK-1626-SM-4YCF5,2,2,Normal Tissue,Normal Tissue,0.9983312487602234,True,0.06409285
292,TCGA-Z2-AA3S-06,1,1,Metastasis,Metastasis,0.8995475172996521,True,0.8493684
293,TCGA-BF-A5EO-01,0,0,Primary Tumor,Primary Tumor,0.6663364171981812,True,0.47530144
294,GTEX-145MH-2826-SM-5RQJF,2,2,Normal Tissue,Normal Tissue,0.96479469537735,True,0.20679328
295,GTEX-R53T-0008-SM-48FEW,2,2,Normal Tissue,Normal Tissue,0.9568114280700684,True,0.5110434
299,GTEX-UJMC-0008-SM-4IHKK,2,2,Normal Tissue,Normal Tissue,0.9666256904602052,True,0.45246685
300,GTEX-ZT9X-1526-SM-5DUXD,2,2,Normal Tissue,Normal Tissue,0.9825970530509948,True,0.13239883
301,GTEX-PWN1-0126-SM-2I3FK,2,2,Normal Tissue,Normal Tissue,0.9659988284111024,True,0.13997424
302,GTEX-Y3IK-2426-SM-4WWDU,2,2,Normal Tissue,Normal Tissue,0.9907627701759338,True,0.14156094
303,TCGA-D3-A3MR-06,1,1,Metastasis,Metastasis,0.975596845149994,True,0.84398484
304,TCGA-FS-A4F0-06,1,1,Metastasis,Metastasis,0.7555214166641235,True,0.80292267
305,GTEX-OXRO-0126-SM-2YUN4,2,2,Normal Tissue,Normal Tissue,0.998473823070526,True,0.064988
306,GTEX-U3ZG-0008-SM-47JWL,2,2,Normal Tissue,Normal Tissue,0.9907800555229188,True,0.38351774
307,GTEX-WYBS-0626-SM-3NMAS,2,2,Normal Tissue,Normal Tissue,0.9949113726615906,True,0.0805772
308,GTEX-N7MS-0008-SM-4E3JI,2,2,Normal Tissue,Normal Tissue,0.5797772407531738,True,0.60140496
309,TCGA-D3-A3MV-06,1,1,Metastasis,Metastasis,0.7778221368789673,True,1.0
310,TCGA-XV-AB01-06,1,1,Metastasis,Metastasis,0.9582331776618958,True,0.6831998
311,TCGA-EE-A2A2-06,1,1,Metastasis,Metastasis,0.9510180950164796,True,0.7997167
312,TCGA-ER-A3ET-06,1,1,Metastasis,Metastasis,0.913233757019043,True,0.83398104
313,GTEX-12BJ1-0926-SM-5EQ62,2,2,Normal Tissue,Normal Tissue,0.9667761921882628,True,0.21553244
314,TCGA-D3-A8GC-06,1,1,Metastasis,Metastasis,0.9145060777664183,True,0.831717
315,GTEX-WFG7-0008-SM-4LMKB,2,2,Normal Tissue,Normal Tissue,0.9983635544776917,True,0.29070047
316,TCGA-FS-A4F5-06,1,1,Metastasis,Metastasis,0.8311949968338013,True,0.83727986
317,GTEX-R55D-0008-SM-48FEV,2,2,Normal Tissue,Normal Tissue,0.9642847180366516,True,0.486103
318,TCGA-WE-AAA3-06,1,1,Metastasis,Metastasis,0.8741028904914856,True,0.844294
319,GTEX-Q2AH-0008-SM-48U2J,2,2,Normal Tissue,Normal Tissue,0.9863483905792236,True,0.38555256
320,TCGA-D9-A149-06,1,1,Metastasis,Metastasis,0.8442650437355042,True,0.64128554
321,GTEX-Y8DK-0008-SM-4RGM2,2,2,Normal Tissue,Normal Tissue,0.955748438835144,True,0.46857724
322,GTEX-1192W-0008-SM-5QGRE,2,2,Normal Tissue,Normal Tissue,0.9963818788528442,True,0.3378378
323,GTEX-P4PP-0008-SM-48TDV,2,2,Normal Tissue,Normal Tissue,0.989445984363556,True,0.354336
324,GTEX-11NUK-0126-SM-5A5L3,2,2,Normal Tissue,Normal Tissue,0.9779003262519836,True,0.13217364
325,GTEX-RNOR-0126-SM-2TF57,2,2,Normal Tissue,Normal Tissue,0.9988064765930176,True,0.04786721
327,TCGA-GN-A4U8-06,1,1,Metastasis,Metastasis,0.9698689579963684,True,0.79561245
328,GTEX-QEL4-0008-SM-447AZ,2,2,Normal Tissue,Normal Tissue,0.8294460773468018,True,0.54137987
329,GTEX-OIZI-0008-SM-2XCFD,2,2,Normal Tissue,Normal Tissue,0.7933383584022522,True,0.54638237
330,GTEX-VJYA-1526-SM-3GIJV,2,2,Normal Tissue,Normal Tissue,0.9847239255905152,True,0.16023134
331,TCGA-XV-A9W5-01,0,0,Primary Tumor,Primary Tumor,0.6645668148994446,True,0.4410685
334,TCGA-EE-A2GJ-06,1,1,Metastasis,Metastasis,0.8911580443382263,True,0.8438223
335,GTEX-U8T8-0008-SM-4DXSP,2,2,Normal Tissue,Normal Tissue,0.9827438592910768,True,0.40790713
336,GTEX-ZYY3-2926-SM-5GIEB,2,2,Normal Tissue,Normal Tissue,0.9965839385986328,True,0.08917503
337,GTEX-12WSN-2326-SM-5DUVG,2,2,Normal Tissue,Normal Tissue,0.9990493655204772,True,0.026276497
338,GTEX-139D8-1126-SM-5LU8W,2,2,Normal Tissue,Normal Tissue,0.9753055572509766,True,0.18016683
339,GTEX-PLZ5-2026-SM-2S1O4,2,2,Normal Tissue,Normal Tissue,0.9987326264381408,True,0.037434995
340,GTEX-12WSL-2526-SM-5GCNJ,2,2,Normal Tissue,Normal Tissue,0.9939231276512146,True,0.105505146
341,TCGA-EE-A29X-06,1,1,Metastasis,Metastasis,0.9451941847801208,True,0.7357211
342,GTEX-13FHO-0426-SM-5L3F5,2,2,Normal Tissue,Normal Tissue,0.9917703866958618,True,0.13766694
343,GTEX-11DYG-0008-SM-5QGR5,2,2,Normal Tissue,Normal Tissue,0.995575189590454,True,0.34232897
345,GTEX-13JUV-2026-SM-5K7UA,2,2,Normal Tissue,Normal Tissue,0.997100293636322,True,0.08355123
346,GTEX-1313W-0126-SM-5LZUN,2,2,Normal Tissue,Normal Tissue,0.9841423630714417,True,0.16565162
347,TCGA-ER-A2ND-06,1,1,Metastasis,Metastasis,0.8074762225151062,True,0.8917072
348,TCGA-D3-A1Q9-06,1,1,Metastasis,Metastasis,0.865544319152832,True,0.7201652
349,TCGA-FS-A4FD-06,1,1,Metastasis,Metastasis,0.8528546690940857,True,0.8566729
350,TCGA-D3-A3C6-06,1,1,Metastasis,Metastasis,0.7587546110153198,True,0.90555733
351,GTEX-ZZPT-0226-SM-5E43X,2,2,Normal Tissue,Normal Tissue,0.9934428930282592,True,0.12546082
352,GTEX-ZVZP-0008-SM-51MSX,2,2,Normal Tissue,Normal Tissue,0.8269966244697571,True,0.47811428
353,GTEX-ZP4G-2426-SM-57WEY,2,2,Normal Tissue,Normal Tissue,0.98959481716156,True,0.13977924
354,TCGA-EB-A5SG-06,1,1,Metastasis,Metastasis,0.9826487302780152,True,0.8294892
355,GTEX-WRHK-0008-SM-4MVPA,2,2,Normal Tissue,Normal Tissue,0.9567022323608398,True,0.42946336
356,GTEX-13PDP-0726-SM-5L3HP,2,2,Normal Tissue,Normal Tissue,0.9872280359268188,True,0.1468978
357,GTEX-Y5LM-1926-SM-5RQJH,2,2,Normal Tissue,Normal Tissue,0.99924635887146,True,0.03568177
358,TCGA-BF-A9VF-01,0,0,Primary Tumor,Primary Tumor,0.8907961845397949,True,0.53512883
359,TCGA-EE-A3J5-06,1,1,Metastasis,Metastasis,0.947229027748108,True,0.7624234
360,TCGA-GN-A4U9-06,1,1,Metastasis,Metastasis,0.8939639329910278,True,0.980581
361,GTEX-XAJ8-0826-SM-47JY6,2,2,Normal Tissue,Normal Tissue,0.9961477518081664,True,0.06687305
362,GTEX-13U4I-2226-SM-5LU5H,2,2,Normal Tissue,Normal Tissue,0.9363619089126588,True,0.19844444
363,GTEX-S7PM-0126-SM-4AD6S,2,2,Normal Tissue,Normal Tissue,0.9952139854431152,True,0.06891161
364,GTEX-1128S-2326-SM-5GZZY,2,2,Normal Tissue,Normal Tissue,0.9941512942314148,True,0.07750905
365,GTEX-TMZS-0008-SM-47JWM,2,2,Normal Tissue,Normal Tissue,0.994236171245575,True,0.31953865
366,GTEX-WEY5-0008-SM-4LMKC,2,2,Normal Tissue,Normal Tissue,0.99178546667099,True,0.40394685
367,TCGA-D9-A3Z3-06,1,1,Metastasis,Metastasis,0.9692436456680298,True,0.9208667
368,GTEX-13NYS-0626-SM-5L3F1,2,2,Normal Tissue,Normal Tissue,0.9969511032104492,True,0.087704785
369,TCGA-DA-A1HV-06,1,1,Metastasis,Metastasis,0.738946795463562,True,0.59673095
370,GTEX-13G51-2526-SM-5LZYK,2,2,Normal Tissue,Normal Tissue,0.989058792591095,True,0.12547944
371,GTEX-13112-2826-SM-5DUWH,2,2,Normal Tissue,Normal Tissue,0.9971326589584352,True,0.059400726
372,GTEX-ZUA1-2626-SM-5NQ92,2,2,Normal Tissue,Normal Tissue,0.7411949634552002,True,0.28439283
373,GTEX-PVOW-0126-SM-2XCFA,2,2,Normal Tissue,Normal Tissue,0.9994496703147888,True,0.01831683
374,TCGA-EE-A3AA-06,1,1,Metastasis,Metastasis,0.5081795454025269,True,0.49728757
375,GTEX-11DXX-2126-SM-5PNYR,2,2,Normal Tissue,Normal Tissue,0.9289841651916504,True,0.22882871
376,GTEX-X8HC-0008-SM-46MU6,2,2,Normal Tissue,Normal Tissue,0.5009419918060303,True,0.61537355
377,GTEX-XQ3S-1426-SM-4BOPR,2,2,Normal Tissue,Normal Tissue,0.9635658860206604,True,0.1627653
378,GTEX-13N2G-0226-SM-5K7VF,2,2,Normal Tissue,Normal Tissue,0.9958571791648864,True,0.07056511
379,GTEX-W5WG-1826-SM-4KL2Y,2,2,Normal Tissue,Normal Tissue,0.9917114973068236,True,0.09714592
380,GTEX-QXCU-0008-SM-48FCH,2,2,Normal Tissue,Normal Tissue,0.985734224319458,True,0.43202403
381,GTEX-XXEK-1626-SM-4BRUZ,2,2,Normal Tissue,Normal Tissue,0.9985637068748474,True,0.04668625
383,GTEX-145LT-1726-SM-5QGP3,2,2,Normal Tissue,Normal Tissue,0.9541898369789124,True,0.14647461
384,GTEX-ZTTD-0008-SM-51MQV,2,2,Normal Tissue,Normal Tissue,0.9893091917037964,True,0.39721575
385,GTEX-14AS3-1526-SM-5Q5ED,2,2,Normal Tissue,Normal Tissue,0.9975232481956482,True,0.06183175
386,TCGA-FW-A5DY-06,1,1,Metastasis,Metastasis,0.9537508487701416,True,0.8719266
387,TCGA-EE-A29H-06,1,1,Metastasis,Metastasis,0.904811441898346,True,0.59986985
388,GTEX-ZVT4-0008-SM-57WCA,2,2,Normal Tissue,Normal Tissue,0.9287375211715698,True,0.41743279
389,GTEX-ZC5H-0008-SM-4WAX8,2,2,Normal Tissue,Normal Tissue,0.985044002532959,True,0.4060767
393,TCGA-EB-A6L9-06,1,1,Metastasis,Metastasis,0.9391070008277892,True,0.6610008
394,GTEX-139T8-0126-SM-5K7XZ,2,2,Normal Tissue,Normal Tissue,0.9989343285560608,True,0.034981403
395,TCGA-D3-A2JN-06,1,1,Metastasis,Metastasis,0.8545522689819336,True,0.6583627
396,GTEX-Y5V6-2326-SM-4VDSA,2,2,Normal Tissue,Normal Tissue,0.9966384172439576,True,0.10216812
397,GTEX-11DYG-1526-SM-5A5JS,2,2,Normal Tissue,Normal Tissue,0.9308358430862428,True,0.20213282
398,GTEX-ZAB5-2626-SM-5KM3Y,2,2,Normal Tissue,Normal Tissue,0.9983453750610352,True,0.11200673
399,GTEX-VUSG-2526-SM-4KL1V,2,2,Normal Tissue,Normal Tissue,0.986053228378296,True,0.11918277
401,GTEX-P4QT-0126-SM-2I3FL,2,2,Normal Tissue,Normal Tissue,0.9938874840736388,True,0.12601991
402,GTEX-ZTX8-0008-SM-4YCDV,2,2,Normal Tissue,Normal Tissue,0.974035143852234,True,0.40129834
403,TCGA-EE-A29S-06,1,1,Metastasis,Metastasis,0.934174656867981,True,0.87170684
405,TCGA-YG-AA3O-06,1,1,Metastasis,Metastasis,0.8876509666442871,True,0.8802689
406,TCGA-DA-A3F2-06,1,1,Metastasis,Metastasis,0.967438280582428,True,0.812665
407,GTEX-139TS-2826-SM-5J1OO,2,2,Normal Tissue,Normal Tissue,0.9962091445922852,True,0.0852599
409,TCGA-LH-A9QB-06,1,1,Metastasis,Metastasis,0.8242594599723816,True,0.92098516
410,TCGA-D3-A2JC-06,1,1,Metastasis,Metastasis,0.929575264453888,True,0.7358578
411,GTEX-R55E-0126-SM-2TC5Y,2,2,Normal Tissue,Normal Tissue,0.9956005811691284,True,0.081510685
412,GTEX-P44H-0008-SM-48TDW,2,2,Normal Tissue,Normal Tissue,0.9892590641975404,True,0.39635766
413,GTEX-11VI4-1126-SM-5EQMD,2,2,Normal Tissue,Normal Tissue,0.9912856221199036,True,0.12514408
414,TCGA-WE-AA9Y-06,1,1,Metastasis,Metastasis,0.9560298323631288,True,0.7220988
415,GTEX-X4EO-0326-SM-3P5YO,2,2,Normal Tissue,Normal Tissue,0.905423641204834,True,0.17055961
416,GTEX-13111-1826-SM-5GCP1,2,2,Normal Tissue,Normal Tissue,0.9237682223320008,True,0.26651075
417,TCGA-WE-A8ZR-06,1,1,Metastasis,Metastasis,0.9582149982452391,True,0.8642768
419,GTEX-ZDXO-0008-SM-4E3HR,2,2,Normal Tissue,Normal Tissue,0.4160453677177429,True,0.61384183
420,TCGA-EB-A24D-01,0,0,Primary Tumor,Primary Tumor,0.8018578886985779,True,0.6767463
421,GTEX-145MN-1526-SM-5SI9T,2,2,Normal Tissue,Normal Tissue,0.935208797454834,True,0.19997536
422,GTEX-ZU9S-1826-SM-5NQ9E,2,2,Normal Tissue,Normal Tissue,0.9872384071350098,True,0.1047084
423,TCGA-D3-A3MO-06,1,1,Metastasis,Metastasis,0.7968063950538635,True,0.8972568
424,GTEX-YFCO-1226-SM-5LUAT,2,2,Normal Tissue,Normal Tissue,0.997267246246338,True,0.070973575
425,GTEX-133LE-2326-SM-5K7W3,2,2,Normal Tissue,Normal Tissue,0.9931507110595704,True,0.1338146
426,GTEX-X4XY-0226-SM-4E3IZ,2,2,Normal Tissue,Normal Tissue,0.790490984916687,True,0.31910953
427,TCGA-DA-A1I1-06,1,1,Metastasis,Metastasis,0.9592213034629822,True,0.82278836
428,GTEX-11WQK-0008-SM-5SI6T,2,2,Normal Tissue,Normal Tissue,0.9629824757575988,True,0.46212685
429,GTEX-11PRG-0008-SM-5S2N5,2,2,Normal Tissue,Normal Tissue,0.7840501070022583,True,0.5726906
430,TCGA-BF-AAOU-01,0,0,Primary Tumor,Primary Tumor,0.6194201111793518,True,0.5945156
431,TCGA-EE-A2GM-06,1,1,Metastasis,Metastasis,0.6496368646621704,True,0.688979
432,GTEX-ZF2S-2326-SM-4WWCE,2,2,Normal Tissue,Normal Tissue,0.9961345195770264,True,0.08652511
433,GTEX-WVJS-0126-SM-4MVOT,2,2,Normal Tissue,Normal Tissue,0.9983179569244384,True,0.049573813
434,TCGA-D3-A8GM-06,1,1,Metastasis,Metastasis,0.9733763337135316,True,0.80487394
435,GTEX-144GO-2026-SM-5O99P,2,2,Normal Tissue,Normal Tissue,0.9763156175613404,True,0.17876962
436,TCGA-DA-A95Z-06,1,1,Metastasis,Metastasis,0.8719472885131836,True,0.83445215
437,TCGA-ER-A2NC-06,1,1,Metastasis,Metastasis,0.9335403442382812,True,0.8148366
438,TCGA-ER-A19B-06,1,1,Metastasis,Metastasis,0.7564831376075745,True,0.6551619
439,TCGA-EE-A2A0-06,1,1,Metastasis,Metastasis,0.9587337970733644,True,0.72197914
440,GTEX-13113-1626-SM-5EQ4I,2,2,Normal Tissue,Normal Tissue,0.9981016516685486,True,0.08631763
441,TCGA-EE-A20B-06,1,1,Metastasis,Metastasis,0.8534672856330872,True,0.6743081
442,TCGA-EB-A5UL-06,1,1,Metastasis,Metastasis,0.9653568267822266,True,0.95645136
443,GTEX-117YW-0008-SM-5QGRD,2,2,Normal Tissue,Normal Tissue,0.9944725632667542,True,0.4183926
444,GTEX-12WSD-0626-SM-5GCMW,2,2,Normal Tissue,Normal Tissue,0.9549729228019714,True,0.19491903
445,GTEX-ZDYS-2026-SM-5HL5L,2,2,Normal Tissue,Normal Tissue,0.9925577640533448,True,0.102309905
447,TCGA-FS-A1ZK-06,1,1,Metastasis,Metastasis,0.7749165296554565,True,0.77739674
448,TCGA-EE-A2MT-06,1,1,Metastasis,Metastasis,0.7678845524787903,True,0.59763354
449,GTEX-V1D1-2026-SM-3GAF4,2,2,Normal Tissue,Normal Tissue,0.9993897676467896,True,0.038192503
451,TCGA-OD-A75X-06,1,1,Metastasis,Metastasis,0.4656157195568084,True,0.54891104
453,GTEX-N7MS-0225-SM-4E3HO,2,2,Normal Tissue,Normal Tissue,0.9492231607437134,True,0.20296454
454,TCGA-FR-A8YC-06,1,1,Metastasis,Metastasis,0.9442965388298036,True,0.8336352
455,GTEX-144GN-2326-SM-5LU4F,2,2,Normal Tissue,Normal Tissue,0.999129354953766,True,0.050119463
456,GTEX-11ZVC-2526-SM-5FQTE,2,2,Normal Tissue,Normal Tissue,0.9874339699745178,True,0.12115811
457,GTEX-13PVR-0426-SM-5RQK2,2,2,Normal Tissue,Normal Tissue,0.982754647731781,True,0.15346365
458,GTEX-X585-0226-SM-4QAS2,2,2,Normal Tissue,Normal Tissue,0.9989320635795592,True,0.044731315
459,GTEX-ZYW4-0626-SM-59HJR,2,2,Normal Tissue,Normal Tissue,0.9918301701545716,True,0.078435324
460,GTEX-ZWKS-0626-SM-5GIDV,2,2,Normal Tissue,Normal Tissue,0.994460105895996,True,0.08756965
461,GTEX-14753-0726-SM-5QGQO,2,2,Normal Tissue,Normal Tissue,0.995325207710266,True,0.08429674
462,TCGA-GN-A265-06,1,1,Metastasis,Metastasis,0.9483704566955566,True,0.8367613
463,GTEX-WFON-1926-SM-3LK7L,2,2,Normal Tissue,Normal Tissue,0.9651917815208436,True,0.113593474
464,GTEX-12584-0126-SM-5EGKQ,2,2,Normal Tissue,Normal Tissue,0.996626615524292,True,0.08913942
465,TCGA-ER-A19Q-06,1,1,Metastasis,Metastasis,0.8009155988693237,True,0.7956325
466,GTEX-PLZ4-0126-SM-5SI8O,2,2,Normal Tissue,Normal Tissue,0.99788099527359,True,0.0826516
467,GTEX-11ILO-0008-SM-5QGR9,2,2,Normal Tissue,Normal Tissue,0.9357796907424928,True,0.50747424
469,TCGA-BF-A3DN-01,0,0,Primary Tumor,Primary Tumor,0.6095008254051208,True,0.61696434
470,GTEX-1192X-2726-SM-5N9DN,2,2,Normal Tissue,Normal Tissue,0.9957113265991212,True,0.08202549
471,GTEX-Y114-2426-SM-4TT8A,2,2,Normal Tissue,Normal Tissue,0.9957525730133056,True,0.11200438
472,GTEX-131XF-2126-SM-5DUWS,2,2,Normal Tissue,Normal Tissue,0.9966589212417604,True,0.059145384
473,GTEX-12ZZZ-0626-SM-5DUXI,2,2,Normal Tissue,Normal Tissue,0.949573814868927,True,0.083027765
474,GTEX-11DXW-0226-SM-5H122,2,2,Normal Tissue,Normal Tissue,0.9641039967536926,True,0.11643346
475,TCGA-DA-A1HW-06,1,1,Metastasis,Metastasis,0.9414929747581482,True,0.86627066
476,GTEX-13OW6-2726-SM-5J2OE,2,2,Normal Tissue,Normal Tissue,0.9594494104385376,True,0.15887696
477,GTEX-YJ89-0126-SM-4TT3X,2,2,Normal Tissue,Normal Tissue,0.9938296675682068,True,0.09712446
478,GTEX-111YS-1526-SM-5GZYW,2,2,Normal Tissue,Normal Tissue,0.9371079206466676,True,0.20853746
479,GTEX-13N2G-2626-SM-5J1OT,2,2,Normal Tissue,Normal Tissue,0.9960060715675354,True,0.065650314
480,GTEX-11NSD-2226-SM-5986V,2,2,Normal Tissue,Normal Tissue,0.9514944553375244,True,0.10082529
481,GTEX-1212Z-2526-SM-5EGKP,2,2,Normal Tissue,Normal Tissue,0.9975634813308716,True,0.06608937
482,TCGA-ER-A1A1-06,1,1,Metastasis,Metastasis,0.9555115699768066,True,0.8062398
483,TCGA-DA-A1I8-06,1,1,Metastasis,Metastasis,0.7823652625083923,True,0.8310137
485,TCGA-EE-A3JI-06,1,1,Metastasis,Metastasis,0.8930235505104065,True,0.8227461
486,TCGA-XV-A9W2-01,0,0,Primary Tumor,Primary Tumor,0.5678504109382629,True,0.41022462
487,GTEX-Y3I4-0008-SM-4TT21,2,2,Normal Tissue,Normal Tissue,0.6890337467193604,True,0.5380621
488,TCGA-D3-A51F-06,1,1,Metastasis,Metastasis,0.9617170691490172,True,0.857298
490,GTEX-13IVO-0726-SM-5LZYV,2,2,Normal Tissue,Normal Tissue,0.9991405010223388,True,0.04370526
491,GTEX-OHPM-0126-SM-2YUN9,2,2,Normal Tissue,Normal Tissue,0.9990922212600708,True,0.023200778
492,TCGA-D3-A8GE-06,1,1,Metastasis,Metastasis,0.937561571598053,True,0.8074309
494,TCGA-D3-A51J-06,1,1,Metastasis,Metastasis,0.9785158634185792,True,0.81191695
495,GTEX-YFC4-0126-SM-5CVLY,2,2,Normal Tissue,Normal Tissue,0.9932191967964172,True,0.11357788
496,GTEX-ZYFD-0126-SM-5GIDL,2,2,Normal Tissue,Normal Tissue,0.9896374940872192,True,0.12497116
497,GTEX-11EMC-2926-SM-5EQ4F,2,2,Normal Tissue,Normal Tissue,0.99107563495636,True,0.076898254
498,GTEX-RVPU-0008-SM-3NM8B,2,2,Normal Tissue,Normal Tissue,0.8214154839515686,True,0.530203
499,GTEX-131XH-0126-SM-5LZUY,2,2,Normal Tissue,Normal Tissue,0.9680686593055724,True,0.21290143
501,GTEX-131XW-0626-SM-5PNVD,2,2,Normal Tissue,Normal Tissue,0.9974269270896912,True,0.077096626
503,TCGA-FR-A8YE-06,1,1,Metastasis,Metastasis,0.9690911173820496,True,0.8256748
504,GTEX-YEC3-1326-SM-4WWEL,2,2,Normal Tissue,Normal Tissue,0.9396623373031616,True,0.19293514
505,GTEX-SUCS-0008-SM-4DM53,2,2,Normal Tissue,Normal Tissue,0.9970464110374452,True,0.29213443
506,GTEX-ZU9S-0226-SM-5E441,2,2,Normal Tissue,Normal Tissue,0.9355586171150208,True,0.21720406
507,TCGA-D9-A3Z1-06,1,1,Metastasis,Metastasis,0.9687670469284058,True,0.83528465
508,GTEX-13VXT-0126-SM-5LU4I,2,2,Normal Tissue,Normal Tissue,0.998986542224884,True,0.037453365
509,GTEX-11TUW-2726-SM-5EQLC,2,2,Normal Tissue,Normal Tissue,0.9523423910140992,True,0.1883597
510,GTEX-11TTK-0126-SM-5987B,2,2,Normal Tissue,Normal Tissue,0.9944703578948976,True,0.13223605
511,GTEX-11I78-0008-SM-5Q5DI,2,2,Normal Tissue,Normal Tissue,0.9876338243484496,True,0.38585445
512,GTEX-ZAB4-2126-SM-5HL8U,2,2,Normal Tissue,Normal Tissue,0.9897124767303468,True,0.0995454
513,GTEX-SE5C-0008-SM-4B64J,2,2,Normal Tissue,Normal Tissue,0.7509535551071167,True,0.5270099
515,GTEX-11ZTS-0008-SM-5S2VC,2,2,Normal Tissue,Normal Tissue,0.9794283509254456,True,0.44591436
516,GTEX-QDVN-2026-SM-3GAEP,2,2,Normal Tissue,Normal Tissue,0.9988584518432616,True,0.062045228
517,GTEX-1269C-2526-SM-5EGJ3,2,2,Normal Tissue,Normal Tissue,0.9883630871772766,True,0.13530762
518,GTEX-ZYW4-0126-SM-5E44A,2,2,Normal Tissue,Normal Tissue,0.9989940524101256,True,0.037172757
520,TCGA-WE-A8K5-06,1,1,Metastasis,Metastasis,0.9015305042266846,True,0.9048952
522,GTEX-PWO3-1526-SM-48TCM,2,2,Normal Tissue,Normal Tissue,0.9442891478538512,True,0.22178547
523,TCGA-EE-A3AG-06,1,1,Metastasis,Metastasis,0.5225579142570496,True,0.59553564
524,TCGA-D3-A2JP-06,1,1,Metastasis,Metastasis,0.6531054377555847,True,0.6359362
525,GTEX-QESD-1426-SM-2S1R9,2,2,Normal Tissue,Normal Tissue,0.9981405735015868,True,0.059431817
526,GTEX-13FTY-0526-SM-5L3EV,2,2,Normal Tissue,Normal Tissue,0.9862494468688964,True,0.11195295
527,GTEX-RNOR-0008-SM-48FEY,2,2,Normal Tissue,Normal Tissue,0.9862485527992249,True,0.4243678
528,GTEX-YBZK-0008-SM-59HL6,2,2,Normal Tissue,Normal Tissue,0.934717893600464,True,0.48338008
529,TCGA-ER-A199-06,1,1,Metastasis,Metastasis,0.9176813960075378,True,0.6492829
530,GTEX-11P81-2226-SM-5PNYI,2,2,Normal Tissue,Normal Tissue,0.99769788980484,True,0.08354261
531,GTEX-WHWD-0008-SM-4OOSU,2,2,Normal Tissue,Normal Tissue,0.9964890480041504,True,0.34245118
532,GTEX-W5X1-0008-SM-4LMKA,2,2,Normal Tissue,Normal Tissue,0.9773740768432616,True,0.4498652
533,GTEX-POYW-0008-SM-48TE4,2,2,Normal Tissue,Normal Tissue,0.9995920062065125,True,0.2636263
534,TCGA-FS-A1YW-06,1,1,Metastasis,Metastasis,0.6642449498176575,True,0.6099355
536,TCGA-D3-A2JE-06,1,1,Metastasis,Metastasis,0.9345095157623292,True,0.8696753
537,GTEX-11EM3-1226-SM-5N9DD,2,2,Normal Tissue,Normal Tissue,0.9983929991722108,True,0.0743175
538,GTEX-14A5H-0826-SM-5QGPJ,2,2,Normal Tissue,Normal Tissue,0.9899916648864746,True,0.16597198
539,TCGA-D9-A6EA-06,1,1,Metastasis,Metastasis,0.8940240740776062,True,0.8179698
540,TCGA-ER-A19W-06,1,1,Metastasis,Metastasis,0.9601964950561525,True,0.87431943
541,GTEX-Y9LG-0008-SM-4VBRJ,2,2,Normal Tissue,Normal Tissue,0.835294783115387,True,0.49367177
542,TCGA-D3-A8GS-06,1,1,Metastasis,Metastasis,0.9680068492889404,True,0.8389937
543,GTEX-WK11-0008-SM-4OOSX,2,2,Normal Tissue,Normal Tissue,0.981618344783783,True,0.41665334
544,GTEX-ZVT2-2526-SM-51MT1,2,2,Normal Tissue,Normal Tissue,0.9931557774543762,True,0.13501851
545,GTEX-13OVI-1426-SM-5L3EY,2,2,Normal Tissue,Normal Tissue,0.997085988521576,True,0.111050464
546,GTEX-Q2AI-0008-SM-48U2H,2,2,Normal Tissue,Normal Tissue,0.936557412147522,True,0.43029863
547,GTEX-111VG-2426-SM-5GZXD,2,2,Normal Tissue,Normal Tissue,0.9423410892486572,True,0.19322239
548,GTEX-YEC3-1326-SM-5PNXV,2,2,Normal Tissue,Normal Tissue,0.9932259917259216,True,0.10214184
549,GTEX-PWOO-0008-SM-48TDU,2,2,Normal Tissue,Normal Tissue,0.971637725830078,True,0.43256706
550,TCGA-EE-A3J3-06,1,1,Metastasis,Metastasis,0.9336617588996888,True,0.82071793
551,TCGA-FS-A1ZW-06,1,1,Metastasis,Metastasis,0.9789605140686036,True,0.79787326
552,TCGA-D3-A1Q4-06,1,1,Metastasis,Metastasis,0.9406577348709106,True,0.8778232
553,GTEX-117YX-1926-SM-5GIEC,2,2,Normal Tissue,Normal Tissue,0.9991921782493592,True,0.04059212
554,GTEX-11P82-0008-SM-5S2MS,2,2,Normal Tissue,Normal Tissue,0.7930043935775757,True,0.56004405
555,GTEX-WOFL-0008-SM-4OOSZ,2,2,Normal Tissue,Normal Tissue,0.9975935816764832,True,0.35869566
556,TCGA-EE-A2M8-06,1,1,Metastasis,Metastasis,0.933174729347229,True,0.81886435
557,GTEX-111FC-2526-SM-5GZXU,2,2,Normal Tissue,Normal Tissue,0.9542384147644044,True,0.19442682
558,GTEX-1399T-2826-SM-5KLYZ,2,2,Normal Tissue,Normal Tissue,0.9689595103263856,True,0.098352954
559,GTEX-145MN-2226-SM-5SIAU,2,2,Normal Tissue,Normal Tissue,0.991557002067566,True,0.12957884
560,TCGA-EE-A2M7-06,1,1,Metastasis,Metastasis,0.9659081697463988,True,0.74000394
561,GTEX-O5YW-0008-SM-4E3IE,2,2,Normal Tissue,Normal Tissue,0.9121705889701844,True,0.49090627
562,GTEX-QMRM-0008-SM-447B1,2,2,Normal Tissue,Normal Tissue,0.9894542694091796,True,0.37022123
563,GTEX-13OVL-0226-SM-5L3E9,2,2,Normal Tissue,Normal Tissue,0.9131168127059937,True,0.11533043
564,GTEX-WHSB-0008-SM-4M1ZP,2,2,Normal Tissue,Normal Tissue,0.9954875111579896,True,0.39281952
565,GTEX-13N11-2526-SM-5K7UE,2,2,Normal Tissue,Normal Tissue,0.9957094192504884,True,0.1139558
566,GTEX-V1D1-2226-SM-3NMAX,2,2,Normal Tissue,Normal Tissue,0.9879823327064514,True,0.11710118
567,GTEX-1399Q-2326-SM-5KM2X,2,2,Normal Tissue,Normal Tissue,0.9748161435127258,True,0.19201706
568,TCGA-ER-A198-06,1,1,Metastasis,Metastasis,0.871557354927063,True,0.7824624
569,TCGA-EE-A3JD-06,1,1,Metastasis,Metastasis,0.9764723181724548,True,0.7377543
572,GTEX-ZPIC-1726-SM-57WF2,2,2,Normal Tissue,Normal Tissue,0.9754692316055298,True,0.102370165
573,GTEX-ZV6S-0008-SM-4YCF9,2,2,Normal Tissue,Normal Tissue,0.9852173924446106,True,0.37209326
574,TCGA-EE-A181-06,1,1,Metastasis,Metastasis,0.9705690741539,True,0.74916846
575,GTEX-X4LF-0008-SM-4QAST,2,2,Normal Tissue,Normal Tissue,0.9460205435752868,True,0.48337048
576,TCGA-DA-A3F3-06,1,1,Metastasis,Metastasis,0.8869547843933105,True,0.8938553
577,GTEX-11OC5-0126-SM-5HL6A,2,2,Normal Tissue,Normal Tissue,0.993809163570404,True,0.10836797
578,TCGA-EB-A1NK-01,0,0,Primary Tumor,Primary Tumor,0.7674814462661743,True,0.459873
579,GTEX-XYKS-2126-SM-4E3IB,2,2,Normal Tissue,Normal Tissue,0.9976721405982972,True,0.07762416
580,GTEX-11GS4-2726-SM-5A5LE,2,2,Normal Tissue,Normal Tissue,0.9902575016021729,True,0.11242318
581,TCGA-ER-A19P-06,1,1,Metastasis,Metastasis,0.9551298022270204,True,0.8173674
582,GTEX-133LE-1826-SM-5J1MV,2,2,Normal Tissue,Normal Tissue,0.9920668601989746,True,0.106954545
583,TCGA-EE-A29G-06,1,1,Metastasis,Metastasis,0.6903906464576721,True,0.2582373
584,GTEX-1399U-1126-SM-5L3DB,2,2,Normal Tissue,Normal Tissue,0.9927265644073486,True,0.124484055
585,GTEX-145MI-0626-SM-5SI8S,2,2,Normal Tissue,Normal Tissue,0.9868478178977966,True,0.1303573
586,GTEX-ZTX8-1326-SM-4YCEL,2,2,Normal Tissue,Normal Tissue,0.9934306740760804,True,0.15059713
587,TCGA-BF-AAP7-01,0,0,Primary Tumor,Primary Tumor,0.7146344780921936,True,0.56061393
588,GTEX-O5YW-0126-SM-3LK6D,2,2,Normal Tissue,Normal Tissue,0.9986692667007446,True,0.03343245
589,GTEX-U8T8-0126-SM-3DB94,2,2,Normal Tissue,Normal Tissue,0.9989801049232484,True,0.04332833
590,GTEX-14DAQ-0126-SM-5S2MQ,2,2,Normal Tissue,Normal Tissue,0.9785380959510804,True,0.16476932
591,GTEX-ZDYS-0008-SM-4E3IX,2,2,Normal Tissue,Normal Tissue,0.6163216233253479,True,0.52662605
592,GTEX-13PVQ-0126-SM-5SIB4,2,2,Normal Tissue,Normal Tissue,0.9824010729789734,True,0.1531248
593,GTEX-ZUA1-0008-SM-4YCEW,2,2,Normal Tissue,Normal Tissue,0.926365852355957,True,0.4598906
594,GTEX-12ZZX-0126-SM-5EGK9,2,2,Normal Tissue,Normal Tissue,0.983348309993744,True,0.12110649
595,GTEX-13FTW-2626-SM-5K7WL,2,2,Normal Tissue,Normal Tissue,0.9948874115943908,True,0.10371502
596,GTEX-ZDTT-0426-SM-4WKFL,2,2,Normal Tissue,Normal Tissue,0.9494162201881408,True,0.190681
597,TCGA-DA-A1I0-06,1,1,Metastasis,Metastasis,0.902701735496521,True,0.7389316
598,TCGA-FS-A1ZN-01,0,0,Primary Tumor,Primary Tumor,0.6857828497886658,True,0.43462607
599,TCGA-GN-A9SD-06,1,1,Metastasis,Metastasis,0.969717800617218,True,0.75890326
600,GTEX-ZC5H-0226-SM-4WAY9,2,2,Normal Tissue,Normal Tissue,0.9967593550682068,True,0.08504223
601,GTEX-R3RS-0008-SM-48FF1,2,2,Normal Tissue,Normal Tissue,0.8919453620910645,True,0.44462794
602,GTEX-139T4-0226-SM-5HL5S,2,2,Normal Tissue,Normal Tissue,0.9971510767936708,True,0.081325166
603,TCGA-EE-A29T-06,1,1,Metastasis,Metastasis,0.9675025343894958,True,0.88904
604,TCGA-D9-A6E9-06,1,1,Metastasis,Metastasis,0.9797149896621704,True,0.8251902
605,TCGA-EB-A51B-01,0,0,Primary Tumor,Primary Tumor,0.8862067461013794,True,0.6072223
606,GTEX-ZAB4-0008-SM-4RGM6,2,2,Normal Tissue,Normal Tissue,0.8858892917633057,True,0.42728418
607,GTEX-P4QS-0008-SM-48TDY,2,2,Normal Tissue,Normal Tissue,0.9930680990219116,True,0.40614754
608,GTEX-145MO-2826-SM-5LU96,2,2,Normal Tissue,Normal Tissue,0.9796533584594728,True,0.11061323
609,GTEX-ZXG5-2126-SM-59HKD,2,2,Normal Tissue,Normal Tissue,0.9959539175033568,True,0.049050502
610,GTEX-XV7Q-1826-SM-4BRUV,2,2,Normal Tissue,Normal Tissue,0.9969766139984132,True,0.09355663
611,TCGA-BF-A1Q0-01,0,0,Primary Tumor,Primary Tumor,0.4735731780529022,True,0.5318777
612,GTEX-ZQUD-1426-SM-57WER,2,2,Normal Tissue,Normal Tissue,0.8482375741004944,True,0.13819835
614,TCGA-EE-A2GH-06,1,1,Metastasis,Metastasis,0.9632300734519958,True,0.7770482
615,GTEX-145MF-0626-SM-5LUAI,2,2,Normal Tissue,Normal Tissue,0.9977151155471802,True,0.05461095
616,GTEX-13U4I-0126-SM-5LU38,2,2,Normal Tissue,Normal Tissue,0.9645813703536988,True,0.14167929
617,GTEX-11DZ1-2426-SM-5GZZX,2,2,Normal Tissue,Normal Tissue,0.9901076555252076,True,0.16041568
618,TCGA-D3-A1Q6-06,1,1,Metastasis,Metastasis,0.9294525980949402,True,0.695471
619,GTEX-ZTX8-1426-SM-5DUVO,2,2,Normal Tissue,Normal Tissue,0.9981688261032104,True,0.060060713
620,GTEX-XBEW-0008-SM-4AT3Y,2,2,Normal Tissue,Normal Tissue,0.9362400770187378,True,0.46727422
621,GTEX-14BIN-1126-SM-5RQJZ,2,2,Normal Tissue,Normal Tissue,0.9656682014465332,True,0.16597289
622,TCGA-D3-A3CF-06,1,1,Metastasis,Metastasis,0.9436929225921632,True,0.7560241
623,GTEX-11DZ1-0008-SM-5QGR3,2,2,Normal Tissue,Normal Tissue,0.999152660369873,True,0.27833346
624,TCGA-EE-A3JA-06,1,1,Metastasis,Metastasis,0.978359043598175,True,0.6907759
625,TCGA-GN-A4U5-01,0,0,Primary Tumor,Primary Tumor,0.5061082243919373,True,0.4000726
626,GTEX-11NUK-2726-SM-5A5MC,2,2,Normal Tissue,Normal Tissue,0.9867998361587524,True,0.117128044
627,GTEX-13111-1626-SM-5EGJY,2,2,Normal Tissue,Normal Tissue,0.9862653613090516,True,0.13324317
628,GTEX-WFON-2126-SM-3LK7O,2,2,Normal Tissue,Normal Tissue,0.992868959903717,True,0.10573981
629,GTEX-13IVO-0126-SM-5J1NG,2,2,Normal Tissue,Normal Tissue,0.9729424715042114,True,0.14730582
630,TCGA-WE-A8ZN-06,1,1,Metastasis,Metastasis,0.8400090336799622,True,0.8882611
631,GTEX-11EM3-2426-SM-59861,2,2,Normal Tissue,Normal Tissue,0.9681291580200196,True,0.12551704
632,GTEX-13OVL-0126-SM-5L3GJ,2,2,Normal Tissue,Normal Tissue,0.9693562388420104,True,0.13015524
633,GTEX-XK95-0226-SM-4AT58,2,2,Normal Tissue,Normal Tissue,0.9882678389549256,True,0.1054718
634,TCGA-W3-AA1V-06,1,1,Metastasis,Metastasis,0.9195809960365297,True,0.8670947
635,GTEX-X4EP-0626-SM-3P621,2,2,Normal Tissue,Normal Tissue,0.9569681882858276,True,0.19367841
636,TCGA-EB-A550-01,0,0,Primary Tumor,Primary Tumor,0.4832146465778351,True,0.3885181
637,GTEX-113IC-0008-SM-5QGRF,2,2,Normal Tissue,Normal Tissue,0.9918137788772584,True,0.39440516
638,GTEX-ZYFG-1526-SM-5GZYM,2,2,Normal Tissue,Normal Tissue,0.9990944862365724,True,0.037789967
639,TCGA-D3-A1QB-06,1,1,Metastasis,Metastasis,0.9610349535942078,True,0.8094905
640,TCGA-FS-A1Z0-06,1,1,Metastasis,Metastasis,0.939948797225952,True,0.8163199
641,GTEX-TML8-1926-SM-32QOS,2,2,Normal Tissue,Normal Tissue,0.9988049268722534,True,0.0427959
642,GTEX-13NZB-2526-SM-5J1OM,2,2,Normal Tissue,Normal Tissue,0.9982728958129884,True,0.052006945
643,GTEX-11ZTT-0008-SM-5S2TZ,2,2,Normal Tissue,Normal Tissue,0.8488459587097168,True,0.5493448
644,GTEX-14E6E-1826-SM-5S2R7,2,2,Normal Tissue,Normal Tissue,0.9987002611160278,True,0.071258396
645,GTEX-ZLWG-0826-SM-59888,2,2,Normal Tissue,Normal Tissue,0.9953206181526184,True,0.10253668
646,TCGA-D3-A2JG-06,1,1,Metastasis,Metastasis,0.9325958490371704,True,0.85874206
647,GTEX-13W3W-2426-SM-5LU5B,2,2,Normal Tissue,Normal Tissue,0.9945118427276612,True,0.08868657
648,TCGA-GN-A26A-06,1,1,Metastasis,Metastasis,0.8586714863777161,True,0.7766078
649,TCGA-GN-A8LK-06,1,1,Metastasis,Metastasis,0.8849406242370605,True,0.86171144
650,GTEX-11TT1-2526-SM-5EGIB,2,2,Normal Tissue,Normal Tissue,0.9681267142295836,True,0.12175576
651,TCGA-FR-A44A-06,1,1,Metastasis,Metastasis,0.9148383140563964,True,0.8757637
652,GTEX-YB5K-2026-SM-4VDT3,2,2,Normal Tissue,Normal Tissue,0.9975011944770812,True,0.09115413
653,GTEX-QEG5-0008-SM-4R1KL,2,2,Normal Tissue,Normal Tissue,0.9959946870803832,True,0.35795042
654,GTEX-OOBJ-0008-SM-3NB26,2,2,Normal Tissue,Normal Tissue,0.6449775695800781,True,0.5843108
655,GTEX-OHPL-0126-SM-2HMJ7,2,2,Normal Tissue,Normal Tissue,0.9968486428260804,True,0.09078086
656,GTEX-WHSE-0008-SM-4M1ZO,2,2,Normal Tissue,Normal Tissue,0.9972620010375975,True,0.37175062
657,GTEX-WRHU-0008-SM-4MVPB,2,2,Normal Tissue,Normal Tissue,0.7820020318031311,True,0.5337576
658,GTEX-RWSA-0008-SM-47JYX,2,2,Normal Tissue,Normal Tissue,0.9992469549179076,True,0.28266823
659,GTEX-11ZTT-2126-SM-5CVLO,2,2,Normal Tissue,Normal Tissue,0.997654676437378,True,0.07281661
660,GTEX-P4PP-0126-SM-3LK69,2,2,Normal Tissue,Normal Tissue,0.999050796031952,True,0.044210285
661,GTEX-11ZU8-2526-SM-5EQKI,2,2,Normal Tissue,Normal Tissue,0.9972508549690248,True,0.061194934
662,GTEX-WEY5-2326-SM-3GIKK,2,2,Normal Tissue,Normal Tissue,0.9995694756507874,True,0.024438461
663,GTEX-XPVG-2126-SM-4B667,2,2,Normal Tissue,Normal Tissue,0.9762641191482544,True,0.07381445
664,GTEX-X638-0008-SM-47JZ7,2,2,Normal Tissue,Normal Tissue,0.9585021734237672,True,0.45878047
665,TCGA-FS-A4F9-06,1,1,Metastasis,Metastasis,0.7952083349227905,True,0.8754704
666,TCGA-D3-A3BZ-06,1,1,Metastasis,Metastasis,0.9156744480133056,True,0.5958712
667,TCGA-D3-A5GL-06,1,1,Metastasis,Metastasis,0.8699067234992981,True,0.8065298
668,GTEX-ZE9C-2526-SM-5IJDR,2,2,Normal Tissue,Normal Tissue,0.9596812129020692,True,0.19499993
669,GTEX-11ZUS-2626-SM-5FQUR,2,2,Normal Tissue,Normal Tissue,0.992090106010437,True,0.13975921
670,TCGA-D3-A8GO-06,1,1,Metastasis,Metastasis,0.9537400007247924,True,0.9077584
671,GTEX-ZXG5-0008-SM-57WDB,2,2,Normal Tissue,Normal Tissue,0.9847009181976318,True,0.4280646
672,GTEX-12WSM-0008-SM-5S2VD,2,2,Normal Tissue,Normal Tissue,0.974760115146637,True,0.44415507
673,GTEX-12696-2426-SM-5EQ6H,2,2,Normal Tissue,Normal Tissue,0.979486882686615,True,0.15089881
674,TCGA-BF-A1PX-01,0,0,Primary Tumor,Primary Tumor,0.6358117461204529,True,0.45837033
675,GTEX-ZAJG-0126-SM-5HL94,2,2,Normal Tissue,Normal Tissue,0.9992899894714355,True,0.057014532
676,GTEX-13OW5-2326-SM-5L3HO,2,2,Normal Tissue,Normal Tissue,0.9960547685623168,True,0.07275051
677,GTEX-11LCK-2226-SM-5HL4Q,2,2,Normal Tissue,Normal Tissue,0.9181548357009888,True,0.20781255
678,GTEX-YF7O-0008-SM-4W1ZS,2,2,Normal Tissue,Normal Tissue,0.9369817972183228,True,0.45570666
679,TCGA-EE-A2GT-06,1,1,Metastasis,Metastasis,0.93723326921463,True,0.73964566
680,GTEX-1211K-2026-SM-5EQ4Z,2,2,Normal Tissue,Normal Tissue,0.9994754195213318,True,0.030867286
681,TCGA-EE-A2GE-06,1,1,Metastasis,Metastasis,0.9322862029075624,True,0.94094265
682,GTEX-139UW-2826-SM-5L3E7,2,2,Normal Tissue,Normal Tissue,0.9948234558105468,True,0.08693387
683,GTEX-ZA64-1026-SM-5HL8R,2,2,Normal Tissue,Normal Tissue,0.9964070916175842,True,0.10989074
684,GTEX-XV7Q-2526-SM-4BRV9,2,2,Normal Tissue,Normal Tissue,0.998408019542694,True,0.052463084
685,GTEX-117XS-2726-SM-5N9BL,2,2,Normal Tissue,Normal Tissue,0.9910950660705566,True,0.1328651
686,TCGA-GF-A4EO-06,1,1,Metastasis,Metastasis,0.9713454246520996,True,0.8945767
687,GTEX-14C39-1726-SM-5RQIL,2,2,Normal Tissue,Normal Tissue,0.996957778930664,True,0.09423907
688,GTEX-UPK5-0008-SM-4IHJD,2,2,Normal Tissue,Normal Tissue,0.992092788219452,True,0.36003387
689,GTEX-NFK9-0008-SM-4E3JE,2,2,Normal Tissue,Normal Tissue,0.6214011311531067,True,0.5780909
690,TCGA-FW-A3TV-06,1,1,Metastasis,Metastasis,0.9043207764625548,True,0.82940793
691,TCGA-ER-A42K-06,1,1,Metastasis,Metastasis,0.7997543215751648,True,0.8584753
692,GTEX-WRHK-1426-SM-3MJF9,2,2,Normal Tissue,Normal Tissue,0.9978163242340088,True,0.054844536
693,GTEX-111FC-0126-SM-5N9DL,2,2,Normal Tissue,Normal Tissue,0.992809534072876,True,0.11560466
695,GTEX-13FHP-0126-SM-5IJBG,2,2,Normal Tissue,Normal Tissue,0.992469847202301,True,0.10985703
696,GTEX-UTHO-0008-SM-4JBID,2,2,Normal Tissue,Normal Tissue,0.966748595237732,True,0.46292874
697,TCGA-EE-A2GP-06,1,1,Metastasis,Metastasis,0.8307346105575562,True,0.6703044
698,GTEX-WI4N-0008-SM-4OOSV,2,2,Normal Tissue,Normal Tissue,0.957353174686432,True,0.48359334
699,GTEX-11LCK-1026-SM-5A5KB,2,2,Normal Tissue,Normal Tissue,0.9723048806190492,True,0.14158605
700,GTEX-Y114-2126-SM-4TT8B,2,2,Normal Tissue,Normal Tissue,0.9911559820175172,True,0.15908092
701,GTEX-WZTO-0126-SM-3NM95,2,2,Normal Tissue,Normal Tissue,0.7635235786437988,True,0.17233826
702,GTEX-Z93S-0126-SM-5HL7M,2,2,Normal Tissue,Normal Tissue,0.9827985167503356,True,0.11964012
703,GTEX-145ME-1726-SM-5Q5EU,2,2,Normal Tissue,Normal Tissue,0.9860848188400269,True,0.16422065
704,GTEX-ZWKS-0126-SM-5SIAA,2,2,Normal Tissue,Normal Tissue,0.9981374740600586,True,0.044141933
705,GTEX-145LS-0126-SM-5QGP1,2,2,Normal Tissue,Normal Tissue,0.9971809387207032,True,0.08805369
706,GTEX-Y8DK-0126-SM-4TT3L,2,2,Normal Tissue,Normal Tissue,0.7249600291252136,True,0.2095148
708,TCGA-D9-A6EC-06,1,1,Metastasis,Metastasis,0.8259038329124451,True,0.8202556
709,GTEX-12WSH-0008-SM-5S2V1,2,2,Normal Tissue,Normal Tissue,0.5801860094070435,True,0.5983755
711,TCGA-D9-A6EG-06,1,1,Metastasis,Metastasis,0.658329963684082,True,0.75068176
713,GTEX-ZDXO-3026-SM-5J1N5,2,2,Normal Tissue,Normal Tissue,0.9935709238052368,True,0.13117255
714,GTEX-13NZ9-2626-SM-5L3FK,2,2,Normal Tissue,Normal Tissue,0.9379991292953492,True,0.13405828
715,GTEX-R55F-0008-SM-48FE6,2,2,Normal Tissue,Normal Tissue,0.5678755640983582,True,0.6008888
716,TCGA-DA-A1I7-06,1,1,Metastasis,Metastasis,0.795688807964325,True,0.711064
717,TCGA-EB-A5VU-01,0,0,Primary Tumor,Primary Tumor,0.387299120426178,True,0.40444478
718,TCGA-GF-A6C9-06,1,1,Metastasis,Metastasis,0.9131444692611694,True,0.73342294
719,GTEX-111CU-1926-SM-5GZYZ,2,2,Normal Tissue,Normal Tissue,0.9921737909317015,True,0.11213285
720,GTEX-RWS6-0008-SM-47JYV,2,2,Normal Tissue,Normal Tissue,0.5017588138580322,True,0.6192016
721,TCGA-EE-A3AH-06,1,1,Metastasis,Metastasis,0.8566865921020508,True,0.7249293
722,GTEX-UPK5-0726-SM-4IHL7,2,2,Normal Tissue,Normal Tissue,0.999267280101776,True,0.10355674
723,GTEX-11UD1-0126-SM-5PNYG,2,2,Normal Tissue,Normal Tissue,0.9967707395553588,True,0.10850099
724,GTEX-XYKS-0008-SM-4BRW6,2,2,Normal Tissue,Normal Tissue,0.9980646967887878,True,0.28822696
725,GTEX-145ME-1826-SM-5SI9G,2,2,Normal Tissue,Normal Tissue,0.9767372012138368,True,0.10679031
726,TCGA-EB-A5SH-06,1,1,Metastasis,Metastasis,0.8820123672485352,True,0.7214835
727,GTEX-14BMU-1226-SM-5S2OR,2,2,Normal Tissue,Normal Tissue,0.9915398955345154,True,0.11503655
728,GTEX-11P81-2326-SM-59875,2,2,Normal Tissue,Normal Tissue,0.7818943858146667,True,0.18469945
729,GTEX-PX3G-0008-SM-48U2L,2,2,Normal Tissue,Normal Tissue,0.98711758852005,True,0.36277658
730,TCGA-D3-A3C1-06,1,1,Metastasis,Metastasis,0.782032310962677,True,0.6784563
732,GTEX-WHSB-1326-SM-3LK6W,2,2,Normal Tissue,Normal Tissue,0.9893749952316284,True,0.14614584
733,TCGA-EE-A2A6-06,1,1,Metastasis,Metastasis,0.9187503457069396,True,0.789766
734,TCGA-FS-A1ZH-06,1,1,Metastasis,Metastasis,0.936498522758484,True,0.68401533
735,GTEX-14A5H-0426-SM-5QGQF,2,2,Normal Tissue,Normal Tissue,0.9966526627540588,True,0.05879583
736,GTEX-XXEK-2226-SM-4BRUM,2,2,Normal Tissue,Normal Tissue,0.9962687492370604,True,0.068990424
737,GTEX-ZAB5-1826-SM-5HL7C,2,2,Normal Tissue,Normal Tissue,0.991407036781311,True,0.08532024
738,GTEX-11ZTT-2426-SM-5EQLS,2,2,Normal Tissue,Normal Tissue,0.9982187151908876,True,0.069790564
739,GTEX-11ZTS-0126-SM-5EQ6M,2,2,Normal Tissue,Normal Tissue,0.99874347448349,True,0.068224214
740,TCGA-D3-A5GN-06,1,1,Metastasis,Metastasis,0.9683903455734252,True,0.9030318
741,GTEX-12C56-1726-SM-5EQ61,2,2,Normal Tissue,Normal Tissue,0.9564397931098938,True,0.074424736
742,GTEX-139UW-0326-SM-5J1ML,2,2,Normal Tissue,Normal Tissue,0.9831584692001344,True,0.1680399
743,GTEX-V1D1-0008-SM-4JBIJ,2,2,Normal Tissue,Normal Tissue,0.9566658735275269,True,0.41071185
744,GTEX-XBEW-0626-SM-4QASP,2,2,Normal Tissue,Normal Tissue,0.9938938021659852,True,0.12026714
745,GTEX-QV44-0008-SM-447AX,2,2,Normal Tissue,Normal Tissue,0.9562591910362244,True,0.45251718
746,TCGA-FS-A1ZP-06,1,1,Metastasis,Metastasis,0.9043936133384703,True,0.81500727
747,GTEX-14A6H-0126-SM-5QGPK,2,2,Normal Tissue,Normal Tissue,0.9975767731666564,True,0.08106381
748,TCGA-EB-A44P-01,0,0,Primary Tumor,Primary Tumor,0.7294986248016357,True,0.6327588
749,GTEX-XMD2-0008-SM-4WWE7,2,2,Normal Tissue,Normal Tissue,0.7986527681350708,True,0.43895125
750,GTEX-ZYFC-0426-SM-5GICQ,2,2,Normal Tissue,Normal Tissue,0.9506943225860596,True,0.20279726
751,GTEX-RWSA-0126-SM-2XCBB,2,2,Normal Tissue,Normal Tissue,0.9996870756149292,True,0.00020585542
752,GTEX-S4P3-0008-SM-3NM8R,2,2,Normal Tissue,Normal Tissue,0.8726428151130676,True,0.5002356
753,GTEX-ZXES-0008-SM-57WCX,2,2,Normal Tissue,Normal Tissue,0.9574210047721864,True,0.50141555
754,GTEX-SJXC-0008-SM-4DM7G,2,2,Normal Tissue,Normal Tissue,0.9893383979797364,True,0.41410303
755,GTEX-XUZC-1726-SM-4BRWS,2,2,Normal Tissue,Normal Tissue,0.99751877784729,True,0.10181323
756,TCGA-ER-A2NH-06,1,1,Metastasis,Metastasis,0.8046146035194397,True,0.53047556
757,TCGA-W3-A825-06,1,1,Metastasis,Metastasis,0.9154365062713624,True,0.7830543
758,GTEX-ZLFU-1826-SM-4WWBV,2,2,Normal Tissue,Normal Tissue,0.9980183839797974,True,0.09339177
759,GTEX-12WSL-2026-SM-5GCML,2,2,Normal Tissue,Normal Tissue,0.997471809387207,True,0.06373728
760,GTEX-11OF3-2626-SM-5GU7F,2,2,Normal Tissue,Normal Tissue,0.9841675162315368,True,0.13786833
761,GTEX-YF7O-1526-SM-5IFI6,2,2,Normal Tissue,Normal Tissue,0.9763893485069276,True,0.1519395
762,TCGA-ER-A2NG-06,1,1,Metastasis,Metastasis,0.4589869976043701,True,0.4821736
763,GTEX-ZP4G-0008-SM-4E3I4,2,2,Normal Tissue,Normal Tissue,0.9084557890892028,True,0.48021576
764,GTEX-PVOW-0008-SM-48TE8,2,2,Normal Tissue,Normal Tissue,0.9862329959869384,True,0.3662799
766,GTEX-13VXU-0126-SM-5SI9F,2,2,Normal Tissue,Normal Tissue,0.9907653331756592,True,0.117779255
767,TCGA-D3-A8GB-06,1,1,Metastasis,Metastasis,0.9409319758415222,True,0.9177767
768,GTEX-YJ89-0008-SM-4RGM4,2,2,Normal Tissue,Normal Tissue,0.9872844219207764,True,0.34433454
769,GTEX-X3Y1-2026-SM-3P5YM,2,2,Normal Tissue,Normal Tissue,0.9970088601112366,True,0.0730764
770,TCGA-EE-A2MK-06,1,1,Metastasis,Metastasis,0.6901357173919678,True,0.5673987
771,GTEX-TMKS-0126-SM-3DB7S,2,2,Normal Tissue,Normal Tissue,0.9979477524757384,True,0.09299553
772,GTEX-12WSA-0226-SM-5BC5V,2,2,Normal Tissue,Normal Tissue,0.9916782379150392,True,0.06857871
774,TCGA-D3-A8GI-06,1,1,Metastasis,Metastasis,0.8105411529541016,True,0.7867465
775,GTEX-S33H-0008-SM-4AD6C,2,2,Normal Tissue,Normal Tissue,0.989284098148346,True,0.38737226
776,GTEX-117YW-2626-SM-5GZZH,2,2,Normal Tissue,Normal Tissue,0.9684457182884216,True,0.11241525
778,GTEX-OHPM-0008-SM-4E3IP,2,2,Normal Tissue,Normal Tissue,0.7333149313926697,True,0.56614333
779,GTEX-13VXU-0626-SM-5L3F9,2,2,Normal Tissue,Normal Tissue,0.984970211982727,True,0.17156136
780,GTEX-14E6C-0126-SM-5RQIP,2,2,Normal Tissue,Normal Tissue,0.9993661046028136,True,0.052470706
781,GTEX-XBED-1926-SM-47JYP,2,2,Normal Tissue,Normal Tissue,0.9960721731185912,True,0.05590818
782,GTEX-ZVT3-0126-SM-5GU6I,2,2,Normal Tissue,Normal Tissue,0.9916566610336304,True,0.06460019
784,GTEX-ZE7O-0126-SM-57WC1,2,2,Normal Tissue,Normal Tissue,0.9943196773529052,True,0.11012148
785,TCGA-WE-A8ZQ-06,1,1,Metastasis,Metastasis,0.8597647547721863,True,0.93437487
786,TCGA-DA-A1I2-06,1,1,Metastasis,Metastasis,0.9370269179344176,True,0.8490221
787,GTEX-11EQ9-0008-SM-5Q5DK,2,2,Normal Tissue,Normal Tissue,0.694992184638977,True,0.5595643
788,GTEX-ZQG8-0008-SM-4YCE7,2,2,Normal Tissue,Normal Tissue,0.995556652545929,True,0.3244126
789,TCGA-GF-A2C7-01,0,0,Primary Tumor,Primary Tumor,0.8392006158828735,True,0.4852362
790,TCGA-EE-A2ML-06,1,1,Metastasis,Metastasis,0.7314454317092896,True,0.5459925
791,GTEX-TMZS-0126-SM-3DB9Q,2,2,Normal Tissue,Normal Tissue,0.9987614154815674,True,0.045865167
792,GTEX-PLZ6-1426-SM-5S2TR,2,2,Normal Tissue,Normal Tissue,0.9981643557548524,True,0.068157054
793,TCGA-EE-A29R-06,1,1,Metastasis,Metastasis,0.8400953412055969,True,0.8100213
794,GTEX-146FR-1326-SM-5SIAJ,2,2,Normal Tissue,Normal Tissue,0.9258486032485962,True,0.13385858
796,TCGA-EE-A20C-06,1,1,Metastasis,Metastasis,0.6661136150360107,True,0.83912903
797,GTEX-P4QR-0326-SM-5SI8P,2,2,Normal Tissue,Normal Tissue,0.999122679233551,True,0.06149137
798,TCGA-EE-A2MG-06,1,1,Metastasis,Metastasis,0.9624772667884828,True,0.82014513
799,GTEX-YEC4-1826-SM-4W1YP,2,2,Normal Tissue,Normal Tissue,0.887465238571167,True,0.14724986
800,GTEX-11EQ9-2426-SM-5HL5T,2,2,Normal Tissue,Normal Tissue,0.9995114803314208,True,0.0035271854
801,TCGA-YG-AA3N-01,0,0,Primary Tumor,Primary Tumor,0.4983946979045868,True,0.42878598
803,TCGA-EB-A82C-01,0,0,Primary Tumor,Primary Tumor,0.8197205066680908,True,0.5447489
804,GTEX-QCQG-1726-SM-3GIJ9,2,2,Normal Tissue,Normal Tissue,0.9970651268959044,True,0.047423095
805,GTEX-RVPU-2226-SM-2XCAQ,2,2,Normal Tissue,Normal Tissue,0.998977541923523,True,0.03117847
806,GTEX-139T8-0626-SM-5KLZX,2,2,Normal Tissue,Normal Tissue,0.9978210926055908,True,0.04116342
807,GTEX-ZVE2-2826-SM-5GU51,2,2,Normal Tissue,Normal Tissue,0.9919529557228088,True,0.06310216
808,GTEX-ZT9W-1126-SM-57WDR,2,2,Normal Tissue,Normal Tissue,0.9944217801094056,True,0.09442426
809,TCGA-D3-A51N-06,1,1,Metastasis,Metastasis,0.9730879664421082,True,0.82721
810,TCGA-EE-A17Y-06,1,1,Metastasis,Metastasis,0.8303880095481873,True,0.67062116
811,GTEX-P78B-0008-SM-48TE1,2,2,Normal Tissue,Normal Tissue,0.9875040650367736,True,0.35575023
812,TCGA-EE-A29B-06,1,1,Metastasis,Metastasis,0.755047619342804,True,0.80577165
813,GTEX-Y8E4-2026-SM-5IFJB,2,2,Normal Tissue,Normal Tissue,0.997470498085022,True,0.067383535
814,GTEX-139TT-0126-SM-5K7Y5,2,2,Normal Tissue,Normal Tissue,0.920538604259491,True,0.15629052
815,GTEX-R45C-0008-SM-48FF2,2,2,Normal Tissue,Normal Tissue,0.997990608215332,True,0.31048688
816,TCGA-D3-A8GJ-06,1,1,Metastasis,Metastasis,0.9765638113021852,True,0.83496124
818,TCGA-FR-A7UA-06,1,1,Metastasis,Metastasis,0.9795774817466736,True,0.8650694
819,GTEX-13NYB-0126-SM-5J1MD,2,2,Normal Tissue,Normal Tissue,0.985559582710266,True,0.16324599
820,GTEX-144FL-0626-SM-5LU43,2,2,Normal Tissue,Normal Tissue,0.9805394411087036,True,0.18819778
821,GTEX-12WS9-0126-SM-5EGL7,2,2,Normal Tissue,Normal Tissue,0.9779534339904784,True,0.1430308
822,GTEX-U8XE-0008-SM-4E3K4,2,2,Normal Tissue,Normal Tissue,0.931051790714264,True,0.41552353
823,TCGA-D3-A51R-06,1,1,Metastasis,Metastasis,0.7978391647338867,True,0.932857
824,TCGA-RP-A6K9-06,1,1,Metastasis,Metastasis,0.8078117966651917,True,0.87376076
825,GTEX-12ZZY-0226-SM-5LZVE,2,2,Normal Tissue,Normal Tissue,0.8783854842185974,True,0.12961532
826,GTEX-NFK9-0226-SM-2HMKQ,2,2,Normal Tissue,Normal Tissue,0.9903462529182434,True,0.08964209
827,GTEX-QV31-0008-SM-447AT,2,2,Normal Tissue,Normal Tissue,0.8913341760635376,True,0.42205444
828,GTEX-WL46-0008-SM-4OOSW,2,2,Normal Tissue,Normal Tissue,0.9225580096244812,True,0.47709668
829,GTEX-PWCY-1826-SM-5SI7U,2,2,Normal Tissue,Normal Tissue,0.9699230194091796,True,0.1185225
831,TCGA-EE-A2GL-06,1,1,Metastasis,Metastasis,0.9252256155014038,True,0.7733613
832,TCGA-EE-A29N-06,1,1,Metastasis,Metastasis,0.8993354439735413,True,0.76585835
833,GTEX-11EI6-0008-SM-5QGR7,2,2,Normal Tissue,Normal Tissue,0.9321154952049256,True,0.53120315
835,TCGA-D3-A2JB-06,1,1,Metastasis,Metastasis,0.9670861959457396,True,0.7885856
836,GTEX-139TU-0726-SM-5L3EK,2,2,Normal Tissue,Normal Tissue,0.9703777432441713,True,0.119113475
837,GTEX-139D8-0226-SM-5KLZO,2,2,Normal Tissue,Normal Tissue,0.989920735359192,True,0.13044599
838,GTEX-13FXS-0226-SM-5IJCK,2,2,Normal Tissue,Normal Tissue,0.9918278455734252,True,0.10996369
839,TCGA-HR-A2OG-06,1,1,Metastasis,Metastasis,0.9448790550231934,True,0.76255894
840,GTEX-RVPV-0008-SM-47JYW,2,2,Normal Tissue,Normal Tissue,0.975860059261322,True,0.4304887
841,TCGA-DA-A1IB-06,1,1,Metastasis,Metastasis,0.6955680847167969,True,0.5817897
842,GTEX-ZV7C-0008-SM-57WCL,2,2,Normal Tissue,Normal Tissue,0.9907594919204712,True,0.385853
843,GTEX-ZE7O-2726-SM-51MT5,2,2,Normal Tissue,Normal Tissue,0.9988356232643129,True,0.06322547
844,GTEX-ZVE1-0008-SM-51MS9,2,2,Normal Tissue,Normal Tissue,0.969864785671234,True,0.42833227
845,GTEX-1497J-0226-SM-5QGPU,2,2,Normal Tissue,Normal Tissue,0.999710977077484,True,0.007669928
846,GTEX-ZF28-0126-SM-4WKGK,2,2,Normal Tissue,Normal Tissue,0.9910573959350586,True,0.11084816
847,GTEX-ZDTT-2726-SM-4WKF8,2,2,Normal Tissue,Normal Tissue,0.9961115717887878,True,0.06169949
848,TCGA-D3-A51E-06,1,1,Metastasis,Metastasis,0.9565407633781432,True,0.7871494
850,GTEX-T8EM-1026-SM-3DB7M,2,2,Normal Tissue,Normal Tissue,0.995668649673462,True,0.054921564
851,TCGA-HR-A2OH-06,1,1,Metastasis,Metastasis,0.9639856815338136,True,0.8332663
852,GTEX-ZE9C-0008-SM-4E3K6,2,2,Normal Tissue,Normal Tissue,0.9729154109954834,True,0.39700252
853,TCGA-ER-A19N-06,1,1,Metastasis,Metastasis,0.5329305529594421,True,0.6053587
855,GTEX-11EI6-0126-SM-5985R,2,2,Normal Tissue,Normal Tissue,0.9700092673301696,True,0.116421156
856,TCGA-D3-A2JO-06,1,1,Metastasis,Metastasis,0.967251181602478,True,0.81550884
857,GTEX-13O3O-2326-SM-5IJD6,2,2,Normal Tissue,Normal Tissue,0.9489094614982604,True,0.19698915
858,GTEX-Y3IK-0008-SM-4WWDZ,2,2,Normal Tissue,Normal Tissue,0.9598988890647888,True,0.43507078
859,GTEX-12584-0726-SM-5FQTK,2,2,Normal Tissue,Normal Tissue,0.9659797549247742,True,0.11695475
860,GTEX-ZC5H-1526-SM-5HL9Y,2,2,Normal Tissue,Normal Tissue,0.9969667792320251,True,0.07240922
861,GTEX-11WQC-2526-SM-5CVLE,2,2,Normal Tissue,Normal Tissue,0.9957809448242188,True,0.06129543
862,TCGA-EE-A29W-06,1,1,Metastasis,Metastasis,0.8231685757637024,True,0.88380367
863,GTEX-T6MN-0008-SM-4DM7H,2,2,Normal Tissue,Normal Tissue,0.9966285824775696,True,0.32158354
864,GTEX-XUW1-0426-SM-4BOOT,2,2,Normal Tissue,Normal Tissue,0.9984185695648192,True,0.052342694
865,GTEX-11EQ8-0926-SM-5H12V,2,2,Normal Tissue,Normal Tissue,0.986003041267395,True,0.13960291
866,GTEX-13SLW-0126-SM-5SI6C,2,2,Normal Tissue,Normal Tissue,0.9962279796600342,True,0.0648062
868,GTEX-W5X1-2526-SM-3GILC,2,2,Normal Tissue,Normal Tissue,0.998392641544342,True,0.09045262
869,GTEX-1313W-0626-SM-5EQ4H,2,2,Normal Tissue,Normal Tissue,0.9972209930419922,True,0.11474857
870,TCGA-EE-A2GC-06,1,1,Metastasis,Metastasis,0.9786806106567384,True,0.8197421
871,GTEX-WY7C-2126-SM-3NB2R,2,2,Normal Tissue,Normal Tissue,0.9918606877326964,True,0.10689053
872,GTEX-OXRK-0008-SM-3NB28,2,2,Normal Tissue,Normal Tissue,0.9977521300315856,True,0.34019378
873,TCGA-D3-A5GS-06,1,1,Metastasis,Metastasis,0.9445528388023376,True,0.8231536
874,GTEX-13RTJ-2426-SM-5S2Q2,2,2,Normal Tissue,Normal Tissue,0.9919215440750122,True,0.14250834
875,TCGA-D3-A8GV-06,1,1,Metastasis,Metastasis,0.8710908889770508,True,0.9292247
876,TCGA-ER-A2NF-06,1,1,Metastasis,Metastasis,0.9219908118247986,True,0.7163959
878,GTEX-13FH7-2026-SM-5IJCR,2,2,Normal Tissue,Normal Tissue,0.9979264736175536,True,0.056225237
879,GTEX-U4B1-0008-SM-4DXUW,2,2,Normal Tissue,Normal Tissue,0.9850194454193116,True,0.3957117
880,GTEX-13O3P-0126-SM-5KM4S,2,2,Normal Tissue,Normal Tissue,0.998055338859558,True,0.06475861
881,GTEX-12C56-1526-SM-5FQUQ,2,2,Normal Tissue,Normal Tissue,0.9299739003181458,True,0.11144454
883,GTEX-R55G-0008-SM-48FEX,2,2,Normal Tissue,Normal Tissue,0.9137142896652222,True,0.52663356
884,TCGA-EE-A29E-06,1,1,Metastasis,Metastasis,0.7950544357299805,True,0.81588525
885,GTEX-11DYG-0126-SM-59883,2,2,Normal Tissue,Normal Tissue,0.997334361076355,True,0.07172567
886,GTEX-X4EO-2926-SM-4E3JH,2,2,Normal Tissue,Normal Tissue,0.9858679175376892,True,0.13403045
888,GTEX-ZYVF-0926-SM-5E44J,2,2,Normal Tissue,Normal Tissue,0.90966534614563,True,0.23614463
889,GTEX-T2IS-0008-SM-4DM75,2,2,Normal Tissue,Normal Tissue,0.9077969193458556,True,0.4256571
890,TCGA-ER-A193-06,1,1,Metastasis,Metastasis,0.7693843245506287,True,0.6603343
891,GTEX-QEG4-0226-SM-2S1PY,2,2,Normal Tissue,Normal Tissue,0.9827263355255128,True,0.09919587
892,GTEX-WH7G-2326-SM-3NMBC,2,2,Normal Tissue,Normal Tissue,0.9836830496788024,True,0.09046425
893,TCGA-ER-A19O-06,1,1,Metastasis,Metastasis,0.9356496334075928,True,0.6925992
895,TCGA-EB-A5UM-01,0,0,Primary Tumor,Primary Tumor,0.6215285658836365,True,0.5952319
896,TCGA-EE-A2A1-06,1,1,Metastasis,Metastasis,0.927850604057312,True,0.75013244
897,GTEX-Y8E4-0626-SM-4WWDL,2,2,Normal Tissue,Normal Tissue,0.978855311870575,True,0.13190615
898,GTEX-ZT9W-0008-SM-4YCDJ,2,2,Normal Tissue,Normal Tissue,0.9836904406547546,True,0.3757421
900,GTEX-WI4N-2726-SM-3LK7Y,2,2,Normal Tissue,Normal Tissue,0.99357807636261,True,0.1454369
901,GTEX-145LV-2126-SM-5LU8N,2,2,Normal Tissue,Normal Tissue,0.9914044141769408,True,0.12986462
902,GTEX-11P82-1626-SM-59879,2,2,Normal Tissue,Normal Tissue,0.991640329360962,True,0.120409496
904,GTEX-11ZU8-0126-SM-5EQ58,2,2,Normal Tissue,Normal Tissue,0.998230755329132,True,0.07222851
905,TCGA-BF-A1PV-01,0,0,Primary Tumor,Primary Tumor,0.5987449884414673,True,0.6080662
906,GTEX-11LCK-0008-SM-5Q5BB,2,2,Normal Tissue,Normal Tissue,0.9786393642425536,True,0.46113846
907,TCGA-D9-A1X3-06,1,1,Metastasis,Metastasis,0.6365962028503418,True,0.6123816
908,TCGA-BF-A1PU-01,0,0,Primary Tumor,Primary Tumor,0.8201645612716675,True,0.5991855
909,GTEX-13OW6-0426-SM-5L3HM,2,2,Normal Tissue,Normal Tissue,0.987902581691742,True,0.090770274
911,GTEX-XOT4-0626-SM-4B66L,2,2,Normal Tissue,Normal Tissue,0.9948379397392272,True,0.085806705
912,GTEX-14A6H-2026-SM-5Q5DD,2,2,Normal Tissue,Normal Tissue,0.986948013305664,True,0.10963153
913,GTEX-X4XX-0126-SM-3NMC2,2,2,Normal Tissue,Normal Tissue,0.9742026925086976,True,0.12139188
914,GTEX-113IC-0126-SM-5HL6T,2,2,Normal Tissue,Normal Tissue,0.9991990923881532,True,0.031063339
915,GTEX-11P7K-2126-SM-5GU7G,2,2,Normal Tissue,Normal Tissue,0.9983477592468262,True,0.054827936
916,TCGA-EE-A3J7-06,1,1,Metastasis,Metastasis,0.8848106861114502,True,0.8580003
917,GTEX-XQ8I-0926-SM-4BOOF,2,2,Normal Tissue,Normal Tissue,0.9982877373695374,True,0.04755333
918,GTEX-VUSH-0008-SM-47JWK,2,2,Normal Tissue,Normal Tissue,0.9858127236366272,True,0.3662833
919,GTEX-ZPCL-0008-SM-4WWAU,2,2,Normal Tissue,Normal Tissue,0.978792369365692,True,0.38928816
920,TCGA-RP-A690-06,1,1,Metastasis,Metastasis,0.7803417444229126,True,0.87698764
921,TCGA-D3-A3CB-06,1,1,Metastasis,Metastasis,0.9538138508796692,True,0.77286816
922,TCGA-ER-A3ES-06,1,1,Metastasis,Metastasis,0.8489556312561035,True,0.7380425
923,GTEX-XUYS-0008-SM-47JYZ,2,2,Normal Tissue,Normal Tissue,0.9958329796791076,True,0.36566988
924,TCGA-GN-A264-06,1,1,Metastasis,Metastasis,0.7010635137557983,True,0.68448585
925,GTEX-Y111-0008-SM-4SOJ3,2,2,Normal Tissue,Normal Tissue,0.9899779558181764,True,0.41391835
926,TCGA-D3-A1Q8-06,1,1,Metastasis,Metastasis,0.9532723426818848,True,0.6510828
927,TCGA-3N-A9WC-06,1,1,Metastasis,Metastasis,0.9721588492393494,True,0.8108362
928,TCGA-FS-A1YX-06,1,1,Metastasis,Metastasis,0.7540462017059326,True,0.81478876
929,GTEX-WK11-2726-SM-3NMAQ,2,2,Normal Tissue,Normal Tissue,0.8037598729133606,True,0.14716806
930,GTEX-QMR6-0008-SM-447AV,2,2,Normal Tissue,Normal Tissue,0.8799368739128113,True,0.5062803
931,TCGA-EE-A2GU-06,1,1,Metastasis,Metastasis,0.957783818244934,True,0.84000677
932,GTEX-PW2O-0008-SM-48TEB,2,2,Normal Tissue,Normal Tissue,0.9333698153495787,True,0.4888159
933,GTEX-S3XE-1726-SM-3K2AM,2,2,Normal Tissue,Normal Tissue,0.9894828200340272,True,0.14500995
934,GTEX-ZVTK-0426-SM-51MRS,2,2,Normal Tissue,Normal Tissue,0.9983354210853576,True,0.06855097
935,TCGA-WE-A8ZT-06,1,1,Metastasis,Metastasis,0.8789169788360596,True,0.89577854
936,GTEX-R55G-2526-SM-2TC6D,2,2,Normal Tissue,Normal Tissue,0.9971044659614564,True,0.061956614
937,TCGA-W3-AA1O-06,1,1,Metastasis,Metastasis,0.7883284687995911,True,0.8671028
938,TCGA-GN-A8LL-06,1,1,Metastasis,Metastasis,0.9407396912574768,True,0.8362151
939,GTEX-YECK-0326-SM-4W1YS,2,2,Normal Tissue,Normal Tissue,0.8487193584442139,True,0.25094637
940,TCGA-D3-A8GL-06,1,1,Metastasis,Metastasis,0.8521674871444702,True,0.924511
941,GTEX-S95S-0008-SM-4AT5M,2,2,Normal Tissue,Normal Tissue,0.9563280940055848,True,0.44070762
942,GTEX-SIU8-0008-SM-4BRUC,2,2,Normal Tissue,Normal Tissue,0.8576982617378235,True,0.4352984
943,GTEX-Y5V5-2326-SM-4V6GA,2,2,Normal Tissue,Normal Tissue,0.997153639793396,True,0.06581708
944,GTEX-OOBK-0126-SM-2YUND,2,2,Normal Tissue,Normal Tissue,0.997372031211853,True,0.06759063
945,GTEX-TMMY-0226-SM-33HBA,2,2,Normal Tissue,Normal Tissue,0.9955686926841736,True,0.07660451
946,TCGA-EB-A553-01,0,0,Primary Tumor,Primary Tumor,0.5878848433494568,True,0.652647
947,GTEX-11TUW-0008-SM-5SI6S,2,2,Normal Tissue,Normal Tissue,0.7367303967475891,True,0.55772114
948,GTEX-1399R-1326-SM-5PNYS,2,2,Normal Tissue,Normal Tissue,0.9949423670768738,True,0.094371185
949,GTEX-ZVP2-0008-SM-51MSL,2,2,Normal Tissue,Normal Tissue,0.95975661277771,True,0.4371617
950,GTEX-13O3Q-2426-SM-5IJBR,2,2,Normal Tissue,Normal Tissue,0.9855177402496338,True,0.09787979
951,GTEX-147F3-1726-SM-5SIAW,2,2,Normal Tissue,Normal Tissue,0.980793833732605,True,0.107338496
952,TCGA-FR-A69P-06,1,1,Metastasis,Metastasis,0.8066088557243347,True,0.82428205
954,GTEX-13W3W-0726-SM-5IJDQ,2,2,Normal Tissue,Normal Tissue,0.9988161325454712,True,0.059815973
955,GTEX-PWCY-0008-SM-48TE9,2,2,Normal Tissue,Normal Tissue,0.9977298378944396,True,0.30141217
956,GTEX-12WSC-2826-SM-5BC5Y,2,2,Normal Tissue,Normal Tissue,0.8977874517440796,True,0.12687702
957,TCGA-EE-A180-06,1,1,Metastasis,Metastasis,0.8278077244758606,True,0.81124717
958,GTEX-147F4-0226-SM-5QGPW,2,2,Normal Tissue,Normal Tissue,0.9985857009887696,True,0.06145891
959,TCGA-EB-A57M-01,0,0,Primary Tumor,Primary Tumor,0.5025655627250671,True,0.41014194
960,GTEX-13NYB-2526-SM-5K7Z6,2,2,Normal Tissue,Normal Tissue,0.998242974281311,True,0.05874489
961,GTEX-139TU-0126-SM-5K7WH,2,2,Normal Tissue,Normal Tissue,0.9954278469085692,True,0.07431314
962,GTEX-X261-0126-SM-3NMD6,2,2,Normal Tissue,Normal Tissue,0.9891772866249084,True,0.09617303
963,GTEX-QDVJ-0008-SM-48U2E,2,2,Normal Tissue,Normal Tissue,0.978849470615387,True,0.37973523
964,GTEX-11O72-0126-SM-59887,2,2,Normal Tissue,Normal Tissue,0.9882885217666626,True,0.12836462
965,GTEX-XBEC-0726-SM-4QARZ,2,2,Normal Tissue,Normal Tissue,0.985916793346405,True,0.1406425
966,GTEX-13W46-0226-SM-5SIAG,2,2,Normal Tissue,Normal Tissue,0.9868878722190856,True,0.119640194
967,GTEX-S7SF-1626-SM-3K2AY,2,2,Normal Tissue,Normal Tissue,0.9975455403327942,True,0.080739416
968,GTEX-RTLS-0008-SM-48FET,2,2,Normal Tissue,Normal Tissue,0.9856584668159484,True,0.3681206
969,TCGA-DA-A3F5-06,1,1,Metastasis,Metastasis,0.8084433674812317,True,0.9134423
970,GTEX-U3ZH-0008-SM-4DXT2,2,2,Normal Tissue,Normal Tissue,0.9426404237747192,True,0.43213877
971,TCGA-EE-A3AE-06,1,1,Metastasis,Metastasis,0.8585845232009888,True,0.6688646
972,GTEX-Z93T-0126-SM-5HL5N,2,2,Normal Tissue,Normal Tissue,0.9719337821006776,True,0.17903805
973,GTEX-13O21-1426-SM-5K7XI,2,2,Normal Tissue,Normal Tissue,0.9923003911972046,True,0.062438745
974,TCGA-EB-A5FP-01,0,0,Primary Tumor,Primary Tumor,0.6124086976051331,True,0.44285494
975,GTEX-XBEW-1126-SM-4QARW,2,2,Normal Tissue,Normal Tissue,0.994934856891632,True,0.14070863
976,GTEX-WHSE-0126-SM-3NMBT,2,2,Normal Tissue,Normal Tissue,0.939839005470276,True,0.1570196
977,GTEX-13NYC-0326-SM-5K7WP,2,2,Normal Tissue,Normal Tissue,0.9924572706222534,True,0.086754374
978,GTEX-14B4R-1326-SM-5Q5EZ,2,2,Normal Tissue,Normal Tissue,0.993279993534088,True,0.09858915
979,GTEX-NPJ8-0126-SM-2YUNR,2,2,Normal Tissue,Normal Tissue,0.9986451268196106,True,0.025876258
980,TCGA-EE-A183-06,1,1,Metastasis,Metastasis,0.8620343804359436,True,0.6823976
981,GTEX-12126-0326-SM-5PNW3,2,2,Normal Tissue,Normal Tissue,0.9449198246002196,True,0.12480718
982,GTEX-S7PM-0008-SM-3NM9Q,2,2,Normal Tissue,Normal Tissue,0.7512897253036499,True,0.4479071
983,GTEX-OXRK-0226-SM-3NB2G,2,2,Normal Tissue,Normal Tissue,0.9967764019966124,True,0.08236957
984,GTEX-1192X-0226-SM-5H12D,2,2,Normal Tissue,Normal Tissue,0.9951114058494568,True,0.1045355
985,GTEX-X8HC-0626-SM-4E3HQ,2,2,Normal Tissue,Normal Tissue,0.9303622841835022,True,0.23378111
986,GTEX-11DXY-2626-SM-5GIE7,2,2,Normal Tissue,Normal Tissue,0.997757375240326,True,0.049578145
987,GTEX-ZV7C-0926-SM-59HL1,2,2,Normal Tissue,Normal Tissue,0.7277508974075317,True,0.47349185
988,TCGA-DA-A3F8-06,1,1,Metastasis,Metastasis,0.9411556720733644,True,0.6754192
989,GTEX-NL3G-0008-SM-4E3JX,2,2,Normal Tissue,Normal Tissue,0.7623773217201233,True,0.54366595
991,GTEX-QVJO-1626-SM-2S1QW,2,2,Normal Tissue,Normal Tissue,0.9979795813560486,True,0.059827585
992,TCGA-ER-A42L-06,1,1,Metastasis,Metastasis,0.9547921419143676,True,0.8288638
993,GTEX-ZDTT-0008-SM-4E3K5,2,2,Normal Tissue,Normal Tissue,0.8480257391929626,True,0.48230797
994,GTEX-13FTW-0326-SM-5K7UW,2,2,Normal Tissue,Normal Tissue,0.9884738326072692,True,0.0873442
995,GTEX-139TS-2126-SM-5K7XC,2,2,Normal Tissue,Normal Tissue,0.9918963313102722,True,0.13677555
996,GTEX-Q734-0008-SM-48U2I,2,2,Normal Tissue,Normal Tissue,0.9767947793006896,True,0.44631895
997,GTEX-ZTSS-0008-SM-4YCE8,2,2,Normal Tissue,Normal Tissue,0.9705134630203248,True,0.36830923
998,TCGA-WE-A8ZM-06,1,1,Metastasis,Metastasis,0.7919089198112488,True,0.87436783
999,GTEX-12WSB-2926-SM-59HKL,2,2,Normal Tissue,Normal Tissue,0.9496067762374878,True,0.21436124
1000,GTEX-11P7K-1126-SM-5HL4L,2,2,Normal Tissue,Normal Tissue,0.9943556785583496,True,0.12785333
1001,TCGA-EE-A20F-06,1,1,Metastasis,Metastasis,0.9523380994796752,True,0.760082
1002,GTEX-OHPJ-0008-SM-4E3JG,2,2,Normal Tissue,Normal Tissue,0.654553234577179,True,0.57676166
1003,GTEX-ZP4G-1426-SM-4WWCL,2,2,Normal Tissue,Normal Tissue,0.9967911839485168,True,0.08791644
1005,GTEX-XOTO-0726-SM-4B659,2,2,Normal Tissue,Normal Tissue,0.9963072538375854,True,0.0714218
1006,TCGA-YD-A9TA-06,1,1,Metastasis,Metastasis,0.9689478874206544,True,0.7893406
1007,GTEX-11GSP-0008-SM-5Q5DM,2,2,Normal Tissue,Normal Tissue,0.5434598326683044,True,0.59712446
1008,GTEX-X4XY-0008-SM-46MVL,2,2,Normal Tissue,Normal Tissue,0.7926098704338074,True,0.5496903
1009,TCGA-EB-A6QY-01,0,0,Primary Tumor,Primary Tumor,0.7018501162528992,True,0.4411983
1010,TCGA-WE-A8ZY-06,1,1,Metastasis,Metastasis,0.8606306314468384,True,0.8248996
1011,GTEX-111CU-1126-SM-5EGIM,2,2,Normal Tissue,Normal Tissue,0.99409157037735,True,0.09189613
1012,TCGA-D3-A1Q1-06,1,1,Metastasis,Metastasis,0.5691984295845032,True,0.90045357
1013,TCGA-D3-A8GR-06,1,1,Metastasis,Metastasis,0.7919309139251709,True,0.859848
1014,TCGA-EE-A20I-06,1,1,Metastasis,Metastasis,0.9285189509391784,True,0.77687556
1015,TCGA-DA-A95V-06,1,1,Metastasis,Metastasis,0.966241717338562,True,0.81889087
1016,GTEX-14DAR-2026-SM-5S2O3,2,2,Normal Tissue,Normal Tissue,0.9868929982185364,True,0.0630927
1017,GTEX-OXRP-0126-SM-48TDI,2,2,Normal Tissue,Normal Tissue,0.9980384707450868,True,0.053779706
1018,GTEX-11P81-0008-SM-5S2OT,2,2,Normal Tissue,Normal Tissue,0.9446711540222168,True,0.51149976
1019,TCGA-EE-A3JB-06,1,1,Metastasis,Metastasis,0.8911339044570923,True,0.84942865
1020,TCGA-ER-A19F-06,1,1,Metastasis,Metastasis,0.8402643799781799,True,0.68242925
1021,GTEX-ZAK1-0626-SM-5HL8E,2,2,Normal Tissue,Normal Tissue,0.9976696372032166,True,0.062420517
1023,GTEX-WRHU-2826-SM-3MJG8,2,2,Normal Tissue,Normal Tissue,0.7547592520713806,True,0.18637109
1024,GTEX-ZDTS-0826-SM-4WKHL,2,2,Normal Tissue,Normal Tissue,0.9748250246047974,True,0.18871048
1025,GTEX-117YX-2326-SM-5H12W,2,2,Normal Tissue,Normal Tissue,0.9988324046134948,True,0.036276124
1026,GTEX-12ZZY-0726-SM-5EQ66,2,2,Normal Tissue,Normal Tissue,0.9981301426887512,True,0.047316
1028,GTEX-Y5V6-0008-SM-4V6FV,2,2,Normal Tissue,Normal Tissue,0.9020268321037292,True,0.47987333
1029,GTEX-14BMV-0126-SM-5S2PO,2,2,Normal Tissue,Normal Tissue,0.9913964867591858,True,0.1038339
1030,GTEX-QCQG-0008-SM-48U2G,2,2,Normal Tissue,Normal Tissue,0.8481725454330444,True,0.4481152
1031,GTEX-X3Y1-0008-SM-4PR12,2,2,Normal Tissue,Normal Tissue,0.9888913631439208,True,0.42062634
1032,TCGA-EE-A2MR-06,1,1,Metastasis,Metastasis,0.9244639277458192,True,0.75141567
1033,GTEX-12WSD-0126-SM-59HKN,2,2,Normal Tissue,Normal Tissue,0.959674835205078,True,0.18894362
1034,GTEX-S4UY-0008-SM-3NM8H,2,2,Normal Tissue,Normal Tissue,0.9313594102859496,True,0.45386326
1035,GTEX-WWTW-0008-SM-4MVPE,2,2,Normal Tissue,Normal Tissue,0.870799720287323,True,0.49073872
1036,GTEX-13JVG-0726-SM-5KM16,2,2,Normal Tissue,Normal Tissue,0.9732356667518616,True,0.20725887
1037,GTEX-S341-0008-SM-4AD6D,2,2,Normal Tissue,Normal Tissue,0.9930383563041688,True,0.34191895
1038,GTEX-U8XE-0226-SM-4E3J3,2,2,Normal Tissue,Normal Tissue,0.9923917651176452,True,0.13480543
1039,GTEX-13OW7-0426-SM-5K7VK,2,2,Normal Tissue,Normal Tissue,0.9920612573623656,True,0.0877539
1040,GTEX-11WQC-0008-SM-5SI6R,2,2,Normal Tissue,Normal Tissue,0.91880202293396,True,0.48418748
1041,GTEX-13113-1926-SM-5LZWG,2,2,Normal Tissue,Normal Tissue,0.9959298968315125,True,0.10230653
1042,TCGA-D3-A1Q5-06,1,1,Metastasis,Metastasis,0.937537670135498,True,0.7429733
1043,GTEX-ZPCL-1126-SM-4WWFE,2,2,Normal Tissue,Normal Tissue,0.974959135055542,True,0.13870613
1044,GTEX-ZDYS-2426-SM-4WKGI,2,2,Normal Tissue,Normal Tissue,0.98163902759552,True,0.1612126
1045,GTEX-146FH-0126-SM-5QGPP,2,2,Normal Tissue,Normal Tissue,0.9903950095176696,True,0.10286453
1046,GTEX-ZTSS-1926-SM-57WEW,2,2,Normal Tissue,Normal Tissue,0.9825112223625184,True,0.12569822
1047,TCGA-EE-A3JE-06,1,1,Metastasis,Metastasis,0.9593043327331544,True,0.72320867
1048,GTEX-QESD-0008-SM-447B2,2,2,Normal Tissue,Normal Tissue,0.9529495239257812,True,0.4513009
1049,GTEX-ZT9W-2426-SM-57WFJ,2,2,Normal Tissue,Normal Tissue,0.4239860773086548,True,0.5711665
1050,TCGA-FS-A1ZY-06,1,1,Metastasis,Metastasis,0.7243179082870483,True,0.7491901
1051,GTEX-Q2AI-1326-SM-2S1PL,2,2,Normal Tissue,Normal Tissue,0.9992792010307312,True,0.02829353
1052,GTEX-WYBS-0008-SM-4ONDX,2,2,Normal Tissue,Normal Tissue,0.6320449113845825,True,0.5833163
1053,TCGA-EB-A4IQ-01,0,0,Primary Tumor,Primary Tumor,0.4945487380027771,True,0.38147667
1054,GTEX-ZVE1-0726-SM-51MRN,2,2,Normal Tissue,Normal Tissue,0.9113161563873292,True,0.23958515
1055,TCGA-QB-A6FS-06,1,1,Metastasis,Metastasis,0.9553012251853944,True,0.7555795
1056,TCGA-FR-A729-06,1,1,Metastasis,Metastasis,0.9696142673492432,True,0.73973936
1057,GTEX-ZV68-0008-SM-4YCCV,2,2,Normal Tissue,Normal Tissue,0.9729176759719848,True,0.40535495
1059,GTEX-113JC-0008-SM-5QGR6,2,2,Normal Tissue,Normal Tissue,0.8946573734283447,True,0.546485
1060,GTEX-ZVZQ-0008-SM-51MSK,2,2,Normal Tissue,Normal Tissue,0.8943725228309631,True,0.50668794
1061,TCGA-FS-A1Z7-06,1,1,Metastasis,Metastasis,0.8067825436592102,True,0.8488691
1062,GTEX-SNOS-0008-SM-4DM6I,2,2,Normal Tissue,Normal Tissue,0.9428310990333556,True,0.40024516
1063,GTEX-11DZ1-0126-SM-5985Q,2,2,Normal Tissue,Normal Tissue,0.9938271641731262,True,0.12787583
1064,GTEX-ZYWO-2226-SM-5GZXR,2,2,Normal Tissue,Normal Tissue,0.9701757431030272,True,0.18373847
1065,TCGA-GN-A266-06,1,1,Metastasis,Metastasis,0.9693503975868224,True,0.8564883
1066,TCGA-RP-A693-06,1,1,Metastasis,Metastasis,0.9484100341796876,True,0.7948756
1067,GTEX-ZLWG-0008-SM-4E3J4,2,2,Normal Tissue,Normal Tissue,0.9592309594154358,True,0.45594203
1068,TCGA-EE-A3JH-06,1,1,Metastasis,Metastasis,0.9735829830169678,True,0.87618375
1069,TCGA-D3-A1QA-06,1,1,Metastasis,Metastasis,0.9275665879249572,True,0.83400077
1070,TCGA-D3-A1QA-07,1,1,Metastasis,Metastasis,0.9539867639541626,True,0.7951136
1071,TCGA-DA-A95Y-06,1,1,Metastasis,Metastasis,0.910552442073822,True,0.7828011
1072,TCGA-EE-A2MD-06,1,1,Metastasis,Metastasis,0.9648195505142212,True,0.8099015
1073,GTEX-111VG-1626-SM-5EGIO,2,2,Normal Tissue,Normal Tissue,0.98047935962677,True,0.16207601
1074,TCGA-EB-A3Y7-01,0,0,Primary Tumor,Primary Tumor,0.8016397356987,True,0.6066249
1075,GTEX-RM2N-1426-SM-2TF4H,2,2,Normal Tissue,Normal Tissue,0.9968384504318236,True,0.06578594
1076,TCGA-FR-A726-01,0,0,Primary Tumor,Primary Tumor,0.8210029006004333,True,0.56409144
1077,GTEX-11DXZ-2026-SM-5987S,2,2,Normal Tissue,Normal Tissue,0.9872643947601318,True,0.1514635
1078,TCGA-EE-A2MQ-06,1,1,Metastasis,Metastasis,0.9081861972808838,True,0.8302144
1079,GTEX-SSA3-0008-SM-47JWJ,2,2,Normal Tissue,Normal Tissue,0.9812131524086,True,0.3647756
1080,TCGA-D3-A2J8-06,1,1,Metastasis,Metastasis,0.965240716934204,True,0.87028617
1081,GTEX-WOFL-0126-SM-3MJG2,2,2,Normal Tissue,Normal Tissue,0.9770035147666932,True,0.15648656
1082,GTEX-RN64-0126-SM-2TC68,2,2,Normal Tissue,Normal Tissue,0.7128377556800842,True,0.2439507
1083,TCGA-BF-A3DJ-01,0,0,Primary Tumor,Primary Tumor,0.8223654627799988,True,0.48635948
1084,GTEX-WWYW-0008-SM-4MVPF,2,2,Normal Tissue,Normal Tissue,0.8579846620559692,True,0.531389
1085,TCGA-D9-A148-06,1,1,Metastasis,Metastasis,0.8978247046470642,True,0.77068305
1086,GTEX-PLZ4-0126-SM-2S1OG,2,2,Normal Tissue,Normal Tissue,0.9992282390594482,True,0.058164228
1088,GTEX-U3ZN-0008-SM-4DXTL,2,2,Normal Tissue,Normal Tissue,0.9961534142494202,True,0.32728007
1089,GTEX-13VXT-1926-SM-5K7UO,2,2,Normal Tissue,Normal Tissue,0.9962384700775146,True,0.117823236
1090,GTEX-WCDI-0008-SM-47JYE,2,2,Normal Tissue,Normal Tissue,0.562716543674469,True,0.5665667
1091,GTEX-ZVT4-0126-SM-51MS1,2,2,Normal Tissue,Normal Tissue,0.9740263223648072,True,0.1932478
1092,GTEX-1399S-0126-SM-5IJCF,2,2,Normal Tissue,Normal Tissue,0.998785436153412,True,0.082510136
1093,GTEX-PSDG-0226-SM-33HC1,2,2,Normal Tissue,Normal Tissue,0.9975615739822388,True,0.059409518
1094,GTEX-13FTX-1526-SM-5K7VJ,2,2,Normal Tissue,Normal Tissue,0.9934054613113404,True,0.14121954
1095,GTEX-WXYG-2026-SM-4E3IY,2,2,Normal Tissue,Normal Tissue,0.99871027469635,True,0.051227525
1096,GTEX-13PVQ-0626-SM-5LU47,2,2,Normal Tissue,Normal Tissue,0.9929540753364564,True,0.09872742
1097,TCGA-D3-A51K-06,1,1,Metastasis,Metastasis,0.9723639488220216,True,0.8447787
1098,TCGA-FR-A7U8-06,1,1,Metastasis,Metastasis,0.7655680775642395,True,0.87623525
1099,GTEX-SUCS-1926-SM-32PM3,2,2,Normal Tissue,Normal Tissue,0.9951175451278688,True,0.09239109
1100,GTEX-1192X-0008-SM-5Q5B7,2,2,Normal Tissue,Normal Tissue,0.9908472299575806,True,0.36891192
1101,GTEX-11WQK-1026-SM-5EQLX,2,2,Normal Tissue,Normal Tissue,0.9555618762969972,True,0.19958283
1102,GTEX-PSDG-0008-SM-48TE5,2,2,Normal Tissue,Normal Tissue,0.987427830696106,True,0.33707905
1103,GTEX-S4Q7-0008-SM-3NM8A,2,2,Normal Tissue,Normal Tissue,0.9237372875213624,True,0.4262008
1104,TCGA-Z2-A8RT-06,1,1,Metastasis,Metastasis,0.9517726302146912,True,0.7882611
1105,GTEX-Y5V5-0126-SM-5S2NW,2,2,Normal Tissue,Normal Tissue,0.9835346341133118,True,0.1035037
1106,GTEX-WH7G-2026-SM-3NMBL,2,2,Normal Tissue,Normal Tissue,0.9054246544837952,True,0.17807187
1107,GTEX-11VI4-1726-SM-5CVLH,2,2,Normal Tissue,Normal Tissue,0.8968051671981812,True,0.2192873
1108,GTEX-T6MN-0126-SM-32PLP,2,2,Normal Tissue,Normal Tissue,0.9945856928825378,True,0.094422214
1109,TCGA-EB-A44R-06,1,1,Metastasis,Metastasis,0.9276973605155944,True,0.8690944
1110,TCGA-FS-A1ZG-06,1,1,Metastasis,Metastasis,0.8356894254684448,True,0.8167142
1111,GTEX-12WSK-2126-SM-5CVNC,2,2,Normal Tissue,Normal Tissue,0.988623857498169,True,0.15253828
1112,GTEX-XAJ8-0008-SM-46MU7,2,2,Normal Tissue,Normal Tissue,0.8326307535171509,True,0.5300159
1113,TCGA-YG-AA3P-06,1,1,Metastasis,Metastasis,0.8376438021659851,True,0.84954745
1114,TCGA-FS-A1ZS-06,1,1,Metastasis,Metastasis,0.6465573906898499,True,0.643066
1115,GTEX-PWN1-0008-SM-48TEA,2,2,Normal Tissue,Normal Tissue,0.9995755553245544,True,0.27689353
1117,GTEX-148VJ-0626-SM-5LUAW,2,2,Normal Tissue,Normal Tissue,0.9963388442993164,True,0.12350175
1118,GTEX-131YS-0126-SM-5KM1M,2,2,Normal Tissue,Normal Tissue,0.9900408387184144,True,0.12278777
1119,GTEX-XOT4-0008-SM-4B664,2,2,Normal Tissue,Normal Tissue,0.7101272940635681,True,0.51947373
1120,GTEX-11TTK-0008-SM-5S2RU,2,2,Normal Tissue,Normal Tissue,0.9996848106384276,True,0.27292004
1121,GTEX-1211K-1526-SM-5FQU4,2,2,Normal Tissue,Normal Tissue,0.965477466583252,True,0.13338505
1122,TCGA-EE-A2GB-06,1,1,Metastasis,Metastasis,0.8882978558540344,True,0.80051875
1123,GTEX-X5EB-2226-SM-46MW4,2,2,Normal Tissue,Normal Tissue,0.9910981059074402,True,0.1324994
1124,GTEX-11DXZ-2326-SM-5EGGV,2,2,Normal Tissue,Normal Tissue,0.9950745701789856,True,0.09259194
1127,TCGA-FS-A1Z3-06,1,1,Metastasis,Metastasis,0.768224835395813,True,0.8977458
1128,GTEX-11ONC-0008-SM-5S2MG,2,2,Normal Tissue,Normal Tissue,0.9708974361419678,True,0.5031489
1129,GTEX-ZAK1-0126-SM-5IJD3,2,2,Normal Tissue,Normal Tissue,0.997674286365509,True,0.064172864
1130,GTEX-VUSG-2326-SM-4KL1U,2,2,Normal Tissue,Normal Tissue,0.9912920594215392,True,0.105917625
1131,GTEX-13X6I-0626-SM-5QGP9,2,2,Normal Tissue,Normal Tissue,0.9881921410560608,True,0.14328395
1132,TCGA-D9-A1JX-06,1,1,Metastasis,Metastasis,0.95540851354599,True,0.7882099
1133,GTEX-13SLW-0626-SM-5Q5ER,2,2,Normal Tissue,Normal Tissue,0.995470404624939,True,0.09741769
1134,TCGA-ER-A195-06,1,1,Metastasis,Metastasis,0.4718472063541412,True,0.49416086
1135,GTEX-XGQ4-0008-SM-4AT3Z,2,2,Normal Tissue,Normal Tissue,0.9543513655662536,True,0.40471753
1136,GTEX-ZZ64-1726-SM-5GZYB,2,2,Normal Tissue,Normal Tissue,0.988828420639038,True,0.11481014
1137,GTEX-ZTSS-1426-SM-5985P,2,2,Normal Tissue,Normal Tissue,0.9272374510765076,True,0.16160975
1138,TCGA-D3-A2JL-06,1,1,Metastasis,Metastasis,0.9545196890830994,True,0.72430766
1139,TCGA-EE-A2MH-06,1,1,Metastasis,Metastasis,0.8364558219909668,True,0.56985694
1140,TCGA-D3-A8GN-06,1,1,Metastasis,Metastasis,0.97041255235672,True,0.8258208
1141,TCGA-EE-A2M6-06,1,1,Metastasis,Metastasis,0.9408823847770692,True,0.7664801
1142,TCGA-D3-A8GP-06,1,1,Metastasis,Metastasis,0.9140309691429138,True,0.7921351
1143,TCGA-ER-A19C-06,1,1,Metastasis,Metastasis,0.5612443089485168,True,0.6338489
1144,GTEX-R3RS-0126-SM-3GIJL,2,2,Normal Tissue,Normal Tissue,0.9994889497756958,True,0.010098742
1145,GTEX-12126-0826-SM-5FQTZ,2,2,Normal Tissue,Normal Tissue,0.9929087162017822,True,0.12969725
1146,GTEX-XQ8I-0426-SM-4BOPO,2,2,Normal Tissue,Normal Tissue,0.995419144630432,True,0.026747499
1147,TCGA-EE-A2GS-06,1,1,Metastasis,Metastasis,0.8738809823989868,True,0.72909737
1148,GTEX-PLZ6-1426-SM-2S1OQ,2,2,Normal Tissue,Normal Tissue,0.9994175434112548,True,0.002480895
1149,TCGA-WE-A8K1-06,1,1,Metastasis,Metastasis,0.9369239211082458,True,0.8163792
1150,TCGA-EE-A2GD-06,1,1,Metastasis,Metastasis,0.4157146513462066,True,0.5253522
1151,GTEX-13OW7-0126-SM-5MR3B,2,2,Normal Tissue,Normal Tissue,0.993899941444397,True,0.09833603
1152,GTEX-ZDXO-3126-SM-5IJDF,2,2,Normal Tissue,Normal Tissue,0.96102637052536,True,0.19486251
1153,TCGA-ER-A19H-06,1,1,Metastasis,Metastasis,0.9459469318389891,True,0.7451949
1154,TCGA-EE-A2MC-06,1,1,Metastasis,Metastasis,0.8986597657203674,True,0.6627776
1155,GTEX-12WSJ-1826-SM-5GCNY,2,2,Normal Tissue,Normal Tissue,0.9982041120529176,True,0.04813432
1156,GTEX-13OW8-1326-SM-5J1OW,2,2,Normal Tissue,Normal Tissue,0.9961165189743042,True,0.07342393
1158,GTEX-WY7C-0008-SM-4ONDW,2,2,Normal Tissue,Normal Tissue,0.9943919777870178,True,0.34347528
1159,TCGA-ER-A19L-06,1,1,Metastasis,Metastasis,0.6333999633789062,True,0.65043867
1160,TCGA-WE-A8K6-06,1,1,Metastasis,Metastasis,0.8036057949066162,True,0.8948596
1161,GTEX-U3ZM-1526-SM-3DB9D,2,2,Normal Tissue,Normal Tissue,0.9890372157096864,True,0.03680921
1162,TCGA-EE-A2A5-06,1,1,Metastasis,Metastasis,0.7116588354110718,True,0.87498057
1163,GTEX-ZTPG-0008-SM-4YCEK,2,2,Normal Tissue,Normal Tissue,0.9877596497535706,True,0.38778627
1164,GTEX-UJHI-1526-SM-3DB99,2,2,Normal Tissue,Normal Tissue,0.9941360950469972,True,0.118310094
1165,GTEX-XMD3-0008-SM-4AT4V,2,2,Normal Tissue,Normal Tissue,0.7857687473297119,True,0.5768532
1166,GTEX-ZV68-0126-SM-59HKS,2,2,Normal Tissue,Normal Tissue,0.980946958065033,True,0.16441043
1167,TCGA-EE-A2ME-06,1,1,Metastasis,Metastasis,0.9746812582015992,True,0.7456432
1168,GTEX-X62O-0126-SM-4E3JN,2,2,Normal Tissue,Normal Tissue,0.995574116706848,True,0.12155389
1169,GTEX-146FQ-0126-SM-5NQA9,2,2,Normal Tissue,Normal Tissue,0.9883132576942444,True,0.13098678
1170,TCGA-GN-A26D-06,1,1,Metastasis,Metastasis,0.8760780096054077,True,0.7229097
1171,GTEX-13N1W-0126-SM-5K7VT,2,2,Normal Tissue,Normal Tissue,0.9971582889556884,True,0.04604718
1172,TCGA-D3-A2J9-06,1,1,Metastasis,Metastasis,0.9487189650535583,True,0.7187175
1174,TCGA-EE-A29Q-06,1,1,Metastasis,Metastasis,0.8683027625083923,True,0.8762496
1175,GTEX-13D11-0926-SM-5J2NC,2,2,Normal Tissue,Normal Tissue,0.9376875162124634,True,0.13147691
1176,GTEX-13112-0126-SM-5P9IU,2,2,Normal Tissue,Normal Tissue,0.9192426800727844,True,0.22050531
1177,GTEX-11XUK-2026-SM-5EQLF,2,2,Normal Tissue,Normal Tissue,0.9561173319816588,True,0.20166494
1178,GTEX-WYVS-1626-SM-3NM9R,2,2,Normal Tissue,Normal Tissue,0.7699359655380249,True,0.14632887
1179,TCGA-D3-A3C3-06,1,1,Metastasis,Metastasis,0.9394264817237854,True,0.7851457
1180,GTEX-11DXX-2426-SM-5GZZW,2,2,Normal Tissue,Normal Tissue,0.987023115158081,True,0.14455204
1181,GTEX-12WSC-0126-SM-5EQ4P,2,2,Normal Tissue,Normal Tissue,0.9765738248825072,True,0.13369963
1182,GTEX-O5YT-0008-SM-4E3IQ,2,2,Normal Tissue,Normal Tissue,0.7896735072135925,True,0.5356022
1183,TCGA-Z2-AA3V-06,1,1,Metastasis,Metastasis,0.9423786401748656,True,0.7837455
1184,GTEX-OHPL-0008-SM-4E3I9,2,2,Normal Tissue,Normal Tissue,0.3949256539344787,True,0.6175975
1185,GTEX-O5YT-0126-SM-48TBW,2,2,Normal Tissue,Normal Tissue,0.997327208518982,True,0.08691598
1187,GTEX-13OVG-1626-SM-5J1NF,2,2,Normal Tissue,Normal Tissue,0.9621644616127014,True,0.18677266
1188,GTEX-OIZG-0726-SM-33HBL,2,2,Normal Tissue,Normal Tissue,0.967610478401184,True,0.13094659
1189,GTEX-11ILO-0626-SM-5A5LO,2,2,Normal Tissue,Normal Tissue,0.8718044757843018,True,0.17283207
1190,TCGA-FS-A1ZZ-06,1,1,Metastasis,Metastasis,0.475956529378891,True,0.5447096
1191,GTEX-OXRL-0008-SM-3NB29,2,2,Normal Tissue,Normal Tissue,0.3959971964359283,True,0.6055011
1192,TCGA-GF-A6C8-06,1,1,Metastasis,Metastasis,0.9105206727981568,True,0.9172737
1193,GTEX-ZPIC-0008-SM-4E3JF,2,2,Normal Tissue,Normal Tissue,0.9785953164100648,True,0.43161878
1194,GTEX-YECK-0008-SM-4W1ZG,2,2,Normal Tissue,Normal Tissue,0.9216628074645996,True,0.49932507
1195,GTEX-12ZZX-2426-SM-5GCOE,2,2,Normal Tissue,Normal Tissue,0.8942400217056274,True,0.14924957
1197,GTEX-WYJK-0008-SM-4ONDV,2,2,Normal Tissue,Normal Tissue,0.938187062740326,True,0.46936664
1198,GTEX-WXYG-0008-SM-4ONDU,2,2,Normal Tissue,Normal Tissue,0.993188500404358,True,0.35445613
1199,GTEX-ZY6K-1826-SM-5GZXK,2,2,Normal Tissue,Normal Tissue,0.9648689031600952,True,0.18062003
1200,TCGA-EE-A3AC-06,1,1,Metastasis,Metastasis,0.8658534288406372,True,0.65444833
1201,GTEX-13YAN-0326-SM-5O9DF,2,2,Normal Tissue,Normal Tissue,0.9919787645339966,True,0.09932917
1202,TCGA-D3-A5GO-06,1,1,Metastasis,Metastasis,0.8975657224655151,True,0.8043587
1203,TCGA-FS-A1ZQ-06,1,1,Metastasis,Metastasis,0.8391831517219543,True,0.57341135
1204,GTEX-Y3I4-2126-SM-4TT7C,2,2,Normal Tissue,Normal Tissue,0.998705267906189,True,0.06065618
1206,TCGA-XV-AAZV-01,0,0,Primary Tumor,Primary Tumor,0.7237553596496582,True,0.41801092
1207,GTEX-11OF3-0126-SM-5PNYF,2,2,Normal Tissue,Normal Tissue,0.9979497790336608,True,0.063703015
1208,TCGA-FS-A1ZU-06,1,1,Metastasis,Metastasis,0.4748626351356506,True,0.6778112
1209,TCGA-WE-AAA0-06,1,1,Metastasis,Metastasis,0.9283349514007568,True,0.8514193
1210,GTEX-ZYT6-0226-SM-5NQ6T,2,2,Normal Tissue,Normal Tissue,0.993729829788208,True,0.09782662
1211,GTEX-ZQUD-0008-SM-4YCCU,2,2,Normal Tissue,Normal Tissue,0.9451271295547484,True,0.43422115
1212,GTEX-Y8LW-0008-SM-4V6G5,2,2,Normal Tissue,Normal Tissue,0.7837551832199097,True,0.5299877
1213,TCGA-GN-A4U3-06,1,1,Metastasis,Metastasis,0.9373692274093628,True,0.8160941
1214,GTEX-X4EO-0008-SM-4QASS,2,2,Normal Tissue,Normal Tissue,0.9906182885169984,True,0.43933064
1215,GTEX-WHWD-1826-SM-3LK6I,2,2,Normal Tissue,Normal Tissue,0.996164083480835,True,0.07533696
1216,GTEX-11ILO-0126-SM-5A5LN,2,2,Normal Tissue,Normal Tissue,0.9470832347869872,True,0.13604027
1217,GTEX-ZE9C-2726-SM-57WB5,2,2,Normal Tissue,Normal Tissue,0.9733573794364928,True,0.16509074
1219,TCGA-EB-A3XF-01,0,0,Primary Tumor,Primary Tumor,0.6529321074485779,True,0.45210555
1220,GTEX-WFG7-2026-SM-5SI7P,2,2,Normal Tissue,Normal Tissue,0.996745467185974,True,0.11598767
1221,GTEX-WYJK-0126-SM-3NMAB,2,2,Normal Tissue,Normal Tissue,0.971495509147644,True,0.09782128
1222,TCGA-D3-A3MU-06,1,1,Metastasis,Metastasis,0.9279879331588744,True,0.7706137
1223,GTEX-XQ3S-1526-SM-4BOOC,2,2,Normal Tissue,Normal Tissue,0.9955413937568665,True,0.07290394
1224,GTEX-13PDP-0126-SM-5L3HD,2,2,Normal Tissue,Normal Tissue,0.9784581065177916,True,0.1546447
1226,GTEX-YB5K-2126-SM-4WWDJ,2,2,Normal Tissue,Normal Tissue,0.964797019958496,True,0.115868986
1227,GTEX-11NV4-0008-SM-5Q5BA,2,2,Normal Tissue,Normal Tissue,0.9979175925254822,True,0.30766854
1228,GTEX-11TT1-1826-SM-5EQLV,2,2,Normal Tissue,Normal Tissue,0.9873132109642028,True,0.13248518
1229,GTEX-UJHI-0008-SM-4IHL1,2,2,Normal Tissue,Normal Tissue,0.957571268081665,True,0.47129434
1230,GTEX-ZVE2-0226-SM-59HJB,2,2,Normal Tissue,Normal Tissue,0.9776656627655028,True,0.07521866
1231,GTEX-ZLV1-1526-SM-4WWBC,2,2,Normal Tissue,Normal Tissue,0.9978476762771606,True,0.08479394
1232,GTEX-1314G-1326-SM-5BC6E,2,2,Normal Tissue,Normal Tissue,0.9675668478012084,True,0.09325435
1233,TCGA-D3-A2JH-06,1,1,Metastasis,Metastasis,0.9569441676139832,True,0.87729144
1234,GTEX-11H98-0126-SM-5EGHG,2,2,Normal Tissue,Normal Tissue,0.9706652164459229,True,0.18041752
1235,GTEX-TKQ2-0008-SM-4DM5L,2,2,Normal Tissue,Normal Tissue,0.9767642617225648,True,0.40688598
1237,GTEX-11ZU8-0008-SM-5S2VO,2,2,Normal Tissue,Normal Tissue,0.718216061592102,True,0.57535255
1238,GTEX-T2IS-0126-SM-4DM6O,2,2,Normal Tissue,Normal Tissue,0.996986448764801,True,0.06607872
1239,GTEX-12KS4-2126-SM-5FQUT,2,2,Normal Tissue,Normal Tissue,0.8387038111686707,True,0.14871159
1240,GTEX-X261-0008-SM-4PR11,2,2,Normal Tissue,Normal Tissue,0.9979698061943054,True,0.32341948
1241,GTEX-ZYT6-2326-SM-5GZY3,2,2,Normal Tissue,Normal Tissue,0.9922530055046082,True,0.13606444
1242,TCGA-FS-A4F4-06,1,1,Metastasis,Metastasis,0.829372227191925,True,0.84110314
1243,GTEX-RU72-0008-SM-46MV8,2,2,Normal Tissue,Normal Tissue,0.998329222202301,True,0.3621917
1244,TCGA-EE-A2GN-06,1,1,Metastasis,Metastasis,0.7964027523994446,True,0.8387557
1246,GTEX-13OVJ-0826-SM-5J1OK,2,2,Normal Tissue,Normal Tissue,0.9970844388008118,True,0.06740106
1247,GTEX-12WSH-1526-SM-5BC5W,2,2,Normal Tissue,Normal Tissue,0.99357271194458,True,0.09818602
1248,GTEX-WY7C-2326-SM-3NB2U,2,2,Normal Tissue,Normal Tissue,0.997125804424286,True,0.050673153
1249,GTEX-ZVP2-0326-SM-57WBP,2,2,Normal Tissue,Normal Tissue,0.9975308775901794,True,0.09023251
1250,GTEX-XUYS-0126-SM-47JWZ,2,2,Normal Tissue,Normal Tissue,0.9655630588531494,True,0.16879398
1251,GTEX-145MI-0526-SM-5O9A8,2,2,Normal Tissue,Normal Tissue,0.9967008233070374,True,0.08570052
1253,TCGA-EE-A2GI-06,1,1,Metastasis,Metastasis,0.9760120511054992,True,0.7862272
1254,TCGA-QB-AA9O-06,1,1,Metastasis,Metastasis,0.9779812693595886,True,0.7216178
1255,GTEX-12KS4-0326-SM-5EQ41,2,2,Normal Tissue,Normal Tissue,0.9978435039520264,True,0.044872068
1256,GTEX-SJXC-0126-SM-2XCFF,2,2,Normal Tissue,Normal Tissue,0.9990422129631042,True,0.034494814
1257,TCGA-EE-A2MM-06,1,1,Metastasis,Metastasis,0.8630244731903076,True,0.8127441
1258,GTEX-WYVS-0008-SM-4ONDY,2,2,Normal Tissue,Normal Tissue,0.9653659462928772,True,0.46027642
1259,GTEX-131XF-2626-SM-5EQ6K,2,2,Normal Tissue,Normal Tissue,0.9921035766601562,True,0.08604822
1262,GTEX-XPVG-2626-SM-4B669,2,2,Normal Tissue,Normal Tissue,0.9968528151512146,True,0.06574795
1263,GTEX-139TT-2126-SM-5LZWC,2,2,Normal Tissue,Normal Tissue,0.911880373954773,True,0.130209
1264,GTEX-Y3I4-1726-SM-4TT89,2,2,Normal Tissue,Normal Tissue,0.9980642199516296,True,0.08539531
1265,GTEX-13OVH-0526-SM-5L3E6,2,2,Normal Tissue,Normal Tissue,0.938373863697052,True,0.20560996
1266,GTEX-12WSN-1426-SM-5GCO6,2,2,Normal Tissue,Normal Tissue,0.9384415745735168,True,0.2828332
1267,TCGA-EE-A2MF-06,1,1,Metastasis,Metastasis,0.9262962937355042,True,0.83193785
1268,GTEX-ZXG5-0126-SM-5GIEU,2,2,Normal Tissue,Normal Tissue,0.9963580965995787,True,0.054183453
1270,TCGA-3N-A9WD-06,1,1,Metastasis,Metastasis,0.805995523929596,True,0.58485776
1271,GTEX-SN8G-0008-SM-4DM4X,2,2,Normal Tissue,Normal Tissue,0.9928499460220336,True,0.3547476
1272,TCGA-DA-A95W-06,1,1,Metastasis,Metastasis,0.9309501051902772,True,0.7452188
1273,GTEX-NL4W-0008-SM-4E3I2,2,2,Normal Tissue,Normal Tissue,0.365200012922287,True,0.6322597
1274,GTEX-ZYFD-0626-SM-5E44E,2,2,Normal Tissue,Normal Tissue,0.819273829460144,True,0.19708855
1275,TCGA-D9-A4Z6-06,1,1,Metastasis,Metastasis,0.8995871543884277,True,0.83131784
1276,GTEX-QDT8-0126-SM-48TZ1,2,2,Normal Tissue,Normal Tissue,0.9972773194313048,True,0.08516342
1277,GTEX-148VI-1626-SM-5SI6E,2,2,Normal Tissue,Normal Tissue,0.998030126094818,True,0.070656046
1278,TCGA-EE-A29L-06,1,1,Metastasis,Metastasis,0.6333643794059753,True,0.6207705
1279,GTEX-1122O-2126-SM-5EGIR,2,2,Normal Tissue,Normal Tissue,0.997514009475708,True,0.08270951
1280,GTEX-R55E-0008-SM-48FCG,2,2,Normal Tissue,Normal Tissue,0.987389087677002,True,0.39682257
