query_idx,query_id,query_class,rank,neighbor_id,neighbor_class,cosine,same_class
0,TCGA-FR-A3R1-01,Primary Tumor,0,TCGA-RP-A693-06,Metastasis,0.9999175667762756,False
0,TCGA-FR-A3R1-01,Primary Tumor,1,TCGA-EE-A29D-06,Metastasis,0.9998751878738403,False
0,TCGA-FR-A3R1-01,Primary Tumor,2,TCGA-EE-A29S-06,Metastasis,0.9998034238815308,False
0,TCGA-FR-A3R1-01,Primary Tumor,3,TCGA-BF-A1PZ-01,Primary Tumor,0.9997373223304749,True
0,TCGA-FR-A3R1-01,Primary Tumor,4,TCGA-EE-A2MK-06,Metastasis,0.9997134804725647,False
0,TCGA-FR-A3R1-01,Primary Tumor,5,TCGA-EE-A3J7-06,Metastasis,0.9996951222419739,False
0,TCGA-FR-A3R1-01,Primary Tumor,6,TCGA-EE-A2M6-06,Metastasis,0.9996820688247681,False
0,TCGA-FR-A3R1-01,Primary Tumor,7,TCGA-RP-A694-06,Metastasis,0.9996724724769592,False
0,TCGA-FR-A3R1-01,Primary Tumor,8,TCGA-WE-A8K5-06,Metastasis,0.999636173248291,False
0,TCGA-FR-A3R1-01,Primary Tumor,9,TCGA-EE-A20I-06,Metastasis,0.9995887875556946,False
1,TCGA-EE-A29D-06,Metastasis,0,TCGA-EE-A29S-06,Metastasis,0.9999709129333496,True
1,TCGA-EE-A29D-06,Metastasis,1,TCGA-BF-A1PZ-01,Primary Tumor,0.9999542236328125,False
1,TCGA-EE-A29D-06,Metastasis,2,TCGA-RP-A694-06,Metastasis,0.9999040961265564,True
1,TCGA-EE-A29D-06,Metastasis,3,TCGA-FR-A3R1-01,Primary Tumor,0.9998751878738403,False
1,TCGA-EE-A29D-06,Metastasis,4,TCGA-DA-A95W-06,Metastasis,0.9998359680175781,True
1,TCGA-EE-A29D-06,Metastasis,5,TCGA-EE-A3J7-06,Metastasis,0.9997986555099487,True
1,TCGA-EE-A29D-06,Metastasis,6,TCGA-WE-A8K5-06,Metastasis,0.9997961521148682,True
1,TCGA-EE-A29D-06,Metastasis,7,TCGA-W3-AA1Q-06,Metastasis,0.9997711777687073,True
1,TCGA-EE-A29D-06,Metastasis,8,TCGA-RP-A693-06,Metastasis,0.9997597336769104,True
1,TCGA-EE-A29D-06,Metastasis,9,TCGA-EE-A20I-06,Metastasis,0.9997327923774719,True
2,TCGA-FS-A1ZA-06,Metastasis,0,TCGA-FS-A1ZM-06,Metastasis,0.9994737505912781,True
2,TCGA-FS-A1ZA-06,Metastasis,1,TCGA-FS-A1Z4-06,Metastasis,0.9991880655288696,True
2,TCGA-FS-A1ZA-06,Metastasis,2,TCGA-EE-A2GB-06,Metastasis,0.9984968900680542,True
2,TCGA-FS-A1ZA-06,Metastasis,3,TCGA-FS-A1ZR-06,Metastasis,0.9974589943885803,True
2,TCGA-FS-A1ZA-06,Metastasis,4,TCGA-DA-A1HV-06,Metastasis,0.9971736073493958,True
2,TCGA-FS-A1ZA-06,Metastasis,5,TCGA-EE-A2GK-06,Metastasis,0.9969558119773865,True
2,TCGA-FS-A1ZA-06,Metastasis,6,TCGA-D3-A3CE-06,Metastasis,0.9968496561050415,True
2,TCGA-FS-A1ZA-06,Metastasis,7,TCGA-D3-A2J9-06,Metastasis,0.996619462966919,True
2,TCGA-FS-A1ZA-06,Metastasis,8,TCGA-EE-A2MG-06,Metastasis,0.9964156150817871,True
2,TCGA-FS-A1ZA-06,Metastasis,9,TCGA-EB-A551-01,Primary Tumor,0.9956104159355164,False
3,TCGA-EE-A17X-06,Metastasis,0,TCGA-FS-A1YY-06,Metastasis,0.9999664425849915,True
3,TCGA-EE-A17X-06,Metastasis,1,TCGA-ER-A2ND-06,Metastasis,0.9999012351036072,True
3,TCGA-EE-A17X-06,Metastasis,2,TCGA-EE-A3AF-06,Metastasis,0.9998343586921692,True
3,TCGA-EE-A17X-06,Metastasis,3,TCGA-WE-A8ZN-06,Metastasis,0.9998289346694946,True
3,TCGA-EE-A17X-06,Metastasis,4,TCGA-D3-A3ML-06,Metastasis,0.9997641444206238,True
3,TCGA-EE-A17X-06,Metastasis,5,TCGA-EE-A180-06,Metastasis,0.9996265172958374,True
3,TCGA-EE-A17X-06,Metastasis,6,TCGA-D3-A8GV-06,Metastasis,0.9996227622032166,True
3,TCGA-EE-A17X-06,Metastasis,7,TCGA-D3-A5GO-06,Metastasis,0.9996219277381897,True
3,TCGA-EE-A17X-06,Metastasis,8,TCGA-DA-A1I0-06,Metastasis,0.9995077252388,True
3,TCGA-EE-A17X-06,Metastasis,9,TCGA-GN-A268-06,Metastasis,0.9995019435882568,True
4,TCGA-FR-A8YD-06,Metastasis,0,TCGA-ER-A198-06,Metastasis,0.9999686479568481,True
4,TCGA-FR-A8YD-06,Metastasis,1,TCGA-EE-A2GM-06,Metastasis,0.9999170899391174,True
4,TCGA-FR-A8YD-06,Metastasis,2,TCGA-FS-A1ZP-06,Metastasis,0.9998661875724792,True
4,TCGA-FR-A8YD-06,Metastasis,3,TCGA-EE-A2MN-06,Metastasis,0.9998531937599182,True
4,TCGA-FR-A8YD-06,Metastasis,4,TCGA-EB-A41B-01,Primary Tumor,0.9997895359992981,False
4,TCGA-FR-A8YD-06,Metastasis,5,TCGA-D3-A2JG-06,Metastasis,0.9997705817222595,True
4,TCGA-FR-A8YD-06,Metastasis,6,TCGA-D3-A1QA-06,Metastasis,0.9997091293334961,True
4,TCGA-FR-A8YD-06,Metastasis,7,TCGA-FS-A4FD-06,Metastasis,0.9996160268783569,True
4,TCGA-FR-A8YD-06,Metastasis,8,TCGA-EE-A29X-06,Metastasis,0.9995977282524109,True
4,TCGA-FR-A8YD-06,Metastasis,9,TCGA-BF-A1PV-01,Primary Tumor,0.9995553493499756,False
5,TCGA-FS-A1ZF-06,Metastasis,0,TCGA-EE-A29T-06,Metastasis,0.9997825622558594,True
5,TCGA-FS-A1ZF-06,Metastasis,1,TCGA-ER-A42K-06,Metastasis,0.9997566938400269,True
5,TCGA-FS-A1ZF-06,Metastasis,2,TCGA-ER-A3ET-06,Metastasis,0.9992603063583374,True
5,TCGA-FS-A1ZF-06,Metastasis,3,TCGA-D3-A2J7-06,Metastasis,0.9992092251777649,True
5,TCGA-FS-A1ZF-06,Metastasis,4,TCGA-EE-A3AD-06,Metastasis,0.9991891384124756,True
5,TCGA-FS-A1ZF-06,Metastasis,5,TCGA-FS-A1ZZ-06,Metastasis,0.9991515874862671,True
5,TCGA-FS-A1ZF-06,Metastasis,6,TCGA-D9-A3Z1-06,Metastasis,0.9991028308868408,True
5,TCGA-FS-A1ZF-06,Metastasis,7,TCGA-FR-A2OS-01,Primary Tumor,0.9990067481994629,False
5,TCGA-FS-A1ZF-06,Metastasis,8,TCGA-W3-AA1O-06,Metastasis,0.998813271522522,True
5,TCGA-FS-A1ZF-06,Metastasis,9,TCGA-BF-A3DN-01,Primary Tumor,0.9987067580223083,False
6,TCGA-EB-A41A-01,Primary Tumor,0,TCGA-GN-A26D-06,Metastasis,0.9998969435691833,False
6,TCGA-EB-A41A-01,Primary Tumor,1,TCGA-ER-A193-06,Metastasis,0.9998695850372314,False
6,TCGA-EB-A41A-01,Primary Tumor,2,TCGA-EB-A5UM-01,Primary Tumor,0.9998667240142822,True
6,TCGA-EB-A41A-01,Primary Tumor,3,TCGA-EE-A2MF-06,Metastasis,0.9997939467430115,False
6,TCGA-EB-A41A-01,Primary Tumor,4,TCGA-GN-A4U4-06,Metastasis,0.9995097517967224,False
6,TCGA-EB-A41A-01,Primary Tumor,5,TCGA-EE-A2MQ-06,Metastasis,0.9994440674781799,False
6,TCGA-EB-A41A-01,Primary Tumor,6,TCGA-ER-A199-06,Metastasis,0.9994386434555054,False
6,TCGA-EB-A41A-01,Primary Tumor,7,TCGA-FS-A1ZJ-06,Metastasis,0.9991394877433777,False
6,TCGA-EB-A41A-01,Primary Tumor,8,TCGA-EE-A2ML-06,Metastasis,0.9990872740745544,False
6,TCGA-EB-A41A-01,Primary Tumor,9,TCGA-D9-A148-06,Metastasis,0.9988643527030945,False
7,TCGA-D3-A3ML-06,Metastasis,0,TCGA-EB-A4OY-01,Primary Tumor,0.9999314546585083,False
7,TCGA-D3-A3ML-06,Metastasis,1,TCGA-FS-A1YY-06,Metastasis,0.9998989701271057,True
7,TCGA-D3-A3ML-06,Metastasis,2,TCGA-EB-A5SH-06,Metastasis,0.999862015247345,True
7,TCGA-D3-A3ML-06,Metastasis,3,TCGA-FR-A7U8-06,Metastasis,0.9998188614845276,True
7,TCGA-D3-A3ML-06,Metastasis,4,TCGA-EE-A17X-06,Metastasis,0.9997641444206238,True
7,TCGA-D3-A3ML-06,Metastasis,5,TCGA-ER-A19T-06,Metastasis,0.9996654987335205,True
7,TCGA-D3-A3ML-06,Metastasis,6,TCGA-DA-A1I0-06,Metastasis,0.9996545314788818,True
7,TCGA-D3-A3ML-06,Metastasis,7,TCGA-FS-A4F4-06,Metastasis,0.9995920062065125,True
7,TCGA-D3-A3ML-06,Metastasis,8,TCGA-ER-A2ND-06,Metastasis,0.9994937181472778,True
7,TCGA-D3-A3ML-06,Metastasis,9,TCGA-D3-A8GV-06,Metastasis,0.9994511604309082,True
8,TCGA-EE-A2MP-06,Metastasis,0,TCGA-GN-A265-06,Metastasis,0.9998794198036194,True
8,TCGA-EE-A2MP-06,Metastasis,1,TCGA-D3-A8GC-06,Metastasis,0.9997329115867615,True
8,TCGA-EE-A2MP-06,Metastasis,2,TCGA-EE-A20B-06,Metastasis,0.9996105432510376,True
8,TCGA-EE-A2MP-06,Metastasis,3,TCGA-EE-A3JB-06,Metastasis,0.9995638132095337,True
8,TCGA-EE-A2MP-06,Metastasis,4,TCGA-D3-A5GN-06,Metastasis,0.999321460723877,True
8,TCGA-EE-A2MP-06,Metastasis,5,TCGA-DA-A95X-06,Metastasis,0.9992976784706116,True
8,TCGA-EE-A2MP-06,Metastasis,6,TCGA-HR-A2OH-06,Metastasis,0.9992122054100037,True
8,TCGA-EE-A2MP-06,Metastasis,7,TCGA-EE-A2M8-06,Metastasis,0.9989877343177795,True
8,TCGA-EE-A2MP-06,Metastasis,8,TCGA-ER-A2NG-06,Metastasis,0.9987719058990479,True
8,TCGA-EE-A2MP-06,Metastasis,9,TCGA-EE-A29H-06,Metastasis,0.998645544052124,True
9,TCGA-DA-A1I4-06,Metastasis,0,TCGA-D9-A6EA-06,Metastasis,0.9999851584434509,True
9,TCGA-DA-A1I4-06,Metastasis,1,TCGA-FW-A3TU-06,Metastasis,0.9999344348907471,True
9,TCGA-DA-A1I4-06,Metastasis,2,TCGA-GN-A264-06,Metastasis,0.9998335838317871,True
9,TCGA-DA-A1I4-06,Metastasis,3,TCGA-GF-A769-01,Primary Tumor,0.9997993111610413,False
9,TCGA-DA-A1I4-06,Metastasis,4,TCGA-ER-A2NE-06,Metastasis,0.9997819066047668,True
9,TCGA-DA-A1I4-06,Metastasis,5,TCGA-GN-A4U3-06,Metastasis,0.9997034668922424,True
9,TCGA-DA-A1I4-06,Metastasis,6,TCGA-ER-A2NF-06,Metastasis,0.9997013807296753,True
9,TCGA-DA-A1I4-06,Metastasis,7,TCGA-ER-A3PL-06,Metastasis,0.9996304512023926,True
9,TCGA-DA-A1I4-06,Metastasis,8,TCGA-FR-A69P-06,Metastasis,0.9995962381362915,True
9,TCGA-DA-A1I4-06,Metastasis,9,TCGA-YD-A89C-06,Metastasis,0.9995952248573303,True
10,TCGA-ER-A19S-06,Metastasis,0,TCGA-OD-A75X-06,Metastasis,0.9999094605445862,True
10,TCGA-ER-A19S-06,Metastasis,1,TCGA-D3-A51F-06,Metastasis,0.9998297691345215,True
10,TCGA-ER-A19S-06,Metastasis,2,TCGA-EE-A29H-06,Metastasis,0.9997832775115967,True
10,TCGA-ER-A19S-06,Metastasis,3,TCGA-EE-A181-06,Metastasis,0.9995372295379639,True
10,TCGA-ER-A19S-06,Metastasis,4,TCGA-WE-A8ZY-06,Metastasis,0.9994400143623352,True
10,TCGA-ER-A19S-06,Metastasis,5,TCGA-FS-A1Z0-06,Metastasis,0.9993903636932373,True
10,TCGA-ER-A19S-06,Metastasis,6,TCGA-D3-A8GM-06,Metastasis,0.9993792176246643,True
10,TCGA-ER-A19S-06,Metastasis,7,TCGA-EE-A2MJ-06,Metastasis,0.9993624091148376,True
10,TCGA-ER-A19S-06,Metastasis,8,TCGA-EE-A29M-06,Metastasis,0.9993377327919006,True
10,TCGA-ER-A19S-06,Metastasis,9,TCGA-ER-A19W-06,Metastasis,0.9992545247077942,True
11,TCGA-EE-A3AB-06,Metastasis,0,TCGA-ER-A19E-06,Metastasis,0.9997979998588562,True
11,TCGA-EE-A3AB-06,Metastasis,1,TCGA-FS-A1ZW-06,Metastasis,0.9983133673667908,True
11,TCGA-EE-A3AB-06,Metastasis,2,TCGA-D3-A8GQ-06,Metastasis,0.9981090426445007,True
11,TCGA-EE-A3AB-06,Metastasis,3,TCGA-D3-A3CC-06,Metastasis,0.9976361989974976,True
11,TCGA-EE-A3AB-06,Metastasis,4,TCGA-D3-A3C8-06,Metastasis,0.9975658655166626,True
11,TCGA-EE-A3AB-06,Metastasis,5,TCGA-D3-A2JN-06,Metastasis,0.997491180896759,True
11,TCGA-EE-A3AB-06,Metastasis,6,TCGA-EB-A431-01,Primary Tumor,0.99745112657547,False
11,TCGA-EE-A3AB-06,Metastasis,7,TCGA-EE-A3AH-06,Metastasis,0.9971883893013,True
11,TCGA-EE-A3AB-06,Metastasis,8,TCGA-EE-A3JH-06,Metastasis,0.9971206188201904,True
11,TCGA-EE-A3AB-06,Metastasis,9,TCGA-BF-AAP7-01,Primary Tumor,0.9970881938934326,False
12,TCGA-D3-A5GR-06,Metastasis,0,TCGA-D3-A8GD-06,Metastasis,0.9994068145751953,True
12,TCGA-D3-A5GR-06,Metastasis,1,TCGA-FR-A729-06,Metastasis,0.9993796348571777,True
12,TCGA-D3-A5GR-06,Metastasis,2,TCGA-FS-A1ZH-06,Metastasis,0.9978557825088501,True
12,TCGA-D3-A5GR-06,Metastasis,3,TCGA-Z2-A8RT-06,Metastasis,0.9955672025680542,True
12,TCGA-D3-A5GR-06,Metastasis,4,TCGA-W3-A825-06,Metastasis,0.9952359199523926,True
12,TCGA-D3-A5GR-06,Metastasis,5,TCGA-D3-A2JB-06,Metastasis,0.9949883222579956,True
12,TCGA-D3-A5GR-06,Metastasis,6,TCGA-EE-A29N-06,Metastasis,0.9944035410881042,True
12,TCGA-D3-A5GR-06,Metastasis,7,TCGA-ER-A19P-06,Metastasis,0.9935813546180725,True
12,TCGA-D3-A5GR-06,Metastasis,8,TCGA-EB-A4IS-01,Primary Tumor,0.9918166995048523,False
12,TCGA-D3-A5GR-06,Metastasis,9,TCGA-WE-A8ZR-06,Metastasis,0.9892871379852295,True
13,TCGA-W3-AA1R-06,Metastasis,0,TCGA-D3-A1Q7-06,Metastasis,0.9998112916946411,True
13,TCGA-W3-AA1R-06,Metastasis,1,TCGA-ER-A42L-06,Metastasis,0.9997192025184631,True
13,TCGA-W3-AA1R-06,Metastasis,2,TCGA-WE-A8ZY-06,Metastasis,0.9997026920318604,True
13,TCGA-W3-AA1R-06,Metastasis,3,TCGA-EE-A29M-06,Metastasis,0.999609112739563,True
13,TCGA-W3-AA1R-06,Metastasis,4,TCGA-EE-A181-06,Metastasis,0.999556303024292,True
13,TCGA-W3-AA1R-06,Metastasis,5,TCGA-D3-A2JC-06,Metastasis,0.9995123147964478,True
13,TCGA-W3-AA1R-06,Metastasis,6,TCGA-FS-A4F8-06,Metastasis,0.9994344711303711,True
13,TCGA-W3-AA1R-06,Metastasis,7,TCGA-D3-A51J-06,Metastasis,0.9993870854377747,True
13,TCGA-W3-AA1R-06,Metastasis,8,TCGA-D3-A51F-06,Metastasis,0.999224841594696,True
13,TCGA-W3-AA1R-06,Metastasis,9,TCGA-EE-A2MJ-06,Metastasis,0.9991871118545532,True
14,TCGA-D3-A8GK-06,Metastasis,0,TCGA-ER-A19O-06,Metastasis,0.9999522566795349,True
14,TCGA-D3-A8GK-06,Metastasis,1,TCGA-YG-AA3P-06,Metastasis,0.9999013543128967,True
14,TCGA-D3-A8GK-06,Metastasis,2,TCGA-BF-A1PU-01,Primary Tumor,0.9998293519020081,False
14,TCGA-D3-A8GK-06,Metastasis,3,TCGA-RP-A690-06,Metastasis,0.9997971653938293,True
14,TCGA-D3-A8GK-06,Metastasis,4,TCGA-D9-A6EG-06,Metastasis,0.9997473955154419,True
14,TCGA-D3-A8GK-06,Metastasis,5,TCGA-D9-A4Z3-01,Primary Tumor,0.999709963798523,False
14,TCGA-D3-A8GK-06,Metastasis,6,TCGA-FR-A3YO-06,Metastasis,0.9996450543403625,True
14,TCGA-D3-A8GK-06,Metastasis,7,TCGA-D9-A4Z5-01,Primary Tumor,0.9996438026428223,False
14,TCGA-D3-A8GK-06,Metastasis,8,TCGA-DA-A1IA-06,Metastasis,0.9996040463447571,True
14,TCGA-D3-A8GK-06,Metastasis,9,TCGA-D3-A1Q1-06,Metastasis,0.9995840191841125,True
15,TCGA-EE-A20H-06,Metastasis,0,TCGA-EB-A5VV-06,Metastasis,0.9983386993408203,True
15,TCGA-EE-A20H-06,Metastasis,1,TCGA-D3-A8GQ-06,Metastasis,0.9977471232414246,True
15,TCGA-EE-A20H-06,Metastasis,2,TCGA-D3-A3C8-06,Metastasis,0.997390627861023,True
15,TCGA-EE-A20H-06,Metastasis,3,TCGA-GN-A4U9-06,Metastasis,0.9973827004432678,True
15,TCGA-EE-A20H-06,Metastasis,4,TCGA-W3-AA1V-06,Metastasis,0.9972235560417175,True
15,TCGA-EE-A20H-06,Metastasis,5,TCGA-WE-A8ZM-06,Metastasis,0.9958869218826294,True
15,TCGA-EE-A20H-06,Metastasis,6,TCGA-XV-A9W5-01,Primary Tumor,0.9956302642822266,False
15,TCGA-EE-A20H-06,Metastasis,7,TCGA-EE-A3AB-06,Metastasis,0.9950122237205505,True
15,TCGA-EE-A20H-06,Metastasis,8,TCGA-EE-A3AG-06,Metastasis,0.9939852952957153,True
15,TCGA-EE-A20H-06,Metastasis,9,TCGA-EB-A5SE-01,Primary Tumor,0.9934580326080322,False
16,TCGA-D3-A51G-06,Metastasis,0,TCGA-EE-A29V-06,Metastasis,0.9998794198036194,True
16,TCGA-D3-A51G-06,Metastasis,1,TCGA-FS-A1ZE-06,Metastasis,0.9997046589851379,True
16,TCGA-D3-A51G-06,Metastasis,2,TCGA-DA-A1I7-06,Metastasis,0.9996106028556824,True
16,TCGA-D3-A51G-06,Metastasis,3,TCGA-EB-A5UN-06,Metastasis,0.9995540380477905,True
16,TCGA-D3-A51G-06,Metastasis,4,TCGA-EB-A82C-01,Primary Tumor,0.999457061290741,False
16,TCGA-D3-A51G-06,Metastasis,5,TCGA-EE-A3JD-06,Metastasis,0.9993400573730469,True
16,TCGA-D3-A51G-06,Metastasis,6,TCGA-EE-A29W-06,Metastasis,0.9993161559104919,True
16,TCGA-D3-A51G-06,Metastasis,7,TCGA-D9-A4Z6-06,Metastasis,0.9990625381469727,True
16,TCGA-D3-A51G-06,Metastasis,8,TCGA-WE-A8K6-06,Metastasis,0.9990139007568359,True
16,TCGA-D3-A51G-06,Metastasis,9,TCGA-ER-A19L-06,Metastasis,0.9989651441574097,True
17,TCGA-EE-A29M-06,Metastasis,0,TCGA-ER-A42L-06,Metastasis,0.999971866607666,True
17,TCGA-EE-A29M-06,Metastasis,1,TCGA-EE-A2MJ-06,Metastasis,0.9998443722724915,True
17,TCGA-EE-A29M-06,Metastasis,2,TCGA-EE-A181-06,Metastasis,0.9996806979179382,True
17,TCGA-EE-A29M-06,Metastasis,3,TCGA-W3-AA1R-06,Metastasis,0.999609112739563,True
17,TCGA-EE-A29M-06,Metastasis,4,TCGA-D3-A1Q7-06,Metastasis,0.9994739890098572,True
17,TCGA-EE-A29M-06,Metastasis,5,TCGA-WE-A8ZY-06,Metastasis,0.9994401335716248,True
17,TCGA-EE-A29M-06,Metastasis,6,TCGA-DA-A1I1-06,Metastasis,0.9993917942047119,True
17,TCGA-EE-A29M-06,Metastasis,7,TCGA-D3-A51F-06,Metastasis,0.9993707537651062,True
17,TCGA-EE-A29M-06,Metastasis,8,TCGA-ER-A19S-06,Metastasis,0.9993377327919006,True
17,TCGA-EE-A29M-06,Metastasis,9,TCGA-EE-A3AC-06,Metastasis,0.9992692470550537,True
18,TCGA-BF-A5ER-01,Primary Tumor,0,TCGA-D3-A8GI-06,Metastasis,0.9999756217002869,False
18,TCGA-BF-A5ER-01,Primary Tumor,1,TCGA-DA-A95Z-06,Metastasis,0.9999269247055054,False
18,TCGA-BF-A5ER-01,Primary Tumor,2,TCGA-EB-A553-01,Primary Tumor,0.9998958706855774,True
18,TCGA-BF-A5ER-01,Primary Tumor,3,TCGA-XV-AB01-06,Metastasis,0.9998122453689575,False
18,TCGA-BF-A5ER-01,Primary Tumor,4,TCGA-FS-A1ZU-06,Metastasis,0.99978107213974,False
18,TCGA-BF-A5ER-01,Primary Tumor,5,TCGA-ER-A194-01,Primary Tumor,0.9997451305389404,True
18,TCGA-BF-A5ER-01,Primary Tumor,6,TCGA-EE-A29B-06,Metastasis,0.9996636509895325,False
18,TCGA-BF-A5ER-01,Primary Tumor,7,TCGA-GN-A8LK-06,Metastasis,0.9996465444564819,False
18,TCGA-BF-A5ER-01,Primary Tumor,8,TCGA-EE-A29E-06,Metastasis,0.9994217753410339,False
18,TCGA-BF-A5ER-01,Primary Tumor,9,TCGA-EB-A3Y7-01,Primary Tumor,0.9993153214454651,True
19,TCGA-D3-A8GD-06,Metastasis,0,TCGA-D3-A5GR-06,Metastasis,0.9994068145751953,True
19,TCGA-D3-A8GD-06,Metastasis,1,TCGA-FR-A729-06,Metastasis,0.9984457492828369,True
19,TCGA-D3-A8GD-06,Metastasis,2,TCGA-Z2-A8RT-06,Metastasis,0.9977425932884216,True
19,TCGA-D3-A8GD-06,Metastasis,3,TCGA-EE-A29N-06,Metastasis,0.9967513084411621,True
19,TCGA-D3-A8GD-06,Metastasis,4,TCGA-FS-A1ZH-06,Metastasis,0.9965929985046387,True
19,TCGA-D3-A8GD-06,Metastasis,5,TCGA-D3-A2JB-06,Metastasis,0.9963391423225403,True
19,TCGA-D3-A8GD-06,Metastasis,6,TCGA-EB-A4IS-01,Primary Tumor,0.9935811758041382,False
19,TCGA-D3-A8GD-06,Metastasis,7,TCGA-W3-A825-06,Metastasis,0.9929987788200378,True
19,TCGA-D3-A8GD-06,Metastasis,8,TCGA-WE-A8ZR-06,Metastasis,0.9927575588226318,True
19,TCGA-D3-A8GD-06,Metastasis,9,TCGA-ER-A19P-06,Metastasis,0.9897656440734863,True
20,TCGA-D3-A5GU-06,Metastasis,0,TCGA-WE-A8ZO-06,Metastasis,0.9999631643295288,True
20,TCGA-D3-A5GU-06,Metastasis,1,TCGA-WE-A8ZT-06,Metastasis,0.9998419284820557,True
20,TCGA-D3-A5GU-06,Metastasis,2,TCGA-EE-A2MM-06,Metastasis,0.9997963309288025,True
20,TCGA-D3-A5GU-06,Metastasis,3,TCGA-EE-A2GN-06,Metastasis,0.9997548460960388,True
20,TCGA-D3-A5GU-06,Metastasis,4,TCGA-D3-A2JF-06,Metastasis,0.9997071623802185,True
20,TCGA-D3-A5GU-06,Metastasis,5,TCGA-WE-A8K5-06,Metastasis,0.999701738357544,True
20,TCGA-D3-A5GU-06,Metastasis,6,TCGA-ER-A19Q-06,Metastasis,0.9996992945671082,True
20,TCGA-D3-A5GU-06,Metastasis,7,TCGA-EE-A3J7-06,Metastasis,0.9996927976608276,True
20,TCGA-D3-A5GU-06,Metastasis,8,TCGA-FR-A3R1-01,Primary Tumor,0.9995374083518982,False
20,TCGA-D3-A5GU-06,Metastasis,9,TCGA-YD-A9TB-06,Metastasis,0.9994874596595764,True
21,TCGA-D3-A3C8-06,Metastasis,0,TCGA-D3-A8GQ-06,Metastasis,0.9996615648269653,True
21,TCGA-D3-A3C8-06,Metastasis,1,TCGA-D3-A2JN-06,Metastasis,0.9988197088241577,True
21,TCGA-D3-A3C8-06,Metastasis,2,TCGA-EE-A3AG-06,Metastasis,0.9987390637397766,True
21,TCGA-D3-A3C8-06,Metastasis,3,TCGA-EE-A3AH-06,Metastasis,0.9978144764900208,True
21,TCGA-D3-A3C8-06,Metastasis,4,TCGA-EE-A3AB-06,Metastasis,0.9975658655166626,True
21,TCGA-D3-A3C8-06,Metastasis,5,TCGA-FS-A1ZW-06,Metastasis,0.9974756836891174,True
21,TCGA-D3-A3C8-06,Metastasis,6,TCGA-EE-A20H-06,Metastasis,0.997390627861023,True
21,TCGA-D3-A3C8-06,Metastasis,7,TCGA-BF-AAP6-01,Primary Tumor,0.9973100423812866,False
21,TCGA-D3-A3C8-06,Metastasis,8,TCGA-FS-A1Z3-06,Metastasis,0.9972484111785889,True
21,TCGA-D3-A3C8-06,Metastasis,9,TCGA-ER-A19E-06,Metastasis,0.9967818260192871,True
22,TCGA-FS-A4F2-06,Metastasis,0,TCGA-EB-A85I-01,Primary Tumor,0.9999868273735046,False
22,TCGA-FS-A4F2-06,Metastasis,1,TCGA-GN-A4U3-06,Metastasis,0.9999489188194275,True
22,TCGA-FS-A4F2-06,Metastasis,2,TCGA-ER-A3PL-06,Metastasis,0.9999304413795471,True
22,TCGA-FS-A4F2-06,Metastasis,3,TCGA-ER-A19F-06,Metastasis,0.9999212026596069,True
22,TCGA-FS-A4F2-06,Metastasis,4,TCGA-WE-AAA4-06,Metastasis,0.9998846650123596,True
22,TCGA-FS-A4F2-06,Metastasis,5,TCGA-YD-A89C-06,Metastasis,0.999828040599823,True
22,TCGA-FS-A4F2-06,Metastasis,6,TCGA-D3-A2JL-06,Metastasis,0.9997981190681458,True
22,TCGA-FS-A4F2-06,Metastasis,7,TCGA-GN-A264-06,Metastasis,0.9997547268867493,True
22,TCGA-FS-A4F2-06,Metastasis,8,TCGA-EB-A42Y-01,Primary Tumor,0.9997268915176392,False
22,TCGA-FS-A4F2-06,Metastasis,9,TCGA-RP-A695-06,Metastasis,0.9996253252029419,True
23,TCGA-EE-A29P-06,Metastasis,0,TCGA-D3-A51E-06,Metastasis,0.999808669090271,True
23,TCGA-EE-A29P-06,Metastasis,1,TCGA-DA-A3F3-06,Metastasis,0.999671995639801,True
23,TCGA-EE-A29P-06,Metastasis,2,TCGA-D3-A3C3-06,Metastasis,0.9996254444122314,True
23,TCGA-EE-A29P-06,Metastasis,3,TCGA-D3-A3BZ-06,Metastasis,0.9995428323745728,True
23,TCGA-EE-A29P-06,Metastasis,4,TCGA-W3-AA1W-06,Metastasis,0.9995410442352295,True
23,TCGA-EE-A29P-06,Metastasis,5,TCGA-GF-A6C9-06,Metastasis,0.9994143843650818,True
23,TCGA-EE-A29P-06,Metastasis,6,TCGA-EE-A2ML-06,Metastasis,0.9993433356285095,True
23,TCGA-EE-A29P-06,Metastasis,7,TCGA-ER-A2NC-06,Metastasis,0.9990881681442261,True
23,TCGA-EE-A29P-06,Metastasis,8,TCGA-EE-A2GD-06,Metastasis,0.9990338087081909,True
23,TCGA-EE-A29P-06,Metastasis,9,TCGA-FS-A1ZJ-06,Metastasis,0.9989866614341736,True
24,TCGA-EB-A44O-01,Primary Tumor,0,TCGA-FS-A1ZK-06,Metastasis,0.9999483823776245,False
24,TCGA-EB-A44O-01,Primary Tumor,1,TCGA-EE-A3JE-06,Metastasis,0.9995428323745728,False
24,TCGA-EB-A44O-01,Primary Tumor,2,TCGA-FW-A5DX-01,Primary Tumor,0.9994465112686157,True
24,TCGA-EB-A44O-01,Primary Tumor,3,TCGA-GN-A26A-06,Metastasis,0.998530924320221,False
24,TCGA-EB-A44O-01,Primary Tumor,4,TCGA-BF-A5EO-01,Primary Tumor,0.9984865784645081,True
24,TCGA-EB-A44O-01,Primary Tumor,5,TCGA-W3-A828-06,Metastasis,0.9984243512153625,False
24,TCGA-EB-A44O-01,Primary Tumor,6,TCGA-FS-A1ZD-06,Metastasis,0.998051106929779,False
24,TCGA-EB-A44O-01,Primary Tumor,7,TCGA-FR-A7U9-06,Metastasis,0.9979042410850525,False
24,TCGA-EB-A44O-01,Primary Tumor,8,TCGA-EE-A3AD-06,Metastasis,0.9978780746459961,False
24,TCGA-EB-A44O-01,Primary Tumor,9,TCGA-DA-A95V-06,Metastasis,0.997283399105072,False
25,TCGA-FS-A1ZB-06,Metastasis,0,TCGA-XV-A9W5-01,Primary Tumor,0.9991876482963562,False
25,TCGA-FS-A1ZB-06,Metastasis,1,TCGA-EB-A1NK-01,Primary Tumor,0.9990271925926208,False
25,TCGA-FS-A1ZB-06,Metastasis,2,TCGA-W3-AA1V-06,Metastasis,0.9990243911743164,True
25,TCGA-FS-A1ZB-06,Metastasis,3,TCGA-GF-A2C7-01,Primary Tumor,0.998959481716156,False
25,TCGA-FS-A1ZB-06,Metastasis,4,TCGA-DA-A1I8-06,Metastasis,0.9981952905654907,True
25,TCGA-FS-A1ZB-06,Metastasis,5,TCGA-YG-AA3N-01,Primary Tumor,0.9978252649307251,False
25,TCGA-FS-A1ZB-06,Metastasis,6,TCGA-WE-A8ZM-06,Metastasis,0.9975886940956116,True
25,TCGA-FS-A1ZB-06,Metastasis,7,TCGA-EB-A5SE-01,Primary Tumor,0.9975754618644714,False
25,TCGA-FS-A1ZB-06,Metastasis,8,TCGA-GN-A26A-06,Metastasis,0.9973195195198059,True
25,TCGA-FS-A1ZB-06,Metastasis,9,TCGA-FR-A7U9-06,Metastasis,0.9963811635971069,True
26,TCGA-ER-A19T-01,Primary Tumor,0,TCGA-EE-A3JA-06,Metastasis,0.9999192953109741,False
26,TCGA-ER-A19T-01,Primary Tumor,1,TCGA-ER-A3EV-06,Metastasis,0.9998279213905334,False
26,TCGA-ER-A19T-01,Primary Tumor,2,TCGA-EE-A182-06,Metastasis,0.9995916485786438,False
26,TCGA-ER-A19T-01,Primary Tumor,3,TCGA-EE-A185-06,Metastasis,0.9990635514259338,False
26,TCGA-ER-A19T-01,Primary Tumor,4,TCGA-DA-A3F2-06,Metastasis,0.9987950921058655,False
26,TCGA-ER-A19T-01,Primary Tumor,5,TCGA-EB-A3XF-01,Primary Tumor,0.9986990690231323,True
26,TCGA-ER-A19T-01,Primary Tumor,6,TCGA-EE-A20C-06,Metastasis,0.9986695647239685,False
26,TCGA-ER-A19T-01,Primary Tumor,7,TCGA-D3-A8GR-06,Metastasis,0.9986603856086731,False
26,TCGA-ER-A19T-01,Primary Tumor,8,TCGA-GN-A8LL-06,Metastasis,0.9983670711517334,False
26,TCGA-ER-A19T-01,Primary Tumor,9,TCGA-GN-A262-06,Metastasis,0.9982926845550537,False
27,TCGA-ER-A19T-06,Metastasis,0,TCGA-FS-A4F4-06,Metastasis,0.9999718070030212,True
27,TCGA-ER-A19T-06,Metastasis,1,TCGA-DA-A1I0-06,Metastasis,0.9999406933784485,True
27,TCGA-ER-A19T-06,Metastasis,2,TCGA-EB-A5SH-06,Metastasis,0.9999266266822815,True
27,TCGA-ER-A19T-06,Metastasis,3,TCGA-EB-A5KH-06,Metastasis,0.9996985197067261,True
27,TCGA-ER-A19T-06,Metastasis,4,TCGA-BF-A5ES-01,Primary Tumor,0.9996811747550964,False
27,TCGA-ER-A19T-06,Metastasis,5,TCGA-D3-A3ML-06,Metastasis,0.9996654987335205,True
27,TCGA-ER-A19T-06,Metastasis,6,TCGA-FS-A1YY-06,Metastasis,0.9995669722557068,True
27,TCGA-ER-A19T-06,Metastasis,7,TCGA-EB-A4OY-01,Primary Tumor,0.999516487121582,False
27,TCGA-ER-A19T-06,Metastasis,8,TCGA-FS-A1ZG-06,Metastasis,0.9994462728500366,True
27,TCGA-ER-A19T-06,Metastasis,9,TCGA-EE-A3AF-06,Metastasis,0.9994407296180725,True
28,TCGA-D3-A3CE-06,Metastasis,0,TCGA-D3-A2J9-06,Metastasis,0.9998226761817932,True
28,TCGA-D3-A3CE-06,Metastasis,1,TCGA-EE-A20F-06,Metastasis,0.9991263151168823,True
28,TCGA-D3-A3CE-06,Metastasis,2,TCGA-ER-A195-06,Metastasis,0.9988216757774353,True
28,TCGA-D3-A3CE-06,Metastasis,3,TCGA-FS-A1Z4-06,Metastasis,0.9988182783126831,True
28,TCGA-D3-A3CE-06,Metastasis,4,TCGA-ER-A19H-06,Metastasis,0.9987670183181763,True
28,TCGA-D3-A3CE-06,Metastasis,5,TCGA-FS-A1ZM-06,Metastasis,0.9982857704162598,True
28,TCGA-D3-A3CE-06,Metastasis,6,TCGA-HR-A2OG-06,Metastasis,0.9982802867889404,True
28,TCGA-D3-A3CE-06,Metastasis,7,TCGA-EB-A551-01,Primary Tumor,0.9979044198989868,False
28,TCGA-D3-A3CE-06,Metastasis,8,TCGA-D3-A2JH-06,Metastasis,0.9977750778198242,True
28,TCGA-D3-A3CE-06,Metastasis,9,TCGA-FS-A1ZA-06,Metastasis,0.9968496561050415,True
29,TCGA-ER-A19M-06,Metastasis,0,TCGA-D3-A8GO-06,Metastasis,0.9999724626541138,True
29,TCGA-ER-A19M-06,Metastasis,1,TCGA-D3-A1Q4-06,Metastasis,0.9998791217803955,True
29,TCGA-ER-A19M-06,Metastasis,2,TCGA-3N-A9WD-06,Metastasis,0.9997836947441101,True
29,TCGA-ER-A19M-06,Metastasis,3,TCGA-D9-A3Z4-01,Primary Tumor,0.9997788071632385,False
29,TCGA-ER-A19M-06,Metastasis,4,TCGA-WE-A8ZX-06,Metastasis,0.9997446537017822,True
29,TCGA-ER-A19M-06,Metastasis,5,TCGA-3N-A9WC-06,Metastasis,0.9997236132621765,True
29,TCGA-ER-A19M-06,Metastasis,6,TCGA-WE-A8JZ-06,Metastasis,0.9997027516365051,True
29,TCGA-ER-A19M-06,Metastasis,7,TCGA-WE-AA9Y-06,Metastasis,0.9995194673538208,True
29,TCGA-ER-A19M-06,Metastasis,8,TCGA-DA-A3F8-06,Metastasis,0.9995046854019165,True
29,TCGA-ER-A19M-06,Metastasis,9,TCGA-FS-A1Z0-06,Metastasis,0.9994012713432312,True
30,TCGA-EE-A3AF-06,Metastasis,0,TCGA-WE-A8ZN-06,Metastasis,0.9999269247055054,True
30,TCGA-EE-A3AF-06,Metastasis,1,TCGA-EE-A17X-06,Metastasis,0.9998343586921692,True
30,TCGA-EE-A3AF-06,Metastasis,2,TCGA-FS-A1YY-06,Metastasis,0.9997829794883728,True
30,TCGA-EE-A3AF-06,Metastasis,3,TCGA-DA-A1I0-06,Metastasis,0.9996517896652222,True
30,TCGA-EE-A3AF-06,Metastasis,4,TCGA-ER-A2ND-06,Metastasis,0.9996424317359924,True
30,TCGA-EE-A3AF-06,Metastasis,5,TCGA-EB-A97M-01,Primary Tumor,0.9995741248130798,False
30,TCGA-EE-A3AF-06,Metastasis,6,TCGA-D3-A3ML-06,Metastasis,0.9994449615478516,True
30,TCGA-EE-A3AF-06,Metastasis,7,TCGA-ER-A19T-06,Metastasis,0.9994407296180725,True
30,TCGA-EE-A3AF-06,Metastasis,8,TCGA-EB-A5SH-06,Metastasis,0.9993264079093933,True
30,TCGA-EE-A3AF-06,Metastasis,9,TCGA-EE-A180-06,Metastasis,0.999268114566803,True
31,TCGA-EE-A29A-06,Metastasis,0,TCGA-D3-A51K-06,Metastasis,0.9999100565910339,True
31,TCGA-EE-A29A-06,Metastasis,1,TCGA-LH-A9QB-06,Metastasis,0.9999082684516907,True
31,TCGA-EE-A29A-06,Metastasis,2,TCGA-GN-A262-06,Metastasis,0.9998177289962769,True
31,TCGA-EE-A29A-06,Metastasis,3,TCGA-BF-AAP8-01,Primary Tumor,0.9996572136878967,False
31,TCGA-EE-A29A-06,Metastasis,4,TCGA-EE-A2GC-06,Metastasis,0.9996423721313477,True
31,TCGA-EE-A29A-06,Metastasis,5,TCGA-EE-A2GR-06,Metastasis,0.9996326565742493,True
31,TCGA-EE-A29A-06,Metastasis,6,TCGA-D9-A6EC-06,Metastasis,0.9995157718658447,True
31,TCGA-EE-A29A-06,Metastasis,7,TCGA-D3-A3C1-06,Metastasis,0.9993983507156372,True
31,TCGA-EE-A29A-06,Metastasis,8,TCGA-GN-A263-01,Primary Tumor,0.9992064237594604,False
31,TCGA-EE-A29A-06,Metastasis,9,TCGA-FS-A4FB-06,Metastasis,0.9990593791007996,True
32,TCGA-EE-A184-06,Metastasis,0,TCGA-RP-A6K9-06,Metastasis,0.9999778270721436,True
32,TCGA-EE-A184-06,Metastasis,1,TCGA-DA-A95W-06,Metastasis,0.9999188184738159,True
32,TCGA-EE-A184-06,Metastasis,2,TCGA-YD-A9TB-06,Metastasis,0.9998922348022461,True
32,TCGA-EE-A184-06,Metastasis,3,TCGA-WE-A8K5-06,Metastasis,0.9998412728309631,True
32,TCGA-EE-A184-06,Metastasis,4,TCGA-EE-A3J7-06,Metastasis,0.999775767326355,True
32,TCGA-EE-A184-06,Metastasis,5,TCGA-EE-A29S-06,Metastasis,0.9997722506523132,True
32,TCGA-EE-A184-06,Metastasis,6,TCGA-BF-A1PZ-01,Primary Tumor,0.9997405409812927,False
32,TCGA-EE-A184-06,Metastasis,7,TCGA-W3-AA1Q-06,Metastasis,0.9997259378433228,True
32,TCGA-EE-A184-06,Metastasis,8,TCGA-ER-A19Q-06,Metastasis,0.9996649622917175,True
32,TCGA-EE-A184-06,Metastasis,9,TCGA-RP-A694-06,Metastasis,0.9996572136878967,True
33,TCGA-FS-A1YY-06,Metastasis,0,TCGA-EE-A17X-06,Metastasis,0.9999664425849915,True
33,TCGA-FS-A1YY-06,Metastasis,1,TCGA-D3-A3ML-06,Metastasis,0.9998989701271057,True
33,TCGA-FS-A1YY-06,Metastasis,2,TCGA-ER-A2ND-06,Metastasis,0.9997977614402771,True
33,TCGA-FS-A1YY-06,Metastasis,3,TCGA-EE-A3AF-06,Metastasis,0.9997829794883728,True
33,TCGA-FS-A1YY-06,Metastasis,4,TCGA-WE-A8ZN-06,Metastasis,0.9996901750564575,True
33,TCGA-FS-A1YY-06,Metastasis,5,TCGA-EB-A5SH-06,Metastasis,0.9996805191040039,True
33,TCGA-FS-A1YY-06,Metastasis,6,TCGA-EB-A4OY-01,Primary Tumor,0.9996703863143921,False
33,TCGA-FS-A1YY-06,Metastasis,7,TCGA-DA-A1I0-06,Metastasis,0.9996656179428101,True
33,TCGA-FS-A1YY-06,Metastasis,8,TCGA-ER-A19T-06,Metastasis,0.9995669722557068,True
33,TCGA-FS-A1YY-06,Metastasis,9,TCGA-D3-A8GV-06,Metastasis,0.999556303024292,True
34,TCGA-EE-A3J4-06,Metastasis,0,TCGA-DA-A95Y-06,Metastasis,0.9998153448104858,True
34,TCGA-EE-A3J4-06,Metastasis,1,TCGA-W3-AA21-06,Metastasis,0.9996653199195862,True
34,TCGA-EE-A3J4-06,Metastasis,2,TCGA-XV-AAZY-01,Primary Tumor,0.9995731711387634,False
34,TCGA-EE-A3J4-06,Metastasis,3,TCGA-EB-A97M-01,Primary Tumor,0.9995613694190979,False
34,TCGA-EE-A3J4-06,Metastasis,4,TCGA-D3-A2JE-06,Metastasis,0.9993535876274109,True
34,TCGA-EE-A3J4-06,Metastasis,5,TCGA-D3-A8GP-06,Metastasis,0.9988937973976135,True
34,TCGA-EE-A3J4-06,Metastasis,6,TCGA-YD-A89C-06,Metastasis,0.9988749623298645,True
34,TCGA-EE-A3J4-06,Metastasis,7,TCGA-WE-AAA4-06,Metastasis,0.9988438487052917,True
34,TCGA-EE-A3J4-06,Metastasis,8,TCGA-WE-A8ZN-06,Metastasis,0.9988374710083008,True
34,TCGA-EE-A3J4-06,Metastasis,9,TCGA-EE-A180-06,Metastasis,0.9987890124320984,True
35,TCGA-ER-A19A-06,Metastasis,0,TCGA-FW-A3I3-06,Metastasis,0.999459981918335,True
35,TCGA-ER-A19A-06,Metastasis,1,TCGA-FR-A7UA-06,Metastasis,0.9987973570823669,True
35,TCGA-ER-A19A-06,Metastasis,2,TCGA-ER-A1A1-06,Metastasis,0.9909045100212097,True
35,TCGA-ER-A19A-06,Metastasis,3,TCGA-EB-A44R-06,Metastasis,0.9891494512557983,True
35,TCGA-ER-A19A-06,Metastasis,4,TCGA-BF-A3DJ-01,Primary Tumor,0.9881826639175415,False
35,TCGA-ER-A19A-06,Metastasis,5,TCGA-EE-A2MC-06,Metastasis,0.9881119132041931,True
35,TCGA-ER-A19A-06,Metastasis,6,TCGA-FS-A4FC-06,Metastasis,0.9874699115753174,True
35,TCGA-ER-A19A-06,Metastasis,7,TCGA-BF-AAP1-01,Primary Tumor,0.9848887920379639,False
35,TCGA-ER-A19A-06,Metastasis,8,TCGA-EE-A2GK-06,Metastasis,0.9848024845123291,True
35,TCGA-ER-A19A-06,Metastasis,9,TCGA-BF-A1PX-01,Primary Tumor,0.9823639988899231,False
36,TCGA-FS-A4F8-06,Metastasis,0,TCGA-HR-A2OH-06,Metastasis,0.9998528957366943,True
36,TCGA-FS-A4F8-06,Metastasis,1,TCGA-EE-A181-06,Metastasis,0.9997738599777222,True
36,TCGA-FS-A4F8-06,Metastasis,2,TCGA-D3-A51F-06,Metastasis,0.999707818031311,True
36,TCGA-FS-A4F8-06,Metastasis,3,TCGA-DA-A95X-06,Metastasis,0.9995856881141663,True
36,TCGA-FS-A4F8-06,Metastasis,4,TCGA-WE-A8ZY-06,Metastasis,0.999583899974823,True
36,TCGA-FS-A4F8-06,Metastasis,5,TCGA-EE-A29H-06,Metastasis,0.999435544013977,True
36,TCGA-FS-A4F8-06,Metastasis,6,TCGA-W3-AA1R-06,Metastasis,0.9994344711303711,True
36,TCGA-FS-A4F8-06,Metastasis,7,TCGA-D3-A1Q7-06,Metastasis,0.9992973208427429,True
36,TCGA-FS-A4F8-06,Metastasis,8,TCGA-D3-A51J-06,Metastasis,0.9992333054542542,True
36,TCGA-FS-A4F8-06,Metastasis,9,TCGA-EE-A20B-06,Metastasis,0.9992170929908752,True
37,TCGA-EB-A6QZ-01,Primary Tumor,0,TCGA-DA-A3F5-06,Metastasis,0.9998313784599304,False
37,TCGA-EB-A6QZ-01,Primary Tumor,1,TCGA-D3-A1QB-06,Metastasis,0.9997387528419495,False
37,TCGA-EB-A6QZ-01,Primary Tumor,2,TCGA-D9-A4Z6-06,Metastasis,0.9997218251228333,False
37,TCGA-EB-A6QZ-01,Primary Tumor,3,TCGA-EB-A5UN-06,Metastasis,0.9995127320289612,False
37,TCGA-EB-A6QZ-01,Primary Tumor,4,TCGA-EE-A17Y-06,Metastasis,0.9994871616363525,False
37,TCGA-EB-A6QZ-01,Primary Tumor,5,TCGA-WE-A8K6-06,Metastasis,0.9994710087776184,False
37,TCGA-EB-A6QZ-01,Primary Tumor,6,TCGA-DA-A1I7-06,Metastasis,0.9992377758026123,False
37,TCGA-EB-A6QZ-01,Primary Tumor,7,TCGA-EB-A82C-01,Primary Tumor,0.9992144107818604,True
37,TCGA-EB-A6QZ-01,Primary Tumor,8,TCGA-ER-A2NF-06,Metastasis,0.9991626739501953,False
37,TCGA-EB-A6QZ-01,Primary Tumor,9,TCGA-D9-A1X3-06,Metastasis,0.9991605281829834,False
38,TCGA-D3-A8GQ-06,Metastasis,0,TCGA-D3-A3C8-06,Metastasis,0.9996615648269653,True
38,TCGA-D3-A8GQ-06,Metastasis,1,TCGA-D3-A2JN-06,Metastasis,0.9986749887466431,True
38,TCGA-D3-A8GQ-06,Metastasis,2,TCGA-EE-A3AG-06,Metastasis,0.9982004165649414,True
38,TCGA-D3-A8GQ-06,Metastasis,3,TCGA-EE-A3AB-06,Metastasis,0.9981090426445007,True
38,TCGA-D3-A8GQ-06,Metastasis,4,TCGA-EE-A3AH-06,Metastasis,0.9978228211402893,True
38,TCGA-D3-A8GQ-06,Metastasis,5,TCGA-EE-A20H-06,Metastasis,0.9977471232414246,True
38,TCGA-D3-A8GQ-06,Metastasis,6,TCGA-FS-A1ZW-06,Metastasis,0.9975176453590393,True
38,TCGA-D3-A8GQ-06,Metastasis,7,TCGA-ER-A19E-06,Metastasis,0.997401237487793,True
38,TCGA-D3-A8GQ-06,Metastasis,8,TCGA-FS-A1Z3-06,Metastasis,0.9965596795082092,True
38,TCGA-D3-A8GQ-06,Metastasis,9,TCGA-BF-AAP6-01,Primary Tumor,0.9964448809623718,False
39,TCGA-RP-A694-06,Metastasis,0,TCGA-EE-A29S-06,Metastasis,0.999907374382019,True
39,TCGA-RP-A694-06,Metastasis,1,TCGA-EE-A29D-06,Metastasis,0.9999040961265564,True
39,TCGA-RP-A694-06,Metastasis,2,TCGA-W3-AA1Q-06,Metastasis,0.9998941421508789,True
39,TCGA-RP-A694-06,Metastasis,3,TCGA-DA-A95W-06,Metastasis,0.9998912811279297,True
39,TCGA-RP-A694-06,Metastasis,4,TCGA-BF-A1PZ-01,Primary Tumor,0.9998693466186523,False
39,TCGA-RP-A694-06,Metastasis,5,TCGA-RP-A6K9-06,Metastasis,0.9997431635856628,True
39,TCGA-RP-A694-06,Metastasis,6,TCGA-EE-A3J7-06,Metastasis,0.9997269511222839,True
39,TCGA-RP-A694-06,Metastasis,7,TCGA-YD-A9TB-06,Metastasis,0.9997060298919678,True
39,TCGA-RP-A694-06,Metastasis,8,TCGA-EE-A3JI-06,Metastasis,0.9996806979179382,True
39,TCGA-RP-A694-06,Metastasis,9,TCGA-WE-A8K5-06,Metastasis,0.999677300453186,True
40,TCGA-FS-A1ZC-06,Metastasis,0,TCGA-EB-A51B-01,Primary Tumor,0.9977928400039673,False
40,TCGA-FS-A1ZC-06,Metastasis,1,TCGA-GF-A3OT-06,Metastasis,0.9976872801780701,True
40,TCGA-FS-A1ZC-06,Metastasis,2,TCGA-BF-A3DM-01,Primary Tumor,0.9976198077201843,False
40,TCGA-FS-A1ZC-06,Metastasis,3,TCGA-D3-A8GL-06,Metastasis,0.9975165128707886,True
40,TCGA-FS-A1ZC-06,Metastasis,4,TCGA-BF-A9VF-01,Primary Tumor,0.997475266456604,False
40,TCGA-FS-A1ZC-06,Metastasis,5,TCGA-BF-AAOX-01,Primary Tumor,0.9971751570701599,False
40,TCGA-FS-A1ZC-06,Metastasis,6,TCGA-EB-A3XF-01,Primary Tumor,0.9958630204200745,False
40,TCGA-FS-A1ZC-06,Metastasis,7,TCGA-EB-A24C-01,Primary Tumor,0.9948240518569946,False
40,TCGA-FS-A1ZC-06,Metastasis,8,TCGA-FS-A4F0-06,Metastasis,0.9946029186248779,True
40,TCGA-FS-A1ZC-06,Metastasis,9,TCGA-DA-A1IC-06,Metastasis,0.9940487742424011,True
41,TCGA-XV-AAZW-01,Primary Tumor,0,TCGA-EB-A4IQ-01,Primary Tumor,0.995380163192749,True
41,TCGA-XV-AAZW-01,Primary Tumor,1,TCGA-XV-A9W2-01,Primary Tumor,0.9941653609275818,True
41,TCGA-XV-AAZW-01,Primary Tumor,2,TCGA-EB-A3HV-01,Primary Tumor,0.9891622066497803,True
41,TCGA-XV-AAZW-01,Primary Tumor,3,TCGA-D3-A51R-06,Metastasis,0.9887782335281372,False
41,TCGA-XV-AAZW-01,Primary Tumor,4,TCGA-XV-AAZV-01,Primary Tumor,0.9877514243125916,True
41,TCGA-XV-AAZW-01,Primary Tumor,5,TCGA-XV-A9VZ-01,Primary Tumor,0.9872289299964905,True
41,TCGA-XV-AAZW-01,Primary Tumor,6,TCGA-EB-A3XE-01,Primary Tumor,0.9872151017189026,True
41,TCGA-XV-AAZW-01,Primary Tumor,7,TCGA-EB-A3XC-01,Primary Tumor,0.9814493060112,True
41,TCGA-XV-AAZW-01,Primary Tumor,8,TCGA-EB-A57M-01,Primary Tumor,0.9795869588851929,True
41,TCGA-XV-AAZW-01,Primary Tumor,9,TCGA-EB-A5FP-01,Primary Tumor,0.9783629179000854,True
42,TCGA-FW-A3TU-06,Metastasis,0,TCGA-D9-A6EA-06,Metastasis,0.9999529719352722,True
42,TCGA-FW-A3TU-06,Metastasis,1,TCGA-DA-A1I4-06,Metastasis,0.9999344348907471,True
42,TCGA-FW-A3TU-06,Metastasis,2,TCGA-ER-A2NE-06,Metastasis,0.9999158978462219,True
42,TCGA-FW-A3TU-06,Metastasis,3,TCGA-EE-A29C-06,Metastasis,0.999779999256134,True
42,TCGA-FW-A3TU-06,Metastasis,4,TCGA-YD-A89C-06,Metastasis,0.9997155070304871,True
42,TCGA-FW-A3TU-06,Metastasis,5,TCGA-GN-A4U3-06,Metastasis,0.9997139573097229,True
42,TCGA-FW-A3TU-06,Metastasis,6,TCGA-GN-A264-06,Metastasis,0.9996379613876343,True
42,TCGA-FW-A3TU-06,Metastasis,7,TCGA-GF-A769-01,Primary Tumor,0.9996306896209717,False
42,TCGA-FW-A3TU-06,Metastasis,8,TCGA-FR-A69P-06,Metastasis,0.999613344669342,True
42,TCGA-FW-A3TU-06,Metastasis,9,TCGA-ER-A2NF-06,Metastasis,0.9995530843734741,True
43,TCGA-XV-AAZY-01,Primary Tumor,0,TCGA-D3-A2JE-06,Metastasis,0.9999090433120728,False
43,TCGA-XV-AAZY-01,Primary Tumor,1,TCGA-DA-A95Y-06,Metastasis,0.999877393245697,False
43,TCGA-XV-AAZY-01,Primary Tumor,2,TCGA-W3-AA21-06,Metastasis,0.9997697472572327,False
43,TCGA-XV-AAZY-01,Primary Tumor,3,TCGA-YD-A89C-06,Metastasis,0.9997168183326721,False
43,TCGA-XV-AAZY-01,Primary Tumor,4,TCGA-WE-AAA4-06,Metastasis,0.999580979347229,False
43,TCGA-XV-AAZY-01,Primary Tumor,5,TCGA-EE-A3J4-06,Metastasis,0.9995731711387634,False
43,TCGA-XV-AAZY-01,Primary Tumor,6,TCGA-EE-A29C-06,Metastasis,0.9995337724685669,False
43,TCGA-XV-AAZY-01,Primary Tumor,7,TCGA-ER-A2NE-06,Metastasis,0.9994873404502869,False
43,TCGA-XV-AAZY-01,Primary Tumor,8,TCGA-D3-A8GP-06,Metastasis,0.9994476437568665,False
43,TCGA-XV-AAZY-01,Primary Tumor,9,TCGA-FW-A3TU-06,Metastasis,0.9994314312934875,False
44,TCGA-FS-A4FC-06,Metastasis,0,TCGA-BF-A3DJ-01,Primary Tumor,0.9977640509605408,False
44,TCGA-FS-A4FC-06,Metastasis,1,TCGA-BF-A1PX-01,Primary Tumor,0.996653139591217,False
44,TCGA-FS-A4FC-06,Metastasis,2,TCGA-D3-A1Q6-06,Metastasis,0.995211660861969,True
44,TCGA-FS-A4FC-06,Metastasis,3,TCGA-EE-A2ME-06,Metastasis,0.9912694096565247,True
44,TCGA-FS-A4FC-06,Metastasis,4,TCGA-FR-A7UA-06,Metastasis,0.9908848404884338,True
44,TCGA-FS-A4FC-06,Metastasis,5,TCGA-ER-A2NF-01,Primary Tumor,0.9906474351882935,False
44,TCGA-FS-A4FC-06,Metastasis,6,TCGA-EB-A44R-06,Metastasis,0.9899115562438965,True
44,TCGA-FS-A4FC-06,Metastasis,7,TCGA-DA-A1HY-06,Metastasis,0.9889058470726013,True
44,TCGA-FS-A4FC-06,Metastasis,8,TCGA-ER-A19A-06,Metastasis,0.9874699115753174,True
44,TCGA-FS-A4FC-06,Metastasis,9,TCGA-EB-A24D-01,Primary Tumor,0.98741614818573,False
45,TCGA-BF-AAP1-01,Primary Tumor,0,TCGA-EB-A44R-06,Metastasis,0.9995672106742859,False
45,TCGA-BF-AAP1-01,Primary Tumor,1,TCGA-EE-A2GK-06,Metastasis,0.9987241625785828,False
45,TCGA-BF-AAP1-01,Primary Tumor,2,TCGA-EE-A2GB-06,Metastasis,0.9973407983779907,False
45,TCGA-BF-AAP1-01,Primary Tumor,3,TCGA-EB-A551-01,Primary Tumor,0.9961124062538147,True
45,TCGA-BF-AAP1-01,Primary Tumor,4,TCGA-FS-A1ZM-06,Metastasis,0.9955740571022034,False
45,TCGA-BF-AAP1-01,Primary Tumor,5,TCGA-FS-A1ZA-06,Metastasis,0.9941025376319885,False
45,TCGA-BF-AAP1-01,Primary Tumor,6,TCGA-EE-A2MR-06,Metastasis,0.9939936399459839,False
45,TCGA-BF-AAP1-01,Primary Tumor,7,TCGA-ER-A195-06,Metastasis,0.9928274154663086,False
45,TCGA-BF-AAP1-01,Primary Tumor,8,TCGA-D3-A2JH-06,Metastasis,0.9920254945755005,False
45,TCGA-BF-AAP1-01,Primary Tumor,9,TCGA-D3-A2J9-06,Metastasis,0.9918982982635498,False
46,TCGA-YD-A9TB-06,Metastasis,0,TCGA-EE-A3J7-06,Metastasis,0.9999385476112366,True
46,TCGA-YD-A9TB-06,Metastasis,1,TCGA-DA-A95W-06,Metastasis,0.9999219179153442,True
46,TCGA-YD-A9TB-06,Metastasis,2,TCGA-WE-A8K5-06,Metastasis,0.9999138116836548,True
46,TCGA-YD-A9TB-06,Metastasis,3,TCGA-EE-A184-06,Metastasis,0.9998922348022461,True
46,TCGA-YD-A9TB-06,Metastasis,4,TCGA-RP-A6K9-06,Metastasis,0.9998378157615662,True
46,TCGA-YD-A9TB-06,Metastasis,5,TCGA-EE-A29S-06,Metastasis,0.9998195171356201,True
46,TCGA-YD-A9TB-06,Metastasis,6,TCGA-ER-A19Q-06,Metastasis,0.9997637271881104,True
46,TCGA-YD-A9TB-06,Metastasis,7,TCGA-EE-A2MM-06,Metastasis,0.9997097849845886,True
46,TCGA-YD-A9TB-06,Metastasis,8,TCGA-RP-A694-06,Metastasis,0.9997060298919678,True
46,TCGA-YD-A9TB-06,Metastasis,9,TCGA-BF-A1PZ-01,Primary Tumor,0.9996955394744873,False
47,TCGA-EE-A2MU-06,Metastasis,0,TCGA-EB-A3Y6-01,Primary Tumor,0.9999831318855286,False
47,TCGA-EE-A2MU-06,Metastasis,1,TCGA-ER-A2NC-06,Metastasis,0.9999759793281555,True
47,TCGA-EE-A2MU-06,Metastasis,2,TCGA-WE-A8ZT-06,Metastasis,0.9997811317443848,True
47,TCGA-EE-A2MU-06,Metastasis,3,TCGA-DA-A3F3-06,Metastasis,0.9997288584709167,True
47,TCGA-EE-A2MU-06,Metastasis,4,TCGA-D3-A3BZ-06,Metastasis,0.9996973872184753,True
47,TCGA-EE-A2MU-06,Metastasis,5,TCGA-EE-A2M6-06,Metastasis,0.9996023774147034,True
47,TCGA-EE-A2MU-06,Metastasis,6,TCGA-BF-A3DN-01,Primary Tumor,0.999569833278656,False
47,TCGA-EE-A2MU-06,Metastasis,7,TCGA-W3-AA1W-06,Metastasis,0.9995467662811279,True
47,TCGA-EE-A2MU-06,Metastasis,8,TCGA-D3-A3C3-06,Metastasis,0.9995322227478027,True
47,TCGA-EE-A2MU-06,Metastasis,9,TCGA-D3-A5GU-06,Metastasis,0.9993323683738708,True
48,TCGA-ER-A3EV-06,Metastasis,0,TCGA-EE-A3JA-06,Metastasis,0.9998695850372314,True
48,TCGA-ER-A3EV-06,Metastasis,1,TCGA-ER-A19T-01,Primary Tumor,0.9998279213905334,False
48,TCGA-ER-A3EV-06,Metastasis,2,TCGA-EE-A182-06,Metastasis,0.9996256828308105,True
48,TCGA-ER-A3EV-06,Metastasis,3,TCGA-EB-A3XF-01,Primary Tumor,0.9990195035934448,False
48,TCGA-ER-A3EV-06,Metastasis,4,TCGA-EE-A185-06,Metastasis,0.9987583756446838,True
48,TCGA-ER-A3EV-06,Metastasis,5,TCGA-DA-A3F2-06,Metastasis,0.9986069202423096,True
48,TCGA-ER-A3EV-06,Metastasis,6,TCGA-EE-A20C-06,Metastasis,0.998293936252594,True
48,TCGA-ER-A3EV-06,Metastasis,7,TCGA-BF-A9VF-01,Primary Tumor,0.9982887506484985,False
48,TCGA-ER-A3EV-06,Metastasis,8,TCGA-D3-A8GR-06,Metastasis,0.998203694820404,True
48,TCGA-ER-A3EV-06,Metastasis,9,TCGA-FS-A1ZS-06,Metastasis,0.99819415807724,True
49,TCGA-YD-A89C-06,Metastasis,0,TCGA-WE-AAA4-06,Metastasis,0.9999289512634277,True
49,TCGA-YD-A89C-06,Metastasis,1,TCGA-EB-A85I-01,Primary Tumor,0.9998934268951416,False
49,TCGA-YD-A89C-06,Metastasis,2,TCGA-GN-A4U3-06,Metastasis,0.9998761415481567,True
49,TCGA-YD-A89C-06,Metastasis,3,TCGA-ER-A19F-06,Metastasis,0.9998716115951538,True
49,TCGA-YD-A89C-06,Metastasis,4,TCGA-FS-A4F2-06,Metastasis,0.999828040599823,True
49,TCGA-YD-A89C-06,Metastasis,5,TCGA-XV-AAZY-01,Primary Tumor,0.9997168183326721,False
49,TCGA-YD-A89C-06,Metastasis,6,TCGA-FW-A3TU-06,Metastasis,0.9997155070304871,True
49,TCGA-YD-A89C-06,Metastasis,7,TCGA-ER-A3PL-06,Metastasis,0.9996969699859619,True
49,TCGA-YD-A89C-06,Metastasis,8,TCGA-ER-A2NE-06,Metastasis,0.9996875524520874,True
49,TCGA-YD-A89C-06,Metastasis,9,TCGA-D9-A6EA-06,Metastasis,0.9996638894081116,True
50,TCGA-EE-A2M5-06,Metastasis,0,TCGA-DA-A1IC-06,Metastasis,0.9998810887336731,True
50,TCGA-EE-A2M5-06,Metastasis,1,TCGA-ER-A19K-01,Primary Tumor,0.9996818900108337,False
50,TCGA-EE-A2M5-06,Metastasis,2,TCGA-EB-A24C-01,Primary Tumor,0.9992505311965942,False
50,TCGA-EE-A2M5-06,Metastasis,3,TCGA-D3-A3MO-06,Metastasis,0.9987954497337341,True
50,TCGA-EE-A2M5-06,Metastasis,4,TCGA-BF-A5EO-01,Primary Tumor,0.9987300038337708,False
50,TCGA-EE-A2M5-06,Metastasis,5,TCGA-BF-A3DM-01,Primary Tumor,0.9986609816551208,False
50,TCGA-EE-A2M5-06,Metastasis,6,TCGA-FS-A1ZD-06,Metastasis,0.9981305599212646,True
50,TCGA-EE-A2M5-06,Metastasis,7,TCGA-EE-A29W-06,Metastasis,0.9979637265205383,True
50,TCGA-EE-A2M5-06,Metastasis,8,TCGA-EB-A51B-01,Primary Tumor,0.9972543716430664,False
50,TCGA-EE-A2M5-06,Metastasis,9,TCGA-GN-A26A-06,Metastasis,0.9969697594642639,True
51,TCGA-FS-A1Z4-06,Metastasis,0,TCGA-FS-A1ZM-06,Metastasis,0.9993000626564026,True
51,TCGA-FS-A1Z4-06,Metastasis,1,TCGA-FS-A1ZA-06,Metastasis,0.9991880655288696,True
51,TCGA-FS-A1Z4-06,Metastasis,2,TCGA-D3-A3CE-06,Metastasis,0.9988182783126831,True
51,TCGA-FS-A1Z4-06,Metastasis,3,TCGA-D3-A2J9-06,Metastasis,0.9985076189041138,True
51,TCGA-FS-A1Z4-06,Metastasis,4,TCGA-EE-A2MG-06,Metastasis,0.9979628324508667,True
51,TCGA-FS-A1Z4-06,Metastasis,5,TCGA-DA-A1HV-06,Metastasis,0.9977067112922668,True
51,TCGA-FS-A1Z4-06,Metastasis,6,TCGA-EE-A20F-06,Metastasis,0.9970278739929199,True
51,TCGA-FS-A1Z4-06,Metastasis,7,TCGA-EB-A551-01,Primary Tumor,0.996335506439209,False
51,TCGA-FS-A1Z4-06,Metastasis,8,TCGA-ER-A195-06,Metastasis,0.9963155388832092,True
51,TCGA-FS-A1Z4-06,Metastasis,9,TCGA-FS-A1ZR-06,Metastasis,0.9961861968040466,True
52,TCGA-RP-A695-06,Metastasis,0,TCGA-EB-A42Z-01,Primary Tumor,0.9999794960021973,False
52,TCGA-RP-A695-06,Metastasis,1,TCGA-ER-A19F-06,Metastasis,0.9998344779014587,True
52,TCGA-RP-A695-06,Metastasis,2,TCGA-WE-AAA4-06,Metastasis,0.9997197985649109,True
52,TCGA-RP-A695-06,Metastasis,3,TCGA-EB-A85I-01,Primary Tumor,0.9996662139892578,False
52,TCGA-RP-A695-06,Metastasis,4,TCGA-FS-A4F2-06,Metastasis,0.9996253252029419,True
52,TCGA-RP-A695-06,Metastasis,5,TCGA-D3-A2JG-06,Metastasis,0.9995741844177246,True
52,TCGA-RP-A695-06,Metastasis,6,TCGA-D3-A2JL-06,Metastasis,0.9995324611663818,True
52,TCGA-RP-A695-06,Metastasis,7,TCGA-YD-A89C-06,Metastasis,0.9994600415229797,True
52,TCGA-RP-A695-06,Metastasis,8,TCGA-ER-A3PL-06,Metastasis,0.9994372725486755,True
52,TCGA-RP-A695-06,Metastasis,9,TCGA-GN-A4U3-06,Metastasis,0.9994064569473267,True
53,TCGA-GN-A262-06,Metastasis,0,TCGA-EE-A29A-06,Metastasis,0.9998177289962769,True
53,TCGA-GN-A262-06,Metastasis,1,TCGA-LH-A9QB-06,Metastasis,0.9997162222862244,True
53,TCGA-GN-A262-06,Metastasis,2,TCGA-EE-A2GR-06,Metastasis,0.9996446967124939,True
53,TCGA-GN-A262-06,Metastasis,3,TCGA-D3-A51K-06,Metastasis,0.9996002316474915,True
53,TCGA-GN-A262-06,Metastasis,4,TCGA-D3-A3C1-06,Metastasis,0.9994469285011292,True
53,TCGA-GN-A262-06,Metastasis,5,TCGA-GN-A263-01,Primary Tumor,0.9994394183158875,False
53,TCGA-GN-A262-06,Metastasis,6,TCGA-BF-A1PU-01,Primary Tumor,0.999435544013977,False
53,TCGA-GN-A262-06,Metastasis,7,TCGA-EE-A185-06,Metastasis,0.9993067979812622,True
53,TCGA-GN-A262-06,Metastasis,8,TCGA-BF-AAP8-01,Primary Tumor,0.9993025660514832,False
53,TCGA-GN-A262-06,Metastasis,9,TCGA-EE-A2GC-06,Metastasis,0.9991222620010376,True
54,TCGA-BF-AAP2-01,Primary Tumor,0,TCGA-EB-A4IS-01,Primary Tumor,0.996981143951416,True
54,TCGA-BF-AAP2-01,Primary Tumor,1,TCGA-D3-A2JB-06,Metastasis,0.9966028928756714,False
54,TCGA-BF-AAP2-01,Primary Tumor,2,TCGA-W3-A825-06,Metastasis,0.9955258965492249,False
54,TCGA-BF-AAP2-01,Primary Tumor,3,TCGA-FS-A1ZH-06,Metastasis,0.9951128363609314,False
54,TCGA-BF-AAP2-01,Primary Tumor,4,TCGA-FS-A1ZR-06,Metastasis,0.9947469830513,False
54,TCGA-BF-AAP2-01,Primary Tumor,5,TCGA-DA-A1HV-06,Metastasis,0.9935706257820129,False
54,TCGA-BF-AAP2-01,Primary Tumor,6,TCGA-WE-A8ZR-06,Metastasis,0.9919024109840393,False
54,TCGA-BF-AAP2-01,Primary Tumor,7,TCGA-EE-A2MG-06,Metastasis,0.9914833307266235,False
54,TCGA-BF-AAP2-01,Primary Tumor,8,TCGA-EE-A2GE-06,Metastasis,0.9896481037139893,False
54,TCGA-BF-AAP2-01,Primary Tumor,9,TCGA-D3-A5GR-06,Metastasis,0.9886852502822876,False
55,TCGA-EE-A2MN-06,Metastasis,0,TCGA-ER-A198-06,Metastasis,0.9999525547027588,True
55,TCGA-EE-A2MN-06,Metastasis,1,TCGA-EE-A2GM-06,Metastasis,0.9999469518661499,True
55,TCGA-EE-A2MN-06,Metastasis,2,TCGA-EE-A29X-06,Metastasis,0.99986332654953,True
55,TCGA-EE-A2MN-06,Metastasis,3,TCGA-FR-A8YD-06,Metastasis,0.9998531937599182,True
55,TCGA-EE-A2MN-06,Metastasis,4,TCGA-EB-A41B-01,Primary Tumor,0.9998182058334351,False
55,TCGA-EE-A2MN-06,Metastasis,5,TCGA-FS-A1ZP-06,Metastasis,0.9997860789299011,True
55,TCGA-EE-A2MN-06,Metastasis,6,TCGA-D3-A1QA-06,Metastasis,0.9997035264968872,True
55,TCGA-EE-A2MN-06,Metastasis,7,TCGA-BF-A1PV-01,Primary Tumor,0.9996819496154785,False
55,TCGA-EE-A2MN-06,Metastasis,8,TCGA-WE-AAA3-06,Metastasis,0.9996066093444824,True
55,TCGA-EE-A2MN-06,Metastasis,9,TCGA-FS-A4FD-06,Metastasis,0.9995999932289124,True
56,TCGA-FS-A1ZT-06,Metastasis,0,TCGA-EE-A2MS-06,Metastasis,0.9995092153549194,True
56,TCGA-FS-A1ZT-06,Metastasis,1,TCGA-EE-A2GP-06,Metastasis,0.9994727373123169,True
56,TCGA-FS-A1ZT-06,Metastasis,2,TCGA-D9-A1JX-06,Metastasis,0.9992657899856567,True
56,TCGA-FS-A1ZT-06,Metastasis,3,TCGA-D3-A3MR-06,Metastasis,0.9992188811302185,True
56,TCGA-FS-A1ZT-06,Metastasis,4,TCGA-FW-A5DY-06,Metastasis,0.9991790056228638,True
56,TCGA-FS-A1ZT-06,Metastasis,5,TCGA-GN-A266-06,Metastasis,0.9989577531814575,True
56,TCGA-FS-A1ZT-06,Metastasis,6,TCGA-D3-A3CF-06,Metastasis,0.9989233016967773,True
56,TCGA-FS-A1ZT-06,Metastasis,7,TCGA-HR-A2OG-06,Metastasis,0.9983574151992798,True
56,TCGA-FS-A1ZT-06,Metastasis,8,TCGA-WE-A8K1-06,Metastasis,0.9983155131340027,True
56,TCGA-FS-A1ZT-06,Metastasis,9,TCGA-D3-A2JH-06,Metastasis,0.9982529282569885,True
57,TCGA-EB-A5SE-01,Primary Tumor,0,TCGA-FR-A7U9-06,Metastasis,0.9996519684791565,False
57,TCGA-EB-A5SE-01,Primary Tumor,1,TCGA-GN-A26A-06,Metastasis,0.9991185069084167,False
57,TCGA-EB-A5SE-01,Primary Tumor,2,TCGA-W3-A828-06,Metastasis,0.9990488886833191,False
57,TCGA-EB-A5SE-01,Primary Tumor,3,TCGA-EB-A1NK-01,Primary Tumor,0.9984750151634216,True
57,TCGA-EB-A5SE-01,Primary Tumor,4,TCGA-XV-A9W5-01,Primary Tumor,0.9983861446380615,True
57,TCGA-EB-A5SE-01,Primary Tumor,5,TCGA-EE-A3AG-06,Metastasis,0.9982879757881165,False
57,TCGA-EB-A5SE-01,Primary Tumor,6,TCGA-FS-A1ZB-06,Metastasis,0.9975754618644714,False
57,TCGA-EB-A5SE-01,Primary Tumor,7,TCGA-FS-A1ZK-06,Metastasis,0.9974858164787292,False
57,TCGA-EB-A5SE-01,Primary Tumor,8,TCGA-W3-AA1V-06,Metastasis,0.997382402420044,False
57,TCGA-EB-A5SE-01,Primary Tumor,9,TCGA-EB-A44O-01,Primary Tumor,0.9972705841064453,True
58,TCGA-EB-A5VV-06,Metastasis,0,TCGA-GN-A4U9-06,Metastasis,0.9991269707679749,True
58,TCGA-EB-A5VV-06,Metastasis,1,TCGA-EE-A20H-06,Metastasis,0.9983386993408203,True
58,TCGA-EB-A5VV-06,Metastasis,2,TCGA-EE-A3AB-06,Metastasis,0.9966065883636475,True
58,TCGA-EB-A5VV-06,Metastasis,3,TCGA-D3-A8GQ-06,Metastasis,0.9959554076194763,True
58,TCGA-EB-A5VV-06,Metastasis,4,TCGA-D3-A3C8-06,Metastasis,0.9955720901489258,True
58,TCGA-EB-A5VV-06,Metastasis,5,TCGA-ER-A19E-06,Metastasis,0.9949070811271667,True
58,TCGA-EB-A5VV-06,Metastasis,6,TCGA-BF-AAP7-01,Primary Tumor,0.992198646068573,False
58,TCGA-EB-A5VV-06,Metastasis,7,TCGA-D3-A2JN-06,Metastasis,0.9915339350700378,True
58,TCGA-EB-A5VV-06,Metastasis,8,TCGA-W3-AA1V-06,Metastasis,0.991413950920105,True
58,TCGA-EB-A5VV-06,Metastasis,9,TCGA-FS-A1ZW-06,Metastasis,0.9911898374557495,True
59,TCGA-D3-A2J7-06,Metastasis,0,TCGA-D9-A3Z1-06,Metastasis,0.9999644160270691,True
59,TCGA-D3-A2J7-06,Metastasis,1,TCGA-ER-A3ET-06,Metastasis,0.9999169707298279,True
59,TCGA-D3-A2J7-06,Metastasis,2,TCGA-BF-A3DN-01,Primary Tumor,0.9997749924659729,False
59,TCGA-D3-A2J7-06,Metastasis,3,TCGA-EE-A29T-06,Metastasis,0.9997485280036926,True
59,TCGA-D3-A2J7-06,Metastasis,4,TCGA-EE-A2M6-06,Metastasis,0.9996523261070251,True
59,TCGA-D3-A2J7-06,Metastasis,5,TCGA-RP-A693-06,Metastasis,0.9995157122612,True
59,TCGA-D3-A2J7-06,Metastasis,6,TCGA-EE-A2MK-06,Metastasis,0.9994624853134155,True
59,TCGA-D3-A2J7-06,Metastasis,7,TCGA-EE-A2MT-06,Metastasis,0.9994062781333923,True
59,TCGA-D3-A2J7-06,Metastasis,8,TCGA-EE-A2MI-06,Metastasis,0.99924236536026,True
59,TCGA-D3-A2J7-06,Metastasis,9,TCGA-FR-A3R1-01,Primary Tumor,0.9992247819900513,False
60,TCGA-DA-A1I5-06,Metastasis,0,TCGA-WE-A8ZX-06,Metastasis,0.9996768832206726,True
60,TCGA-DA-A1I5-06,Metastasis,1,TCGA-FW-A3TV-06,Metastasis,0.9995123744010925,True
60,TCGA-DA-A1I5-06,Metastasis,2,TCGA-FS-A1Z0-06,Metastasis,0.9994006156921387,True
60,TCGA-DA-A1I5-06,Metastasis,3,TCGA-EE-A3AC-06,Metastasis,0.9993266463279724,True
60,TCGA-DA-A1I5-06,Metastasis,4,TCGA-WE-AAA0-06,Metastasis,0.9993236660957336,True
60,TCGA-DA-A1I5-06,Metastasis,5,TCGA-DA-A1I2-06,Metastasis,0.9992963075637817,True
60,TCGA-DA-A1I5-06,Metastasis,6,TCGA-D3-A8GO-06,Metastasis,0.9991182088851929,True
60,TCGA-DA-A1I5-06,Metastasis,7,TCGA-DA-A1I1-06,Metastasis,0.9990175366401672,True
60,TCGA-DA-A1I5-06,Metastasis,8,TCGA-EE-A3AE-06,Metastasis,0.9989039897918701,True
60,TCGA-DA-A1I5-06,Metastasis,9,TCGA-ER-A19M-06,Metastasis,0.998881995677948,True
61,TCGA-EB-A5KH-06,Metastasis,0,TCGA-BF-A5ES-01,Primary Tumor,0.9999910593032837,False
61,TCGA-EB-A5KH-06,Metastasis,1,TCGA-FS-A1ZG-06,Metastasis,0.9998664259910583,True
61,TCGA-EB-A5KH-06,Metastasis,2,TCGA-FS-A4F4-06,Metastasis,0.9998219609260559,True
61,TCGA-EB-A5KH-06,Metastasis,3,TCGA-ER-A19T-06,Metastasis,0.9996985197067261,True
61,TCGA-EB-A5KH-06,Metastasis,4,TCGA-D9-A4Z3-01,Primary Tumor,0.9996793270111084,False
61,TCGA-EB-A5KH-06,Metastasis,5,TCGA-EB-A5SH-06,Metastasis,0.9995425939559937,True
61,TCGA-EB-A5KH-06,Metastasis,6,TCGA-DA-A1I0-06,Metastasis,0.9995355010032654,True
61,TCGA-EB-A5KH-06,Metastasis,7,TCGA-FS-A1ZY-06,Metastasis,0.9990883469581604,True
61,TCGA-EB-A5KH-06,Metastasis,8,TCGA-DA-A1IA-06,Metastasis,0.9990729689598083,True
61,TCGA-EB-A5KH-06,Metastasis,9,TCGA-FR-A3YO-06,Metastasis,0.999065637588501,True
62,TCGA-EE-A2GK-06,Metastasis,0,TCGA-EE-A2GB-06,Metastasis,0.998932957649231,True
62,TCGA-EE-A2GK-06,Metastasis,1,TCGA-BF-AAP1-01,Primary Tumor,0.9987241625785828,False
62,TCGA-EE-A2GK-06,Metastasis,2,TCGA-EB-A44R-06,Metastasis,0.9981887936592102,True
62,TCGA-EE-A2GK-06,Metastasis,3,TCGA-FS-A1ZM-06,Metastasis,0.9969897866249084,True
62,TCGA-EE-A2GK-06,Metastasis,4,TCGA-FS-A1ZA-06,Metastasis,0.9969558119773865,True
62,TCGA-EE-A2GK-06,Metastasis,5,TCGA-EB-A551-01,Primary Tumor,0.9949100613594055,False
62,TCGA-EE-A2GK-06,Metastasis,6,TCGA-FS-A1Z4-06,Metastasis,0.9943994879722595,True
62,TCGA-EE-A2GK-06,Metastasis,7,TCGA-ER-A1A1-06,Metastasis,0.9933670163154602,True
62,TCGA-EE-A2GK-06,Metastasis,8,TCGA-D3-A2J9-06,Metastasis,0.9923449754714966,True
62,TCGA-EE-A2GK-06,Metastasis,9,TCGA-FS-A1ZR-06,Metastasis,0.9923202395439148,True
63,TCGA-FR-A3YO-06,Metastasis,0,TCGA-DA-A1IA-06,Metastasis,0.9999696016311646,True
63,TCGA-FR-A3YO-06,Metastasis,1,TCGA-ER-A19O-06,Metastasis,0.9998211860656738,True
63,TCGA-FR-A3YO-06,Metastasis,2,TCGA-D3-A1Q1-06,Metastasis,0.9998072385787964,True
63,TCGA-FR-A3YO-06,Metastasis,3,TCGA-FS-A1ZY-06,Metastasis,0.999793529510498,True
63,TCGA-FR-A3YO-06,Metastasis,4,TCGA-BF-A3DL-01,Primary Tumor,0.999765932559967,False
63,TCGA-FR-A3YO-06,Metastasis,5,TCGA-D3-A8GK-06,Metastasis,0.9996450543403625,True
63,TCGA-FR-A3YO-06,Metastasis,6,TCGA-D9-A4Z3-01,Primary Tumor,0.9996345043182373,False
63,TCGA-FR-A3YO-06,Metastasis,7,TCGA-FS-A1ZG-06,Metastasis,0.9996184706687927,True
63,TCGA-FR-A3YO-06,Metastasis,8,TCGA-GN-A8LK-06,Metastasis,0.9995555877685547,True
63,TCGA-FR-A3YO-06,Metastasis,9,TCGA-RP-A690-06,Metastasis,0.9995288848876953,True
64,TCGA-EB-A431-01,Primary Tumor,0,TCGA-EE-A3JH-06,Metastasis,0.9999867081642151,False
64,TCGA-EB-A431-01,Primary Tumor,1,TCGA-D3-A3CC-06,Metastasis,0.9999047517776489,False
64,TCGA-EB-A431-01,Primary Tumor,2,TCGA-BF-AAOU-01,Primary Tumor,0.9997197985649109,True
64,TCGA-EB-A431-01,Primary Tumor,3,TCGA-D3-A51N-06,Metastasis,0.9995422959327698,False
64,TCGA-EB-A431-01,Primary Tumor,4,TCGA-EB-A44P-01,Primary Tumor,0.9993272423744202,True
64,TCGA-EB-A431-01,Primary Tumor,5,TCGA-EB-A85J-01,Primary Tumor,0.999148428440094,True
64,TCGA-EB-A431-01,Primary Tumor,6,TCGA-FS-A1ZW-06,Metastasis,0.9990505576133728,False
64,TCGA-EB-A431-01,Primary Tumor,7,TCGA-EB-A82B-01,Primary Tumor,0.9990473389625549,True
64,TCGA-EB-A431-01,Primary Tumor,8,TCGA-ER-A19E-06,Metastasis,0.998562753200531,False
64,TCGA-EB-A431-01,Primary Tumor,9,TCGA-D3-A2JO-06,Metastasis,0.9985599517822266,False
65,TCGA-DA-A1IC-06,Metastasis,0,TCGA-EE-A2M5-06,Metastasis,0.9998810887336731,True
65,TCGA-DA-A1IC-06,Metastasis,1,TCGA-ER-A19K-01,Primary Tumor,0.9993801116943359,False
65,TCGA-DA-A1IC-06,Metastasis,2,TCGA-EB-A24C-01,Primary Tumor,0.9992826581001282,False
65,TCGA-DA-A1IC-06,Metastasis,3,TCGA-BF-A3DM-01,Primary Tumor,0.9991329312324524,False
65,TCGA-DA-A1IC-06,Metastasis,4,TCGA-D3-A3MO-06,Metastasis,0.9986626505851746,True
65,TCGA-DA-A1IC-06,Metastasis,5,TCGA-BF-A5EO-01,Primary Tumor,0.9985496401786804,False
65,TCGA-DA-A1IC-06,Metastasis,6,TCGA-EE-A29W-06,Metastasis,0.9982621073722839,True
65,TCGA-DA-A1IC-06,Metastasis,7,TCGA-FS-A1ZD-06,Metastasis,0.9981239438056946,True
65,TCGA-DA-A1IC-06,Metastasis,8,TCGA-EB-A51B-01,Primary Tumor,0.9979863166809082,False
65,TCGA-DA-A1IC-06,Metastasis,9,TCGA-EE-A3JD-06,Metastasis,0.997556209564209,True
66,TCGA-EE-A2GO-06,Metastasis,0,TCGA-FS-A4FB-06,Metastasis,0.9998284578323364,True
66,TCGA-EE-A2GO-06,Metastasis,1,TCGA-D9-A6EC-06,Metastasis,0.9998170733451843,True
66,TCGA-EE-A2GO-06,Metastasis,2,TCGA-GN-A4U7-06,Metastasis,0.9998131990432739,True
66,TCGA-EE-A2GO-06,Metastasis,3,TCGA-D3-A2J6-06,Metastasis,0.9997583031654358,True
66,TCGA-EE-A2GO-06,Metastasis,4,TCGA-Z2-AA3V-06,Metastasis,0.9997541308403015,True
66,TCGA-EE-A2GO-06,Metastasis,5,TCGA-3N-A9WB-06,Metastasis,0.9997268319129944,True
66,TCGA-EE-A2GO-06,Metastasis,6,TCGA-D3-A3C6-06,Metastasis,0.9996989965438843,True
66,TCGA-EE-A2GO-06,Metastasis,7,TCGA-BF-AAP8-01,Primary Tumor,0.9996903538703918,False
66,TCGA-EE-A2GO-06,Metastasis,8,TCGA-EE-A2GC-06,Metastasis,0.9996688961982727,True
66,TCGA-EE-A2GO-06,Metastasis,9,TCGA-EE-A2GT-06,Metastasis,0.9995979070663452,True
67,TCGA-W3-AA1W-06,Metastasis,0,TCGA-D3-A3BZ-06,Metastasis,0.9999551177024841,True
67,TCGA-W3-AA1W-06,Metastasis,1,TCGA-GN-A26C-01,Primary Tumor,0.9997196793556213,False
67,TCGA-W3-AA1W-06,Metastasis,2,TCGA-D3-A3C3-06,Metastasis,0.9997076392173767,True
67,TCGA-W3-AA1W-06,Metastasis,3,TCGA-DA-A3F3-06,Metastasis,0.9996562004089355,True
67,TCGA-W3-AA1W-06,Metastasis,4,TCGA-ER-A2NC-06,Metastasis,0.9996187686920166,True
67,TCGA-W3-AA1W-06,Metastasis,5,TCGA-EE-A2MU-06,Metastasis,0.9995467662811279,True
67,TCGA-W3-AA1W-06,Metastasis,6,TCGA-EE-A29P-06,Metastasis,0.9995410442352295,True
67,TCGA-W3-AA1W-06,Metastasis,7,TCGA-EB-A3Y6-01,Primary Tumor,0.9995290637016296,False
67,TCGA-W3-AA1W-06,Metastasis,8,TCGA-GF-A6C9-06,Metastasis,0.9993982911109924,True
67,TCGA-W3-AA1W-06,Metastasis,9,TCGA-D3-A51E-06,Metastasis,0.9988264441490173,True
68,TCGA-EB-A24C-01,Primary Tumor,0,TCGA-ER-A19K-01,Primary Tumor,0.9994147419929504,True
68,TCGA-EB-A24C-01,Primary Tumor,1,TCGA-DA-A1IC-06,Metastasis,0.9992826581001282,False
68,TCGA-EB-A24C-01,Primary Tumor,2,TCGA-EE-A2M5-06,Metastasis,0.9992505311965942,False
68,TCGA-EB-A24C-01,Primary Tumor,3,TCGA-BF-A3DM-01,Primary Tumor,0.9989375472068787,True
68,TCGA-EB-A24C-01,Primary Tumor,4,TCGA-D3-A3MO-06,Metastasis,0.9988519549369812,False
68,TCGA-EB-A24C-01,Primary Tumor,5,TCGA-WE-A8ZQ-06,Metastasis,0.9984416365623474,False
68,TCGA-EB-A24C-01,Primary Tumor,6,TCGA-DA-A1I8-06,Metastasis,0.9979708194732666,False
68,TCGA-EB-A24C-01,Primary Tumor,7,TCGA-EB-A51B-01,Primary Tumor,0.9968542456626892,True
68,TCGA-EB-A24C-01,Primary Tumor,8,TCGA-YG-AA3N-01,Primary Tumor,0.9964655041694641,True
68,TCGA-EB-A24C-01,Primary Tumor,9,TCGA-EB-A5FP-01,Primary Tumor,0.9963446259498596,True
69,TCGA-EB-A3XB-01,Primary Tumor,0,TCGA-ER-A19J-06,Metastasis,0.9998947978019714,False
69,TCGA-EB-A3XB-01,Primary Tumor,1,TCGA-EB-A82B-01,Primary Tumor,0.999578595161438,True
69,TCGA-EB-A3XB-01,Primary Tumor,2,TCGA-ER-A197-06,Metastasis,0.9994125366210938,False
69,TCGA-EB-A3XB-01,Primary Tumor,3,TCGA-EB-A44P-01,Primary Tumor,0.9993480443954468,True
69,TCGA-EB-A3XB-01,Primary Tumor,4,TCGA-FR-A8YC-06,Metastasis,0.9992836117744446,False
69,TCGA-EB-A3XB-01,Primary Tumor,5,TCGA-ER-A19N-06,Metastasis,0.999271810054779,False
69,TCGA-EB-A3XB-01,Primary Tumor,6,TCGA-D3-A51E-06,Metastasis,0.9992340207099915,False
69,TCGA-EB-A3XB-01,Primary Tumor,7,TCGA-EE-A3AA-06,Metastasis,0.999230146408081,False
69,TCGA-EB-A3XB-01,Primary Tumor,8,TCGA-EB-A85J-01,Primary Tumor,0.9991173148155212,True
69,TCGA-EB-A3XB-01,Primary Tumor,9,TCGA-EE-A2GD-06,Metastasis,0.9990795850753784,False
70,TCGA-EB-A551-01,Primary Tumor,0,TCGA-ER-A195-06,Metastasis,0.9994603395462036,False
70,TCGA-EB-A551-01,Primary Tumor,1,TCGA-D3-A2JH-06,Metastasis,0.9989393353462219,False
70,TCGA-EB-A551-01,Primary Tumor,2,TCGA-ER-A19H-06,Metastasis,0.9987807869911194,False
70,TCGA-EB-A551-01,Primary Tumor,3,TCGA-D3-A2J9-06,Metastasis,0.998744010925293,False
70,TCGA-EB-A551-01,Primary Tumor,4,TCGA-EE-A2MR-06,Metastasis,0.9987289905548096,False
70,TCGA-EB-A551-01,Primary Tumor,5,TCGA-HR-A2OG-06,Metastasis,0.9983206987380981,False
70,TCGA-EB-A551-01,Primary Tumor,6,TCGA-GN-A266-06,Metastasis,0.997948408126831,False
70,TCGA-EB-A551-01,Primary Tumor,7,TCGA-FS-A1ZM-06,Metastasis,0.9979473948478699,False
70,TCGA-EB-A551-01,Primary Tumor,8,TCGA-D3-A3CE-06,Metastasis,0.9979044198989868,False
70,TCGA-EB-A551-01,Primary Tumor,9,TCGA-EE-A2MS-06,Metastasis,0.9976574182510376,False
71,TCGA-FS-A1ZD-06,Metastasis,0,TCGA-BF-A5EO-01,Primary Tumor,0.9998449683189392,False
71,TCGA-FS-A1ZD-06,Metastasis,1,TCGA-EE-A29W-06,Metastasis,0.9995613694190979,True
71,TCGA-FS-A1ZD-06,Metastasis,2,TCGA-EB-A82C-01,Primary Tumor,0.999523937702179,False
71,TCGA-FS-A1ZD-06,Metastasis,3,TCGA-EE-A3JD-06,Metastasis,0.9990366697311401,True
71,TCGA-FS-A1ZD-06,Metastasis,4,TCGA-D9-A4Z6-06,Metastasis,0.9989523887634277,True
71,TCGA-FS-A1ZD-06,Metastasis,5,TCGA-D3-A51G-06,Metastasis,0.998727023601532,True
71,TCGA-FS-A1ZD-06,Metastasis,6,TCGA-DA-A1I7-06,Metastasis,0.9983367919921875,True
71,TCGA-FS-A1ZD-06,Metastasis,7,TCGA-EE-A2M5-06,Metastasis,0.9981305599212646,True
71,TCGA-FS-A1ZD-06,Metastasis,8,TCGA-DA-A1IC-06,Metastasis,0.9981239438056946,True
71,TCGA-FS-A1ZD-06,Metastasis,9,TCGA-EE-A29V-06,Metastasis,0.9980819821357727,True
72,TCGA-D3-A2JF-06,Metastasis,0,TCGA-ER-A199-06,Metastasis,0.9997910857200623,True
72,TCGA-D3-A2JF-06,Metastasis,1,TCGA-WE-A8ZO-06,Metastasis,0.9997877478599548,True
72,TCGA-D3-A2JF-06,Metastasis,2,TCGA-EE-A2MM-06,Metastasis,0.9997573494911194,True
72,TCGA-D3-A2JF-06,Metastasis,3,TCGA-EE-A2GN-06,Metastasis,0.9997226595878601,True
72,TCGA-D3-A2JF-06,Metastasis,4,TCGA-D3-A5GU-06,Metastasis,0.9997071623802185,True
72,TCGA-D3-A2JF-06,Metastasis,5,TCGA-ER-A19Q-06,Metastasis,0.999680757522583,True
72,TCGA-D3-A2JF-06,Metastasis,6,TCGA-EE-A2MQ-06,Metastasis,0.9994443655014038,True
72,TCGA-D3-A2JF-06,Metastasis,7,TCGA-EE-A2MF-06,Metastasis,0.9993886351585388,True
72,TCGA-D3-A2JF-06,Metastasis,8,TCGA-WE-A8ZT-06,Metastasis,0.999376118183136,True
72,TCGA-D3-A2JF-06,Metastasis,9,TCGA-WE-A8K5-06,Metastasis,0.9993043541908264,True
73,TCGA-WE-A8ZX-06,Metastasis,0,TCGA-D3-A8GO-06,Metastasis,0.9998430013656616,True
73,TCGA-WE-A8ZX-06,Metastasis,1,TCGA-ER-A19M-06,Metastasis,0.9997446537017822,True
73,TCGA-WE-A8ZX-06,Metastasis,2,TCGA-FS-A1Z0-06,Metastasis,0.9996819496154785,True
73,TCGA-WE-A8ZX-06,Metastasis,3,TCGA-DA-A1I5-06,Metastasis,0.9996768832206726,True
73,TCGA-WE-A8ZX-06,Metastasis,4,TCGA-D9-A3Z4-01,Primary Tumor,0.999605655670166,False
73,TCGA-WE-A8ZX-06,Metastasis,5,TCGA-EE-A3AC-06,Metastasis,0.9994258880615234,True
73,TCGA-WE-A8ZX-06,Metastasis,6,TCGA-3N-A9WC-06,Metastasis,0.9993852972984314,True
73,TCGA-WE-A8ZX-06,Metastasis,7,TCGA-D3-A1Q4-06,Metastasis,0.9993586540222168,True
73,TCGA-WE-A8ZX-06,Metastasis,8,TCGA-DA-A3F8-06,Metastasis,0.9991627335548401,True
73,TCGA-WE-A8ZX-06,Metastasis,9,TCGA-3N-A9WD-06,Metastasis,0.9991528391838074,True
74,TCGA-EE-A2MJ-06,Metastasis,0,TCGA-EE-A29M-06,Metastasis,0.9998443722724915,True
74,TCGA-EE-A2MJ-06,Metastasis,1,TCGA-EE-A181-06,Metastasis,0.9997221231460571,True
74,TCGA-EE-A2MJ-06,Metastasis,2,TCGA-ER-A42L-06,Metastasis,0.9997028112411499,True
74,TCGA-EE-A2MJ-06,Metastasis,3,TCGA-DA-A1I1-06,Metastasis,0.9994169473648071,True
74,TCGA-EE-A2MJ-06,Metastasis,4,TCGA-ER-A19S-06,Metastasis,0.9993624091148376,True
74,TCGA-EE-A2MJ-06,Metastasis,5,TCGA-D3-A51F-06,Metastasis,0.9993484020233154,True
74,TCGA-EE-A2MJ-06,Metastasis,6,TCGA-D3-A1Q7-06,Metastasis,0.9992285966873169,True
74,TCGA-EE-A2MJ-06,Metastasis,7,TCGA-EE-A3AC-06,Metastasis,0.9992243051528931,True
74,TCGA-EE-A2MJ-06,Metastasis,8,TCGA-W3-AA1R-06,Metastasis,0.9991871118545532,True
74,TCGA-EE-A2MJ-06,Metastasis,9,TCGA-OD-A75X-06,Metastasis,0.9991491436958313,True
75,TCGA-BF-A1PZ-01,Primary Tumor,0,TCGA-EE-A29S-06,Metastasis,0.9999672770500183,False
75,TCGA-BF-A1PZ-01,Primary Tumor,1,TCGA-EE-A29D-06,Metastasis,0.9999542236328125,False
75,TCGA-BF-A1PZ-01,Primary Tumor,2,TCGA-DA-A95W-06,Metastasis,0.9998701214790344,False
75,TCGA-BF-A1PZ-01,Primary Tumor,3,TCGA-RP-A694-06,Metastasis,0.9998693466186523,False
75,TCGA-BF-A1PZ-01,Primary Tumor,4,TCGA-W3-AA1Q-06,Metastasis,0.9998476505279541,False
75,TCGA-BF-A1PZ-01,Primary Tumor,5,TCGA-RP-A6K9-06,Metastasis,0.999823272228241,False
75,TCGA-BF-A1PZ-01,Primary Tumor,6,TCGA-WE-A8K5-06,Metastasis,0.9998178482055664,False
75,TCGA-BF-A1PZ-01,Primary Tumor,7,TCGA-EE-A3J7-06,Metastasis,0.9997661709785461,False
75,TCGA-BF-A1PZ-01,Primary Tumor,8,TCGA-EE-A184-06,Metastasis,0.9997405409812927,False
75,TCGA-BF-A1PZ-01,Primary Tumor,9,TCGA-FR-A3R1-01,Primary Tumor,0.9997373223304749,True
76,TCGA-EB-A44Q-06,Metastasis,0,TCGA-D3-A2JO-06,Metastasis,0.9999610185623169,True
76,TCGA-EB-A44Q-06,Metastasis,1,TCGA-WE-A8K4-01,Primary Tumor,0.999931275844574,False
76,TCGA-EB-A44Q-06,Metastasis,2,TCGA-D3-A51N-06,Metastasis,0.9996683597564697,True
76,TCGA-EB-A44Q-06,Metastasis,3,TCGA-D9-A3Z3-06,Metastasis,0.9994360208511353,True
76,TCGA-EB-A44Q-06,Metastasis,4,TCGA-EE-A2MD-06,Metastasis,0.9994223713874817,True
76,TCGA-EB-A44Q-06,Metastasis,5,TCGA-BF-AAOU-01,Primary Tumor,0.9993846416473389,False
76,TCGA-EB-A44Q-06,Metastasis,6,TCGA-ER-A19G-06,Metastasis,0.9992808103561401,True
76,TCGA-EB-A44Q-06,Metastasis,7,TCGA-EB-A85J-01,Primary Tumor,0.9992489814758301,False
76,TCGA-EB-A44Q-06,Metastasis,8,TCGA-EE-A2GH-06,Metastasis,0.9991613030433655,True
76,TCGA-EB-A44Q-06,Metastasis,9,TCGA-D3-A2J8-06,Metastasis,0.9990947842597961,True
77,TCGA-EE-A2MS-06,Metastasis,0,TCGA-GN-A266-06,Metastasis,0.9998161196708679,True
77,TCGA-EE-A2MS-06,Metastasis,1,TCGA-EE-A2GP-06,Metastasis,0.9996516108512878,True
77,TCGA-EE-A2MS-06,Metastasis,2,TCGA-FS-A1ZT-06,Metastasis,0.9995092153549194,True
77,TCGA-EE-A2MS-06,Metastasis,3,TCGA-EE-A2MR-06,Metastasis,0.9992907643318176,True
77,TCGA-EE-A2MS-06,Metastasis,4,TCGA-D3-A2JH-06,Metastasis,0.9992853403091431,True
77,TCGA-EE-A2MS-06,Metastasis,5,TCGA-EE-A2GS-06,Metastasis,0.9992343187332153,True
77,TCGA-EE-A2MS-06,Metastasis,6,TCGA-HR-A2OG-06,Metastasis,0.9990283250808716,True
77,TCGA-EE-A2MS-06,Metastasis,7,TCGA-D3-A3MR-06,Metastasis,0.9987884163856506,True
77,TCGA-EE-A2MS-06,Metastasis,8,TCGA-FW-A5DY-06,Metastasis,0.9987759590148926,True
77,TCGA-EE-A2MS-06,Metastasis,9,TCGA-ER-A19H-06,Metastasis,0.9986982345581055,True
78,TCGA-D3-A1Q7-06,Metastasis,0,TCGA-D3-A2JC-06,Metastasis,0.9998207092285156,True
78,TCGA-D3-A1Q7-06,Metastasis,1,TCGA-W3-AA1R-06,Metastasis,0.9998112916946411,True
78,TCGA-D3-A1Q7-06,Metastasis,2,TCGA-D3-A51J-06,Metastasis,0.999789297580719,True
78,TCGA-D3-A1Q7-06,Metastasis,3,TCGA-ER-A42L-06,Metastasis,0.9995503425598145,True
78,TCGA-D3-A1Q7-06,Metastasis,4,TCGA-EE-A29M-06,Metastasis,0.9994739890098572,True
78,TCGA-D3-A1Q7-06,Metastasis,5,TCGA-EE-A181-06,Metastasis,0.9994630217552185,True
78,TCGA-D3-A1Q7-06,Metastasis,6,TCGA-FS-A4F8-06,Metastasis,0.9992973208427429,True
78,TCGA-D3-A1Q7-06,Metastasis,7,TCGA-EE-A2MJ-06,Metastasis,0.9992285966873169,True
78,TCGA-D3-A1Q7-06,Metastasis,8,TCGA-WE-A8ZY-06,Metastasis,0.9992063641548157,True
78,TCGA-D3-A1Q7-06,Metastasis,9,TCGA-DA-A1HW-06,Metastasis,0.9991819858551025,True
79,TCGA-GF-A3OT-06,Metastasis,0,TCGA-BF-A9VF-01,Primary Tumor,0.9993167519569397,False
79,TCGA-GF-A3OT-06,Metastasis,1,TCGA-BF-AAOX-01,Primary Tumor,0.9992631673812866,False
79,TCGA-GF-A3OT-06,Metastasis,2,TCGA-EB-A3XF-01,Primary Tumor,0.9991757869720459,False
79,TCGA-GF-A3OT-06,Metastasis,3,TCGA-D3-A8GL-06,Metastasis,0.9989440441131592,True
79,TCGA-GF-A3OT-06,Metastasis,4,TCGA-FS-A1ZS-06,Metastasis,0.9978371858596802,True
79,TCGA-GF-A3OT-06,Metastasis,5,TCGA-FS-A1ZC-06,Metastasis,0.9976872801780701,True
79,TCGA-GF-A3OT-06,Metastasis,6,TCGA-ER-A3EV-06,Metastasis,0.9976164102554321,True
79,TCGA-GF-A3OT-06,Metastasis,7,TCGA-EB-A51B-01,Primary Tumor,0.9971713423728943,False
79,TCGA-GF-A3OT-06,Metastasis,8,TCGA-EE-A3JA-06,Metastasis,0.9967268109321594,True
79,TCGA-GF-A3OT-06,Metastasis,9,TCGA-ER-A19T-01,Primary Tumor,0.9967024922370911,False
80,TCGA-ER-A19G-06,Metastasis,0,TCGA-D3-A2J8-06,Metastasis,0.999940812587738,True
80,TCGA-ER-A19G-06,Metastasis,1,TCGA-EE-A2GH-06,Metastasis,0.9998825192451477,True
80,TCGA-ER-A19G-06,Metastasis,2,TCGA-ER-A19N-06,Metastasis,0.9997540712356567,True
80,TCGA-ER-A19G-06,Metastasis,3,TCGA-FR-A8YC-06,Metastasis,0.9997280240058899,True
80,TCGA-ER-A19G-06,Metastasis,4,TCGA-D3-A1QA-07,Metastasis,0.9996886253356934,True
80,TCGA-ER-A19G-06,Metastasis,5,TCGA-EE-A3AA-06,Metastasis,0.9995675086975098,True
80,TCGA-ER-A19G-06,Metastasis,6,TCGA-EB-A85J-01,Primary Tumor,0.9993169903755188,False
80,TCGA-ER-A19G-06,Metastasis,7,TCGA-EB-A44Q-06,Metastasis,0.9992808103561401,True
80,TCGA-ER-A19G-06,Metastasis,8,TCGA-WE-A8K4-01,Primary Tumor,0.9991813898086548,False
80,TCGA-ER-A19G-06,Metastasis,9,TCGA-BF-AAP4-01,Primary Tumor,0.9991680979728699,False
81,TCGA-EB-A3Y6-01,Primary Tumor,0,TCGA-EE-A2MU-06,Metastasis,0.9999831318855286,False
81,TCGA-EB-A3Y6-01,Primary Tumor,1,TCGA-ER-A2NC-06,Metastasis,0.9999352693557739,False
81,TCGA-EB-A3Y6-01,Primary Tumor,2,TCGA-WE-A8ZT-06,Metastasis,0.9997801780700684,False
81,TCGA-EB-A3Y6-01,Primary Tumor,3,TCGA-DA-A3F3-06,Metastasis,0.9997424483299255,False
81,TCGA-EB-A3Y6-01,Primary Tumor,4,TCGA-D3-A3BZ-06,Metastasis,0.9997150301933289,False
81,TCGA-EB-A3Y6-01,Primary Tumor,5,TCGA-BF-A3DN-01,Primary Tumor,0.9995353817939758,True
81,TCGA-EB-A3Y6-01,Primary Tumor,6,TCGA-W3-AA1W-06,Metastasis,0.9995290637016296,False
81,TCGA-EB-A3Y6-01,Primary Tumor,7,TCGA-EE-A2M6-06,Metastasis,0.9995180368423462,False
81,TCGA-EB-A3Y6-01,Primary Tumor,8,TCGA-D3-A3C3-06,Metastasis,0.9994508028030396,False
81,TCGA-EB-A3Y6-01,Primary Tumor,9,TCGA-WE-A8ZO-06,Metastasis,0.9994261860847473,False
82,TCGA-WE-A8ZO-06,Metastasis,0,TCGA-D3-A5GU-06,Metastasis,0.9999631643295288,True
82,TCGA-WE-A8ZO-06,Metastasis,1,TCGA-EE-A2MM-06,Metastasis,0.9998171925544739,True
82,TCGA-WE-A8ZO-06,Metastasis,2,TCGA-D3-A2JF-06,Metastasis,0.9997877478599548,True
82,TCGA-WE-A8ZO-06,Metastasis,3,TCGA-WE-A8ZT-06,Metastasis,0.9997828006744385,True
82,TCGA-WE-A8ZO-06,Metastasis,4,TCGA-EE-A3J7-06,Metastasis,0.9997530579566956,True
82,TCGA-WE-A8ZO-06,Metastasis,5,TCGA-ER-A19Q-06,Metastasis,0.9997313022613525,True
82,TCGA-WE-A8ZO-06,Metastasis,6,TCGA-WE-A8K5-06,Metastasis,0.9997214078903198,True
82,TCGA-WE-A8ZO-06,Metastasis,7,TCGA-EE-A2GN-06,Metastasis,0.9997000694274902,True
82,TCGA-WE-A8ZO-06,Metastasis,8,TCGA-YD-A9TB-06,Metastasis,0.9995562434196472,True
82,TCGA-WE-A8ZO-06,Metastasis,9,TCGA-FR-A3R1-01,Primary Tumor,0.9995170831680298,False
83,TCGA-EB-A4OZ-01,Primary Tumor,0,TCGA-ER-A196-01,Primary Tumor,0.9989950656890869,True
83,TCGA-EB-A4OZ-01,Primary Tumor,1,TCGA-HR-A5NC-01,Primary Tumor,0.9979146122932434,True
83,TCGA-EB-A4OZ-01,Primary Tumor,2,TCGA-ER-A2NB-01,Primary Tumor,0.9975613951683044,True
83,TCGA-EB-A4OZ-01,Primary Tumor,3,TCGA-EB-A5SF-01,Primary Tumor,0.9963658452033997,True
83,TCGA-EB-A4OZ-01,Primary Tumor,4,TCGA-EE-A3J8-06,Metastasis,0.9866383671760559,False
83,TCGA-EB-A4OZ-01,Primary Tumor,5,TCGA-FS-A1ZC-06,Metastasis,0.9840019941329956,False
83,TCGA-EB-A4OZ-01,Primary Tumor,6,TCGA-BF-A9VF-01,Primary Tumor,0.9838387370109558,True
83,TCGA-EB-A4OZ-01,Primary Tumor,7,TCGA-EB-A4IQ-01,Primary Tumor,0.9812373518943787,True
83,TCGA-EB-A4OZ-01,Primary Tumor,8,TCGA-GF-A3OT-06,Metastasis,0.9802730083465576,False
83,TCGA-EB-A4OZ-01,Primary Tumor,9,TCGA-EB-A3HV-01,Primary Tumor,0.9773303270339966,True
84,TCGA-DA-A95X-06,Metastasis,0,TCGA-HR-A2OH-06,Metastasis,0.9998837113380432,True
84,TCGA-DA-A95X-06,Metastasis,1,TCGA-EE-A20B-06,Metastasis,0.9997647404670715,True
84,TCGA-DA-A95X-06,Metastasis,2,TCGA-WE-A8ZY-06,Metastasis,0.9996548295021057,True
84,TCGA-DA-A95X-06,Metastasis,3,TCGA-EE-A3JB-06,Metastasis,0.9996441602706909,True
84,TCGA-DA-A95X-06,Metastasis,4,TCGA-GN-A265-06,Metastasis,0.9996206164360046,True
84,TCGA-DA-A95X-06,Metastasis,5,TCGA-FS-A4F8-06,Metastasis,0.9995856881141663,True
84,TCGA-DA-A95X-06,Metastasis,6,TCGA-EE-A29H-06,Metastasis,0.9994320273399353,True
84,TCGA-DA-A95X-06,Metastasis,7,TCGA-D3-A51F-06,Metastasis,0.9993742108345032,True
84,TCGA-DA-A95X-06,Metastasis,8,TCGA-EE-A2MP-06,Metastasis,0.9992976784706116,True
84,TCGA-DA-A95X-06,Metastasis,9,TCGA-D3-A8GC-06,Metastasis,0.999207615852356,True
85,TCGA-D3-A3C7-06,Metastasis,0,TCGA-ER-A19C-06,Metastasis,0.9999254941940308,True
85,TCGA-D3-A3C7-06,Metastasis,1,TCGA-EB-A5SG-06,Metastasis,0.9998504519462585,True
85,TCGA-D3-A3C7-06,Metastasis,2,TCGA-FS-A1YX-06,Metastasis,0.9998496770858765,True
85,TCGA-D3-A3C7-06,Metastasis,3,TCGA-FR-A2OS-01,Primary Tumor,0.9996215105056763,False
85,TCGA-D3-A3C7-06,Metastasis,4,TCGA-EE-A2GJ-06,Metastasis,0.9995653629302979,True
85,TCGA-D3-A3C7-06,Metastasis,5,TCGA-W3-AA1O-06,Metastasis,0.9994811415672302,True
85,TCGA-D3-A3C7-06,Metastasis,6,TCGA-D9-A1X3-06,Metastasis,0.9994795322418213,True
85,TCGA-D3-A3C7-06,Metastasis,7,TCGA-EE-A2MI-06,Metastasis,0.9993824362754822,True
85,TCGA-D3-A3C7-06,Metastasis,8,TCGA-D3-A2JD-06,Metastasis,0.9993734359741211,True
85,TCGA-D3-A3C7-06,Metastasis,9,TCGA-D9-A1JW-06,Metastasis,0.9992225766181946,True
86,TCGA-ER-A19D-06,Metastasis,0,TCGA-D3-A51T-06,Metastasis,0.999605655670166,True
86,TCGA-ER-A19D-06,Metastasis,1,TCGA-EE-A20B-06,Metastasis,0.9994041323661804,True
86,TCGA-ER-A19D-06,Metastasis,2,TCGA-D3-A3MR-06,Metastasis,0.9991917610168457,True
86,TCGA-ER-A19D-06,Metastasis,3,TCGA-FW-A5DY-06,Metastasis,0.9991011619567871,True
86,TCGA-ER-A19D-06,Metastasis,4,TCGA-HR-A2OH-06,Metastasis,0.9990968108177185,True
86,TCGA-ER-A19D-06,Metastasis,5,TCGA-DA-A95X-06,Metastasis,0.9989869594573975,True
86,TCGA-ER-A19D-06,Metastasis,6,TCGA-D3-A8GC-06,Metastasis,0.9989488124847412,True
86,TCGA-ER-A19D-06,Metastasis,7,TCGA-GN-A265-06,Metastasis,0.9989475607872009,True
86,TCGA-ER-A19D-06,Metastasis,8,TCGA-FS-A4F8-06,Metastasis,0.998742401599884,True
86,TCGA-ER-A19D-06,Metastasis,9,TCGA-EE-A2GP-06,Metastasis,0.9986401200294495,True
87,TCGA-DA-A1HY-06,Metastasis,0,TCGA-ER-A2NF-01,Primary Tumor,0.9996992945671082,False
87,TCGA-DA-A1HY-06,Metastasis,1,TCGA-BF-AAP7-01,Primary Tumor,0.9996671676635742,False
87,TCGA-DA-A1HY-06,Metastasis,2,TCGA-D3-A8GS-06,Metastasis,0.9993928670883179,True
87,TCGA-DA-A1HY-06,Metastasis,3,TCGA-EE-A2M7-06,Metastasis,0.999023973941803,True
87,TCGA-DA-A1HY-06,Metastasis,4,TCGA-EE-A2A0-06,Metastasis,0.9989938735961914,True
87,TCGA-DA-A1HY-06,Metastasis,5,TCGA-EE-A2ME-06,Metastasis,0.9985719323158264,True
87,TCGA-DA-A1HY-06,Metastasis,6,TCGA-GF-A4EO-06,Metastasis,0.9985364675521851,True
87,TCGA-DA-A1HY-06,Metastasis,7,TCGA-ER-A19B-06,Metastasis,0.9979490637779236,True
87,TCGA-DA-A1HY-06,Metastasis,8,TCGA-D9-A3Z3-06,Metastasis,0.9969483017921448,True
87,TCGA-DA-A1HY-06,Metastasis,9,TCGA-D3-A2JA-06,Metastasis,0.9966985583305359,True
88,TCGA-W3-AA21-06,Metastasis,0,TCGA-DA-A95Y-06,Metastasis,0.9999567866325378,True
88,TCGA-W3-AA21-06,Metastasis,1,TCGA-D3-A2JE-06,Metastasis,0.9998508095741272,True
88,TCGA-W3-AA21-06,Metastasis,2,TCGA-XV-AAZY-01,Primary Tumor,0.9997697472572327,False
88,TCGA-W3-AA21-06,Metastasis,3,TCGA-D3-A8GP-06,Metastasis,0.9997511506080627,True
88,TCGA-W3-AA21-06,Metastasis,4,TCGA-EE-A3J4-06,Metastasis,0.9996653199195862,True
88,TCGA-W3-AA21-06,Metastasis,5,TCGA-EB-A97M-01,Primary Tumor,0.9996594190597534,False
88,TCGA-W3-AA21-06,Metastasis,6,TCGA-EE-A180-06,Metastasis,0.9996328353881836,True
88,TCGA-W3-AA21-06,Metastasis,7,TCGA-QB-A6FS-06,Metastasis,0.999600350856781,True
88,TCGA-W3-AA21-06,Metastasis,8,TCGA-D3-A5GO-06,Metastasis,0.999591052532196,True
88,TCGA-W3-AA21-06,Metastasis,9,TCGA-GN-A268-06,Metastasis,0.9995120763778687,True
89,TCGA-ER-A19K-01,Primary Tumor,0,TCGA-EE-A2M5-06,Metastasis,0.9996818900108337,False
89,TCGA-ER-A19K-01,Primary Tumor,1,TCGA-EB-A24C-01,Primary Tumor,0.9994147419929504,True
89,TCGA-ER-A19K-01,Primary Tumor,2,TCGA-DA-A1IC-06,Metastasis,0.9993801116943359,False
89,TCGA-ER-A19K-01,Primary Tumor,3,TCGA-D3-A3MO-06,Metastasis,0.9992527365684509,False
89,TCGA-ER-A19K-01,Primary Tumor,4,TCGA-DA-A1I8-06,Metastasis,0.99826580286026,False
89,TCGA-ER-A19K-01,Primary Tumor,5,TCGA-EB-A1NK-01,Primary Tumor,0.9982108473777771,True
89,TCGA-ER-A19K-01,Primary Tumor,6,TCGA-GN-A26A-06,Metastasis,0.9980286955833435,False
89,TCGA-ER-A19K-01,Primary Tumor,7,TCGA-BF-A5EO-01,Primary Tumor,0.9977469444274902,True
89,TCGA-ER-A19K-01,Primary Tumor,8,TCGA-BF-A3DM-01,Primary Tumor,0.9977143406867981,True
89,TCGA-ER-A19K-01,Primary Tumor,9,TCGA-WE-A8ZQ-06,Metastasis,0.9972038269042969,False
90,TCGA-EE-A2MI-06,Metastasis,0,TCGA-D9-A1JW-06,Metastasis,0.9999304413795471,True
90,TCGA-EE-A2MI-06,Metastasis,1,TCGA-EE-A2MT-06,Metastasis,0.9999231100082397,True
90,TCGA-EE-A2MI-06,Metastasis,2,TCGA-D3-A2JD-06,Metastasis,0.9998957514762878,True
90,TCGA-EE-A2MI-06,Metastasis,3,TCGA-EE-A2A5-06,Metastasis,0.9997997283935547,True
90,TCGA-EE-A2MI-06,Metastasis,4,TCGA-FS-A1YX-06,Metastasis,0.999796986579895,True
90,TCGA-EE-A2MI-06,Metastasis,5,TCGA-D3-A5GS-06,Metastasis,0.9997804164886475,True
90,TCGA-EE-A2MI-06,Metastasis,6,TCGA-EE-A2MK-06,Metastasis,0.999762773513794,True
90,TCGA-EE-A2MI-06,Metastasis,7,TCGA-EE-A3JI-06,Metastasis,0.9997463822364807,True
90,TCGA-EE-A2MI-06,Metastasis,8,TCGA-EE-A20I-06,Metastasis,0.9997185468673706,True
90,TCGA-EE-A2MI-06,Metastasis,9,TCGA-ER-A19C-06,Metastasis,0.9995949268341064,True
91,TCGA-GN-A267-06,Metastasis,0,TCGA-D3-A2JG-06,Metastasis,0.9997738003730774,True
91,TCGA-GN-A267-06,Metastasis,1,TCGA-FS-A1ZP-06,Metastasis,0.9996931552886963,True
91,TCGA-GN-A267-06,Metastasis,2,TCGA-FR-A8YD-06,Metastasis,0.9995318651199341,True
91,TCGA-GN-A267-06,Metastasis,3,TCGA-EE-A2GM-06,Metastasis,0.9995303153991699,True
91,TCGA-GN-A267-06,Metastasis,4,TCGA-ER-A198-06,Metastasis,0.9995024800300598,True
91,TCGA-GN-A267-06,Metastasis,5,TCGA-EB-A42Z-01,Primary Tumor,0.9994410872459412,False
91,TCGA-GN-A267-06,Metastasis,6,TCGA-RP-A695-06,Metastasis,0.9993364810943604,True
91,TCGA-GN-A267-06,Metastasis,7,TCGA-EE-A2MN-06,Metastasis,0.9993301630020142,True
91,TCGA-GN-A267-06,Metastasis,8,TCGA-EE-A29X-06,Metastasis,0.9990001320838928,True
91,TCGA-GN-A267-06,Metastasis,9,TCGA-EB-A41B-01,Primary Tumor,0.9987580180168152,False
92,TCGA-EB-A85J-01,Primary Tumor,0,TCGA-EB-A82B-01,Primary Tumor,0.9998914003372192,True
92,TCGA-EB-A85J-01,Primary Tumor,1,TCGA-ER-A19N-06,Metastasis,0.9996722340583801,False
92,TCGA-EB-A85J-01,Primary Tumor,2,TCGA-FR-A8YC-06,Metastasis,0.9996688961982727,False
92,TCGA-EB-A85J-01,Primary Tumor,3,TCGA-D3-A51N-06,Metastasis,0.9994611144065857,False
92,TCGA-EB-A85J-01,Primary Tumor,4,TCGA-EB-A44P-01,Primary Tumor,0.9994482398033142,True
92,TCGA-EB-A85J-01,Primary Tumor,5,TCGA-BF-AAOU-01,Primary Tumor,0.999411940574646,True
92,TCGA-EB-A85J-01,Primary Tumor,6,TCGA-ER-A19G-06,Metastasis,0.9993169903755188,False
92,TCGA-EB-A85J-01,Primary Tumor,7,TCGA-EE-A3JH-06,Metastasis,0.9992936253547668,False
92,TCGA-EB-A85J-01,Primary Tumor,8,TCGA-EB-A44Q-06,Metastasis,0.9992489814758301,False
92,TCGA-EB-A85J-01,Primary Tumor,9,TCGA-ER-A19J-06,Metastasis,0.9991862177848816,False
93,TCGA-WE-AAA4-06,Metastasis,0,TCGA-ER-A19F-06,Metastasis,0.9999531507492065,True
93,TCGA-WE-AAA4-06,Metastasis,1,TCGA-YD-A89C-06,Metastasis,0.9999289512634277,True
93,TCGA-WE-AAA4-06,Metastasis,2,TCGA-EB-A85I-01,Primary Tumor,0.9999247789382935,False
93,TCGA-WE-AAA4-06,Metastasis,3,TCGA-FS-A4F2-06,Metastasis,0.9998846650123596,True
93,TCGA-WE-AAA4-06,Metastasis,4,TCGA-GN-A4U3-06,Metastasis,0.9998782873153687,True
93,TCGA-WE-AAA4-06,Metastasis,5,TCGA-RP-A695-06,Metastasis,0.9997197985649109,True
93,TCGA-WE-AAA4-06,Metastasis,6,TCGA-ER-A3PL-06,Metastasis,0.9996804594993591,True
93,TCGA-WE-AAA4-06,Metastasis,7,TCGA-EB-A42Z-01,Primary Tumor,0.9996334314346313,False
93,TCGA-WE-AAA4-06,Metastasis,8,TCGA-XV-AAZY-01,Primary Tumor,0.999580979347229,False
93,TCGA-WE-AAA4-06,Metastasis,9,TCGA-ER-A2NE-06,Metastasis,0.9995185136795044,True
94,TCGA-DA-A1IA-06,Metastasis,0,TCGA-FR-A3YO-06,Metastasis,0.9999696016311646,True
94,TCGA-DA-A1IA-06,Metastasis,1,TCGA-FS-A1ZY-06,Metastasis,0.9998515844345093,True
94,TCGA-DA-A1IA-06,Metastasis,2,TCGA-ER-A19O-06,Metastasis,0.99981290102005,True
94,TCGA-DA-A1IA-06,Metastasis,3,TCGA-BF-A3DL-01,Primary Tumor,0.9998018741607666,False
94,TCGA-DA-A1IA-06,Metastasis,4,TCGA-D3-A1Q1-06,Metastasis,0.9997885823249817,True
94,TCGA-DA-A1IA-06,Metastasis,5,TCGA-D9-A4Z3-01,Primary Tumor,0.9996132850646973,False
94,TCGA-DA-A1IA-06,Metastasis,6,TCGA-FS-A1ZG-06,Metastasis,0.9996097683906555,True
94,TCGA-DA-A1IA-06,Metastasis,7,TCGA-D3-A8GK-06,Metastasis,0.9996040463447571,True
94,TCGA-DA-A1IA-06,Metastasis,8,TCGA-GN-A8LK-06,Metastasis,0.9995676279067993,True
94,TCGA-DA-A1IA-06,Metastasis,9,TCGA-FS-A1ZU-06,Metastasis,0.9994897842407227,True
95,TCGA-ER-A42H-01,Primary Tumor,0,TCGA-EB-A4P0-01,Primary Tumor,0.9999838471412659,True
95,TCGA-ER-A42H-01,Primary Tumor,1,TCGA-D3-A3C6-06,Metastasis,0.9998807311058044,False
95,TCGA-ER-A42H-01,Primary Tumor,2,TCGA-EE-A2GT-06,Metastasis,0.9998716115951538,False
95,TCGA-ER-A42H-01,Primary Tumor,3,TCGA-EE-A29C-06,Metastasis,0.9998506903648376,False
95,TCGA-ER-A42H-01,Primary Tumor,4,TCGA-GN-A4U7-06,Metastasis,0.999849796295166,False
95,TCGA-ER-A42H-01,Primary Tumor,5,TCGA-EE-A29L-06,Metastasis,0.999822735786438,False
95,TCGA-ER-A42H-01,Primary Tumor,6,TCGA-BF-A5EP-01,Primary Tumor,0.9997701644897461,True
95,TCGA-ER-A42H-01,Primary Tumor,7,TCGA-3N-A9WB-06,Metastasis,0.9997233748435974,False
95,TCGA-ER-A42H-01,Primary Tumor,8,TCGA-FR-A69P-06,Metastasis,0.9997082948684692,False
95,TCGA-ER-A42H-01,Primary Tumor,9,TCGA-Z2-AA3V-06,Metastasis,0.9996894001960754,False
96,TCGA-BF-AAP0-06,Metastasis,0,TCGA-EB-A5UL-06,Metastasis,0.9997947216033936,True
96,TCGA-BF-AAP0-06,Metastasis,1,TCGA-GN-A4U8-06,Metastasis,0.9992187023162842,True
96,TCGA-BF-AAP0-06,Metastasis,2,TCGA-EE-A3J3-06,Metastasis,0.9987127184867859,True
96,TCGA-BF-AAP0-06,Metastasis,3,TCGA-EE-A20F-06,Metastasis,0.9982254505157471,True
96,TCGA-BF-AAP0-06,Metastasis,4,TCGA-GN-A9SD-06,Metastasis,0.997739315032959,True
96,TCGA-BF-AAP0-06,Metastasis,5,TCGA-EE-A2A2-06,Metastasis,0.9961060285568237,True
96,TCGA-BF-AAP0-06,Metastasis,6,TCGA-D3-A3CE-06,Metastasis,0.9959896802902222,True
96,TCGA-BF-AAP0-06,Metastasis,7,TCGA-EE-A2GL-06,Metastasis,0.9958149790763855,True
96,TCGA-BF-AAP0-06,Metastasis,8,TCGA-D3-A3CF-06,Metastasis,0.9955806136131287,True
96,TCGA-BF-AAP0-06,Metastasis,9,TCGA-D9-A1JX-06,Metastasis,0.9955201148986816,True
97,TCGA-ER-A3PL-06,Metastasis,0,TCGA-FS-A4F2-06,Metastasis,0.9999304413795471,True
97,TCGA-ER-A3PL-06,Metastasis,1,TCGA-EB-A85I-01,Primary Tumor,0.999914288520813,False
97,TCGA-ER-A3PL-06,Metastasis,2,TCGA-EB-A42Y-01,Primary Tumor,0.9998914003372192,False
97,TCGA-ER-A3PL-06,Metastasis,3,TCGA-GN-A264-06,Metastasis,0.999854326248169,True
97,TCGA-ER-A3PL-06,Metastasis,4,TCGA-GN-A4U3-06,Metastasis,0.9998385310173035,True
97,TCGA-ER-A3PL-06,Metastasis,5,TCGA-D3-A2JL-06,Metastasis,0.9998042583465576,True
97,TCGA-ER-A3PL-06,Metastasis,6,TCGA-ER-A19F-06,Metastasis,0.9997994899749756,True
97,TCGA-ER-A3PL-06,Metastasis,7,TCGA-YD-A89C-06,Metastasis,0.9996969699859619,True
97,TCGA-ER-A3PL-06,Metastasis,8,TCGA-WE-AAA4-06,Metastasis,0.9996804594993591,True
97,TCGA-ER-A3PL-06,Metastasis,9,TCGA-D9-A6EA-06,Metastasis,0.9996448159217834,True
98,TCGA-FR-A3YN-06,Metastasis,0,TCGA-EE-A3J5-06,Metastasis,0.9999879598617554,True
98,TCGA-FR-A3YN-06,Metastasis,1,TCGA-FS-A1YW-06,Metastasis,0.9999076724052429,True
98,TCGA-FR-A3YN-06,Metastasis,2,TCGA-D9-A149-06,Metastasis,0.999810516834259,True
98,TCGA-FR-A3YN-06,Metastasis,3,TCGA-D9-A148-06,Metastasis,0.9997584819793701,True
98,TCGA-FR-A3YN-06,Metastasis,4,TCGA-FR-A728-01,Primary Tumor,0.9997196197509766,False
98,TCGA-FR-A3YN-06,Metastasis,5,TCGA-D3-A2JP-06,Metastasis,0.9995638728141785,True
98,TCGA-FR-A3YN-06,Metastasis,6,TCGA-Z2-AA3S-06,Metastasis,0.999474287033081,True
98,TCGA-FR-A3YN-06,Metastasis,7,TCGA-FS-A1Z7-06,Metastasis,0.9988208413124084,True
98,TCGA-FR-A3YN-06,Metastasis,8,TCGA-BF-AAP4-01,Primary Tumor,0.9984149932861328,False
98,TCGA-FR-A3YN-06,Metastasis,9,TCGA-ER-A193-06,Metastasis,0.9982945322990417,True
99,TCGA-3N-A9WB-06,Metastasis,0,TCGA-Z2-AA3V-06,Metastasis,0.9999208450317383,True
99,TCGA-3N-A9WB-06,Metastasis,1,TCGA-EE-A2GT-06,Metastasis,0.9998490810394287,True
99,TCGA-3N-A9WB-06,Metastasis,2,TCGA-BF-A5EP-01,Primary Tumor,0.9997847080230713,False
99,TCGA-3N-A9WB-06,Metastasis,3,TCGA-GN-A4U7-06,Metastasis,0.9997818470001221,True
99,TCGA-3N-A9WB-06,Metastasis,4,TCGA-D3-A3C6-06,Metastasis,0.9997502565383911,True
99,TCGA-3N-A9WB-06,Metastasis,5,TCGA-EE-A2GO-06,Metastasis,0.9997268319129944,True
99,TCGA-3N-A9WB-06,Metastasis,6,TCGA-ER-A42H-01,Primary Tumor,0.9997233748435974,False
99,TCGA-3N-A9WB-06,Metastasis,7,TCGA-FS-A4F9-06,Metastasis,0.9997124671936035,True
99,TCGA-3N-A9WB-06,Metastasis,8,TCGA-EE-A29L-06,Metastasis,0.9997081756591797,True
99,TCGA-3N-A9WB-06,Metastasis,9,TCGA-FS-A4FB-06,Metastasis,0.9996926188468933,True
100,TCGA-D3-A51T-06,Metastasis,0,TCGA-ER-A19D-06,Metastasis,0.999605655670166,True
100,TCGA-D3-A51T-06,Metastasis,1,TCGA-D3-A8GC-06,Metastasis,0.9993821382522583,True
100,TCGA-D3-A51T-06,Metastasis,2,TCGA-ER-A2NH-06,Metastasis,0.9993648529052734,True
100,TCGA-D3-A51T-06,Metastasis,3,TCGA-EE-A20B-06,Metastasis,0.99934983253479,True
100,TCGA-D3-A51T-06,Metastasis,4,TCGA-GN-A265-06,Metastasis,0.9991300702095032,True
100,TCGA-D3-A51T-06,Metastasis,5,TCGA-EB-A24D-01,Primary Tumor,0.9990441799163818,False
100,TCGA-D3-A51T-06,Metastasis,6,TCGA-HR-A2OH-06,Metastasis,0.9986385107040405,True
100,TCGA-D3-A51T-06,Metastasis,7,TCGA-EE-A2MP-06,Metastasis,0.9985730051994324,True
100,TCGA-D3-A51T-06,Metastasis,8,TCGA-DA-A95X-06,Metastasis,0.9984922409057617,True
100,TCGA-D3-A51T-06,Metastasis,9,TCGA-FW-A5DY-06,Metastasis,0.998089075088501,True
101,TCGA-FW-A3R5-06,Metastasis,0,TCGA-WE-AAA3-06,Metastasis,0.9998499155044556,True
101,TCGA-FW-A3R5-06,Metastasis,1,TCGA-EB-A430-01,Primary Tumor,0.9997228384017944,False
101,TCGA-FW-A3R5-06,Metastasis,2,TCGA-EE-A29X-06,Metastasis,0.9997107982635498,True
101,TCGA-FW-A3R5-06,Metastasis,3,TCGA-EB-A41B-01,Primary Tumor,0.999637246131897,False
101,TCGA-FW-A3R5-06,Metastasis,4,TCGA-W3-AA1Q-06,Metastasis,0.9996305108070374,True
101,TCGA-FW-A3R5-06,Metastasis,5,TCGA-D3-A1QA-06,Metastasis,0.9996278882026672,True
101,TCGA-FW-A3R5-06,Metastasis,6,TCGA-D3-A5GS-06,Metastasis,0.9995020627975464,True
101,TCGA-FW-A3R5-06,Metastasis,7,TCGA-EE-A3JI-06,Metastasis,0.9994884729385376,True
101,TCGA-FW-A3R5-06,Metastasis,8,TCGA-EE-A2MN-06,Metastasis,0.9994804263114929,True
101,TCGA-FW-A3R5-06,Metastasis,9,TCGA-EE-A2GM-06,Metastasis,0.9994680285453796,True
102,TCGA-FS-A1ZJ-06,Metastasis,0,TCGA-EE-A2ML-06,Metastasis,0.9997605681419373,True
102,TCGA-FS-A1ZJ-06,Metastasis,1,TCGA-EE-A2GD-06,Metastasis,0.9997313618659973,True
102,TCGA-FS-A1ZJ-06,Metastasis,2,TCGA-EE-A2MQ-06,Metastasis,0.9997182488441467,True
102,TCGA-FS-A1ZJ-06,Metastasis,3,TCGA-EB-A6L9-06,Metastasis,0.9995720982551575,True
102,TCGA-FS-A1ZJ-06,Metastasis,4,TCGA-EB-A5UM-01,Primary Tumor,0.999561071395874,False
102,TCGA-FS-A1ZJ-06,Metastasis,5,TCGA-D3-A51E-06,Metastasis,0.9994943737983704,True
102,TCGA-FS-A1ZJ-06,Metastasis,6,TCGA-GN-A26D-06,Metastasis,0.9994848370552063,True
102,TCGA-FS-A1ZJ-06,Metastasis,7,TCGA-ER-A199-06,Metastasis,0.9992288947105408,True
102,TCGA-FS-A1ZJ-06,Metastasis,8,TCGA-EB-A41A-01,Primary Tumor,0.9991394877433777,False
102,TCGA-FS-A1ZJ-06,Metastasis,9,TCGA-EE-A29P-06,Metastasis,0.9989866614341736,True
103,TCGA-BF-AAOX-01,Primary Tumor,0,TCGA-D3-A8GL-06,Metastasis,0.999817430973053,False
103,TCGA-BF-AAOX-01,Primary Tumor,1,TCGA-EB-A3XF-01,Primary Tumor,0.9993469715118408,True
103,TCGA-BF-AAOX-01,Primary Tumor,2,TCGA-GF-A3OT-06,Metastasis,0.9992631673812866,False
103,TCGA-BF-AAOX-01,Primary Tumor,3,TCGA-FS-A1ZS-06,Metastasis,0.9989601969718933,False
103,TCGA-BF-AAOX-01,Primary Tumor,4,TCGA-EB-A51B-01,Primary Tumor,0.9988817572593689,True
103,TCGA-BF-AAOX-01,Primary Tumor,5,TCGA-FS-A4F0-06,Metastasis,0.9988012909889221,False
103,TCGA-BF-AAOX-01,Primary Tumor,6,TCGA-BF-A9VF-01,Primary Tumor,0.9980535507202148,True
103,TCGA-BF-AAOX-01,Primary Tumor,7,TCGA-FS-A1ZC-06,Metastasis,0.9971751570701599,False
103,TCGA-BF-AAOX-01,Primary Tumor,8,TCGA-BF-A3DM-01,Primary Tumor,0.9970710277557373,True
103,TCGA-BF-AAOX-01,Primary Tumor,9,TCGA-ER-A3EV-06,Metastasis,0.9968811869621277,False
104,TCGA-FR-A7U9-06,Metastasis,0,TCGA-EB-A5SE-01,Primary Tumor,0.9996519684791565,False
104,TCGA-FR-A7U9-06,Metastasis,1,TCGA-W3-A828-06,Metastasis,0.9995463490486145,True
104,TCGA-FR-A7U9-06,Metastasis,2,TCGA-GN-A26A-06,Metastasis,0.9988582134246826,True
104,TCGA-FR-A7U9-06,Metastasis,3,TCGA-EE-A3AG-06,Metastasis,0.9982396364212036,True
104,TCGA-FR-A7U9-06,Metastasis,4,TCGA-FS-A1ZK-06,Metastasis,0.9981921315193176,True
104,TCGA-FR-A7U9-06,Metastasis,5,TCGA-EB-A1NK-01,Primary Tumor,0.9979872703552246,False
104,TCGA-FR-A7U9-06,Metastasis,6,TCGA-EB-A44O-01,Primary Tumor,0.9979042410850525,False
104,TCGA-FR-A7U9-06,Metastasis,7,TCGA-BF-AAP6-01,Primary Tumor,0.9973141551017761,False
104,TCGA-FR-A7U9-06,Metastasis,8,TCGA-EE-A3JE-06,Metastasis,0.9971256852149963,True
104,TCGA-FR-A7U9-06,Metastasis,9,TCGA-FW-A5DX-01,Primary Tumor,0.9969747066497803,False
105,TCGA-D3-A1Q3-06,Metastasis,0,TCGA-DA-A3F8-06,Metastasis,0.999703586101532,True
105,TCGA-D3-A1Q3-06,Metastasis,1,TCGA-D9-A3Z4-01,Primary Tumor,0.9995627999305725,False
105,TCGA-D3-A1Q3-06,Metastasis,2,TCGA-WE-AA9Y-06,Metastasis,0.9992497563362122,True
105,TCGA-D3-A1Q3-06,Metastasis,3,TCGA-YG-AA3O-06,Metastasis,0.999002993106842,True
105,TCGA-D3-A1Q3-06,Metastasis,4,TCGA-D3-A8GO-06,Metastasis,0.9989936351776123,True
105,TCGA-D3-A1Q3-06,Metastasis,5,TCGA-D3-A1Q4-06,Metastasis,0.9989475607872009,True
105,TCGA-D3-A1Q3-06,Metastasis,6,TCGA-WE-A8ZX-06,Metastasis,0.9988548159599304,True
105,TCGA-D3-A1Q3-06,Metastasis,7,TCGA-ER-A19M-06,Metastasis,0.9988515973091125,True
105,TCGA-D3-A1Q3-06,Metastasis,8,TCGA-3N-A9WC-06,Metastasis,0.9987529516220093,True
105,TCGA-D3-A1Q3-06,Metastasis,9,TCGA-WE-A8JZ-06,Metastasis,0.9987499713897705,True
106,TCGA-W3-AA1Q-06,Metastasis,0,TCGA-RP-A694-06,Metastasis,0.9998941421508789,True
106,TCGA-W3-AA1Q-06,Metastasis,1,TCGA-BF-A1PZ-01,Primary Tumor,0.9998476505279541,False
106,TCGA-W3-AA1Q-06,Metastasis,2,TCGA-DA-A95W-06,Metastasis,0.9998411536216736,True
106,TCGA-W3-AA1Q-06,Metastasis,3,TCGA-RP-A6K9-06,Metastasis,0.999839723110199,True
106,TCGA-W3-AA1Q-06,Metastasis,4,TCGA-EE-A29S-06,Metastasis,0.999799370765686,True
106,TCGA-W3-AA1Q-06,Metastasis,5,TCGA-EE-A29D-06,Metastasis,0.9997711777687073,True
106,TCGA-W3-AA1Q-06,Metastasis,6,TCGA-EE-A184-06,Metastasis,0.9997259378433228,True
106,TCGA-W3-AA1Q-06,Metastasis,7,TCGA-FW-A3R5-06,Metastasis,0.9996305108070374,True
106,TCGA-W3-AA1Q-06,Metastasis,8,TCGA-EE-A3JI-06,Metastasis,0.9996058940887451,True
106,TCGA-W3-AA1Q-06,Metastasis,9,TCGA-EE-A20I-06,Metastasis,0.9995943903923035,True
107,TCGA-D9-A1JW-06,Metastasis,0,TCGA-D3-A2JD-06,Metastasis,0.999965250492096,True
107,TCGA-D9-A1JW-06,Metastasis,1,TCGA-EE-A2MI-06,Metastasis,0.9999304413795471,True
107,TCGA-D9-A1JW-06,Metastasis,2,TCGA-EE-A2MT-06,Metastasis,0.9999141097068787,True
107,TCGA-D9-A1JW-06,Metastasis,3,TCGA-EE-A2A5-06,Metastasis,0.999904990196228,True
107,TCGA-D9-A1JW-06,Metastasis,4,TCGA-D3-A5GS-06,Metastasis,0.9998457431793213,True
107,TCGA-D9-A1JW-06,Metastasis,5,TCGA-EE-A3JI-06,Metastasis,0.9998100996017456,True
107,TCGA-D9-A1JW-06,Metastasis,6,TCGA-EE-A2MK-06,Metastasis,0.9997590780258179,True
107,TCGA-D9-A1JW-06,Metastasis,7,TCGA-FS-A1YX-06,Metastasis,0.999724268913269,True
107,TCGA-D9-A1JW-06,Metastasis,8,TCGA-BF-A1PV-01,Primary Tumor,0.9997009634971619,False
107,TCGA-D9-A1JW-06,Metastasis,9,TCGA-FS-A4FD-06,Metastasis,0.9996698498725891,True
108,TCGA-GN-A268-06,Metastasis,0,TCGA-D3-A5GO-06,Metastasis,0.9999625086784363,True
108,TCGA-GN-A268-06,Metastasis,1,TCGA-EE-A180-06,Metastasis,0.9999572038650513,True
108,TCGA-GN-A268-06,Metastasis,2,TCGA-QB-A6FS-06,Metastasis,0.999956488609314,True
108,TCGA-GN-A268-06,Metastasis,3,TCGA-BF-A5EP-01,Primary Tumor,0.9999176859855652,False
108,TCGA-GN-A268-06,Metastasis,4,TCGA-D3-A8GP-06,Metastasis,0.9999175667762756,True
108,TCGA-GN-A268-06,Metastasis,5,TCGA-FS-A4F9-06,Metastasis,0.9999145269393921,True
108,TCGA-GN-A268-06,Metastasis,6,TCGA-EE-A29L-06,Metastasis,0.9998508095741272,True
108,TCGA-GN-A268-06,Metastasis,7,TCGA-D3-A8GV-06,Metastasis,0.9998306035995483,True
108,TCGA-GN-A268-06,Metastasis,8,TCGA-Z2-AA3V-06,Metastasis,0.9998212456703186,True
108,TCGA-GN-A268-06,Metastasis,9,TCGA-ER-A2ND-06,Metastasis,0.9998205900192261,True
109,TCGA-GN-A4U7-06,Metastasis,0,TCGA-D3-A3C6-06,Metastasis,0.9999666810035706,True
109,TCGA-GN-A4U7-06,Metastasis,1,TCGA-EB-A4P0-01,Primary Tumor,0.9998773336410522,False
109,TCGA-GN-A4U7-06,Metastasis,2,TCGA-EE-A2GT-06,Metastasis,0.9998512864112854,True
109,TCGA-GN-A4U7-06,Metastasis,3,TCGA-ER-A42H-01,Primary Tumor,0.999849796295166,False
109,TCGA-GN-A4U7-06,Metastasis,4,TCGA-EE-A2GO-06,Metastasis,0.9998131990432739,True
109,TCGA-GN-A4U7-06,Metastasis,5,TCGA-EE-A17Z-06,Metastasis,0.9998032450675964,True
109,TCGA-GN-A4U7-06,Metastasis,6,TCGA-Z2-AA3V-06,Metastasis,0.9997862577438354,True
109,TCGA-GN-A4U7-06,Metastasis,7,TCGA-3N-A9WB-06,Metastasis,0.9997818470001221,True
109,TCGA-GN-A4U7-06,Metastasis,8,TCGA-EE-A29L-06,Metastasis,0.99965900182724,True
109,TCGA-GN-A4U7-06,Metastasis,9,TCGA-BF-A5EP-01,Primary Tumor,0.9996163845062256,False
110,TCGA-EE-A3J8-06,Metastasis,0,TCGA-DA-A3F2-06,Metastasis,0.9968791604042053,True
110,TCGA-EE-A3J8-06,Metastasis,1,TCGA-ER-A3EV-06,Metastasis,0.9953592419624329,True
110,TCGA-EE-A3J8-06,Metastasis,2,TCGA-BF-A9VF-01,Primary Tumor,0.9953417181968689,False
110,TCGA-EE-A3J8-06,Metastasis,3,TCGA-ER-A19T-01,Primary Tumor,0.995253324508667,False
110,TCGA-EE-A3J8-06,Metastasis,4,TCGA-EE-A3JA-06,Metastasis,0.9946969747543335,True
110,TCGA-EE-A3J8-06,Metastasis,5,TCGA-IH-A3EA-01,Primary Tumor,0.9938788414001465,False
110,TCGA-EE-A3J8-06,Metastasis,6,TCGA-EE-A20C-06,Metastasis,0.9938241243362427,True
110,TCGA-EE-A3J8-06,Metastasis,7,TCGA-EE-A182-06,Metastasis,0.993476152420044,True
110,TCGA-EE-A3J8-06,Metastasis,8,TCGA-ER-A3ES-06,Metastasis,0.993295431137085,True
110,TCGA-EE-A3J8-06,Metastasis,9,TCGA-EE-A29E-06,Metastasis,0.9923263192176819,True
111,TCGA-GN-A4U4-06,Metastasis,0,TCGA-EE-A2MF-06,Metastasis,0.9997424483299255,True
111,TCGA-GN-A4U4-06,Metastasis,1,TCGA-ER-A193-06,Metastasis,0.999600887298584,True
111,TCGA-GN-A4U4-06,Metastasis,2,TCGA-EB-A41A-01,Primary Tumor,0.9995097517967224,False
111,TCGA-GN-A4U4-06,Metastasis,3,TCGA-GN-A26D-06,Metastasis,0.9993701577186584,True
111,TCGA-GN-A4U4-06,Metastasis,4,TCGA-GF-A6C8-06,Metastasis,0.999225378036499,True
111,TCGA-GN-A4U4-06,Metastasis,5,TCGA-D3-A3MU-06,Metastasis,0.9991024732589722,True
111,TCGA-GN-A4U4-06,Metastasis,6,TCGA-EB-A5UM-01,Primary Tumor,0.9990038871765137,False
111,TCGA-GN-A4U4-06,Metastasis,7,TCGA-EE-A2GN-06,Metastasis,0.9988800287246704,True
111,TCGA-GN-A4U4-06,Metastasis,8,TCGA-ER-A199-06,Metastasis,0.9988736510276794,True
111,TCGA-GN-A4U4-06,Metastasis,9,TCGA-ER-A19Q-06,Metastasis,0.9987363219261169,True
112,TCGA-D3-A2JD-06,Metastasis,0,TCGA-D9-A1JW-06,Metastasis,0.999965250492096,True
112,TCGA-D3-A2JD-06,Metastasis,1,TCGA-EE-A2MI-06,Metastasis,0.9998957514762878,True
112,TCGA-D3-A2JD-06,Metastasis,2,TCGA-EE-A2MT-06,Metastasis,0.9998466968536377,True
112,TCGA-D3-A2JD-06,Metastasis,3,TCGA-EE-A2A5-06,Metastasis,0.9998306035995483,True
112,TCGA-D3-A2JD-06,Metastasis,4,TCGA-FS-A1YX-06,Metastasis,0.9998008012771606,True
112,TCGA-D3-A2JD-06,Metastasis,5,TCGA-D3-A5GS-06,Metastasis,0.9997198581695557,True
112,TCGA-D3-A2JD-06,Metastasis,6,TCGA-BF-A1PV-01,Primary Tumor,0.9997074604034424,False
112,TCGA-D3-A2JD-06,Metastasis,7,TCGA-FS-A4FD-06,Metastasis,0.999663770198822,True
112,TCGA-D3-A2JD-06,Metastasis,8,TCGA-EE-A3JI-06,Metastasis,0.9996544122695923,True
112,TCGA-D3-A2JD-06,Metastasis,9,TCGA-EE-A2MK-06,Metastasis,0.9996536374092102,True
113,TCGA-WE-A8JZ-06,Metastasis,0,TCGA-D3-A1Q4-06,Metastasis,0.9999203085899353,True
113,TCGA-WE-A8JZ-06,Metastasis,1,TCGA-WE-AA9Y-06,Metastasis,0.9998714327812195,True
113,TCGA-WE-A8JZ-06,Metastasis,2,TCGA-3N-A9WD-06,Metastasis,0.9998459219932556,True
113,TCGA-WE-A8JZ-06,Metastasis,3,TCGA-ER-A19M-06,Metastasis,0.9997027516365051,True
113,TCGA-WE-A8JZ-06,Metastasis,4,TCGA-D3-A8GO-06,Metastasis,0.9995951652526855,True
113,TCGA-WE-A8JZ-06,Metastasis,5,TCGA-DA-A3F8-06,Metastasis,0.9995898008346558,True
113,TCGA-WE-A8JZ-06,Metastasis,6,TCGA-3N-A9WC-06,Metastasis,0.9995849132537842,True
113,TCGA-WE-A8JZ-06,Metastasis,7,TCGA-D9-A3Z4-01,Primary Tumor,0.9995787739753723,False
113,TCGA-WE-A8JZ-06,Metastasis,8,TCGA-EE-A2GU-06,Metastasis,0.9995284080505371,True
113,TCGA-WE-A8JZ-06,Metastasis,9,TCGA-D3-A1Q8-06,Metastasis,0.9994251132011414,True
114,TCGA-Z2-AA3S-06,Metastasis,0,TCGA-D3-A2JP-06,Metastasis,0.9999478459358215,True
114,TCGA-Z2-AA3S-06,Metastasis,1,TCGA-FS-A1Z7-06,Metastasis,0.9996961951255798,True
114,TCGA-Z2-AA3S-06,Metastasis,2,TCGA-D9-A148-06,Metastasis,0.9996665120124817,True
114,TCGA-Z2-AA3S-06,Metastasis,3,TCGA-FS-A1YW-06,Metastasis,0.9996059536933899,True
114,TCGA-Z2-AA3S-06,Metastasis,4,TCGA-BF-AAP4-01,Primary Tumor,0.9995218515396118,False
114,TCGA-Z2-AA3S-06,Metastasis,5,TCGA-FR-A3YN-06,Metastasis,0.999474287033081,True
114,TCGA-Z2-AA3S-06,Metastasis,6,TCGA-EE-A3J5-06,Metastasis,0.9993257522583008,True
114,TCGA-Z2-AA3S-06,Metastasis,7,TCGA-D3-A1QA-07,Metastasis,0.9991252422332764,True
114,TCGA-Z2-AA3S-06,Metastasis,8,TCGA-FR-A728-01,Primary Tumor,0.9988731741905212,False
114,TCGA-Z2-AA3S-06,Metastasis,9,TCGA-D9-A149-06,Metastasis,0.9987172484397888,True
115,TCGA-BF-A5EO-01,Primary Tumor,0,TCGA-FS-A1ZD-06,Metastasis,0.9998449683189392,False
115,TCGA-BF-A5EO-01,Primary Tumor,1,TCGA-EE-A29W-06,Metastasis,0.9991558790206909,False
115,TCGA-BF-A5EO-01,Primary Tumor,2,TCGA-EB-A82C-01,Primary Tumor,0.9990110993385315,True
115,TCGA-BF-A5EO-01,Primary Tumor,3,TCGA-EE-A2M5-06,Metastasis,0.9987300038337708,False
115,TCGA-BF-A5EO-01,Primary Tumor,4,TCGA-DA-A1IC-06,Metastasis,0.9985496401786804,False
115,TCGA-BF-A5EO-01,Primary Tumor,5,TCGA-EB-A44O-01,Primary Tumor,0.9984865784645081,True
115,TCGA-BF-A5EO-01,Primary Tumor,6,TCGA-EE-A3JD-06,Metastasis,0.9983430504798889,False
115,TCGA-BF-A5EO-01,Primary Tumor,7,TCGA-FS-A1ZK-06,Metastasis,0.9982539415359497,False
115,TCGA-BF-A5EO-01,Primary Tumor,8,TCGA-D9-A4Z6-06,Metastasis,0.9982448816299438,False
115,TCGA-BF-A5EO-01,Primary Tumor,9,TCGA-D3-A51G-06,Metastasis,0.9978693127632141,False
116,TCGA-EE-A29V-06,Metastasis,0,TCGA-FS-A1ZE-06,Metastasis,0.9998881220817566,True
116,TCGA-EE-A29V-06,Metastasis,1,TCGA-D3-A51G-06,Metastasis,0.9998794198036194,True
116,TCGA-EE-A29V-06,Metastasis,2,TCGA-DA-A1I7-06,Metastasis,0.9997434020042419,True
116,TCGA-EE-A29V-06,Metastasis,3,TCGA-EB-A5UN-06,Metastasis,0.9996817708015442,True
116,TCGA-EE-A29V-06,Metastasis,4,TCGA-ER-A19L-06,Metastasis,0.9994242787361145,True
116,TCGA-EE-A29V-06,Metastasis,5,TCGA-WE-A8K6-06,Metastasis,0.999354898929596,True
116,TCGA-EE-A29V-06,Metastasis,6,TCGA-EB-A82C-01,Primary Tumor,0.9992254972457886,False
116,TCGA-EE-A29V-06,Metastasis,7,TCGA-EE-A17Z-06,Metastasis,0.9992064237594604,True
116,TCGA-EE-A29V-06,Metastasis,8,TCGA-DA-A3F5-06,Metastasis,0.9990057349205017,True
116,TCGA-EE-A29V-06,Metastasis,9,TCGA-D9-A4Z6-06,Metastasis,0.9989026188850403,True
117,TCGA-FS-A1ZR-06,Metastasis,0,TCGA-DA-A1HV-06,Metastasis,0.9981213808059692,True
117,TCGA-FS-A1ZR-06,Metastasis,1,TCGA-FS-A1ZA-06,Metastasis,0.9974589943885803,True
117,TCGA-FS-A1ZR-06,Metastasis,2,TCGA-EE-A2MG-06,Metastasis,0.9966862201690674,True
117,TCGA-FS-A1ZR-06,Metastasis,3,TCGA-FS-A1Z4-06,Metastasis,0.9961861968040466,True
117,TCGA-FS-A1ZR-06,Metastasis,4,TCGA-EE-A2GB-06,Metastasis,0.9958027005195618,True
117,TCGA-FS-A1ZR-06,Metastasis,5,TCGA-FS-A1ZM-06,Metastasis,0.995388925075531,True
117,TCGA-FS-A1ZR-06,Metastasis,6,TCGA-BF-AAP2-01,Primary Tumor,0.9947469830513,False
117,TCGA-FS-A1ZR-06,Metastasis,7,TCGA-EE-A2GE-06,Metastasis,0.9927634596824646,True
117,TCGA-FS-A1ZR-06,Metastasis,8,TCGA-EB-A4IS-01,Primary Tumor,0.9925286769866943,False
117,TCGA-FS-A1ZR-06,Metastasis,9,TCGA-EE-A2GK-06,Metastasis,0.9923202395439148,True
118,TCGA-D3-A3MR-06,Metastasis,0,TCGA-FW-A5DY-06,Metastasis,0.9999436736106873,True
118,TCGA-D3-A3MR-06,Metastasis,1,TCGA-EE-A2GP-06,Metastasis,0.9995619654655457,True
118,TCGA-D3-A3MR-06,Metastasis,2,TCGA-D3-A2JC-06,Metastasis,0.9992508888244629,True
118,TCGA-D3-A3MR-06,Metastasis,3,TCGA-FS-A1ZT-06,Metastasis,0.9992188811302185,True
118,TCGA-D3-A3MR-06,Metastasis,4,TCGA-D3-A51J-06,Metastasis,0.999218225479126,True
118,TCGA-D3-A3MR-06,Metastasis,5,TCGA-ER-A19D-06,Metastasis,0.9991917610168457,True
118,TCGA-D3-A3MR-06,Metastasis,6,TCGA-EE-A2MS-06,Metastasis,0.9987884163856506,True
118,TCGA-D3-A3MR-06,Metastasis,7,TCGA-GN-A266-06,Metastasis,0.9987188577651978,True
118,TCGA-D3-A3MR-06,Metastasis,8,TCGA-D3-A1Q7-06,Metastasis,0.9986305832862854,True
118,TCGA-D3-A3MR-06,Metastasis,9,TCGA-DA-A1HW-06,Metastasis,0.9985066652297974,True
119,TCGA-FS-A4F0-06,Metastasis,0,TCGA-EE-A3JD-06,Metastasis,0.999421238899231,True
119,TCGA-FS-A4F0-06,Metastasis,1,TCGA-EE-A29W-06,Metastasis,0.9991960525512695,True
119,TCGA-FS-A4F0-06,Metastasis,2,TCGA-EB-A51B-01,Primary Tumor,0.9990575313568115,False
119,TCGA-FS-A4F0-06,Metastasis,3,TCGA-D3-A51G-06,Metastasis,0.9989325404167175,True
119,TCGA-FS-A4F0-06,Metastasis,4,TCGA-D3-A8GL-06,Metastasis,0.9988266229629517,True
119,TCGA-FS-A4F0-06,Metastasis,5,TCGA-BF-AAOX-01,Primary Tumor,0.9988012909889221,False
119,TCGA-FS-A4F0-06,Metastasis,6,TCGA-EE-A29V-06,Metastasis,0.9984684586524963,True
119,TCGA-FS-A4F0-06,Metastasis,7,TCGA-FS-A1ZS-06,Metastasis,0.9981803894042969,True
119,TCGA-FS-A4F0-06,Metastasis,8,TCGA-FS-A1ZE-06,Metastasis,0.9980444312095642,True
119,TCGA-FS-A4F0-06,Metastasis,9,TCGA-FS-A1ZD-06,Metastasis,0.9976476430892944,True
120,TCGA-D3-A3MV-06,Metastasis,0,TCGA-BF-AAP6-01,Primary Tumor,0.9998181462287903,False
120,TCGA-D3-A3MV-06,Metastasis,1,TCGA-FS-A4F5-06,Metastasis,0.9997631907463074,True
120,TCGA-D3-A3MV-06,Metastasis,2,TCGA-FS-A1Z3-06,Metastasis,0.9996176958084106,True
120,TCGA-D3-A3MV-06,Metastasis,3,TCGA-FS-A1ZZ-06,Metastasis,0.9994150400161743,True
120,TCGA-D3-A3MV-06,Metastasis,4,TCGA-EE-A3AD-06,Metastasis,0.9989637136459351,True
120,TCGA-D3-A3MV-06,Metastasis,5,TCGA-EE-A3AG-06,Metastasis,0.9987998604774475,True
120,TCGA-D3-A3MV-06,Metastasis,6,TCGA-GN-A26C-01,Primary Tumor,0.9985781311988831,False
120,TCGA-D3-A3MV-06,Metastasis,7,TCGA-D3-A3CB-06,Metastasis,0.9983725547790527,True
120,TCGA-D3-A3MV-06,Metastasis,8,TCGA-GF-A6C9-06,Metastasis,0.9982054829597473,True
120,TCGA-D3-A3MV-06,Metastasis,9,TCGA-W3-A828-06,Metastasis,0.9981998205184937,True
121,TCGA-XV-AB01-06,Metastasis,0,TCGA-EE-A29B-06,Metastasis,0.9999698996543884,True
121,TCGA-XV-AB01-06,Metastasis,1,TCGA-EB-A553-01,Primary Tumor,0.999945342540741,False
121,TCGA-XV-AB01-06,Metastasis,2,TCGA-DA-A95Z-06,Metastasis,0.9998623728752136,True
121,TCGA-XV-AB01-06,Metastasis,3,TCGA-FS-A1ZU-06,Metastasis,0.9998519420623779,True
121,TCGA-XV-AB01-06,Metastasis,4,TCGA-D3-A8GI-06,Metastasis,0.9998482465744019,True
121,TCGA-XV-AB01-06,Metastasis,5,TCGA-BF-A5ER-01,Primary Tumor,0.9998122453689575,False
121,TCGA-XV-AB01-06,Metastasis,6,TCGA-GN-A8LK-06,Metastasis,0.9997067451477051,True
121,TCGA-XV-AB01-06,Metastasis,7,TCGA-ER-A194-01,Primary Tumor,0.9995803236961365,False
121,TCGA-XV-AB01-06,Metastasis,8,TCGA-BF-A3DL-01,Primary Tumor,0.9994801878929138,False
121,TCGA-XV-AB01-06,Metastasis,9,TCGA-FS-A1ZY-06,Metastasis,0.9994240403175354,True
122,TCGA-EE-A2A2-06,Metastasis,0,TCGA-EE-A2GL-06,Metastasis,0.9998496770858765,True
122,TCGA-EE-A2A2-06,Metastasis,1,TCGA-D3-A3CF-06,Metastasis,0.9996494054794312,True
122,TCGA-EE-A2A2-06,Metastasis,2,TCGA-GN-A9SD-06,Metastasis,0.999517023563385,True
122,TCGA-EE-A2A2-06,Metastasis,3,TCGA-D9-A1JX-06,Metastasis,0.9993944764137268,True
122,TCGA-EE-A2A2-06,Metastasis,4,TCGA-EE-A2A6-06,Metastasis,0.9990161657333374,True
122,TCGA-EE-A2A2-06,Metastasis,5,TCGA-GN-A4U8-06,Metastasis,0.9986094832420349,True
122,TCGA-EE-A2A2-06,Metastasis,6,TCGA-D3-A8GB-06,Metastasis,0.9979669451713562,True
122,TCGA-EE-A2A2-06,Metastasis,7,TCGA-WE-A8K1-06,Metastasis,0.9977714419364929,True
122,TCGA-EE-A2A2-06,Metastasis,8,TCGA-FS-A1ZT-06,Metastasis,0.9977279901504517,True
122,TCGA-EE-A2A2-06,Metastasis,9,TCGA-FR-A44A-06,Metastasis,0.9974192380905151,True
123,TCGA-ER-A3ET-06,Metastasis,0,TCGA-D3-A2J7-06,Metastasis,0.9999169707298279,True
123,TCGA-ER-A3ET-06,Metastasis,1,TCGA-BF-A3DN-01,Primary Tumor,0.9998152852058411,False
123,TCGA-ER-A3ET-06,Metastasis,2,TCGA-EE-A2M6-06,Metastasis,0.999809205532074,True
123,TCGA-ER-A3ET-06,Metastasis,3,TCGA-D9-A3Z1-06,Metastasis,0.9997832775115967,True
123,TCGA-ER-A3ET-06,Metastasis,4,TCGA-EE-A29T-06,Metastasis,0.9997583627700806,True
123,TCGA-ER-A3ET-06,Metastasis,5,TCGA-RP-A693-06,Metastasis,0.9993868470191956,True
123,TCGA-ER-A3ET-06,Metastasis,6,TCGA-EE-A2MU-06,Metastasis,0.9993171691894531,True
123,TCGA-ER-A3ET-06,Metastasis,7,TCGA-FS-A1ZF-06,Metastasis,0.9992603063583374,True
123,TCGA-ER-A3ET-06,Metastasis,8,TCGA-ER-A2NC-06,Metastasis,0.999221920967102,True
123,TCGA-ER-A3ET-06,Metastasis,9,TCGA-FR-A3R1-01,Primary Tumor,0.9992113709449768,False
124,TCGA-D3-A8GC-06,Metastasis,0,TCGA-GN-A265-06,Metastasis,0.9998601078987122,True
124,TCGA-D3-A8GC-06,Metastasis,1,TCGA-EE-A20B-06,Metastasis,0.9997774958610535,True
124,TCGA-D3-A8GC-06,Metastasis,2,TCGA-EE-A2MP-06,Metastasis,0.9997329115867615,True
124,TCGA-D3-A8GC-06,Metastasis,3,TCGA-D3-A51T-06,Metastasis,0.9993821382522583,True
124,TCGA-D3-A8GC-06,Metastasis,4,TCGA-DA-A95X-06,Metastasis,0.999207615852356,True
124,TCGA-D3-A8GC-06,Metastasis,5,TCGA-HR-A2OH-06,Metastasis,0.9991239905357361,True
124,TCGA-D3-A8GC-06,Metastasis,6,TCGA-EE-A3JB-06,Metastasis,0.9990257620811462,True
124,TCGA-D3-A8GC-06,Metastasis,7,TCGA-ER-A19D-06,Metastasis,0.9989488124847412,True
124,TCGA-D3-A8GC-06,Metastasis,8,TCGA-EB-A24D-01,Primary Tumor,0.9988173246383667,False
124,TCGA-D3-A8GC-06,Metastasis,9,TCGA-FS-A4F8-06,Metastasis,0.9983524680137634,True
125,TCGA-FS-A4F5-06,Metastasis,0,TCGA-D3-A3MV-06,Metastasis,0.9997631907463074,True
125,TCGA-FS-A4F5-06,Metastasis,1,TCGA-FS-A1Z3-06,Metastasis,0.9996469616889954,True
125,TCGA-FS-A4F5-06,Metastasis,2,TCGA-FS-A1ZZ-06,Metastasis,0.9995540976524353,True
125,TCGA-FS-A4F5-06,Metastasis,3,TCGA-BF-AAP6-01,Primary Tumor,0.9993510842323303,False
125,TCGA-FS-A4F5-06,Metastasis,4,TCGA-GN-A26C-01,Primary Tumor,0.9992684125900269,False
125,TCGA-FS-A4F5-06,Metastasis,5,TCGA-GF-A6C9-06,Metastasis,0.9991974830627441,True
125,TCGA-FS-A4F5-06,Metastasis,6,TCGA-D3-A3CB-06,Metastasis,0.9990911483764648,True
125,TCGA-FS-A4F5-06,Metastasis,7,TCGA-ER-A197-06,Metastasis,0.998556911945343,True
125,TCGA-FS-A4F5-06,Metastasis,8,TCGA-EE-A3AD-06,Metastasis,0.9985460638999939,True
125,TCGA-FS-A4F5-06,Metastasis,9,TCGA-W3-AA1W-06,Metastasis,0.9985354542732239,True
126,TCGA-WE-AAA3-06,Metastasis,0,TCGA-EE-A29X-06,Metastasis,0.9998819231987,True
126,TCGA-WE-AAA3-06,Metastasis,1,TCGA-FW-A3R5-06,Metastasis,0.9998499155044556,True
126,TCGA-WE-AAA3-06,Metastasis,2,TCGA-EB-A430-01,Primary Tumor,0.9997981190681458,False
126,TCGA-WE-AAA3-06,Metastasis,3,TCGA-EE-A2GM-06,Metastasis,0.9996816515922546,True
126,TCGA-WE-AAA3-06,Metastasis,4,TCGA-EE-A2MN-06,Metastasis,0.9996066093444824,True
126,TCGA-WE-AAA3-06,Metastasis,5,TCGA-ER-A198-06,Metastasis,0.99953293800354,True
126,TCGA-WE-AAA3-06,Metastasis,6,TCGA-EB-A41B-01,Primary Tumor,0.9994683265686035,False
126,TCGA-WE-AAA3-06,Metastasis,7,TCGA-FR-A8YD-06,Metastasis,0.9994346499443054,True
126,TCGA-WE-AAA3-06,Metastasis,8,TCGA-D3-A1QA-06,Metastasis,0.9993704557418823,True
126,TCGA-WE-AAA3-06,Metastasis,9,TCGA-W3-AA1Q-06,Metastasis,0.9990912079811096,True
127,TCGA-D9-A149-06,Metastasis,0,TCGA-EE-A3J5-06,Metastasis,0.9998819828033447,True
127,TCGA-D9-A149-06,Metastasis,1,TCGA-FR-A728-01,Primary Tumor,0.999836266040802,False
127,TCGA-D9-A149-06,Metastasis,2,TCGA-FR-A3YN-06,Metastasis,0.999810516834259,True
127,TCGA-D9-A149-06,Metastasis,3,TCGA-FS-A1YW-06,Metastasis,0.9996618032455444,True
127,TCGA-D9-A149-06,Metastasis,4,TCGA-D9-A148-06,Metastasis,0.9994033575057983,True
127,TCGA-D9-A149-06,Metastasis,5,TCGA-D3-A2JP-06,Metastasis,0.9989300966262817,True
127,TCGA-D9-A149-06,Metastasis,6,TCGA-Z2-AA3S-06,Metastasis,0.9987172484397888,True
127,TCGA-D9-A149-06,Metastasis,7,TCGA-ER-A193-06,Metastasis,0.9981409907341003,True
127,TCGA-D9-A149-06,Metastasis,8,TCGA-YG-AA3O-06,Metastasis,0.9977437257766724,True
127,TCGA-D9-A149-06,Metastasis,9,TCGA-FS-A1Z7-06,Metastasis,0.99770188331604,True
128,TCGA-HR-A5NC-01,Primary Tumor,0,TCGA-EB-A4OZ-01,Primary Tumor,0.9979146122932434,True
128,TCGA-HR-A5NC-01,Primary Tumor,1,TCGA-ER-A196-01,Primary Tumor,0.9971911311149597,True
128,TCGA-HR-A5NC-01,Primary Tumor,2,TCGA-FS-A1ZC-06,Metastasis,0.9918988943099976,False
128,TCGA-HR-A5NC-01,Primary Tumor,3,TCGA-ER-A2NB-01,Primary Tumor,0.9911009669303894,True
128,TCGA-HR-A5NC-01,Primary Tumor,4,TCGA-EB-A5SF-01,Primary Tumor,0.9893067479133606,True
128,TCGA-HR-A5NC-01,Primary Tumor,5,TCGA-BF-A9VF-01,Primary Tumor,0.9888168573379517,True
128,TCGA-HR-A5NC-01,Primary Tumor,6,TCGA-EB-A3HV-01,Primary Tumor,0.9874857664108276,True
128,TCGA-HR-A5NC-01,Primary Tumor,7,TCGA-GF-A3OT-06,Metastasis,0.9864938855171204,False
128,TCGA-HR-A5NC-01,Primary Tumor,8,TCGA-EE-A3J8-06,Metastasis,0.9860362410545349,False
128,TCGA-HR-A5NC-01,Primary Tumor,9,TCGA-EB-A4IQ-01,Primary Tumor,0.9848136901855469,True
129,TCGA-GN-A4U8-06,Metastasis,0,TCGA-EB-A5UL-06,Metastasis,0.9997759461402893,True
129,TCGA-GN-A4U8-06,Metastasis,1,TCGA-GN-A9SD-06,Metastasis,0.9992517232894897,True
129,TCGA-GN-A4U8-06,Metastasis,2,TCGA-BF-AAP0-06,Metastasis,0.9992187023162842,True
129,TCGA-GN-A4U8-06,Metastasis,3,TCGA-EE-A3J3-06,Metastasis,0.9987944960594177,True
129,TCGA-GN-A4U8-06,Metastasis,4,TCGA-EE-A2A2-06,Metastasis,0.9986094832420349,True
129,TCGA-GN-A4U8-06,Metastasis,5,TCGA-EE-A2GL-06,Metastasis,0.9984362721443176,True
129,TCGA-GN-A4U8-06,Metastasis,6,TCGA-D3-A3CF-06,Metastasis,0.9979480504989624,True
129,TCGA-GN-A4U8-06,Metastasis,7,TCGA-D9-A1JX-06,Metastasis,0.99763023853302,True
129,TCGA-GN-A4U8-06,Metastasis,8,TCGA-EE-A2A6-06,Metastasis,0.9970154166221619,True
129,TCGA-GN-A4U8-06,Metastasis,9,TCGA-EE-A20F-06,Metastasis,0.996961236000061,True
130,TCGA-XV-A9W5-01,Primary Tumor,0,TCGA-W3-AA1V-06,Metastasis,0.9996141791343689,False
130,TCGA-XV-A9W5-01,Primary Tumor,1,TCGA-FS-A1ZB-06,Metastasis,0.9991876482963562,False
130,TCGA-XV-A9W5-01,Primary Tumor,2,TCGA-WE-A8ZM-06,Metastasis,0.9986902475357056,False
130,TCGA-XV-A9W5-01,Primary Tumor,3,TCGA-EB-A5SE-01,Primary Tumor,0.9983861446380615,True
130,TCGA-XV-A9W5-01,Primary Tumor,4,TCGA-GF-A2C7-01,Primary Tumor,0.9983527064323425,True
130,TCGA-XV-A9W5-01,Primary Tumor,5,TCGA-EB-A1NK-01,Primary Tumor,0.9980149269104004,True
130,TCGA-XV-A9W5-01,Primary Tumor,6,TCGA-GN-A26A-06,Metastasis,0.9978838562965393,False
130,TCGA-XV-A9W5-01,Primary Tumor,7,TCGA-DA-A1I8-06,Metastasis,0.9975787997245789,False
130,TCGA-XV-A9W5-01,Primary Tumor,8,TCGA-FR-A7U9-06,Metastasis,0.9969466924667358,False
130,TCGA-XV-A9W5-01,Primary Tumor,9,TCGA-YG-AA3N-01,Primary Tumor,0.9960412383079529,True
131,TCGA-D9-A4Z3-01,Primary Tumor,0,TCGA-FS-A1ZG-06,Metastasis,0.9999275803565979,False
131,TCGA-D9-A4Z3-01,Primary Tumor,1,TCGA-ER-A19O-06,Metastasis,0.9997825026512146,False
131,TCGA-D9-A4Z3-01,Primary Tumor,2,TCGA-D3-A8GK-06,Metastasis,0.999709963798523,False
131,TCGA-D9-A4Z3-01,Primary Tumor,3,TCGA-YG-AA3P-06,Metastasis,0.999701201915741,False
131,TCGA-D9-A4Z3-01,Primary Tumor,4,TCGA-BF-A5ES-01,Primary Tumor,0.9997001886367798,True
131,TCGA-D9-A4Z3-01,Primary Tumor,5,TCGA-EB-A5KH-06,Metastasis,0.9996793270111084,False
131,TCGA-D9-A4Z3-01,Primary Tumor,6,TCGA-FR-A3YO-06,Metastasis,0.9996345043182373,False
131,TCGA-D9-A4Z3-01,Primary Tumor,7,TCGA-FS-A4F4-06,Metastasis,0.9996194839477539,False
131,TCGA-D9-A4Z3-01,Primary Tumor,8,TCGA-DA-A1IA-06,Metastasis,0.9996132850646973,False
131,TCGA-D9-A4Z3-01,Primary Tumor,9,TCGA-EB-A5SH-06,Metastasis,0.9995477795600891,False
132,TCGA-WE-A8K4-01,Primary Tumor,0,TCGA-EB-A44Q-06,Metastasis,0.999931275844574,False
132,TCGA-WE-A8K4-01,Primary Tumor,1,TCGA-D3-A2JO-06,Metastasis,0.9998794794082642,False
132,TCGA-WE-A8K4-01,Primary Tumor,2,TCGA-EE-A2MD-06,Metastasis,0.999690055847168,False
132,TCGA-WE-A8K4-01,Primary Tumor,3,TCGA-D9-A3Z3-06,Metastasis,0.9995160698890686,False
132,TCGA-WE-A8K4-01,Primary Tumor,4,TCGA-D3-A1Q8-06,Metastasis,0.9993916749954224,False
132,TCGA-WE-A8K4-01,Primary Tumor,5,TCGA-D3-A51N-06,Metastasis,0.9993572235107422,False
132,TCGA-WE-A8K4-01,Primary Tumor,6,TCGA-GN-A8LN-01,Primary Tumor,0.9993225336074829,True
132,TCGA-WE-A8K4-01,Primary Tumor,7,TCGA-D3-A1Q9-06,Metastasis,0.9992570877075195,False
132,TCGA-WE-A8K4-01,Primary Tumor,8,TCGA-ER-A19G-06,Metastasis,0.9991813898086548,False
132,TCGA-WE-A8K4-01,Primary Tumor,9,TCGA-EE-A2GH-06,Metastasis,0.9991698861122131,False
133,TCGA-EE-A2GJ-06,Metastasis,0,TCGA-QB-AA9O-06,Metastasis,0.9997089505195618,True
133,TCGA-EE-A2GJ-06,Metastasis,1,TCGA-FS-A1YX-06,Metastasis,0.9995946884155273,True
133,TCGA-EE-A2GJ-06,Metastasis,2,TCGA-D9-A6E9-06,Metastasis,0.9995715618133545,True
133,TCGA-EE-A2GJ-06,Metastasis,3,TCGA-D3-A3C7-06,Metastasis,0.9995653629302979,True
133,TCGA-EE-A2GJ-06,Metastasis,4,TCGA-EB-A42Y-01,Primary Tumor,0.9995545744895935,False
133,TCGA-EE-A2GJ-06,Metastasis,5,TCGA-D3-A2JL-06,Metastasis,0.999532163143158,True
133,TCGA-EE-A2GJ-06,Metastasis,6,TCGA-ER-A19C-06,Metastasis,0.9994044899940491,True
133,TCGA-EE-A2GJ-06,Metastasis,7,TCGA-EE-A29R-06,Metastasis,0.9993987679481506,True
133,TCGA-EE-A2GJ-06,Metastasis,8,TCGA-FS-A4FD-06,Metastasis,0.9993404150009155,True
133,TCGA-EE-A2GJ-06,Metastasis,9,TCGA-D3-A2JD-06,Metastasis,0.9993040561676025,True
134,TCGA-EE-A29X-06,Metastasis,0,TCGA-WE-AAA3-06,Metastasis,0.9998819231987,True
134,TCGA-EE-A29X-06,Metastasis,1,TCGA-EE-A2MN-06,Metastasis,0.99986332654953,True
134,TCGA-EE-A29X-06,Metastasis,2,TCGA-EE-A2GM-06,Metastasis,0.9998545050621033,True
134,TCGA-EE-A29X-06,Metastasis,3,TCGA-ER-A198-06,Metastasis,0.9997445940971375,True
134,TCGA-EE-A29X-06,Metastasis,4,TCGA-FW-A3R5-06,Metastasis,0.9997107982635498,True
134,TCGA-EE-A29X-06,Metastasis,5,TCGA-EB-A41B-01,Primary Tumor,0.9996318221092224,False
134,TCGA-EE-A29X-06,Metastasis,6,TCGA-FR-A8YD-06,Metastasis,0.9995977282524109,True
134,TCGA-EE-A29X-06,Metastasis,7,TCGA-D3-A1QA-06,Metastasis,0.999503493309021,True
134,TCGA-EE-A29X-06,Metastasis,8,TCGA-EB-A430-01,Primary Tumor,0.999442458152771,False
134,TCGA-EE-A29X-06,Metastasis,9,TCGA-BF-A1PV-01,Primary Tumor,0.9993870258331299,False
135,TCGA-EB-A4IS-01,Primary Tumor,0,TCGA-D3-A2JB-06,Metastasis,0.9993159174919128,False
135,TCGA-EB-A4IS-01,Primary Tumor,1,TCGA-WE-A8ZR-06,Metastasis,0.9979776740074158,False
135,TCGA-EB-A4IS-01,Primary Tumor,2,TCGA-BF-AAP2-01,Primary Tumor,0.996981143951416,True
135,TCGA-EB-A4IS-01,Primary Tumor,3,TCGA-DA-A1HV-06,Metastasis,0.9955467581748962,False
135,TCGA-EB-A4IS-01,Primary Tumor,4,TCGA-EE-A2GE-06,Metastasis,0.9954492449760437,False
135,TCGA-EB-A4IS-01,Primary Tumor,5,TCGA-EE-A2MG-06,Metastasis,0.9950942993164062,False
135,TCGA-EB-A4IS-01,Primary Tumor,6,TCGA-FS-A1ZH-06,Metastasis,0.9949532151222229,False
135,TCGA-EB-A4IS-01,Primary Tumor,7,TCGA-EE-A2MH-06,Metastasis,0.9948121905326843,False
135,TCGA-EB-A4IS-01,Primary Tumor,8,TCGA-D3-A8GD-06,Metastasis,0.9935811758041382,False
135,TCGA-EB-A4IS-01,Primary Tumor,9,TCGA-W3-A825-06,Metastasis,0.9928073883056641,False
136,TCGA-ER-A2ND-06,Metastasis,0,TCGA-EE-A180-06,Metastasis,0.9999085068702698,True
136,TCGA-ER-A2ND-06,Metastasis,1,TCGA-EE-A17X-06,Metastasis,0.9999012351036072,True
136,TCGA-ER-A2ND-06,Metastasis,2,TCGA-D3-A5GO-06,Metastasis,0.9998642206192017,True
136,TCGA-ER-A2ND-06,Metastasis,3,TCGA-GN-A268-06,Metastasis,0.9998205900192261,True
136,TCGA-ER-A2ND-06,Metastasis,4,TCGA-FS-A1YY-06,Metastasis,0.9997977614402771,True
136,TCGA-ER-A2ND-06,Metastasis,5,TCGA-WE-A8ZN-06,Metastasis,0.9997722506523132,True
136,TCGA-ER-A2ND-06,Metastasis,6,TCGA-D3-A8GV-06,Metastasis,0.9997521042823792,True
136,TCGA-ER-A2ND-06,Metastasis,7,TCGA-FS-A4F9-06,Metastasis,0.9996516704559326,True
136,TCGA-ER-A2ND-06,Metastasis,8,TCGA-QB-A6FS-06,Metastasis,0.9996487498283386,True
136,TCGA-ER-A2ND-06,Metastasis,9,TCGA-EE-A3AF-06,Metastasis,0.9996424317359924,True
137,TCGA-D3-A1Q9-06,Metastasis,0,TCGA-GN-A8LN-01,Primary Tumor,0.9998770356178284,False
137,TCGA-D3-A1Q9-06,Metastasis,1,TCGA-D3-A8GN-06,Metastasis,0.9998129606246948,True
137,TCGA-D3-A1Q9-06,Metastasis,2,TCGA-FS-A1ZQ-06,Metastasis,0.9997868537902832,True
137,TCGA-D3-A1Q9-06,Metastasis,3,TCGA-ER-A2NG-06,Metastasis,0.9996669888496399,True
137,TCGA-D3-A1Q9-06,Metastasis,4,TCGA-D3-A2JA-06,Metastasis,0.9996345639228821,True
137,TCGA-D3-A1Q9-06,Metastasis,5,TCGA-EE-A2MD-06,Metastasis,0.9995921850204468,True
137,TCGA-D3-A1Q9-06,Metastasis,6,TCGA-D9-A3Z3-06,Metastasis,0.999464750289917,True
137,TCGA-D3-A1Q9-06,Metastasis,7,TCGA-ER-A19B-06,Metastasis,0.9994155764579773,True
137,TCGA-D3-A1Q9-06,Metastasis,8,TCGA-D3-A1Q8-06,Metastasis,0.9993972182273865,True
137,TCGA-D3-A1Q9-06,Metastasis,9,TCGA-D3-A5GN-06,Metastasis,0.9992956519126892,True
138,TCGA-FS-A4FD-06,Metastasis,0,TCGA-BF-A1PV-01,Primary Tumor,0.9999513030052185,False
138,TCGA-FS-A4FD-06,Metastasis,1,TCGA-D3-A1QA-06,Metastasis,0.9999169707298279,True
138,TCGA-FS-A4FD-06,Metastasis,2,TCGA-EB-A41B-01,Primary Tumor,0.9999006986618042,False
138,TCGA-FS-A4FD-06,Metastasis,3,TCGA-EE-A2A5-06,Metastasis,0.9998552203178406,True
138,TCGA-FS-A4FD-06,Metastasis,4,TCGA-D3-A5GS-06,Metastasis,0.9997096061706543,True
138,TCGA-FS-A4FD-06,Metastasis,5,TCGA-D9-A1JW-06,Metastasis,0.9996698498725891,True
138,TCGA-FS-A4FD-06,Metastasis,6,TCGA-D3-A2JD-06,Metastasis,0.999663770198822,True
138,TCGA-FS-A4FD-06,Metastasis,7,TCGA-ER-A198-06,Metastasis,0.9996287226676941,True
138,TCGA-FS-A4FD-06,Metastasis,8,TCGA-FR-A8YD-06,Metastasis,0.9996160268783569,True
138,TCGA-FS-A4FD-06,Metastasis,9,TCGA-EE-A2MN-06,Metastasis,0.9995999932289124,True
139,TCGA-D3-A3C6-06,Metastasis,0,TCGA-GN-A4U7-06,Metastasis,0.9999666810035706,True
139,TCGA-D3-A3C6-06,Metastasis,1,TCGA-EB-A4P0-01,Primary Tumor,0.9998980164527893,False
139,TCGA-D3-A3C6-06,Metastasis,2,TCGA-ER-A42H-01,Primary Tumor,0.9998807311058044,False
139,TCGA-D3-A3C6-06,Metastasis,3,TCGA-EE-A2GT-06,Metastasis,0.9998776912689209,True
139,TCGA-D3-A3C6-06,Metastasis,4,TCGA-EE-A17Z-06,Metastasis,0.9998517632484436,True
139,TCGA-D3-A3C6-06,Metastasis,5,TCGA-3N-A9WB-06,Metastasis,0.9997502565383911,True
139,TCGA-D3-A3C6-06,Metastasis,6,TCGA-EE-A2GO-06,Metastasis,0.9996989965438843,True
139,TCGA-D3-A3C6-06,Metastasis,7,TCGA-Z2-AA3V-06,Metastasis,0.9996815919876099,True
139,TCGA-D3-A3C6-06,Metastasis,8,TCGA-FR-A69P-06,Metastasis,0.9996324777603149,True
139,TCGA-D3-A3C6-06,Metastasis,9,TCGA-EE-A29L-06,Metastasis,0.9995676875114441,True
140,TCGA-EB-A5SG-06,Metastasis,0,TCGA-D3-A3C7-06,Metastasis,0.9998504519462585,True
140,TCGA-EB-A5SG-06,Metastasis,1,TCGA-W3-AA1O-06,Metastasis,0.9998411536216736,True
140,TCGA-EB-A5SG-06,Metastasis,2,TCGA-ER-A19C-06,Metastasis,0.9997494220733643,True
140,TCGA-EB-A5SG-06,Metastasis,3,TCGA-D9-A1X3-06,Metastasis,0.9997423887252808,True
140,TCGA-EB-A5SG-06,Metastasis,4,TCGA-FR-A2OS-01,Primary Tumor,0.999613344669342,False
140,TCGA-EB-A5SG-06,Metastasis,5,TCGA-EE-A17Y-06,Metastasis,0.9995463490486145,True
140,TCGA-EB-A5SG-06,Metastasis,6,TCGA-FS-A1YX-06,Metastasis,0.9994524717330933,True
140,TCGA-EB-A5SG-06,Metastasis,7,TCGA-DA-A95V-06,Metastasis,0.9993364810943604,True
140,TCGA-EB-A5SG-06,Metastasis,8,TCGA-EE-A2GJ-06,Metastasis,0.9993020296096802,True
140,TCGA-EB-A5SG-06,Metastasis,9,TCGA-ER-A42K-06,Metastasis,0.9992871284484863,True
141,TCGA-BF-A9VF-01,Primary Tumor,0,TCGA-GF-A3OT-06,Metastasis,0.9993167519569397,False
141,TCGA-BF-A9VF-01,Primary Tumor,1,TCGA-EB-A3XF-01,Primary Tumor,0.9989377856254578,True
141,TCGA-BF-A9VF-01,Primary Tumor,2,TCGA-ER-A3EV-06,Metastasis,0.9982887506484985,False
141,TCGA-BF-A9VF-01,Primary Tumor,3,TCGA-D3-A8GL-06,Metastasis,0.9982060790061951,False
141,TCGA-BF-A9VF-01,Primary Tumor,4,TCGA-BF-AAOX-01,Primary Tumor,0.9980535507202148,True
141,TCGA-BF-A9VF-01,Primary Tumor,5,TCGA-ER-A19T-01,Primary Tumor,0.9977222681045532,True
141,TCGA-BF-A9VF-01,Primary Tumor,6,TCGA-EE-A3JA-06,Metastasis,0.9975766539573669,False
141,TCGA-BF-A9VF-01,Primary Tumor,7,TCGA-FS-A1ZC-06,Metastasis,0.997475266456604,False
141,TCGA-BF-A9VF-01,Primary Tumor,8,TCGA-FS-A1ZS-06,Metastasis,0.9967067837715149,False
141,TCGA-BF-A9VF-01,Primary Tumor,9,TCGA-EE-A182-06,Metastasis,0.9964650869369507,False
142,TCGA-EE-A3J5-06,Metastasis,0,TCGA-FR-A3YN-06,Metastasis,0.9999879598617554,True
142,TCGA-EE-A3J5-06,Metastasis,1,TCGA-D9-A149-06,Metastasis,0.9998819828033447,True
142,TCGA-EE-A3J5-06,Metastasis,2,TCGA-FS-A1YW-06,Metastasis,0.9998636245727539,True
142,TCGA-EE-A3J5-06,Metastasis,3,TCGA-FR-A728-01,Primary Tumor,0.9997463822364807,False
142,TCGA-EE-A3J5-06,Metastasis,4,TCGA-D9-A148-06,Metastasis,0.9996762871742249,True
142,TCGA-EE-A3J5-06,Metastasis,5,TCGA-D3-A2JP-06,Metastasis,0.9994275569915771,True
142,TCGA-EE-A3J5-06,Metastasis,6,TCGA-Z2-AA3S-06,Metastasis,0.9993257522583008,True
142,TCGA-EE-A3J5-06,Metastasis,7,TCGA-FS-A1Z7-06,Metastasis,0.9986198544502258,True
142,TCGA-EE-A3J5-06,Metastasis,8,TCGA-D3-A1Q3-06,Metastasis,0.9982263445854187,True
142,TCGA-EE-A3J5-06,Metastasis,9,TCGA-ER-A193-06,Metastasis,0.9981932044029236,True
143,TCGA-GN-A4U9-06,Metastasis,0,TCGA-EB-A5VV-06,Metastasis,0.9991269707679749,True
143,TCGA-GN-A4U9-06,Metastasis,1,TCGA-EE-A20H-06,Metastasis,0.9973827004432678,True
143,TCGA-GN-A4U9-06,Metastasis,2,TCGA-EE-A3AB-06,Metastasis,0.9954860806465149,True
143,TCGA-GN-A4U9-06,Metastasis,3,TCGA-D3-A8GQ-06,Metastasis,0.994522213935852,True
143,TCGA-GN-A4U9-06,Metastasis,4,TCGA-ER-A19E-06,Metastasis,0.9938635230064392,True
143,TCGA-GN-A4U9-06,Metastasis,5,TCGA-D3-A3C8-06,Metastasis,0.9931097626686096,True
143,TCGA-GN-A4U9-06,Metastasis,6,TCGA-BF-AAP7-01,Primary Tumor,0.9922620058059692,False
143,TCGA-GN-A4U9-06,Metastasis,7,TCGA-D3-A1Q6-06,Metastasis,0.9918674230575562,True
143,TCGA-GN-A4U9-06,Metastasis,8,TCGA-BF-A1PX-01,Primary Tumor,0.9916448593139648,False
143,TCGA-GN-A4U9-06,Metastasis,9,TCGA-DA-A1HY-06,Metastasis,0.9902283549308777,True
144,TCGA-D9-A3Z3-06,Metastasis,0,TCGA-ER-A19B-06,Metastasis,0.9997768402099609,True
144,TCGA-D9-A3Z3-06,Metastasis,1,TCGA-D3-A2JA-06,Metastasis,0.9996358156204224,True
144,TCGA-D9-A3Z3-06,Metastasis,2,TCGA-GN-A8LN-01,Primary Tumor,0.9995841979980469,False
144,TCGA-D9-A3Z3-06,Metastasis,3,TCGA-WE-A8K4-01,Primary Tumor,0.9995160698890686,False
144,TCGA-D9-A3Z3-06,Metastasis,4,TCGA-D3-A2JO-06,Metastasis,0.9995077252388,True
144,TCGA-D9-A3Z3-06,Metastasis,5,TCGA-D3-A1Q9-06,Metastasis,0.999464750289917,True
144,TCGA-D9-A3Z3-06,Metastasis,6,TCGA-EB-A44Q-06,Metastasis,0.9994360208511353,True
144,TCGA-D9-A3Z3-06,Metastasis,7,TCGA-EE-A2M7-06,Metastasis,0.9992864727973938,True
144,TCGA-D9-A3Z3-06,Metastasis,8,TCGA-EE-A2A0-06,Metastasis,0.9992408156394958,True
144,TCGA-D9-A3Z3-06,Metastasis,9,TCGA-GF-A4EO-06,Metastasis,0.9992125034332275,True
145,TCGA-DA-A1HV-06,Metastasis,0,TCGA-EE-A2MG-06,Metastasis,0.9996526837348938,True
145,TCGA-DA-A1HV-06,Metastasis,1,TCGA-FS-A1ZR-06,Metastasis,0.9981213808059692,True
145,TCGA-DA-A1HV-06,Metastasis,2,TCGA-FS-A1Z4-06,Metastasis,0.9977067112922668,True
145,TCGA-DA-A1HV-06,Metastasis,3,TCGA-EE-A2GE-06,Metastasis,0.9974174499511719,True
145,TCGA-DA-A1HV-06,Metastasis,4,TCGA-FS-A1ZA-06,Metastasis,0.9971736073493958,True
145,TCGA-DA-A1HV-06,Metastasis,5,TCGA-EB-A4IS-01,Primary Tumor,0.9955467581748962,False
145,TCGA-DA-A1HV-06,Metastasis,6,TCGA-FS-A1ZM-06,Metastasis,0.9953341484069824,True
145,TCGA-DA-A1HV-06,Metastasis,7,TCGA-D3-A3CE-06,Metastasis,0.9942760467529297,True
145,TCGA-DA-A1HV-06,Metastasis,8,TCGA-BF-AAP2-01,Primary Tumor,0.9935706257820129,False
145,TCGA-DA-A1HV-06,Metastasis,9,TCGA-WE-A8ZR-06,Metastasis,0.9933317303657532,True
146,TCGA-EE-A3AA-06,Metastasis,0,TCGA-FR-A8YC-06,Metastasis,0.9998621344566345,True
146,TCGA-EE-A3AA-06,Metastasis,1,TCGA-ER-A19N-06,Metastasis,0.9998563528060913,True
146,TCGA-EE-A3AA-06,Metastasis,2,TCGA-ER-A19G-06,Metastasis,0.9995675086975098,True
146,TCGA-EE-A3AA-06,Metastasis,3,TCGA-ER-A19J-06,Metastasis,0.9995510578155518,True
146,TCGA-EE-A3AA-06,Metastasis,4,TCGA-D3-A1QA-07,Metastasis,0.9994778633117676,True
146,TCGA-EE-A3AA-06,Metastasis,5,TCGA-D3-A2J8-06,Metastasis,0.9994767904281616,True
146,TCGA-EE-A3AA-06,Metastasis,6,TCGA-EE-A2GH-06,Metastasis,0.9993428587913513,True
146,TCGA-EE-A3AA-06,Metastasis,7,TCGA-EB-A6L9-06,Metastasis,0.9992724657058716,True
146,TCGA-EE-A3AA-06,Metastasis,8,TCGA-EB-A3XB-01,Primary Tumor,0.999230146408081,False
146,TCGA-EE-A3AA-06,Metastasis,9,TCGA-EB-A82B-01,Primary Tumor,0.9991863965988159,False
147,TCGA-EB-A3XD-01,Primary Tumor,0,TCGA-EB-A550-01,Primary Tumor,0.9912386536598206,True
147,TCGA-EB-A3XD-01,Primary Tumor,1,TCGA-D3-A1Q5-06,Metastasis,0.9752377271652222,False
147,TCGA-EB-A3XD-01,Primary Tumor,2,TCGA-EB-A6QY-01,Primary Tumor,0.96600741147995,True
147,TCGA-EB-A3XD-01,Primary Tumor,3,TCGA-XV-A9W2-01,Primary Tumor,0.9642342925071716,True
147,TCGA-EB-A3XD-01,Primary Tumor,4,TCGA-EB-A5VU-01,Primary Tumor,0.9499815106391907,True
147,TCGA-EB-A3XD-01,Primary Tumor,5,TCGA-GN-A4U5-01,Primary Tumor,0.9448502063751221,True
147,TCGA-EB-A3XD-01,Primary Tumor,6,TCGA-XV-AAZW-01,Primary Tumor,0.9329743981361389,True
147,TCGA-EB-A3XD-01,Primary Tumor,7,010_N,Benign Nevus,0.9322027564048767,False
147,TCGA-EB-A3XD-01,Primary Tumor,8,TCGA-FS-A1ZN-01,Primary Tumor,0.929139256477356,True
147,TCGA-EB-A3XD-01,Primary Tumor,9,TCGA-EB-A57M-01,Primary Tumor,0.9113070368766785,True
148,TCGA-FW-A5DY-06,Metastasis,0,TCGA-D3-A3MR-06,Metastasis,0.9999436736106873,True
148,TCGA-FW-A5DY-06,Metastasis,1,TCGA-EE-A2GP-06,Metastasis,0.999459445476532,True
148,TCGA-FW-A5DY-06,Metastasis,2,TCGA-D3-A51J-06,Metastasis,0.9992066025733948,True
148,TCGA-FW-A5DY-06,Metastasis,3,TCGA-FS-A1ZT-06,Metastasis,0.9991790056228638,True
148,TCGA-FW-A5DY-06,Metastasis,4,TCGA-ER-A19D-06,Metastasis,0.9991011619567871,True
148,TCGA-FW-A5DY-06,Metastasis,5,TCGA-D3-A2JC-06,Metastasis,0.9990749955177307,True
148,TCGA-FW-A5DY-06,Metastasis,6,TCGA-GN-A266-06,Metastasis,0.9988086819648743,True
148,TCGA-FW-A5DY-06,Metastasis,7,TCGA-EE-A2MS-06,Metastasis,0.9987759590148926,True
148,TCGA-FW-A5DY-06,Metastasis,8,TCGA-D3-A1Q7-06,Metastasis,0.9984724521636963,True
148,TCGA-FW-A5DY-06,Metastasis,9,TCGA-DA-A1HW-06,Metastasis,0.9983577728271484,True
149,TCGA-EE-A29H-06,Metastasis,0,TCGA-D3-A51F-06,Metastasis,0.9998776912689209,True
149,TCGA-EE-A29H-06,Metastasis,1,TCGA-ER-A19S-06,Metastasis,0.9997832775115967,True
149,TCGA-EE-A29H-06,Metastasis,2,TCGA-WE-A8ZY-06,Metastasis,0.9997010827064514,True
149,TCGA-EE-A29H-06,Metastasis,3,TCGA-OD-A75X-06,Metastasis,0.9996954798698425,True
149,TCGA-EE-A29H-06,Metastasis,4,TCGA-EE-A3JB-06,Metastasis,0.9996075630187988,True
149,TCGA-EE-A29H-06,Metastasis,5,TCGA-EE-A181-06,Metastasis,0.9994975328445435,True
149,TCGA-EE-A29H-06,Metastasis,6,TCGA-FS-A4F8-06,Metastasis,0.999435544013977,True
149,TCGA-EE-A29H-06,Metastasis,7,TCGA-DA-A95X-06,Metastasis,0.9994320273399353,True
149,TCGA-EE-A29H-06,Metastasis,8,TCGA-HR-A2OH-06,Metastasis,0.9993764162063599,True
149,TCGA-EE-A29H-06,Metastasis,9,TCGA-ER-A19W-06,Metastasis,0.9991939663887024,True
150,TCGA-ER-A2NE-06,Metastasis,0,TCGA-FW-A3TU-06,Metastasis,0.9999158978462219,True
150,TCGA-ER-A2NE-06,Metastasis,1,TCGA-D9-A6EA-06,Metastasis,0.9998570084571838,True
150,TCGA-ER-A2NE-06,Metastasis,2,TCGA-EE-A29C-06,Metastasis,0.9997845888137817,True
150,TCGA-ER-A2NE-06,Metastasis,3,TCGA-DA-A1I4-06,Metastasis,0.9997819066047668,True
150,TCGA-ER-A2NE-06,Metastasis,4,TCGA-GN-A4U3-06,Metastasis,0.9997548460960388,True
150,TCGA-ER-A2NE-06,Metastasis,5,TCGA-YD-A89C-06,Metastasis,0.9996875524520874,True
150,TCGA-ER-A2NE-06,Metastasis,6,TCGA-GF-A769-01,Primary Tumor,0.9996141195297241,False
150,TCGA-ER-A2NE-06,Metastasis,7,TCGA-D3-A2JE-06,Metastasis,0.999574601650238,True
150,TCGA-ER-A2NE-06,Metastasis,8,TCGA-GN-A264-06,Metastasis,0.9995285868644714,True
150,TCGA-ER-A2NE-06,Metastasis,9,TCGA-WE-AAA4-06,Metastasis,0.9995185136795044,True
151,TCGA-BF-A5EQ-01,Primary Tumor,0,TCGA-EE-A183-06,Metastasis,0.9999768733978271,False
151,TCGA-BF-A5EQ-01,Primary Tumor,1,TCGA-D3-A3MU-06,Metastasis,0.9998346567153931,False
151,TCGA-BF-A5EQ-01,Primary Tumor,2,TCGA-GF-A6C8-06,Metastasis,0.99978107213974,False
151,TCGA-BF-A5EQ-01,Primary Tumor,3,TCGA-EE-A184-06,Metastasis,0.9993271827697754,False
151,TCGA-BF-A5EQ-01,Primary Tumor,4,TCGA-RP-A6K9-06,Metastasis,0.9991848468780518,False
151,TCGA-BF-A5EQ-01,Primary Tumor,5,TCGA-YD-A9TB-06,Metastasis,0.9990035891532898,False
151,TCGA-BF-A5EQ-01,Primary Tumor,6,TCGA-ER-A19Q-06,Metastasis,0.9989173412322998,False
151,TCGA-BF-A5EQ-01,Primary Tumor,7,TCGA-DA-A95W-06,Metastasis,0.9988874793052673,False
151,TCGA-BF-A5EQ-01,Primary Tumor,8,TCGA-WE-A8K5-06,Metastasis,0.998670220375061,False
151,TCGA-BF-A5EQ-01,Primary Tumor,9,TCGA-EE-A2MM-06,Metastasis,0.9986677765846252,False
152,TCGA-EB-A41B-01,Primary Tumor,0,TCGA-D3-A1QA-06,Metastasis,0.9999836087226868,False
152,TCGA-EB-A41B-01,Primary Tumor,1,TCGA-BF-A1PV-01,Primary Tumor,0.9999120831489563,True
152,TCGA-EB-A41B-01,Primary Tumor,2,TCGA-FS-A4FD-06,Metastasis,0.9999006986618042,False
152,TCGA-EB-A41B-01,Primary Tumor,3,TCGA-ER-A198-06,Metastasis,0.9998213648796082,False
152,TCGA-EB-A41B-01,Primary Tumor,4,TCGA-EE-A2MN-06,Metastasis,0.9998182058334351,False
152,TCGA-EB-A41B-01,Primary Tumor,5,TCGA-EE-A2A5-06,Metastasis,0.9997898936271667,False
152,TCGA-EB-A41B-01,Primary Tumor,6,TCGA-FR-A8YD-06,Metastasis,0.9997895359992981,False
152,TCGA-EB-A41B-01,Primary Tumor,7,TCGA-EE-A2GM-06,Metastasis,0.9997360110282898,False
152,TCGA-EB-A41B-01,Primary Tumor,8,TCGA-D3-A5GS-06,Metastasis,0.9997134208679199,False
152,TCGA-EB-A41B-01,Primary Tumor,9,TCGA-FW-A3R5-06,Metastasis,0.999637246131897,False
153,TCGA-EB-A6L9-06,Metastasis,0,TCGA-EE-A2GD-06,Metastasis,0.9998533725738525,True
153,TCGA-EB-A6L9-06,Metastasis,1,TCGA-FS-A1ZJ-06,Metastasis,0.9995720982551575,True
153,TCGA-EB-A6L9-06,Metastasis,2,TCGA-D3-A51E-06,Metastasis,0.9995344877243042,True
153,TCGA-EB-A6L9-06,Metastasis,3,TCGA-EE-A2ML-06,Metastasis,0.9994801878929138,True
153,TCGA-EB-A6L9-06,Metastasis,4,TCGA-ER-A19J-06,Metastasis,0.9993484616279602,True
153,TCGA-EB-A6L9-06,Metastasis,5,TCGA-EE-A3AA-06,Metastasis,0.9992724657058716,True
153,TCGA-EB-A6L9-06,Metastasis,6,TCGA-EB-A5UM-01,Primary Tumor,0.998980700969696,False
153,TCGA-EB-A6L9-06,Metastasis,7,TCGA-EB-A3XB-01,Primary Tumor,0.9989699125289917,False
153,TCGA-EB-A6L9-06,Metastasis,8,TCGA-EE-A29P-06,Metastasis,0.9988626837730408,True
153,TCGA-EB-A6L9-06,Metastasis,9,TCGA-EE-A2MQ-06,Metastasis,0.9988511204719543,True
154,TCGA-D3-A2JN-06,Metastasis,0,TCGA-EE-A3AH-06,Metastasis,0.9998241662979126,True
154,TCGA-D3-A2JN-06,Metastasis,1,TCGA-FS-A1ZW-06,Metastasis,0.9994328618049622,True
154,TCGA-D3-A2JN-06,Metastasis,2,TCGA-FS-A1Z3-06,Metastasis,0.9992242455482483,True
154,TCGA-D3-A2JN-06,Metastasis,3,TCGA-D3-A3C8-06,Metastasis,0.9988197088241577,True
154,TCGA-D3-A2JN-06,Metastasis,4,TCGA-D3-A8GE-06,Metastasis,0.9987828731536865,True
154,TCGA-D3-A2JN-06,Metastasis,5,TCGA-D3-A3CB-06,Metastasis,0.9987638592720032,True
154,TCGA-D3-A2JN-06,Metastasis,6,TCGA-EE-A3AG-06,Metastasis,0.9987202882766724,True
154,TCGA-D3-A2JN-06,Metastasis,7,TCGA-D3-A8GQ-06,Metastasis,0.9986749887466431,True
154,TCGA-D3-A2JN-06,Metastasis,8,TCGA-BF-AAP6-01,Primary Tumor,0.9985739588737488,False
154,TCGA-D3-A2JN-06,Metastasis,9,TCGA-D3-A3MV-06,Metastasis,0.9980960488319397,True
155,TCGA-W3-A828-06,Metastasis,0,TCGA-FR-A7U9-06,Metastasis,0.9995463490486145,True
155,TCGA-W3-A828-06,Metastasis,1,TCGA-EB-A5SE-01,Primary Tumor,0.9990488886833191,False
155,TCGA-W3-A828-06,Metastasis,2,TCGA-EE-A3AG-06,Metastasis,0.9988034963607788,True
155,TCGA-W3-A828-06,Metastasis,3,TCGA-FS-A1ZK-06,Metastasis,0.9987488389015198,True
155,TCGA-W3-A828-06,Metastasis,4,TCGA-BF-AAP6-01,Primary Tumor,0.9986352920532227,False
155,TCGA-W3-A828-06,Metastasis,5,TCGA-EE-A3AD-06,Metastasis,0.998598575592041,True
155,TCGA-W3-A828-06,Metastasis,6,TCGA-EB-A44O-01,Primary Tumor,0.9984243512153625,False
155,TCGA-W3-A828-06,Metastasis,7,TCGA-EE-A3JE-06,Metastasis,0.9984090924263,True
155,TCGA-W3-A828-06,Metastasis,8,TCGA-FW-A5DX-01,Primary Tumor,0.9983057975769043,False
155,TCGA-W3-A828-06,Metastasis,9,TCGA-D3-A3MV-06,Metastasis,0.9981998205184937,True
156,TCGA-EE-A29S-06,Metastasis,0,TCGA-EE-A29D-06,Metastasis,0.9999709129333496,True
156,TCGA-EE-A29S-06,Metastasis,1,TCGA-BF-A1PZ-01,Primary Tumor,0.9999672770500183,False
156,TCGA-EE-A29S-06,Metastasis,2,TCGA-DA-A95W-06,Metastasis,0.999930202960968,True
156,TCGA-EE-A29S-06,Metastasis,3,TCGA-RP-A694-06,Metastasis,0.999907374382019,True
156,TCGA-EE-A29S-06,Metastasis,4,TCGA-WE-A8K5-06,Metastasis,0.9999014139175415,True
156,TCGA-EE-A29S-06,Metastasis,5,TCGA-EE-A3J7-06,Metastasis,0.9998944401741028,True
156,TCGA-EE-A29S-06,Metastasis,6,TCGA-YD-A9TB-06,Metastasis,0.9998195171356201,True
156,TCGA-EE-A29S-06,Metastasis,7,TCGA-RP-A6K9-06,Metastasis,0.999817430973053,True
156,TCGA-EE-A29S-06,Metastasis,8,TCGA-FR-A3R1-01,Primary Tumor,0.9998034238815308,False
156,TCGA-EE-A29S-06,Metastasis,9,TCGA-W3-AA1Q-06,Metastasis,0.999799370765686,True
157,TCGA-XV-A9VZ-01,Primary Tumor,0,TCGA-D3-A51R-06,Metastasis,0.9997473359107971,False
157,TCGA-XV-A9VZ-01,Primary Tumor,1,TCGA-XV-AAZV-01,Primary Tumor,0.9992138743400574,True
157,TCGA-XV-A9VZ-01,Primary Tumor,2,TCGA-EB-A3XE-01,Primary Tumor,0.999210774898529,True
157,TCGA-XV-A9VZ-01,Primary Tumor,3,TCGA-EB-A5FP-01,Primary Tumor,0.9987975358963013,True
157,TCGA-XV-A9VZ-01,Primary Tumor,4,TCGA-EB-A3HV-01,Primary Tumor,0.9987503290176392,True
157,TCGA-XV-A9VZ-01,Primary Tumor,5,TCGA-YG-AA3N-01,Primary Tumor,0.9963510036468506,True
157,TCGA-XV-A9VZ-01,Primary Tumor,6,TCGA-WE-A8ZQ-06,Metastasis,0.996324360370636,False
157,TCGA-XV-A9VZ-01,Primary Tumor,7,TCGA-EB-A3XC-01,Primary Tumor,0.9962663054466248,True
157,TCGA-XV-A9VZ-01,Primary Tumor,8,TCGA-GF-A2C7-01,Primary Tumor,0.9943352341651917,True
157,TCGA-XV-A9VZ-01,Primary Tumor,9,TCGA-DA-A1I8-06,Metastasis,0.993497908115387,False
158,TCGA-YG-AA3O-06,Metastasis,0,TCGA-DA-A1I2-06,Metastasis,0.9990561008453369,True
158,TCGA-YG-AA3O-06,Metastasis,1,TCGA-FW-A3TV-06,Metastasis,0.9990030527114868,True
158,TCGA-YG-AA3O-06,Metastasis,2,TCGA-D3-A1Q3-06,Metastasis,0.999002993106842,True
158,TCGA-YG-AA3O-06,Metastasis,3,TCGA-D9-A3Z4-01,Primary Tumor,0.9984744787216187,False
158,TCGA-YG-AA3O-06,Metastasis,4,TCGA-DA-A1I5-06,Metastasis,0.9983878135681152,True
158,TCGA-YG-AA3O-06,Metastasis,5,TCGA-WE-A8ZX-06,Metastasis,0.9981523156166077,True
158,TCGA-YG-AA3O-06,Metastasis,6,TCGA-EE-A3AE-06,Metastasis,0.9980304837226868,True
158,TCGA-YG-AA3O-06,Metastasis,7,TCGA-EE-A3J5-06,Metastasis,0.997948408126831,True
158,TCGA-YG-AA3O-06,Metastasis,8,TCGA-DA-A3F8-06,Metastasis,0.9979290962219238,True
158,TCGA-YG-AA3O-06,Metastasis,9,TCGA-FR-A3YN-06,Metastasis,0.997828483581543,True
159,TCGA-DA-A3F2-06,Metastasis,0,TCGA-EE-A20C-06,Metastasis,0.9994433522224426,True
159,TCGA-DA-A3F2-06,Metastasis,1,TCGA-EE-A29E-06,Metastasis,0.9989264011383057,True
159,TCGA-DA-A3F2-06,Metastasis,2,TCGA-ER-A19T-01,Primary Tumor,0.9987950921058655,False
159,TCGA-DA-A3F2-06,Metastasis,3,TCGA-D3-A8GR-06,Metastasis,0.9987757802009583,True
159,TCGA-DA-A3F2-06,Metastasis,4,TCGA-EE-A3JA-06,Metastasis,0.9987050890922546,True
159,TCGA-DA-A3F2-06,Metastasis,5,TCGA-EE-A182-06,Metastasis,0.9986819624900818,True
159,TCGA-DA-A3F2-06,Metastasis,6,TCGA-EB-A3Y7-01,Primary Tumor,0.9986394047737122,False
159,TCGA-DA-A3F2-06,Metastasis,7,TCGA-ER-A3EV-06,Metastasis,0.9986069202423096,True
159,TCGA-DA-A3F2-06,Metastasis,8,TCGA-EE-A185-06,Metastasis,0.9985666275024414,True
159,TCGA-DA-A3F2-06,Metastasis,9,TCGA-GN-A8LL-06,Metastasis,0.9985233545303345,True
160,TCGA-EB-A3XC-01,Primary Tumor,0,TCGA-EB-A57M-01,Primary Tumor,0.9981105327606201,True
160,TCGA-EB-A3XC-01,Primary Tumor,1,TCGA-XV-AAZV-01,Primary Tumor,0.9980757236480713,True
160,TCGA-EB-A3XC-01,Primary Tumor,2,TCGA-EB-A3XE-01,Primary Tumor,0.997789740562439,True
160,TCGA-EB-A3XC-01,Primary Tumor,3,TCGA-GF-A2C7-01,Primary Tumor,0.9975351095199585,True
160,TCGA-EB-A3XC-01,Primary Tumor,4,TCGA-YG-AA3N-01,Primary Tumor,0.9973157644271851,True
160,TCGA-EB-A3XC-01,Primary Tumor,5,TCGA-D3-A51R-06,Metastasis,0.9966407418251038,False
160,TCGA-EB-A3XC-01,Primary Tumor,6,TCGA-XV-A9VZ-01,Primary Tumor,0.9962663054466248,True
160,TCGA-EB-A3XC-01,Primary Tumor,7,TCGA-WE-A8ZM-06,Metastasis,0.9962108135223389,False
160,TCGA-EB-A3XC-01,Primary Tumor,8,TCGA-EB-A5FP-01,Primary Tumor,0.9959354400634766,True
160,TCGA-EB-A3XC-01,Primary Tumor,9,TCGA-FS-A1ZB-06,Metastasis,0.9949553608894348,False
161,TCGA-LH-A9QB-06,Metastasis,0,TCGA-D3-A51K-06,Metastasis,0.9999752044677734,True
161,TCGA-LH-A9QB-06,Metastasis,1,TCGA-EE-A29A-06,Metastasis,0.9999082684516907,True
161,TCGA-LH-A9QB-06,Metastasis,2,TCGA-BF-AAP8-01,Primary Tumor,0.9998742938041687,False
161,TCGA-LH-A9QB-06,Metastasis,3,TCGA-EE-A2GC-06,Metastasis,0.9998207688331604,True
161,TCGA-LH-A9QB-06,Metastasis,4,TCGA-EE-A2GR-06,Metastasis,0.9997902512550354,True
161,TCGA-LH-A9QB-06,Metastasis,5,TCGA-D9-A6EC-06,Metastasis,0.9997857213020325,True
161,TCGA-LH-A9QB-06,Metastasis,6,TCGA-GN-A262-06,Metastasis,0.9997162222862244,True
161,TCGA-LH-A9QB-06,Metastasis,7,TCGA-D3-A3C1-06,Metastasis,0.9996114373207092,True
161,TCGA-LH-A9QB-06,Metastasis,8,TCGA-FS-A4FB-06,Metastasis,0.9995470643043518,True
161,TCGA-LH-A9QB-06,Metastasis,9,TCGA-GN-A263-01,Primary Tumor,0.9993794560432434,False
162,TCGA-D3-A2JC-06,Metastasis,0,TCGA-D3-A1Q7-06,Metastasis,0.9998207092285156,True
162,TCGA-D3-A2JC-06,Metastasis,1,TCGA-D3-A51J-06,Metastasis,0.9997960925102234,True
162,TCGA-D3-A2JC-06,Metastasis,2,TCGA-DA-A1HW-06,Metastasis,0.9995887875556946,True
162,TCGA-D3-A2JC-06,Metastasis,3,TCGA-W3-AA1R-06,Metastasis,0.9995123147964478,True
162,TCGA-D3-A2JC-06,Metastasis,4,TCGA-EE-A2GI-06,Metastasis,0.9993409514427185,True
162,TCGA-D3-A2JC-06,Metastasis,5,TCGA-D3-A3MR-06,Metastasis,0.9992508888244629,True
162,TCGA-D3-A2JC-06,Metastasis,6,TCGA-FW-A5DY-06,Metastasis,0.9990749955177307,True
162,TCGA-D3-A2JC-06,Metastasis,7,TCGA-ER-A42L-06,Metastasis,0.9989606142044067,True
162,TCGA-D3-A2JC-06,Metastasis,8,TCGA-WE-A8K1-06,Metastasis,0.9988548755645752,True
162,TCGA-D3-A2JC-06,Metastasis,9,TCGA-EE-A29M-06,Metastasis,0.9988291263580322,True
163,TCGA-WE-AA9Y-06,Metastasis,0,TCGA-WE-A8JZ-06,Metastasis,0.9998714327812195,True
163,TCGA-WE-AA9Y-06,Metastasis,1,TCGA-DA-A3F8-06,Metastasis,0.9998563528060913,True
163,TCGA-WE-AA9Y-06,Metastasis,2,TCGA-D3-A1Q4-06,Metastasis,0.9998372197151184,True
163,TCGA-WE-AA9Y-06,Metastasis,3,TCGA-D9-A3Z4-01,Primary Tumor,0.9996274709701538,False
163,TCGA-WE-AA9Y-06,Metastasis,4,TCGA-3N-A9WC-06,Metastasis,0.999570369720459,True
163,TCGA-WE-AA9Y-06,Metastasis,5,TCGA-3N-A9WD-06,Metastasis,0.9995539784431458,True
163,TCGA-WE-AA9Y-06,Metastasis,6,TCGA-ER-A19M-06,Metastasis,0.9995194673538208,True
163,TCGA-WE-AA9Y-06,Metastasis,7,TCGA-D3-A8GO-06,Metastasis,0.9994509816169739,True
163,TCGA-WE-AA9Y-06,Metastasis,8,TCGA-EE-A2GU-06,Metastasis,0.9993909001350403,True
163,TCGA-WE-AA9Y-06,Metastasis,9,TCGA-D3-A1Q8-06,Metastasis,0.9992555379867554,True
164,TCGA-WE-A8ZR-06,Metastasis,0,TCGA-EE-A2MH-06,Metastasis,0.9989990592002869,True
164,TCGA-WE-A8ZR-06,Metastasis,1,TCGA-D3-A2JB-06,Metastasis,0.99802166223526,True
164,TCGA-WE-A8ZR-06,Metastasis,2,TCGA-EB-A4IS-01,Primary Tumor,0.9979776740074158,False
164,TCGA-WE-A8ZR-06,Metastasis,3,TCGA-EE-A2GE-06,Metastasis,0.9974130392074585,True
164,TCGA-WE-A8ZR-06,Metastasis,4,TCGA-EE-A2MG-06,Metastasis,0.9944090247154236,True
164,TCGA-WE-A8ZR-06,Metastasis,5,TCGA-Z2-A8RT-06,Metastasis,0.9935929775238037,True
164,TCGA-WE-A8ZR-06,Metastasis,6,TCGA-DA-A1HV-06,Metastasis,0.9933317303657532,True
164,TCGA-WE-A8ZR-06,Metastasis,7,TCGA-D3-A8GD-06,Metastasis,0.9927575588226318,True
164,TCGA-WE-A8ZR-06,Metastasis,8,TCGA-EE-A29N-06,Metastasis,0.9926913380622864,True
164,TCGA-WE-A8ZR-06,Metastasis,9,TCGA-BF-AAP2-01,Primary Tumor,0.9919024109840393,False
165,TCGA-EB-A44N-01,Primary Tumor,0,031_N,Benign Nevus,0.9976886510848999,False
165,TCGA-EB-A44N-01,Primary Tumor,1,FKH-027-028_N,Benign Nevus,0.9783617258071899,False
165,TCGA-EB-A44N-01,Primary Tumor,2,TCGA-EE-A29G-06,Metastasis,0.9769604802131653,False
165,TCGA-EB-A44N-01,Primary Tumor,3,TCGA-EB-A299-01,Primary Tumor,0.9710323810577393,True
165,TCGA-EB-A44N-01,Primary Tumor,4,LE-047-LF-048_N,Benign Nevus,0.9602454304695129,False
165,TCGA-EB-A44N-01,Primary Tumor,5,LE-029-SE-030_N,Benign Nevus,0.9601738452911377,False
165,TCGA-EB-A44N-01,Primary Tumor,6,LE-081-TR-082_N,Benign Nevus,0.9580746293067932,False
165,TCGA-EB-A44N-01,Primary Tumor,7,LE-061-TM-062_N,Benign Nevus,0.9565956592559814,False
165,TCGA-EB-A44N-01,Primary Tumor,8,BO-001-SH-002_N,Benign Nevus,0.9523232579231262,False
165,TCGA-EB-A44N-01,Primary Tumor,9,TCGA-EB-A4XL-01,Primary Tumor,0.9303498864173889,True
166,TCGA-EB-A24D-01,Primary Tumor,0,TCGA-ER-A2NH-06,Metastasis,0.9992881417274475,False
166,TCGA-EB-A24D-01,Primary Tumor,1,TCGA-D3-A51T-06,Metastasis,0.9990441799163818,False
166,TCGA-EB-A24D-01,Primary Tumor,2,TCGA-D3-A8GC-06,Metastasis,0.9988173246383667,False
166,TCGA-EB-A24D-01,Primary Tumor,3,TCGA-GN-A265-06,Metastasis,0.9979937672615051,False
166,TCGA-EB-A24D-01,Primary Tumor,4,TCGA-EE-A20B-06,Metastasis,0.9979111552238464,False
166,TCGA-EB-A24D-01,Primary Tumor,5,TCGA-ER-A19D-06,Metastasis,0.9977909326553345,False
166,TCGA-EB-A24D-01,Primary Tumor,6,TCGA-EE-A2MP-06,Metastasis,0.9977323412895203,False
166,TCGA-EB-A24D-01,Primary Tumor,7,TCGA-EE-A2ME-06,Metastasis,0.997672438621521,False
166,TCGA-EB-A24D-01,Primary Tumor,8,TCGA-EE-A2GS-06,Metastasis,0.9968248605728149,False
166,TCGA-EB-A24D-01,Primary Tumor,9,TCGA-ER-A2NF-01,Primary Tumor,0.9966465830802917,True
167,TCGA-D3-A3MO-06,Metastasis,0,TCGA-ER-A19K-01,Primary Tumor,0.9992527365684509,False
167,TCGA-D3-A3MO-06,Metastasis,1,TCGA-EB-A24C-01,Primary Tumor,0.9988519549369812,False
167,TCGA-D3-A3MO-06,Metastasis,2,TCGA-EE-A2M5-06,Metastasis,0.9987954497337341,True
167,TCGA-D3-A3MO-06,Metastasis,3,TCGA-DA-A1IC-06,Metastasis,0.9986626505851746,True
167,TCGA-D3-A3MO-06,Metastasis,4,TCGA-DA-A1I8-06,Metastasis,0.9986209273338318,True
167,TCGA-D3-A3MO-06,Metastasis,5,TCGA-GN-A26A-06,Metastasis,0.9985021948814392,True
167,TCGA-D3-A3MO-06,Metastasis,6,TCGA-WE-A8ZQ-06,Metastasis,0.9977981448173523,True
167,TCGA-D3-A3MO-06,Metastasis,7,TCGA-EB-A1NK-01,Primary Tumor,0.9973328113555908,False
167,TCGA-D3-A3MO-06,Metastasis,8,TCGA-BF-A3DM-01,Primary Tumor,0.9971173405647278,False
167,TCGA-D3-A3MO-06,Metastasis,9,TCGA-EB-A44O-01,Primary Tumor,0.9970182180404663,False
168,TCGA-DA-A1I1-06,Metastasis,0,TCGA-BF-A1Q0-01,Primary Tumor,0.9998781681060791,False
168,TCGA-DA-A1I1-06,Metastasis,1,TCGA-EE-A3AC-06,Metastasis,0.9997267127037048,True
168,TCGA-DA-A1I1-06,Metastasis,2,TCGA-WE-AAA0-06,Metastasis,0.9995633363723755,True
168,TCGA-DA-A1I1-06,Metastasis,3,TCGA-EE-A29Q-06,Metastasis,0.9995092153549194,True
168,TCGA-DA-A1I1-06,Metastasis,4,TCGA-EE-A2MJ-06,Metastasis,0.9994169473648071,True
168,TCGA-DA-A1I1-06,Metastasis,5,TCGA-FS-A1Z0-06,Metastasis,0.9993986487388611,True
168,TCGA-DA-A1I1-06,Metastasis,6,TCGA-EE-A29M-06,Metastasis,0.9993917942047119,True
168,TCGA-DA-A1I1-06,Metastasis,7,TCGA-ER-A42L-06,Metastasis,0.9992614388465881,True
168,TCGA-DA-A1I1-06,Metastasis,8,TCGA-DA-A1I5-06,Metastasis,0.9990175366401672,True
168,TCGA-DA-A1I1-06,Metastasis,9,TCGA-WE-A8ZX-06,Metastasis,0.9986106753349304,True
169,TCGA-BF-AAOU-01,Primary Tumor,0,TCGA-D3-A51N-06,Metastasis,0.9999279379844666,False
169,TCGA-BF-AAOU-01,Primary Tumor,1,TCGA-EE-A3JH-06,Metastasis,0.9997657537460327,False
169,TCGA-BF-AAOU-01,Primary Tumor,2,TCGA-EB-A431-01,Primary Tumor,0.9997197985649109,True
169,TCGA-BF-AAOU-01,Primary Tumor,3,TCGA-D3-A3CC-06,Metastasis,0.9996328353881836,False
169,TCGA-BF-AAOU-01,Primary Tumor,4,TCGA-EB-A85J-01,Primary Tumor,0.999411940574646,True
169,TCGA-BF-AAOU-01,Primary Tumor,5,TCGA-D3-A2JO-06,Metastasis,0.9993875026702881,False
169,TCGA-BF-AAOU-01,Primary Tumor,6,TCGA-EB-A44Q-06,Metastasis,0.9993846416473389,False
169,TCGA-BF-AAOU-01,Primary Tumor,7,TCGA-EB-A82B-01,Primary Tumor,0.9990583062171936,True
169,TCGA-BF-AAOU-01,Primary Tumor,8,TCGA-WE-A8K4-01,Primary Tumor,0.9990034699440002,True
169,TCGA-BF-AAOU-01,Primary Tumor,9,TCGA-EB-A44P-01,Primary Tumor,0.9989758133888245,True
170,TCGA-EE-A2GM-06,Metastasis,0,TCGA-ER-A198-06,Metastasis,0.9999653697013855,True
170,TCGA-EE-A2GM-06,Metastasis,1,TCGA-EE-A2MN-06,Metastasis,0.9999469518661499,True
170,TCGA-EE-A2GM-06,Metastasis,2,TCGA-FR-A8YD-06,Metastasis,0.9999170899391174,True
170,TCGA-EE-A2GM-06,Metastasis,3,TCGA-EE-A29X-06,Metastasis,0.9998545050621033,True
170,TCGA-EE-A2GM-06,Metastasis,4,TCGA-FS-A1ZP-06,Metastasis,0.9997875094413757,True
170,TCGA-EE-A2GM-06,Metastasis,5,TCGA-EB-A41B-01,Primary Tumor,0.9997360110282898,False
170,TCGA-EE-A2GM-06,Metastasis,6,TCGA-WE-AAA3-06,Metastasis,0.9996816515922546,True
170,TCGA-EE-A2GM-06,Metastasis,7,TCGA-D3-A2JG-06,Metastasis,0.99961918592453,True
170,TCGA-EE-A2GM-06,Metastasis,8,TCGA-D3-A1QA-06,Metastasis,0.9996116757392883,True
170,TCGA-EE-A2GM-06,Metastasis,9,TCGA-GN-A267-06,Metastasis,0.9995303153991699,True
171,TCGA-D3-A8GM-06,Metastasis,0,TCGA-ER-A19W-06,Metastasis,0.9998945593833923,True
171,TCGA-D3-A8GM-06,Metastasis,1,TCGA-EE-A2GU-06,Metastasis,0.9995388984680176,True
171,TCGA-D3-A8GM-06,Metastasis,2,TCGA-FS-A1ZQ-06,Metastasis,0.9995365142822266,True
171,TCGA-D3-A8GM-06,Metastasis,3,TCGA-D3-A8GN-06,Metastasis,0.999529242515564,True
171,TCGA-D3-A8GM-06,Metastasis,4,TCGA-3N-A9WC-06,Metastasis,0.999514102935791,True
171,TCGA-D3-A8GM-06,Metastasis,5,TCGA-3N-A9WD-06,Metastasis,0.9995140433311462,True
171,TCGA-D3-A8GM-06,Metastasis,6,TCGA-OD-A75X-06,Metastasis,0.9994505643844604,True
171,TCGA-D3-A8GM-06,Metastasis,7,TCGA-D3-A1Q4-06,Metastasis,0.9994168281555176,True
171,TCGA-D3-A8GM-06,Metastasis,8,TCGA-D3-A1Q8-06,Metastasis,0.999396026134491,True
171,TCGA-D3-A8GM-06,Metastasis,9,TCGA-ER-A19S-06,Metastasis,0.9993792176246643,True
172,TCGA-DA-A95Z-06,Metastasis,0,TCGA-D3-A8GI-06,Metastasis,0.9999540448188782,True
172,TCGA-DA-A95Z-06,Metastasis,1,TCGA-BF-A5ER-01,Primary Tumor,0.9999269247055054,False
172,TCGA-DA-A95Z-06,Metastasis,2,TCGA-EB-A553-01,Primary Tumor,0.9998885989189148,False
172,TCGA-DA-A95Z-06,Metastasis,3,TCGA-XV-AB01-06,Metastasis,0.9998623728752136,True
172,TCGA-DA-A95Z-06,Metastasis,4,TCGA-ER-A194-01,Primary Tumor,0.9998478293418884,False
172,TCGA-DA-A95Z-06,Metastasis,5,TCGA-EE-A29B-06,Metastasis,0.9997861981391907,True
172,TCGA-DA-A95Z-06,Metastasis,6,TCGA-FS-A1ZU-06,Metastasis,0.9996904134750366,True
172,TCGA-DA-A95Z-06,Metastasis,7,TCGA-GN-A8LK-06,Metastasis,0.999515950679779,True
172,TCGA-DA-A95Z-06,Metastasis,8,TCGA-D3-A5GT-01,Primary Tumor,0.9992116689682007,False
172,TCGA-DA-A95Z-06,Metastasis,9,TCGA-EE-A29E-06,Metastasis,0.9990825057029724,True
173,TCGA-ER-A2NC-06,Metastasis,0,TCGA-EE-A2MU-06,Metastasis,0.9999759793281555,True
173,TCGA-ER-A2NC-06,Metastasis,1,TCGA-EB-A3Y6-01,Primary Tumor,0.9999352693557739,False
173,TCGA-ER-A2NC-06,Metastasis,2,TCGA-DA-A3F3-06,Metastasis,0.9997993111610413,True
173,TCGA-ER-A2NC-06,Metastasis,3,TCGA-D3-A3BZ-06,Metastasis,0.9997228384017944,True
173,TCGA-ER-A2NC-06,Metastasis,4,TCGA-WE-A8ZT-06,Metastasis,0.9997147917747498,True
173,TCGA-ER-A2NC-06,Metastasis,5,TCGA-D3-A3C3-06,Metastasis,0.9997020959854126,True
173,TCGA-ER-A2NC-06,Metastasis,6,TCGA-W3-AA1W-06,Metastasis,0.9996187686920166,True
173,TCGA-ER-A2NC-06,Metastasis,7,TCGA-EE-A2M6-06,Metastasis,0.9995110034942627,True
173,TCGA-ER-A2NC-06,Metastasis,8,TCGA-BF-A3DN-01,Primary Tumor,0.9994122982025146,False
173,TCGA-ER-A2NC-06,Metastasis,9,TCGA-GN-A26C-01,Primary Tumor,0.9992339611053467,False
174,TCGA-ER-A19B-06,Metastasis,0,TCGA-D9-A3Z3-06,Metastasis,0.9997768402099609,True
174,TCGA-ER-A19B-06,Metastasis,1,TCGA-GF-A4EO-06,Metastasis,0.9997400641441345,True
174,TCGA-ER-A19B-06,Metastasis,2,TCGA-D3-A2JA-06,Metastasis,0.9996370673179626,True
174,TCGA-ER-A19B-06,Metastasis,3,TCGA-EE-A2A0-06,Metastasis,0.999483048915863,True
174,TCGA-ER-A19B-06,Metastasis,4,TCGA-GN-A8LN-01,Primary Tumor,0.9994783997535706,False
174,TCGA-ER-A19B-06,Metastasis,5,TCGA-EE-A2M7-06,Metastasis,0.9994719624519348,True
174,TCGA-ER-A19B-06,Metastasis,6,TCGA-D3-A1Q9-06,Metastasis,0.9994155764579773,True
174,TCGA-ER-A19B-06,Metastasis,7,TCGA-D3-A5GN-06,Metastasis,0.9991295337677002,True
174,TCGA-ER-A19B-06,Metastasis,8,TCGA-ER-A2NG-06,Metastasis,0.9990999102592468,True
174,TCGA-ER-A19B-06,Metastasis,9,TCGA-D3-A8GS-06,Metastasis,0.9988335967063904,True
175,TCGA-EE-A2A0-06,Metastasis,0,TCGA-EE-A2M7-06,Metastasis,0.9998781085014343,True
175,TCGA-EE-A2A0-06,Metastasis,1,TCGA-D3-A8GS-06,Metastasis,0.9995957612991333,True
175,TCGA-EE-A2A0-06,Metastasis,2,TCGA-GF-A4EO-06,Metastasis,0.9995750784873962,True
175,TCGA-EE-A2A0-06,Metastasis,3,TCGA-ER-A19B-06,Metastasis,0.999483048915863,True
175,TCGA-EE-A2A0-06,Metastasis,4,TCGA-D9-A3Z3-06,Metastasis,0.9992408156394958,True
175,TCGA-EE-A2A0-06,Metastasis,5,TCGA-D3-A2JA-06,Metastasis,0.9990978240966797,True
175,TCGA-EE-A2A0-06,Metastasis,6,TCGA-DA-A1HY-06,Metastasis,0.9989938735961914,True
175,TCGA-EE-A2A0-06,Metastasis,7,TCGA-BF-AAP7-01,Primary Tumor,0.9988868236541748,False
175,TCGA-EE-A2A0-06,Metastasis,8,TCGA-D3-A5GN-06,Metastasis,0.9985202550888062,True
175,TCGA-EE-A2A0-06,Metastasis,9,TCGA-GN-A8LN-01,Primary Tumor,0.9984990358352661,False
176,TCGA-EE-A20B-06,Metastasis,0,TCGA-GN-A265-06,Metastasis,0.9999171495437622,True
176,TCGA-EE-A20B-06,Metastasis,1,TCGA-D3-A8GC-06,Metastasis,0.9997774958610535,True
176,TCGA-EE-A20B-06,Metastasis,2,TCGA-DA-A95X-06,Metastasis,0.9997647404670715,True
176,TCGA-EE-A20B-06,Metastasis,3,TCGA-HR-A2OH-06,Metastasis,0.9997105598449707,True
176,TCGA-EE-A20B-06,Metastasis,4,TCGA-EE-A2MP-06,Metastasis,0.9996105432510376,True
176,TCGA-EE-A20B-06,Metastasis,5,TCGA-ER-A19D-06,Metastasis,0.9994041323661804,True
176,TCGA-EE-A20B-06,Metastasis,6,TCGA-D3-A51T-06,Metastasis,0.99934983253479,True
176,TCGA-EE-A20B-06,Metastasis,7,TCGA-EE-A3JB-06,Metastasis,0.9993395805358887,True
176,TCGA-EE-A20B-06,Metastasis,8,TCGA-FS-A4F8-06,Metastasis,0.9992170929908752,True
176,TCGA-EE-A20B-06,Metastasis,9,TCGA-WE-A8ZY-06,Metastasis,0.998893141746521,True
177,TCGA-EB-A5UL-06,Metastasis,0,TCGA-BF-AAP0-06,Metastasis,0.9997947216033936,True
177,TCGA-EB-A5UL-06,Metastasis,1,TCGA-GN-A4U8-06,Metastasis,0.9997759461402893,True
177,TCGA-EB-A5UL-06,Metastasis,2,TCGA-EE-A3J3-06,Metastasis,0.999159574508667,True
177,TCGA-EB-A5UL-06,Metastasis,3,TCGA-GN-A9SD-06,Metastasis,0.9984946250915527,True
177,TCGA-EB-A5UL-06,Metastasis,4,TCGA-EE-A20F-06,Metastasis,0.9975910782814026,True
177,TCGA-EB-A5UL-06,Metastasis,5,TCGA-EE-A2A2-06,Metastasis,0.9973942041397095,True
177,TCGA-EB-A5UL-06,Metastasis,6,TCGA-EE-A2GL-06,Metastasis,0.9971323013305664,True
177,TCGA-EB-A5UL-06,Metastasis,7,TCGA-D3-A3CF-06,Metastasis,0.9966697692871094,True
177,TCGA-EB-A5UL-06,Metastasis,8,TCGA-D9-A1JX-06,Metastasis,0.9964534640312195,True
177,TCGA-EB-A5UL-06,Metastasis,9,TCGA-EE-A2A6-06,Metastasis,0.9952380061149597,True
178,TCGA-ER-A196-01,Primary Tumor,0,TCGA-EB-A4OZ-01,Primary Tumor,0.9989950656890869,True
178,TCGA-ER-A196-01,Primary Tumor,1,TCGA-HR-A5NC-01,Primary Tumor,0.9971911311149597,True
178,TCGA-ER-A196-01,Primary Tumor,2,TCGA-EB-A5SF-01,Primary Tumor,0.9961950182914734,True
178,TCGA-ER-A196-01,Primary Tumor,3,TCGA-ER-A2NB-01,Primary Tumor,0.9959045648574829,True
178,TCGA-ER-A196-01,Primary Tumor,4,TCGA-EB-A4IQ-01,Primary Tumor,0.988248348236084,True
178,TCGA-ER-A196-01,Primary Tumor,5,TCGA-EB-A3HV-01,Primary Tumor,0.9804973006248474,True
178,TCGA-ER-A196-01,Primary Tumor,6,TCGA-FS-A1ZC-06,Metastasis,0.9800752997398376,False
178,TCGA-ER-A196-01,Primary Tumor,7,TCGA-EE-A3J8-06,Metastasis,0.9786199331283569,False
178,TCGA-ER-A196-01,Primary Tumor,8,TCGA-BF-A9VF-01,Primary Tumor,0.9772880673408508,True
178,TCGA-ER-A196-01,Primary Tumor,9,TCGA-GF-A3OT-06,Metastasis,0.9739658832550049,False
179,TCGA-FS-A1ZK-06,Metastasis,0,TCGA-EB-A44O-01,Primary Tumor,0.9999483823776245,False
179,TCGA-FS-A1ZK-06,Metastasis,1,TCGA-EE-A3JE-06,Metastasis,0.9996104836463928,True
179,TCGA-FS-A1ZK-06,Metastasis,2,TCGA-FW-A5DX-01,Primary Tumor,0.9995640516281128,False
179,TCGA-FS-A1ZK-06,Metastasis,3,TCGA-W3-A828-06,Metastasis,0.9987488389015198,True
179,TCGA-FS-A1ZK-06,Metastasis,4,TCGA-GN-A26A-06,Metastasis,0.9984478950500488,True
179,TCGA-FS-A1ZK-06,Metastasis,5,TCGA-BF-A5EO-01,Primary Tumor,0.9982539415359497,False
179,TCGA-FS-A1ZK-06,Metastasis,6,TCGA-EE-A3AD-06,Metastasis,0.9982468485832214,True
179,TCGA-FS-A1ZK-06,Metastasis,7,TCGA-FR-A7U9-06,Metastasis,0.9981921315193176,True
179,TCGA-FS-A1ZK-06,Metastasis,8,TCGA-FS-A1ZD-06,Metastasis,0.9977761507034302,True
179,TCGA-FS-A1ZK-06,Metastasis,9,TCGA-EB-A5SE-01,Primary Tumor,0.9974858164787292,False
180,TCGA-EE-A2MT-06,Metastasis,0,TCGA-EE-A2MK-06,Metastasis,0.9999489784240723,True
180,TCGA-EE-A2MT-06,Metastasis,1,TCGA-EE-A2MI-06,Metastasis,0.9999231100082397,True
180,TCGA-EE-A2MT-06,Metastasis,2,TCGA-D9-A1JW-06,Metastasis,0.9999141097068787,True
180,TCGA-EE-A2MT-06,Metastasis,3,TCGA-D3-A2JD-06,Metastasis,0.9998466968536377,True
180,TCGA-EE-A2MT-06,Metastasis,4,TCGA-EE-A3JI-06,Metastasis,0.9998076558113098,True
180,TCGA-EE-A2MT-06,Metastasis,5,TCGA-RP-A693-06,Metastasis,0.9997970461845398,True
180,TCGA-EE-A2MT-06,Metastasis,6,TCGA-D3-A5GS-06,Metastasis,0.9997645616531372,True
180,TCGA-EE-A2MT-06,Metastasis,7,TCGA-EE-A20I-06,Metastasis,0.9997575879096985,True
180,TCGA-EE-A2MT-06,Metastasis,8,TCGA-EE-A2A5-06,Metastasis,0.9997438192367554,True
180,TCGA-EE-A2MT-06,Metastasis,9,TCGA-FS-A1YX-06,Metastasis,0.9995349049568176,True
181,TCGA-OD-A75X-06,Metastasis,0,TCGA-ER-A19S-06,Metastasis,0.9999094605445862,True
181,TCGA-OD-A75X-06,Metastasis,1,TCGA-EE-A29H-06,Metastasis,0.9996954798698425,True
181,TCGA-OD-A75X-06,Metastasis,2,TCGA-D3-A51F-06,Metastasis,0.9996105432510376,True
181,TCGA-OD-A75X-06,Metastasis,3,TCGA-FS-A1Z0-06,Metastasis,0.9995025992393494,True
181,TCGA-OD-A75X-06,Metastasis,4,TCGA-D3-A8GM-06,Metastasis,0.9994505643844604,True
181,TCGA-OD-A75X-06,Metastasis,5,TCGA-EE-A3AC-06,Metastasis,0.9992875456809998,True
181,TCGA-OD-A75X-06,Metastasis,6,TCGA-WE-A8ZY-06,Metastasis,0.9992868900299072,True
181,TCGA-OD-A75X-06,Metastasis,7,TCGA-EE-A181-06,Metastasis,0.9992623925209045,True
181,TCGA-OD-A75X-06,Metastasis,8,TCGA-ER-A19W-06,Metastasis,0.9992315173149109,True
181,TCGA-OD-A75X-06,Metastasis,9,TCGA-EE-A29M-06,Metastasis,0.999208390712738,True
182,TCGA-EE-A17Z-06,Metastasis,0,TCGA-D3-A3C6-06,Metastasis,0.9998517632484436,True
182,TCGA-EE-A17Z-06,Metastasis,1,TCGA-GN-A4U7-06,Metastasis,0.9998032450675964,True
182,TCGA-EE-A17Z-06,Metastasis,2,TCGA-EB-A4P0-01,Primary Tumor,0.9996393918991089,False
182,TCGA-EE-A17Z-06,Metastasis,3,TCGA-ER-A19L-06,Metastasis,0.9996191263198853,True
182,TCGA-EE-A17Z-06,Metastasis,4,TCGA-FR-A69P-06,Metastasis,0.9995992183685303,True
182,TCGA-EE-A17Z-06,Metastasis,5,TCGA-EE-A2GO-06,Metastasis,0.9995574355125427,True
182,TCGA-EE-A17Z-06,Metastasis,6,TCGA-EE-A2GT-06,Metastasis,0.9995546340942383,True
182,TCGA-EE-A17Z-06,Metastasis,7,TCGA-ER-A42H-01,Primary Tumor,0.9995397925376892,False
182,TCGA-EE-A17Z-06,Metastasis,8,TCGA-FS-A1ZE-06,Metastasis,0.999538242816925,True
182,TCGA-EE-A17Z-06,Metastasis,9,TCGA-3N-A9WB-06,Metastasis,0.9992833137512207,True
183,TCGA-FR-A8YC-06,Metastasis,0,TCGA-ER-A19N-06,Metastasis,0.9999869465827942,True
183,TCGA-FR-A8YC-06,Metastasis,1,TCGA-EE-A3AA-06,Metastasis,0.9998621344566345,True
183,TCGA-FR-A8YC-06,Metastasis,2,TCGA-ER-A19G-06,Metastasis,0.9997280240058899,True
183,TCGA-FR-A8YC-06,Metastasis,3,TCGA-EB-A85J-01,Primary Tumor,0.9996688961982727,False
183,TCGA-FR-A8YC-06,Metastasis,4,TCGA-EB-A82B-01,Primary Tumor,0.9996142387390137,False
183,TCGA-FR-A8YC-06,Metastasis,5,TCGA-D3-A2J8-06,Metastasis,0.9995635151863098,True
183,TCGA-FR-A8YC-06,Metastasis,6,TCGA-ER-A19J-06,Metastasis,0.9995397329330444,True
183,TCGA-FR-A8YC-06,Metastasis,7,TCGA-EE-A2GH-06,Metastasis,0.999448835849762,True
183,TCGA-FR-A8YC-06,Metastasis,8,TCGA-D3-A1QA-07,Metastasis,0.9993475675582886,True
183,TCGA-FR-A8YC-06,Metastasis,9,TCGA-EB-A3XB-01,Primary Tumor,0.9992836117744446,False
184,TCGA-GN-A265-06,Metastasis,0,TCGA-EE-A20B-06,Metastasis,0.9999171495437622,True
184,TCGA-GN-A265-06,Metastasis,1,TCGA-EE-A2MP-06,Metastasis,0.9998794198036194,True
184,TCGA-GN-A265-06,Metastasis,2,TCGA-D3-A8GC-06,Metastasis,0.9998601078987122,True
184,TCGA-GN-A265-06,Metastasis,3,TCGA-DA-A95X-06,Metastasis,0.9996206164360046,True
184,TCGA-GN-A265-06,Metastasis,4,TCGA-HR-A2OH-06,Metastasis,0.9995445013046265,True
184,TCGA-GN-A265-06,Metastasis,5,TCGA-EE-A3JB-06,Metastasis,0.9994975924491882,True
184,TCGA-GN-A265-06,Metastasis,6,TCGA-D3-A51T-06,Metastasis,0.9991300702095032,True
184,TCGA-GN-A265-06,Metastasis,7,TCGA-FS-A4F8-06,Metastasis,0.9989761710166931,True
184,TCGA-GN-A265-06,Metastasis,8,TCGA-ER-A19D-06,Metastasis,0.9989475607872009,True
184,TCGA-GN-A265-06,Metastasis,9,TCGA-EE-A29H-06,Metastasis,0.9987227320671082,True
185,TCGA-ER-A19Q-06,Metastasis,0,TCGA-EE-A2MM-06,Metastasis,0.9999833106994629,True
185,TCGA-ER-A19Q-06,Metastasis,1,TCGA-EE-A2GN-06,Metastasis,0.999907374382019,True
185,TCGA-ER-A19Q-06,Metastasis,2,TCGA-WE-A8K5-06,Metastasis,0.9998152256011963,True
185,TCGA-ER-A19Q-06,Metastasis,3,TCGA-YD-A9TB-06,Metastasis,0.9997637271881104,True
185,TCGA-ER-A19Q-06,Metastasis,4,TCGA-EE-A3J7-06,Metastasis,0.9997581839561462,True
185,TCGA-ER-A19Q-06,Metastasis,5,TCGA-WE-A8ZO-06,Metastasis,0.9997313022613525,True
185,TCGA-ER-A19Q-06,Metastasis,6,TCGA-D3-A5GU-06,Metastasis,0.9996992945671082,True
185,TCGA-ER-A19Q-06,Metastasis,7,TCGA-D3-A2JF-06,Metastasis,0.999680757522583,True
185,TCGA-ER-A19Q-06,Metastasis,8,TCGA-EE-A184-06,Metastasis,0.9996649622917175,True
185,TCGA-ER-A19Q-06,Metastasis,9,TCGA-DA-A95W-06,Metastasis,0.999544620513916,True
186,TCGA-BF-A3DN-01,Primary Tumor,0,TCGA-EE-A2M6-06,Metastasis,0.9998422861099243,False
186,TCGA-BF-A3DN-01,Primary Tumor,1,TCGA-ER-A3ET-06,Metastasis,0.9998152852058411,False
186,TCGA-BF-A3DN-01,Primary Tumor,2,TCGA-D3-A2J7-06,Metastasis,0.9997749924659729,False
186,TCGA-BF-A3DN-01,Primary Tumor,3,TCGA-D9-A3Z1-06,Metastasis,0.9996368288993835,False
186,TCGA-BF-A3DN-01,Primary Tumor,4,TCGA-EE-A2MU-06,Metastasis,0.999569833278656,False
186,TCGA-BF-A3DN-01,Primary Tumor,5,TCGA-RP-A693-06,Metastasis,0.9995560050010681,False
186,TCGA-BF-A3DN-01,Primary Tumor,6,TCGA-EB-A3Y6-01,Primary Tumor,0.9995353817939758,True
186,TCGA-BF-A3DN-01,Primary Tumor,7,TCGA-FR-A3R1-01,Primary Tumor,0.9994812607765198,True
186,TCGA-BF-A3DN-01,Primary Tumor,8,TCGA-WE-A8ZT-06,Metastasis,0.9994380474090576,False
186,TCGA-BF-A3DN-01,Primary Tumor,9,TCGA-ER-A2NC-06,Metastasis,0.9994122982025146,False
187,TCGA-DA-A1HW-06,Metastasis,0,TCGA-EE-A2GI-06,Metastasis,0.9998143315315247,True
187,TCGA-DA-A1HW-06,Metastasis,1,TCGA-WE-A8K1-06,Metastasis,0.9997463226318359,True
187,TCGA-DA-A1HW-06,Metastasis,2,TCGA-D3-A2JC-06,Metastasis,0.9995887875556946,True
187,TCGA-DA-A1HW-06,Metastasis,3,TCGA-EE-A2A1-06,Metastasis,0.9994711875915527,True
187,TCGA-DA-A1HW-06,Metastasis,4,TCGA-FR-A44A-06,Metastasis,0.9993169903755188,True
187,TCGA-DA-A1HW-06,Metastasis,5,TCGA-D3-A1Q7-06,Metastasis,0.9991819858551025,True
187,TCGA-DA-A1HW-06,Metastasis,6,TCGA-D3-A51J-06,Metastasis,0.9991704821586609,True
187,TCGA-DA-A1HW-06,Metastasis,7,TCGA-D3-A8GJ-06,Metastasis,0.999140739440918,True
187,TCGA-DA-A1HW-06,Metastasis,8,TCGA-D3-A8GB-06,Metastasis,0.9985966086387634,True
187,TCGA-DA-A1HW-06,Metastasis,9,TCGA-D3-A3MR-06,Metastasis,0.9985066652297974,True
188,TCGA-ER-A1A1-06,Metastasis,0,TCGA-EE-A2MC-06,Metastasis,0.9987059831619263,True
188,TCGA-ER-A1A1-06,Metastasis,1,TCGA-EE-A2GK-06,Metastasis,0.9933670163154602,True
188,TCGA-ER-A1A1-06,Metastasis,2,TCGA-EE-A2GB-06,Metastasis,0.9926509261131287,True
188,TCGA-ER-A1A1-06,Metastasis,3,TCGA-FR-A7UA-06,Metastasis,0.9925626516342163,True
188,TCGA-ER-A1A1-06,Metastasis,4,TCGA-ER-A19A-06,Metastasis,0.9909045100212097,True
188,TCGA-ER-A1A1-06,Metastasis,5,TCGA-EB-A44R-06,Metastasis,0.9898544549942017,True
188,TCGA-ER-A1A1-06,Metastasis,6,TCGA-FS-A1ZR-06,Metastasis,0.9893569350242615,True
188,TCGA-ER-A1A1-06,Metastasis,7,TCGA-BF-AAP1-01,Primary Tumor,0.9883735775947571,False
188,TCGA-ER-A1A1-06,Metastasis,8,TCGA-FS-A1ZA-06,Metastasis,0.9882718920707703,True
188,TCGA-ER-A1A1-06,Metastasis,9,TCGA-FW-A3I3-06,Metastasis,0.9868009686470032,True
189,TCGA-DA-A1I8-06,Metastasis,0,TCGA-GF-A2C7-01,Primary Tumor,0.9991257786750793,False
189,TCGA-DA-A1I8-06,Metastasis,1,TCGA-YG-AA3N-01,Primary Tumor,0.9990939497947693,False
189,TCGA-DA-A1I8-06,Metastasis,2,TCGA-WE-A8ZQ-06,Metastasis,0.9989573359489441,True
189,TCGA-DA-A1I8-06,Metastasis,3,TCGA-D3-A3MO-06,Metastasis,0.9986209273338318,True
189,TCGA-DA-A1I8-06,Metastasis,4,TCGA-EB-A1NK-01,Primary Tumor,0.9983472228050232,False
189,TCGA-DA-A1I8-06,Metastasis,5,TCGA-ER-A19K-01,Primary Tumor,0.99826580286026,False
189,TCGA-DA-A1I8-06,Metastasis,6,TCGA-FS-A1ZB-06,Metastasis,0.9981952905654907,True
189,TCGA-DA-A1I8-06,Metastasis,7,TCGA-EB-A24C-01,Primary Tumor,0.9979708194732666,False
189,TCGA-DA-A1I8-06,Metastasis,8,TCGA-GN-A26A-06,Metastasis,0.9977746605873108,True
189,TCGA-DA-A1I8-06,Metastasis,9,TCGA-EB-A5FP-01,Primary Tumor,0.9976444244384766,False
190,TCGA-BF-AAP6-01,Primary Tumor,0,TCGA-D3-A3MV-06,Metastasis,0.9998181462287903,False
190,TCGA-BF-AAP6-01,Primary Tumor,1,TCGA-FS-A1Z3-06,Metastasis,0.9996665716171265,False
190,TCGA-BF-AAP6-01,Primary Tumor,2,TCGA-EE-A3AG-06,Metastasis,0.9994876384735107,False
190,TCGA-BF-AAP6-01,Primary Tumor,3,TCGA-FS-A4F5-06,Metastasis,0.9993510842323303,False
190,TCGA-BF-AAP6-01,Primary Tumor,4,TCGA-FS-A1ZZ-06,Metastasis,0.9987142086029053,False
190,TCGA-BF-AAP6-01,Primary Tumor,5,TCGA-W3-A828-06,Metastasis,0.9986352920532227,False
190,TCGA-BF-AAP6-01,Primary Tumor,6,TCGA-EE-A3AD-06,Metastasis,0.9985838532447815,False
190,TCGA-BF-AAP6-01,Primary Tumor,7,TCGA-D3-A2JN-06,Metastasis,0.9985739588737488,False
190,TCGA-BF-AAP6-01,Primary Tumor,8,TCGA-EE-A3AH-06,Metastasis,0.9981558918952942,False
190,TCGA-BF-AAP6-01,Primary Tumor,9,TCGA-D3-A3CB-06,Metastasis,0.9980074763298035,False
191,TCGA-EE-A3JI-06,Metastasis,0,TCGA-D3-A5GS-06,Metastasis,0.9999739527702332,True
191,TCGA-EE-A3JI-06,Metastasis,1,TCGA-EE-A20I-06,Metastasis,0.9999206066131592,True
191,TCGA-EE-A3JI-06,Metastasis,2,TCGA-EE-A2A5-06,Metastasis,0.9998996257781982,True
191,TCGA-EE-A3JI-06,Metastasis,3,TCGA-D9-A1JW-06,Metastasis,0.9998100996017456,True
191,TCGA-EE-A3JI-06,Metastasis,4,TCGA-EE-A2MT-06,Metastasis,0.9998076558113098,True
191,TCGA-EE-A3JI-06,Metastasis,5,TCGA-EE-A2MK-06,Metastasis,0.9997480511665344,True
191,TCGA-EE-A3JI-06,Metastasis,6,TCGA-EE-A2MI-06,Metastasis,0.9997463822364807,True
191,TCGA-EE-A3JI-06,Metastasis,7,TCGA-RP-A694-06,Metastasis,0.9996806979179382,True
191,TCGA-EE-A3JI-06,Metastasis,8,TCGA-D3-A1QA-06,Metastasis,0.9996744394302368,True
191,TCGA-EE-A3JI-06,Metastasis,9,TCGA-D3-A2JD-06,Metastasis,0.9996544122695923,True
192,TCGA-XV-A9W2-01,Primary Tumor,0,TCGA-XV-AAZW-01,Primary Tumor,0.9941653609275818,True
192,TCGA-XV-A9W2-01,Primary Tumor,1,TCGA-EB-A4IQ-01,Primary Tumor,0.9808406829833984,True
192,TCGA-XV-A9W2-01,Primary Tumor,2,TCGA-EB-A5VU-01,Primary Tumor,0.9799449443817139,True
192,TCGA-XV-A9W2-01,Primary Tumor,3,TCGA-EB-A57M-01,Primary Tumor,0.9797688722610474,True
192,TCGA-XV-A9W2-01,Primary Tumor,4,TCGA-XV-AAZV-01,Primary Tumor,0.9771190881729126,True
192,TCGA-XV-A9W2-01,Primary Tumor,5,TCGA-D3-A51R-06,Metastasis,0.9767645597457886,False
192,TCGA-XV-A9W2-01,Primary Tumor,6,TCGA-EB-A3XE-01,Primary Tumor,0.9759839773178101,True
192,TCGA-XV-A9W2-01,Primary Tumor,7,TCGA-EB-A3XC-01,Primary Tumor,0.9752647280693054,True
192,TCGA-XV-A9W2-01,Primary Tumor,8,TCGA-EB-A3HV-01,Primary Tumor,0.974285364151001,True
192,TCGA-XV-A9W2-01,Primary Tumor,9,TCGA-XV-A9VZ-01,Primary Tumor,0.9735928773880005,True
193,TCGA-D3-A51F-06,Metastasis,0,TCGA-EE-A29H-06,Metastasis,0.9998776912689209,True
193,TCGA-D3-A51F-06,Metastasis,1,TCGA-ER-A19S-06,Metastasis,0.9998297691345215,True
193,TCGA-D3-A51F-06,Metastasis,2,TCGA-EE-A181-06,Metastasis,0.9998189210891724,True
193,TCGA-D3-A51F-06,Metastasis,3,TCGA-WE-A8ZY-06,Metastasis,0.9997193813323975,True
193,TCGA-D3-A51F-06,Metastasis,4,TCGA-FS-A4F8-06,Metastasis,0.999707818031311,True
193,TCGA-D3-A51F-06,Metastasis,5,TCGA-OD-A75X-06,Metastasis,0.9996105432510376,True
193,TCGA-D3-A51F-06,Metastasis,6,TCGA-HR-A2OH-06,Metastasis,0.9995097517967224,True
193,TCGA-D3-A51F-06,Metastasis,7,TCGA-DA-A95X-06,Metastasis,0.9993742108345032,True
193,TCGA-D3-A51F-06,Metastasis,8,TCGA-EE-A29M-06,Metastasis,0.9993707537651062,True
193,TCGA-D3-A51F-06,Metastasis,9,TCGA-EE-A2MJ-06,Metastasis,0.9993484020233154,True
194,TCGA-IH-A3EA-01,Primary Tumor,0,TCGA-ER-A3ES-06,Metastasis,0.999851644039154,False
194,TCGA-IH-A3EA-01,Primary Tumor,1,TCGA-D3-A2JK-06,Metastasis,0.9995208978652954,False
194,TCGA-IH-A3EA-01,Primary Tumor,2,TCGA-D3-A5GT-01,Primary Tumor,0.9989209771156311,True
194,TCGA-IH-A3EA-01,Primary Tumor,3,TCGA-ER-A194-01,Primary Tumor,0.9986737966537476,True
194,TCGA-IH-A3EA-01,Primary Tumor,4,TCGA-DA-A960-01,Primary Tumor,0.9985854029655457,True
194,TCGA-IH-A3EA-01,Primary Tumor,5,TCGA-D3-A8GI-06,Metastasis,0.9981294870376587,False
194,TCGA-IH-A3EA-01,Primary Tumor,6,TCGA-BF-A5ER-01,Primary Tumor,0.9980456233024597,True
194,TCGA-IH-A3EA-01,Primary Tumor,7,TCGA-DA-A95Z-06,Metastasis,0.9979507327079773,False
194,TCGA-IH-A3EA-01,Primary Tumor,8,TCGA-EB-A553-01,Primary Tumor,0.9972872138023376,True
194,TCGA-IH-A3EA-01,Primary Tumor,9,TCGA-XV-AB01-06,Metastasis,0.9969760179519653,False
195,TCGA-D3-A8GE-06,Metastasis,0,TCGA-D3-A3CB-06,Metastasis,0.9999083876609802,True
195,TCGA-D3-A8GE-06,Metastasis,1,TCGA-ER-A197-06,Metastasis,0.9997979402542114,True
195,TCGA-D3-A8GE-06,Metastasis,2,TCGA-EE-A3AH-06,Metastasis,0.9994091391563416,True
195,TCGA-D3-A8GE-06,Metastasis,3,TCGA-GF-A6C9-06,Metastasis,0.9992473721504211,True
195,TCGA-D3-A8GE-06,Metastasis,4,TCGA-FS-A1ZW-06,Metastasis,0.9992243647575378,True
195,TCGA-D3-A8GE-06,Metastasis,5,TCGA-EB-A3XB-01,Primary Tumor,0.9990312457084656,False
195,TCGA-D3-A8GE-06,Metastasis,6,TCGA-EB-A44P-01,Primary Tumor,0.9988719820976257,False
195,TCGA-D3-A8GE-06,Metastasis,7,TCGA-FS-A1Z3-06,Metastasis,0.9988163113594055,True
195,TCGA-D3-A8GE-06,Metastasis,8,TCGA-D3-A2JN-06,Metastasis,0.9987828731536865,True
195,TCGA-D3-A8GE-06,Metastasis,9,TCGA-EB-A82B-01,Primary Tumor,0.9985840916633606,False
196,TCGA-D3-A51J-06,Metastasis,0,TCGA-D3-A2JC-06,Metastasis,0.9997960925102234,True
196,TCGA-D3-A51J-06,Metastasis,1,TCGA-D3-A1Q7-06,Metastasis,0.999789297580719,True
196,TCGA-D3-A51J-06,Metastasis,2,TCGA-W3-AA1R-06,Metastasis,0.9993870854377747,True
196,TCGA-D3-A51J-06,Metastasis,3,TCGA-FS-A4F8-06,Metastasis,0.9992333054542542,True
196,TCGA-D3-A51J-06,Metastasis,4,TCGA-D3-A3MR-06,Metastasis,0.999218225479126,True
196,TCGA-D3-A51J-06,Metastasis,5,TCGA-FW-A5DY-06,Metastasis,0.9992066025733948,True
196,TCGA-D3-A51J-06,Metastasis,6,TCGA-DA-A1HW-06,Metastasis,0.9991704821586609,True
196,TCGA-D3-A51J-06,Metastasis,7,TCGA-EE-A181-06,Metastasis,0.9991656541824341,True
196,TCGA-D3-A51J-06,Metastasis,8,TCGA-ER-A42L-06,Metastasis,0.9988436698913574,True
196,TCGA-D3-A51J-06,Metastasis,9,TCGA-EE-A29M-06,Metastasis,0.9988049268722534,True
197,TCGA-FR-A728-01,Primary Tumor,0,TCGA-D9-A149-06,Metastasis,0.999836266040802,False
197,TCGA-FR-A728-01,Primary Tumor,1,TCGA-FS-A1YW-06,Metastasis,0.9998078346252441,False
197,TCGA-FR-A728-01,Primary Tumor,2,TCGA-EE-A3J5-06,Metastasis,0.9997463822364807,False
197,TCGA-FR-A728-01,Primary Tumor,3,TCGA-FR-A3YN-06,Metastasis,0.9997196197509766,False
197,TCGA-FR-A728-01,Primary Tumor,4,TCGA-D9-A148-06,Metastasis,0.9996951818466187,False
197,TCGA-FR-A728-01,Primary Tumor,5,TCGA-D3-A2JP-06,Metastasis,0.9991796016693115,False
197,TCGA-FR-A728-01,Primary Tumor,6,TCGA-ER-A193-06,Metastasis,0.9990221858024597,False
197,TCGA-FR-A728-01,Primary Tumor,7,TCGA-Z2-AA3S-06,Metastasis,0.9988731741905212,False
197,TCGA-FR-A728-01,Primary Tumor,8,TCGA-EB-A41A-01,Primary Tumor,0.9985101222991943,True
197,TCGA-FR-A728-01,Primary Tumor,9,TCGA-GN-A26D-06,Metastasis,0.9981130957603455,False
198,TCGA-FW-A5DX-01,Primary Tumor,0,TCGA-EE-A3JE-06,Metastasis,0.999940037727356,False
198,TCGA-FW-A5DX-01,Primary Tumor,1,TCGA-FS-A1ZK-06,Metastasis,0.9995640516281128,False
198,TCGA-FW-A5DX-01,Primary Tumor,2,TCGA-EB-A44O-01,Primary Tumor,0.9994465112686157,True
198,TCGA-FW-A5DX-01,Primary Tumor,3,TCGA-EE-A3AD-06,Metastasis,0.9991291761398315,False
198,TCGA-FW-A5DX-01,Primary Tumor,4,TCGA-DA-A95V-06,Metastasis,0.998828649520874,False
198,TCGA-FW-A5DX-01,Primary Tumor,5,TCGA-ER-A42K-06,Metastasis,0.9984099864959717,False
198,TCGA-FW-A5DX-01,Primary Tumor,6,TCGA-W3-A828-06,Metastasis,0.9983057975769043,False
198,TCGA-FW-A5DX-01,Primary Tumor,7,TCGA-FS-A1ZF-06,Metastasis,0.9982832074165344,False
198,TCGA-FW-A5DX-01,Primary Tumor,8,TCGA-W3-AA1O-06,Metastasis,0.9982765913009644,False
198,TCGA-FW-A5DX-01,Primary Tumor,9,TCGA-BF-A5EO-01,Primary Tumor,0.9978170394897461,True
199,TCGA-FR-A8YE-06,Metastasis,0,TCGA-YD-A9TA-06,Metastasis,0.9889403581619263,True
199,TCGA-FR-A8YE-06,Metastasis,1,TCGA-DA-A1IB-06,Metastasis,0.9861863255500793,True
199,TCGA-FR-A8YE-06,Metastasis,2,TCGA-ER-A19P-06,Metastasis,0.9751516580581665,True
199,TCGA-FR-A8YE-06,Metastasis,3,LE-037-RG-038_N,Benign Nevus,0.9535735845565796,False
199,TCGA-FR-A8YE-06,Metastasis,4,TCGA-FR-A729-06,Metastasis,0.9519495964050293,True
199,TCGA-FR-A8YE-06,Metastasis,5,TCGA-EB-A6R0-01,Primary Tumor,0.9506906867027283,False
199,TCGA-FR-A8YE-06,Metastasis,6,TCGA-W3-A825-06,Metastasis,0.9458276033401489,True
199,TCGA-FR-A8YE-06,Metastasis,7,TCGA-D3-A5GR-06,Metastasis,0.9448049664497375,True
199,TCGA-FR-A8YE-06,Metastasis,8,TCGA-FS-A1ZH-06,Metastasis,0.9423598051071167,True
199,TCGA-FR-A8YE-06,Metastasis,9,TCGA-D3-A8GD-06,Metastasis,0.9341328144073486,True
200,TCGA-D9-A3Z1-06,Metastasis,0,TCGA-D3-A2J7-06,Metastasis,0.9999644160270691,True
200,TCGA-D9-A3Z1-06,Metastasis,1,TCGA-ER-A3ET-06,Metastasis,0.9997832775115967,True
200,TCGA-D9-A3Z1-06,Metastasis,2,TCGA-EE-A29T-06,Metastasis,0.9996687769889832,True
200,TCGA-D9-A3Z1-06,Metastasis,3,TCGA-BF-A3DN-01,Primary Tumor,0.9996368288993835,False
200,TCGA-D9-A3Z1-06,Metastasis,4,TCGA-EE-A2MK-06,Metastasis,0.9995396733283997,True
200,TCGA-D9-A3Z1-06,Metastasis,5,TCGA-EE-A2MT-06,Metastasis,0.9995306134223938,True
200,TCGA-D9-A3Z1-06,Metastasis,6,TCGA-RP-A693-06,Metastasis,0.9995079040527344,True
200,TCGA-D9-A3Z1-06,Metastasis,7,TCGA-EE-A2M6-06,Metastasis,0.9994579553604126,True
200,TCGA-D9-A3Z1-06,Metastasis,8,TCGA-EE-A2MI-06,Metastasis,0.9993895292282104,True
200,TCGA-D9-A3Z1-06,Metastasis,9,TCGA-FR-A2OS-01,Primary Tumor,0.9993187189102173,False
201,TCGA-EE-A182-06,Metastasis,0,TCGA-EE-A3JA-06,Metastasis,0.9997278451919556,True
201,TCGA-EE-A182-06,Metastasis,1,TCGA-EE-A185-06,Metastasis,0.9996790885925293,True
201,TCGA-EE-A182-06,Metastasis,2,TCGA-ER-A3EV-06,Metastasis,0.9996256828308105,True
201,TCGA-EE-A182-06,Metastasis,3,TCGA-ER-A19T-01,Primary Tumor,0.9995916485786438,False
201,TCGA-EE-A182-06,Metastasis,4,TCGA-D3-A8GR-06,Metastasis,0.999297022819519,True
201,TCGA-EE-A182-06,Metastasis,5,TCGA-GN-A8LL-06,Metastasis,0.9992638826370239,True
201,TCGA-EE-A182-06,Metastasis,6,TCGA-EE-A20C-06,Metastasis,0.9991516470909119,True
201,TCGA-EE-A182-06,Metastasis,7,TCGA-D9-A4Z5-01,Primary Tumor,0.9991006851196289,False
201,TCGA-EE-A182-06,Metastasis,8,TCGA-GN-A262-06,Metastasis,0.9989660978317261,True
201,TCGA-EE-A182-06,Metastasis,9,TCGA-D3-A5GL-06,Metastasis,0.9988418817520142,True
202,TCGA-BF-AAP8-01,Primary Tumor,0,TCGA-D9-A6EC-06,Metastasis,0.9999780058860779,False
202,TCGA-BF-AAP8-01,Primary Tumor,1,TCGA-D3-A51K-06,Metastasis,0.9999026656150818,False
202,TCGA-BF-AAP8-01,Primary Tumor,2,TCGA-EE-A2GC-06,Metastasis,0.9998764395713806,False
202,TCGA-BF-AAP8-01,Primary Tumor,3,TCGA-LH-A9QB-06,Metastasis,0.9998742938041687,False
202,TCGA-BF-AAP8-01,Primary Tumor,4,TCGA-FS-A4FB-06,Metastasis,0.9997372627258301,False
202,TCGA-BF-AAP8-01,Primary Tumor,5,TCGA-EE-A2GO-06,Metastasis,0.9996903538703918,False
202,TCGA-BF-AAP8-01,Primary Tumor,6,TCGA-EE-A2GR-06,Metastasis,0.9996674060821533,False
202,TCGA-BF-AAP8-01,Primary Tumor,7,TCGA-EE-A29A-06,Metastasis,0.9996572136878967,False
202,TCGA-BF-AAP8-01,Primary Tumor,8,TCGA-D3-A3C1-06,Metastasis,0.9996178150177002,False
202,TCGA-BF-AAP8-01,Primary Tumor,9,TCGA-D3-A2J6-06,Metastasis,0.9995923638343811,False
203,TCGA-WE-A8K5-06,Metastasis,0,TCGA-EE-A3J7-06,Metastasis,0.9999718070030212,True
203,TCGA-WE-A8K5-06,Metastasis,1,TCGA-YD-A9TB-06,Metastasis,0.9999138116836548,True
203,TCGA-WE-A8K5-06,Metastasis,2,TCGA-EE-A29S-06,Metastasis,0.9999014139175415,True
203,TCGA-WE-A8K5-06,Metastasis,3,TCGA-DA-A95W-06,Metastasis,0.9998928308486938,True
203,TCGA-WE-A8K5-06,Metastasis,4,TCGA-EE-A184-06,Metastasis,0.9998412728309631,True
203,TCGA-WE-A8K5-06,Metastasis,5,TCGA-EE-A2MM-06,Metastasis,0.9998252987861633,True
203,TCGA-WE-A8K5-06,Metastasis,6,TCGA-BF-A1PZ-01,Primary Tumor,0.9998178482055664,False
203,TCGA-WE-A8K5-06,Metastasis,7,TCGA-ER-A19Q-06,Metastasis,0.9998152256011963,True
203,TCGA-WE-A8K5-06,Metastasis,8,TCGA-RP-A6K9-06,Metastasis,0.9997996091842651,True
203,TCGA-WE-A8K5-06,Metastasis,9,TCGA-EE-A29D-06,Metastasis,0.9997961521148682,True
204,TCGA-EB-A430-01,Primary Tumor,0,TCGA-WE-AAA3-06,Metastasis,0.9997981190681458,False
204,TCGA-EB-A430-01,Primary Tumor,1,TCGA-FW-A3R5-06,Metastasis,0.9997228384017944,False
204,TCGA-EB-A430-01,Primary Tumor,2,TCGA-EE-A29X-06,Metastasis,0.999442458152771,False
204,TCGA-EB-A430-01,Primary Tumor,3,TCGA-W3-AA1Q-06,Metastasis,0.9992996454238892,False
204,TCGA-EB-A430-01,Primary Tumor,4,TCGA-RP-A6K9-06,Metastasis,0.9990267157554626,False
204,TCGA-EB-A430-01,Primary Tumor,5,TCGA-EE-A2GM-06,Metastasis,0.999001681804657,False
204,TCGA-EB-A430-01,Primary Tumor,6,TCGA-EE-A2MN-06,Metastasis,0.9988725781440735,False
204,TCGA-EB-A430-01,Primary Tumor,7,TCGA-EE-A184-06,Metastasis,0.9988416433334351,False
204,TCGA-EB-A430-01,Primary Tumor,8,TCGA-EB-A41B-01,Primary Tumor,0.9988327622413635,True
204,TCGA-EB-A430-01,Primary Tumor,9,TCGA-RP-A694-06,Metastasis,0.9987965822219849,False
205,TCGA-EE-A3AG-06,Metastasis,0,TCGA-BF-AAP6-01,Primary Tumor,0.9994876384735107,False
205,TCGA-EE-A3AG-06,Metastasis,1,TCGA-FS-A1Z3-06,Metastasis,0.9989355802536011,True
205,TCGA-EE-A3AG-06,Metastasis,2,TCGA-W3-A828-06,Metastasis,0.9988034963607788,True
205,TCGA-EE-A3AG-06,Metastasis,3,TCGA-D3-A3MV-06,Metastasis,0.9987998604774475,True
205,TCGA-EE-A3AG-06,Metastasis,4,TCGA-D3-A3C8-06,Metastasis,0.9987390637397766,True
205,TCGA-EE-A3AG-06,Metastasis,5,TCGA-D3-A2JN-06,Metastasis,0.9987202882766724,True
205,TCGA-EE-A3AG-06,Metastasis,6,TCGA-EB-A5SE-01,Primary Tumor,0.9982879757881165,False
205,TCGA-EE-A3AG-06,Metastasis,7,TCGA-FR-A7U9-06,Metastasis,0.9982396364212036,True
205,TCGA-EE-A3AG-06,Metastasis,8,TCGA-D3-A8GQ-06,Metastasis,0.9982004165649414,True
205,TCGA-EE-A3AG-06,Metastasis,9,TCGA-FS-A4F5-06,Metastasis,0.9979291558265686,True
206,TCGA-D3-A2JP-06,Metastasis,0,TCGA-Z2-AA3S-06,Metastasis,0.9999478459358215,True
206,TCGA-D3-A2JP-06,Metastasis,1,TCGA-D9-A148-06,Metastasis,0.9998399019241333,True
206,TCGA-D3-A2JP-06,Metastasis,2,TCGA-FS-A1YW-06,Metastasis,0.9997567534446716,True
206,TCGA-D3-A2JP-06,Metastasis,3,TCGA-FR-A3YN-06,Metastasis,0.9995638728141785,True
206,TCGA-D3-A2JP-06,Metastasis,4,TCGA-FS-A1Z7-06,Metastasis,0.9994358420372009,True
206,TCGA-D3-A2JP-06,Metastasis,5,TCGA-EE-A3J5-06,Metastasis,0.9994275569915771,True
206,TCGA-D3-A2JP-06,Metastasis,6,TCGA-BF-AAP4-01,Primary Tumor,0.9992049336433411,False
206,TCGA-D3-A2JP-06,Metastasis,7,TCGA-FR-A728-01,Primary Tumor,0.9991796016693115,False
206,TCGA-D3-A2JP-06,Metastasis,8,TCGA-D9-A149-06,Metastasis,0.9989300966262817,True
206,TCGA-D3-A2JP-06,Metastasis,9,TCGA-ER-A193-06,Metastasis,0.9987621903419495,True
207,TCGA-ER-A199-06,Metastasis,0,TCGA-EE-A2MQ-06,Metastasis,0.9998359084129333,True
207,TCGA-ER-A199-06,Metastasis,1,TCGA-D3-A2JF-06,Metastasis,0.9997910857200623,True
207,TCGA-ER-A199-06,Metastasis,2,TCGA-EB-A5UM-01,Primary Tumor,0.9996928572654724,False
207,TCGA-ER-A199-06,Metastasis,3,TCGA-EE-A2MF-06,Metastasis,0.999681293964386,True
207,TCGA-ER-A199-06,Metastasis,4,TCGA-EE-A2ML-06,Metastasis,0.9995753765106201,True
207,TCGA-ER-A199-06,Metastasis,5,TCGA-GN-A26D-06,Metastasis,0.9995314478874207,True
207,TCGA-ER-A199-06,Metastasis,6,TCGA-EB-A41A-01,Primary Tumor,0.9994386434555054,False
207,TCGA-ER-A199-06,Metastasis,7,TCGA-EE-A2GN-06,Metastasis,0.9993777871131897,True
207,TCGA-ER-A199-06,Metastasis,8,TCGA-WE-A8ZO-06,Metastasis,0.9992597699165344,True
207,TCGA-ER-A199-06,Metastasis,9,TCGA-EE-A2MM-06,Metastasis,0.9992470741271973,True
208,TCGA-FS-A1YW-06,Metastasis,0,TCGA-D9-A148-06,Metastasis,0.9999539852142334,True
208,TCGA-FS-A1YW-06,Metastasis,1,TCGA-FR-A3YN-06,Metastasis,0.9999076724052429,True
208,TCGA-FS-A1YW-06,Metastasis,2,TCGA-EE-A3J5-06,Metastasis,0.9998636245727539,True
208,TCGA-FS-A1YW-06,Metastasis,3,TCGA-FR-A728-01,Primary Tumor,0.9998078346252441,False
208,TCGA-FS-A1YW-06,Metastasis,4,TCGA-D3-A2JP-06,Metastasis,0.9997567534446716,True
208,TCGA-FS-A1YW-06,Metastasis,5,TCGA-D9-A149-06,Metastasis,0.9996618032455444,True
208,TCGA-FS-A1YW-06,Metastasis,6,TCGA-Z2-AA3S-06,Metastasis,0.9996059536933899,True
208,TCGA-FS-A1YW-06,Metastasis,7,TCGA-ER-A193-06,Metastasis,0.9989537000656128,True
208,TCGA-FS-A1YW-06,Metastasis,8,TCGA-FS-A1Z7-06,Metastasis,0.9988062977790833,True
208,TCGA-FS-A1YW-06,Metastasis,9,TCGA-EB-A41A-01,Primary Tumor,0.9985722899436951,False
209,TCGA-D3-A2JE-06,Metastasis,0,TCGA-XV-AAZY-01,Primary Tumor,0.9999090433120728,False
209,TCGA-D3-A2JE-06,Metastasis,1,TCGA-W3-AA21-06,Metastasis,0.9998508095741272,True
209,TCGA-D3-A2JE-06,Metastasis,2,TCGA-DA-A95Y-06,Metastasis,0.9998379945755005,True
209,TCGA-D3-A2JE-06,Metastasis,3,TCGA-EE-A29C-06,Metastasis,0.9997978210449219,True
209,TCGA-D3-A2JE-06,Metastasis,4,TCGA-D3-A8GP-06,Metastasis,0.9997881650924683,True
209,TCGA-D3-A2JE-06,Metastasis,5,TCGA-EE-A29L-06,Metastasis,0.9996851086616516,True
209,TCGA-D3-A2JE-06,Metastasis,6,TCGA-QB-A6FS-06,Metastasis,0.9996691942214966,True
209,TCGA-D3-A2JE-06,Metastasis,7,TCGA-BF-A5EP-01,Primary Tumor,0.9996200799942017,False
209,TCGA-D3-A2JE-06,Metastasis,8,TCGA-ER-A2NE-06,Metastasis,0.999574601650238,True
209,TCGA-D3-A2JE-06,Metastasis,9,TCGA-YD-A89C-06,Metastasis,0.9995449185371399,True
210,TCGA-D9-A6EA-06,Metastasis,0,TCGA-DA-A1I4-06,Metastasis,0.9999851584434509,True
210,TCGA-D9-A6EA-06,Metastasis,1,TCGA-FW-A3TU-06,Metastasis,0.9999529719352722,True
210,TCGA-D9-A6EA-06,Metastasis,2,TCGA-ER-A2NE-06,Metastasis,0.9998570084571838,True
210,TCGA-D9-A6EA-06,Metastasis,3,TCGA-GN-A264-06,Metastasis,0.9998372793197632,True
210,TCGA-D9-A6EA-06,Metastasis,4,TCGA-GF-A769-01,Primary Tumor,0.999825656414032,False
210,TCGA-D9-A6EA-06,Metastasis,5,TCGA-GN-A4U3-06,Metastasis,0.9997796416282654,True
210,TCGA-D9-A6EA-06,Metastasis,6,TCGA-ER-A2NF-06,Metastasis,0.999676525592804,True
210,TCGA-D9-A6EA-06,Metastasis,7,TCGA-YD-A89C-06,Metastasis,0.9996638894081116,True
210,TCGA-D9-A6EA-06,Metastasis,8,TCGA-ER-A3PL-06,Metastasis,0.9996448159217834,True
210,TCGA-D9-A6EA-06,Metastasis,9,TCGA-FS-A4F2-06,Metastasis,0.9996131062507629,True
211,TCGA-ER-A19W-06,Metastasis,0,TCGA-D3-A8GM-06,Metastasis,0.9998945593833923,True
211,TCGA-ER-A19W-06,Metastasis,1,TCGA-EE-A2M8-06,Metastasis,0.9997168779373169,True
211,TCGA-ER-A19W-06,Metastasis,2,TCGA-D3-A8GN-06,Metastasis,0.9996535181999207,True
211,TCGA-ER-A19W-06,Metastasis,3,TCGA-FS-A1ZQ-06,Metastasis,0.9995845556259155,True
211,TCGA-ER-A19W-06,Metastasis,4,TCGA-ER-A2NG-06,Metastasis,0.9995700716972351,True
211,TCGA-ER-A19W-06,Metastasis,5,TCGA-EE-A2GU-06,Metastasis,0.9994916915893555,True
211,TCGA-ER-A19W-06,Metastasis,6,TCGA-D3-A1Q8-06,Metastasis,0.9993796348571777,True
211,TCGA-ER-A19W-06,Metastasis,7,TCGA-GN-A8LN-01,Primary Tumor,0.9992634654045105,False
211,TCGA-ER-A19W-06,Metastasis,8,TCGA-ER-A19S-06,Metastasis,0.9992545247077942,True
211,TCGA-ER-A19W-06,Metastasis,9,TCGA-OD-A75X-06,Metastasis,0.9992315173149109,True
212,TCGA-D3-A8GS-06,Metastasis,0,TCGA-EE-A2A0-06,Metastasis,0.9995957612991333,True
212,TCGA-D3-A8GS-06,Metastasis,1,TCGA-GF-A4EO-06,Metastasis,0.9995278120040894,True
212,TCGA-D3-A8GS-06,Metastasis,2,TCGA-ER-A2NF-01,Primary Tumor,0.9994342923164368,False
212,TCGA-D3-A8GS-06,Metastasis,3,TCGA-DA-A1HY-06,Metastasis,0.9993928670883179,True
212,TCGA-D3-A8GS-06,Metastasis,4,TCGA-EE-A2M7-06,Metastasis,0.9992580413818359,True
212,TCGA-D3-A8GS-06,Metastasis,5,TCGA-EE-A2ME-06,Metastasis,0.9988431930541992,True
212,TCGA-D3-A8GS-06,Metastasis,6,TCGA-ER-A19B-06,Metastasis,0.9988335967063904,True
212,TCGA-D3-A8GS-06,Metastasis,7,TCGA-BF-AAP7-01,Primary Tumor,0.998677134513855,False
212,TCGA-D3-A8GS-06,Metastasis,8,TCGA-D3-A2JA-06,Metastasis,0.9984714388847351,True
212,TCGA-D3-A8GS-06,Metastasis,9,TCGA-D3-A5GN-06,Metastasis,0.9984538555145264,True
213,TCGA-EE-A3J3-06,Metastasis,0,TCGA-EB-A5UL-06,Metastasis,0.999159574508667,True
213,TCGA-EE-A3J3-06,Metastasis,1,TCGA-GN-A4U8-06,Metastasis,0.9987944960594177,True
213,TCGA-EE-A3J3-06,Metastasis,2,TCGA-BF-AAP0-06,Metastasis,0.9987127184867859,True
213,TCGA-EE-A3J3-06,Metastasis,3,TCGA-GN-A9SD-06,Metastasis,0.9962237477302551,True
213,TCGA-EE-A3J3-06,Metastasis,4,TCGA-EE-A2A2-06,Metastasis,0.9956193566322327,True
213,TCGA-EE-A3J3-06,Metastasis,5,TCGA-EE-A20F-06,Metastasis,0.9951800107955933,True
213,TCGA-EE-A3J3-06,Metastasis,6,TCGA-EE-A2GL-06,Metastasis,0.9950994253158569,True
213,TCGA-EE-A3J3-06,Metastasis,7,TCGA-EE-A2A6-06,Metastasis,0.993920624256134,True
213,TCGA-EE-A3J3-06,Metastasis,8,TCGA-D3-A3CF-06,Metastasis,0.9938667416572571,True
213,TCGA-EE-A3J3-06,Metastasis,9,TCGA-D9-A1JX-06,Metastasis,0.993318498134613,True
214,TCGA-FS-A1ZW-06,Metastasis,0,TCGA-EE-A3AH-06,Metastasis,0.9996881484985352,True
214,TCGA-FS-A1ZW-06,Metastasis,1,TCGA-D3-A2JN-06,Metastasis,0.9994328618049622,True
214,TCGA-FS-A1ZW-06,Metastasis,2,TCGA-D3-A8GE-06,Metastasis,0.9992243647575378,True
214,TCGA-FS-A1ZW-06,Metastasis,3,TCGA-D3-A3CC-06,Metastasis,0.9991462826728821,True
214,TCGA-FS-A1ZW-06,Metastasis,4,TCGA-EB-A431-01,Primary Tumor,0.9990505576133728,False
214,TCGA-FS-A1ZW-06,Metastasis,5,TCGA-EE-A3JH-06,Metastasis,0.9989117383956909,True
214,TCGA-FS-A1ZW-06,Metastasis,6,TCGA-D3-A3CB-06,Metastasis,0.9988656640052795,True
214,TCGA-FS-A1ZW-06,Metastasis,7,TCGA-ER-A19E-06,Metastasis,0.9988387227058411,True
214,TCGA-FS-A1ZW-06,Metastasis,8,TCGA-ER-A197-06,Metastasis,0.9983747601509094,True
214,TCGA-FS-A1ZW-06,Metastasis,9,TCGA-EE-A3AB-06,Metastasis,0.9983133673667908,True
215,TCGA-D3-A1Q4-06,Metastasis,0,TCGA-WE-A8JZ-06,Metastasis,0.9999203085899353,True
215,TCGA-D3-A1Q4-06,Metastasis,1,TCGA-ER-A19M-06,Metastasis,0.9998791217803955,True
215,TCGA-D3-A1Q4-06,Metastasis,2,TCGA-WE-AA9Y-06,Metastasis,0.9998372197151184,True
215,TCGA-D3-A1Q4-06,Metastasis,3,TCGA-3N-A9WD-06,Metastasis,0.9998289346694946,True
215,TCGA-D3-A1Q4-06,Metastasis,4,TCGA-D3-A8GO-06,Metastasis,0.9998191595077515,True
215,TCGA-D3-A1Q4-06,Metastasis,5,TCGA-3N-A9WC-06,Metastasis,0.9997770190238953,True
215,TCGA-D3-A1Q4-06,Metastasis,6,TCGA-D9-A3Z4-01,Primary Tumor,0.9997158050537109,False
215,TCGA-D3-A1Q4-06,Metastasis,7,TCGA-DA-A3F8-06,Metastasis,0.9996965527534485,True
215,TCGA-D3-A1Q4-06,Metastasis,8,TCGA-D3-A8GM-06,Metastasis,0.9994168281555176,True
215,TCGA-D3-A1Q4-06,Metastasis,9,TCGA-EE-A2GU-06,Metastasis,0.9994049072265625,True
216,TCGA-EE-A2M8-06,Metastasis,0,TCGA-ER-A2NG-06,Metastasis,0.9998270869255066,True
216,TCGA-EE-A2M8-06,Metastasis,1,TCGA-D3-A5GN-06,Metastasis,0.999779999256134,True
216,TCGA-EE-A2M8-06,Metastasis,2,TCGA-ER-A19W-06,Metastasis,0.9997168779373169,True
216,TCGA-EE-A2M8-06,Metastasis,3,TCGA-D3-A8GN-06,Metastasis,0.9994941353797913,True
216,TCGA-EE-A2M8-06,Metastasis,4,TCGA-D3-A2JA-06,Metastasis,0.9994571208953857,True
216,TCGA-EE-A2M8-06,Metastasis,5,TCGA-GN-A8LN-01,Primary Tumor,0.9994479417800903,False
216,TCGA-EE-A2M8-06,Metastasis,6,TCGA-D3-A8GM-06,Metastasis,0.9993137121200562,True
216,TCGA-EE-A2M8-06,Metastasis,7,TCGA-EE-A3JB-06,Metastasis,0.9992953538894653,True
216,TCGA-EE-A2M8-06,Metastasis,8,TCGA-FS-A1ZQ-06,Metastasis,0.9992170929908752,True
216,TCGA-EE-A2M8-06,Metastasis,9,TCGA-D3-A1Q9-06,Metastasis,0.9990841746330261,True
217,TCGA-EE-A2M7-06,Metastasis,0,TCGA-EE-A2A0-06,Metastasis,0.9998781085014343,True
217,TCGA-EE-A2M7-06,Metastasis,1,TCGA-ER-A19B-06,Metastasis,0.9994719624519348,True
217,TCGA-EE-A2M7-06,Metastasis,2,TCGA-GF-A4EO-06,Metastasis,0.9993448853492737,True
217,TCGA-EE-A2M7-06,Metastasis,3,TCGA-D9-A3Z3-06,Metastasis,0.9992864727973938,True
217,TCGA-EE-A2M7-06,Metastasis,4,TCGA-D3-A8GS-06,Metastasis,0.9992580413818359,True
217,TCGA-EE-A2M7-06,Metastasis,5,TCGA-BF-AAP7-01,Primary Tumor,0.9992440342903137,False
217,TCGA-EE-A2M7-06,Metastasis,6,TCGA-DA-A1HY-06,Metastasis,0.999023973941803,True
217,TCGA-EE-A2M7-06,Metastasis,7,TCGA-D3-A2JA-06,Metastasis,0.9987935423851013,True
217,TCGA-EE-A2M7-06,Metastasis,8,TCGA-GN-A8LN-01,Primary Tumor,0.9982414841651917,False
217,TCGA-EE-A2M7-06,Metastasis,9,TCGA-D3-A51N-06,Metastasis,0.9982194900512695,True
218,TCGA-ER-A198-06,Metastasis,0,TCGA-FR-A8YD-06,Metastasis,0.9999686479568481,True
218,TCGA-ER-A198-06,Metastasis,1,TCGA-EE-A2GM-06,Metastasis,0.9999653697013855,True
218,TCGA-ER-A198-06,Metastasis,2,TCGA-EE-A2MN-06,Metastasis,0.9999525547027588,True
218,TCGA-ER-A198-06,Metastasis,3,TCGA-FS-A1ZP-06,Metastasis,0.9998759627342224,True
218,TCGA-ER-A198-06,Metastasis,4,TCGA-EB-A41B-01,Primary Tumor,0.9998213648796082,False
218,TCGA-ER-A198-06,Metastasis,5,TCGA-EE-A29X-06,Metastasis,0.9997445940971375,True
218,TCGA-ER-A198-06,Metastasis,6,TCGA-D3-A2JG-06,Metastasis,0.9997255802154541,True
218,TCGA-ER-A198-06,Metastasis,7,TCGA-D3-A1QA-06,Metastasis,0.9997245073318481,True
218,TCGA-ER-A198-06,Metastasis,8,TCGA-BF-A1PV-01,Primary Tumor,0.9996299147605896,False
218,TCGA-ER-A198-06,Metastasis,9,TCGA-FS-A4FD-06,Metastasis,0.9996287226676941,True
219,TCGA-EE-A3JD-06,Metastasis,0,TCGA-EE-A29W-06,Metastasis,0.9997589588165283,True
219,TCGA-EE-A3JD-06,Metastasis,1,TCGA-FS-A4F0-06,Metastasis,0.999421238899231,True
219,TCGA-EE-A3JD-06,Metastasis,2,TCGA-D3-A51G-06,Metastasis,0.9993400573730469,True
219,TCGA-EE-A3JD-06,Metastasis,3,TCGA-FS-A1ZD-06,Metastasis,0.9990366697311401,True
219,TCGA-EE-A3JD-06,Metastasis,4,TCGA-EB-A82C-01,Primary Tumor,0.9988412261009216,False
219,TCGA-EE-A3JD-06,Metastasis,5,TCGA-EE-A29V-06,Metastasis,0.9987252354621887,True
219,TCGA-EE-A3JD-06,Metastasis,6,TCGA-FS-A1ZE-06,Metastasis,0.9983510971069336,True
219,TCGA-EE-A3JD-06,Metastasis,7,TCGA-BF-A5EO-01,Primary Tumor,0.9983430504798889,False
219,TCGA-EE-A3JD-06,Metastasis,8,TCGA-EB-A5UN-06,Metastasis,0.9982379674911499,True
219,TCGA-EE-A3JD-06,Metastasis,9,TCGA-D9-A4Z6-06,Metastasis,0.9982209801673889,True
220,TCGA-BF-AAP4-01,Primary Tumor,0,TCGA-FS-A1Z7-06,Metastasis,0.9999579191207886,False
220,TCGA-BF-AAP4-01,Primary Tumor,1,TCGA-D3-A1QA-07,Metastasis,0.9998289346694946,False
220,TCGA-BF-AAP4-01,Primary Tumor,2,TCGA-Z2-AA3S-06,Metastasis,0.9995218515396118,False
220,TCGA-BF-AAP4-01,Primary Tumor,3,TCGA-D3-A2J8-06,Metastasis,0.9993792176246643,False
220,TCGA-BF-AAP4-01,Primary Tumor,4,TCGA-EE-A2GH-06,Metastasis,0.9992782473564148,False
220,TCGA-BF-AAP4-01,Primary Tumor,5,TCGA-D3-A2JP-06,Metastasis,0.9992049336433411,False
220,TCGA-BF-AAP4-01,Primary Tumor,6,TCGA-ER-A19G-06,Metastasis,0.9991680979728699,False
220,TCGA-BF-AAP4-01,Primary Tumor,7,TCGA-WE-AA9Y-06,Metastasis,0.9989561438560486,False
220,TCGA-BF-AAP4-01,Primary Tumor,8,TCGA-EE-A3AA-06,Metastasis,0.9987951517105103,False
220,TCGA-BF-AAP4-01,Primary Tumor,9,TCGA-DA-A3F8-06,Metastasis,0.9987423419952393,False
221,TCGA-GN-A263-01,Primary Tumor,0,TCGA-D3-A3C1-06,Metastasis,0.9999343752861023,False
221,TCGA-GN-A263-01,Primary Tumor,1,TCGA-EE-A2GR-06,Metastasis,0.9998644590377808,False
221,TCGA-GN-A263-01,Primary Tumor,2,TCGA-YG-AA3P-06,Metastasis,0.9998480677604675,False
221,TCGA-GN-A263-01,Primary Tumor,3,TCGA-FR-A7U8-06,Metastasis,0.9998123645782471,False
221,TCGA-GN-A263-01,Primary Tumor,4,TCGA-BF-A1PU-01,Primary Tumor,0.9997774362564087,True
221,TCGA-GN-A263-01,Primary Tumor,5,TCGA-EB-A4OY-01,Primary Tumor,0.9996819496154785,True
221,TCGA-GN-A263-01,Primary Tumor,6,TCGA-D3-A8GK-06,Metastasis,0.9995640516281128,False
221,TCGA-GN-A263-01,Primary Tumor,7,TCGA-GN-A262-06,Metastasis,0.9994394183158875,False
221,TCGA-GN-A263-01,Primary Tumor,8,TCGA-LH-A9QB-06,Metastasis,0.9993794560432434,False
221,TCGA-GN-A263-01,Primary Tumor,9,TCGA-D3-A3ML-06,Metastasis,0.9993433356285095,False
222,TCGA-EE-A181-06,Metastasis,0,TCGA-D3-A51F-06,Metastasis,0.9998189210891724,True
222,TCGA-EE-A181-06,Metastasis,1,TCGA-FS-A4F8-06,Metastasis,0.9997738599777222,True
222,TCGA-EE-A181-06,Metastasis,2,TCGA-EE-A2MJ-06,Metastasis,0.9997221231460571,True
222,TCGA-EE-A181-06,Metastasis,3,TCGA-EE-A29M-06,Metastasis,0.9996806979179382,True
222,TCGA-EE-A181-06,Metastasis,4,TCGA-WE-A8ZY-06,Metastasis,0.9996090531349182,True
222,TCGA-EE-A181-06,Metastasis,5,TCGA-ER-A42L-06,Metastasis,0.9996070861816406,True
222,TCGA-EE-A181-06,Metastasis,6,TCGA-W3-AA1R-06,Metastasis,0.999556303024292,True
222,TCGA-EE-A181-06,Metastasis,7,TCGA-ER-A19S-06,Metastasis,0.9995372295379639,True
222,TCGA-EE-A181-06,Metastasis,8,TCGA-EE-A29H-06,Metastasis,0.9994975328445435,True
222,TCGA-EE-A181-06,Metastasis,9,TCGA-D3-A1Q7-06,Metastasis,0.9994630217552185,True
223,TCGA-DA-A3F3-06,Metastasis,0,TCGA-D3-A3C3-06,Metastasis,0.9998165965080261,True
223,TCGA-DA-A3F3-06,Metastasis,1,TCGA-ER-A2NC-06,Metastasis,0.9997993111610413,True
223,TCGA-DA-A3F3-06,Metastasis,2,TCGA-D3-A3BZ-06,Metastasis,0.999764084815979,True
223,TCGA-DA-A3F3-06,Metastasis,3,TCGA-EB-A3Y6-01,Primary Tumor,0.9997424483299255,False
223,TCGA-DA-A3F3-06,Metastasis,4,TCGA-EE-A2MU-06,Metastasis,0.9997288584709167,True
223,TCGA-DA-A3F3-06,Metastasis,5,TCGA-EE-A29P-06,Metastasis,0.999671995639801,True
223,TCGA-DA-A3F3-06,Metastasis,6,TCGA-W3-AA1W-06,Metastasis,0.9996562004089355,True
223,TCGA-DA-A3F3-06,Metastasis,7,TCGA-WE-A8ZT-06,Metastasis,0.9994723796844482,True
223,TCGA-DA-A3F3-06,Metastasis,8,TCGA-D3-A51E-06,Metastasis,0.9992231726646423,True
223,TCGA-DA-A3F3-06,Metastasis,9,TCGA-EE-A2ML-06,Metastasis,0.9991065859794617,True
224,TCGA-EB-A1NK-01,Primary Tumor,0,TCGA-FS-A1ZB-06,Metastasis,0.9990271925926208,False
224,TCGA-EB-A1NK-01,Primary Tumor,1,TCGA-GN-A26A-06,Metastasis,0.9989513158798218,False
224,TCGA-EB-A1NK-01,Primary Tumor,2,TCGA-EB-A5SE-01,Primary Tumor,0.9984750151634216,True
224,TCGA-EB-A1NK-01,Primary Tumor,3,TCGA-DA-A1I8-06,Metastasis,0.9983472228050232,False
224,TCGA-EB-A1NK-01,Primary Tumor,4,TCGA-ER-A19K-01,Primary Tumor,0.9982108473777771,True
224,TCGA-EB-A1NK-01,Primary Tumor,5,TCGA-XV-A9W5-01,Primary Tumor,0.9980149269104004,True
224,TCGA-EB-A1NK-01,Primary Tumor,6,TCGA-FR-A7U9-06,Metastasis,0.9979872703552246,False
224,TCGA-EB-A1NK-01,Primary Tumor,7,TCGA-GF-A2C7-01,Primary Tumor,0.9973642230033875,True
224,TCGA-EB-A1NK-01,Primary Tumor,8,TCGA-D3-A3MO-06,Metastasis,0.9973328113555908,False
224,TCGA-EB-A1NK-01,Primary Tumor,9,TCGA-W3-AA1V-06,Metastasis,0.9968819618225098,False
225,TCGA-ER-A19P-06,Metastasis,0,TCGA-FR-A729-06,Metastasis,0.9959777593612671,True
225,TCGA-ER-A19P-06,Metastasis,1,TCGA-D3-A5GR-06,Metastasis,0.9935813546180725,True
225,TCGA-ER-A19P-06,Metastasis,2,TCGA-DA-A1IB-06,Metastasis,0.9910129308700562,True
225,TCGA-ER-A19P-06,Metastasis,3,TCGA-FS-A1ZH-06,Metastasis,0.9899783134460449,True
225,TCGA-ER-A19P-06,Metastasis,4,TCGA-D3-A8GD-06,Metastasis,0.9897656440734863,True
225,TCGA-ER-A19P-06,Metastasis,5,TCGA-W3-A825-06,Metastasis,0.9888078570365906,True
225,TCGA-ER-A19P-06,Metastasis,6,TCGA-Z2-A8RT-06,Metastasis,0.9820501804351807,True
225,TCGA-ER-A19P-06,Metastasis,7,TCGA-EE-A29N-06,Metastasis,0.9806755185127258,True
225,TCGA-ER-A19P-06,Metastasis,8,TCGA-D3-A2JB-06,Metastasis,0.9783324003219604,True
225,TCGA-ER-A19P-06,Metastasis,9,TCGA-EB-A6R0-01,Primary Tumor,0.9760463833808899,False
226,TCGA-EE-A29G-06,Metastasis,0,LE-029-SE-030_N,Benign Nevus,0.9811482429504395,False
226,TCGA-EE-A29G-06,Metastasis,1,TCGA-EB-A44N-01,Primary Tumor,0.9769604802131653,False
226,TCGA-EE-A29G-06,Metastasis,2,TCGA-EB-A299-01,Primary Tumor,0.9758157134056091,False
226,TCGA-EE-A29G-06,Metastasis,3,031_N,Benign Nevus,0.9699756503105164,False
226,TCGA-EE-A29G-06,Metastasis,4,TCGA-EB-A4XL-01,Primary Tumor,0.9699268341064453,False
226,TCGA-EE-A29G-06,Metastasis,5,TCGA-FR-A726-01,Primary Tumor,0.9674047231674194,False
226,TCGA-EE-A29G-06,Metastasis,6,018_N,Benign Nevus,0.9611928462982178,False
226,TCGA-EE-A29G-06,Metastasis,7,LE-117-RB-118_N,Benign Nevus,0.9590464234352112,False
226,TCGA-EE-A29G-06,Metastasis,8,TCGA-EB-A6QY-01,Primary Tumor,0.951934278011322,False
226,TCGA-EE-A29G-06,Metastasis,9,TCGA-GN-A4U5-01,Primary Tumor,0.9508593678474426,False
227,TCGA-BF-AAP7-01,Primary Tumor,0,TCGA-DA-A1HY-06,Metastasis,0.9996671676635742,False
227,TCGA-BF-AAP7-01,Primary Tumor,1,TCGA-EE-A2M7-06,Metastasis,0.9992440342903137,False
227,TCGA-BF-AAP7-01,Primary Tumor,2,TCGA-EE-A2A0-06,Metastasis,0.9988868236541748,False
227,TCGA-BF-AAP7-01,Primary Tumor,3,TCGA-ER-A2NF-01,Primary Tumor,0.9988309144973755,True
227,TCGA-BF-AAP7-01,Primary Tumor,4,TCGA-D3-A8GS-06,Metastasis,0.998677134513855,False
227,TCGA-BF-AAP7-01,Primary Tumor,5,TCGA-GF-A4EO-06,Metastasis,0.9980083703994751,False
227,TCGA-BF-AAP7-01,Primary Tumor,6,TCGA-ER-A19B-06,Metastasis,0.9978917837142944,False
227,TCGA-BF-AAP7-01,Primary Tumor,7,TCGA-ER-A19E-06,Metastasis,0.9976024627685547,False
227,TCGA-BF-AAP7-01,Primary Tumor,8,TCGA-D9-A3Z3-06,Metastasis,0.9972420930862427,False
227,TCGA-BF-AAP7-01,Primary Tumor,9,TCGA-EE-A2ME-06,Metastasis,0.9971030950546265,False
228,TCGA-DA-A1I0-06,Metastasis,0,TCGA-ER-A19T-06,Metastasis,0.9999406933784485,True
228,TCGA-DA-A1I0-06,Metastasis,1,TCGA-FS-A4F4-06,Metastasis,0.9998887777328491,True
228,TCGA-DA-A1I0-06,Metastasis,2,TCGA-EB-A5SH-06,Metastasis,0.999835729598999,True
228,TCGA-DA-A1I0-06,Metastasis,3,TCGA-FS-A1YY-06,Metastasis,0.9996656179428101,True
228,TCGA-DA-A1I0-06,Metastasis,4,TCGA-D3-A3ML-06,Metastasis,0.9996545314788818,True
228,TCGA-DA-A1I0-06,Metastasis,5,TCGA-EE-A3AF-06,Metastasis,0.9996517896652222,True
228,TCGA-DA-A1I0-06,Metastasis,6,TCGA-BF-A5ES-01,Primary Tumor,0.9995368123054504,False
228,TCGA-DA-A1I0-06,Metastasis,7,TCGA-EB-A5KH-06,Metastasis,0.9995355010032654,True
228,TCGA-DA-A1I0-06,Metastasis,8,TCGA-EE-A17X-06,Metastasis,0.9995077252388,True
228,TCGA-DA-A1I0-06,Metastasis,9,TCGA-EB-A4OY-01,Primary Tumor,0.9994270205497742,False
229,TCGA-FS-A1ZN-01,Primary Tumor,0,TCGA-GN-A4U5-01,Primary Tumor,0.9906185269355774,True
229,TCGA-FS-A1ZN-01,Primary Tumor,1,TCGA-FW-A3I3-06,Metastasis,0.9865456223487854,False
229,TCGA-FS-A1ZN-01,Primary Tumor,2,TCGA-D3-A1Q5-06,Metastasis,0.9855393767356873,False
229,TCGA-FS-A1ZN-01,Primary Tumor,3,TCGA-ER-A19A-06,Metastasis,0.9819398522377014,False
229,TCGA-FS-A1ZN-01,Primary Tumor,4,TCGA-FR-A726-01,Primary Tumor,0.980292797088623,True
229,TCGA-FS-A1ZN-01,Primary Tumor,5,LE-117-RB-118_N,Benign Nevus,0.9793355464935303,False
229,TCGA-FS-A1ZN-01,Primary Tumor,6,018_N,Benign Nevus,0.9781915545463562,False
229,TCGA-FS-A1ZN-01,Primary Tumor,7,TCGA-EB-A6QY-01,Primary Tumor,0.9727731943130493,True
229,TCGA-FS-A1ZN-01,Primary Tumor,8,TCGA-FR-A7UA-06,Metastasis,0.9718037247657776,False
229,TCGA-FS-A1ZN-01,Primary Tumor,9,TCGA-BF-A3DJ-01,Primary Tumor,0.9655622839927673,True
230,TCGA-GN-A9SD-06,Metastasis,0,TCGA-D3-A3CF-06,Metastasis,0.9996153116226196,True
230,TCGA-GN-A9SD-06,Metastasis,1,TCGA-EE-A2GL-06,Metastasis,0.9995914101600647,True
230,TCGA-GN-A9SD-06,Metastasis,2,TCGA-EE-A2A2-06,Metastasis,0.999517023563385,True
230,TCGA-GN-A9SD-06,Metastasis,3,TCGA-D9-A1JX-06,Metastasis,0.999472439289093,True
230,TCGA-GN-A9SD-06,Metastasis,4,TCGA-GN-A4U8-06,Metastasis,0.9992517232894897,True
230,TCGA-GN-A9SD-06,Metastasis,5,TCGA-EB-A5UL-06,Metastasis,0.9984946250915527,True
230,TCGA-GN-A9SD-06,Metastasis,6,TCGA-EE-A2A6-06,Metastasis,0.9981045126914978,True
230,TCGA-GN-A9SD-06,Metastasis,7,TCGA-BF-AAP0-06,Metastasis,0.997739315032959,True
230,TCGA-GN-A9SD-06,Metastasis,8,TCGA-HR-A2OG-06,Metastasis,0.9976498484611511,True
230,TCGA-GN-A9SD-06,Metastasis,9,TCGA-FS-A1ZT-06,Metastasis,0.9975464940071106,True
231,TCGA-EE-A29T-06,Metastasis,0,TCGA-FS-A1ZF-06,Metastasis,0.9997825622558594,True
231,TCGA-EE-A29T-06,Metastasis,1,TCGA-ER-A42K-06,Metastasis,0.999759316444397,True
231,TCGA-EE-A29T-06,Metastasis,2,TCGA-ER-A3ET-06,Metastasis,0.9997583627700806,True
231,TCGA-EE-A29T-06,Metastasis,3,TCGA-D3-A2J7-06,Metastasis,0.9997485280036926,True
231,TCGA-EE-A29T-06,Metastasis,4,TCGA-D9-A3Z1-06,Metastasis,0.9996687769889832,True
231,TCGA-EE-A29T-06,Metastasis,5,TCGA-BF-A3DN-01,Primary Tumor,0.999293327331543,False
231,TCGA-EE-A29T-06,Metastasis,6,TCGA-FR-A2OS-01,Primary Tumor,0.999276876449585,False
231,TCGA-EE-A29T-06,Metastasis,7,TCGA-EE-A2M6-06,Metastasis,0.9992148876190186,True
231,TCGA-EE-A29T-06,Metastasis,8,TCGA-ER-A19C-06,Metastasis,0.9991448521614075,True
231,TCGA-EE-A29T-06,Metastasis,9,TCGA-EB-A5SG-06,Metastasis,0.9988846778869629,True
232,TCGA-D9-A6E9-06,Metastasis,0,TCGA-QB-AA9O-06,Metastasis,0.9999500513076782,True
232,TCGA-D9-A6E9-06,Metastasis,1,TCGA-EE-A29R-06,Metastasis,0.9998875856399536,True
232,TCGA-D9-A6E9-06,Metastasis,2,TCGA-EB-A42Y-01,Primary Tumor,0.9998210668563843,False
232,TCGA-D9-A6E9-06,Metastasis,3,TCGA-GN-A264-06,Metastasis,0.9997889399528503,True
232,TCGA-D9-A6E9-06,Metastasis,4,TCGA-GF-A769-01,Primary Tumor,0.9996861815452576,False
232,TCGA-D9-A6E9-06,Metastasis,5,TCGA-EE-A2GJ-06,Metastasis,0.9995715618133545,True
232,TCGA-D9-A6E9-06,Metastasis,6,TCGA-ER-A3PL-06,Metastasis,0.9995713233947754,True
232,TCGA-D9-A6E9-06,Metastasis,7,TCGA-D3-A2JL-06,Metastasis,0.9995686411857605,True
232,TCGA-D9-A6E9-06,Metastasis,8,TCGA-EE-A17Y-06,Metastasis,0.9994373321533203,True
232,TCGA-D9-A6E9-06,Metastasis,9,TCGA-FS-A4F2-06,Metastasis,0.9993882775306702,True
233,TCGA-EB-A51B-01,Primary Tumor,0,TCGA-BF-A3DM-01,Primary Tumor,0.999421238899231,True
233,TCGA-EB-A51B-01,Primary Tumor,1,TCGA-FS-A4F0-06,Metastasis,0.9990575313568115,False
233,TCGA-EB-A51B-01,Primary Tumor,2,TCGA-D3-A8GL-06,Metastasis,0.9990390539169312,False
233,TCGA-EB-A51B-01,Primary Tumor,3,TCGA-BF-AAOX-01,Primary Tumor,0.9988817572593689,True
233,TCGA-EB-A51B-01,Primary Tumor,4,TCGA-EE-A29W-06,Metastasis,0.9981313943862915,False
233,TCGA-EB-A51B-01,Primary Tumor,5,TCGA-EE-A3JD-06,Metastasis,0.9980756640434265,False
233,TCGA-EB-A51B-01,Primary Tumor,6,TCGA-DA-A1IC-06,Metastasis,0.9979863166809082,False
233,TCGA-EB-A51B-01,Primary Tumor,7,TCGA-FS-A1ZC-06,Metastasis,0.9977928400039673,False
233,TCGA-EB-A51B-01,Primary Tumor,8,TCGA-EE-A2M5-06,Metastasis,0.9972543716430664,False
233,TCGA-EB-A51B-01,Primary Tumor,9,TCGA-GF-A3OT-06,Metastasis,0.9971713423728943,False
234,TCGA-BF-A1Q0-01,Primary Tumor,0,TCGA-DA-A1I1-06,Metastasis,0.9998781681060791,False
234,TCGA-BF-A1Q0-01,Primary Tumor,1,TCGA-EE-A29Q-06,Metastasis,0.9997769594192505,False
234,TCGA-BF-A1Q0-01,Primary Tumor,2,TCGA-WE-AAA0-06,Metastasis,0.9993959069252014,False
234,TCGA-BF-A1Q0-01,Primary Tumor,3,TCGA-EE-A3AC-06,Metastasis,0.9993482828140259,False
234,TCGA-BF-A1Q0-01,Primary Tumor,4,TCGA-EE-A29M-06,Metastasis,0.9992404580116272,False
234,TCGA-BF-A1Q0-01,Primary Tumor,5,TCGA-ER-A42L-06,Metastasis,0.9991607069969177,False
234,TCGA-BF-A1Q0-01,Primary Tumor,6,TCGA-EE-A2MJ-06,Metastasis,0.9991438388824463,False
234,TCGA-BF-A1Q0-01,Primary Tumor,7,TCGA-FS-A1Z0-06,Metastasis,0.9988106489181519,False
234,TCGA-BF-A1Q0-01,Primary Tumor,8,TCGA-D3-A8GJ-06,Metastasis,0.9987977147102356,False
234,TCGA-BF-A1Q0-01,Primary Tumor,9,TCGA-EE-A2GI-06,Metastasis,0.9985780715942383,False
235,TCGA-EE-A2GH-06,Metastasis,0,TCGA-D3-A2J8-06,Metastasis,0.999980628490448,True
235,TCGA-EE-A2GH-06,Metastasis,1,TCGA-ER-A19G-06,Metastasis,0.9998825192451477,True
235,TCGA-EE-A2GH-06,Metastasis,2,TCGA-D3-A1QA-07,Metastasis,0.9997206926345825,True
235,TCGA-EE-A2GH-06,Metastasis,3,TCGA-ER-A19N-06,Metastasis,0.9994504451751709,True
235,TCGA-EE-A2GH-06,Metastasis,4,TCGA-FR-A8YC-06,Metastasis,0.999448835849762,True
235,TCGA-EE-A2GH-06,Metastasis,5,TCGA-EE-A3AA-06,Metastasis,0.9993428587913513,True
235,TCGA-EE-A2GH-06,Metastasis,6,TCGA-BF-AAP4-01,Primary Tumor,0.9992782473564148,False
235,TCGA-EE-A2GH-06,Metastasis,7,TCGA-EE-A2MD-06,Metastasis,0.9991927146911621,True
235,TCGA-EE-A2GH-06,Metastasis,8,TCGA-WE-A8K4-01,Primary Tumor,0.9991698861122131,False
235,TCGA-EE-A2GH-06,Metastasis,9,TCGA-EB-A44Q-06,Metastasis,0.9991613030433655,True
236,TCGA-D3-A1Q6-06,Metastasis,0,TCGA-BF-A1PX-01,Primary Tumor,0.9998372793197632,False
236,TCGA-D3-A1Q6-06,Metastasis,1,TCGA-BF-A3DJ-01,Primary Tumor,0.9988754987716675,False
236,TCGA-D3-A1Q6-06,Metastasis,2,TCGA-FS-A4FC-06,Metastasis,0.995211660861969,True
236,TCGA-D3-A1Q6-06,Metastasis,3,TCGA-GN-A4U9-06,Metastasis,0.9918674230575562,True
236,TCGA-D3-A1Q6-06,Metastasis,4,TCGA-EB-A5VV-06,Metastasis,0.9881493449211121,True
236,TCGA-D3-A1Q6-06,Metastasis,5,TCGA-EB-A5VU-01,Primary Tumor,0.9851437211036682,False
236,TCGA-D3-A1Q6-06,Metastasis,6,TCGA-FW-A3I3-06,Metastasis,0.9825071096420288,True
236,TCGA-D3-A1Q6-06,Metastasis,7,TCGA-EE-A20H-06,Metastasis,0.9819331765174866,True
236,TCGA-D3-A1Q6-06,Metastasis,8,TCGA-FR-A7UA-06,Metastasis,0.9807716608047485,True
236,TCGA-D3-A1Q6-06,Metastasis,9,TCGA-ER-A2NF-01,Primary Tumor,0.9804327487945557,False
237,TCGA-D3-A3CF-06,Metastasis,0,TCGA-D9-A1JX-06,Metastasis,0.9999029040336609,True
237,TCGA-D3-A3CF-06,Metastasis,1,TCGA-EE-A2GL-06,Metastasis,0.9997604489326477,True
237,TCGA-D3-A3CF-06,Metastasis,2,TCGA-EE-A2A2-06,Metastasis,0.9996494054794312,True
237,TCGA-D3-A3CF-06,Metastasis,3,TCGA-GN-A9SD-06,Metastasis,0.9996153116226196,True
237,TCGA-D3-A3CF-06,Metastasis,4,TCGA-FS-A1ZT-06,Metastasis,0.9989233016967773,True
237,TCGA-D3-A3CF-06,Metastasis,5,TCGA-EE-A2A6-06,Metastasis,0.9985069036483765,True
237,TCGA-D3-A3CF-06,Metastasis,6,TCGA-WE-A8K1-06,Metastasis,0.9982936978340149,True
237,TCGA-D3-A3CF-06,Metastasis,7,TCGA-GN-A4U8-06,Metastasis,0.9979480504989624,True
237,TCGA-D3-A3CF-06,Metastasis,8,TCGA-HR-A2OG-06,Metastasis,0.9978445768356323,True
237,TCGA-D3-A3CF-06,Metastasis,9,TCGA-D3-A8GB-06,Metastasis,0.9977457523345947,True
238,TCGA-EE-A3JA-06,Metastasis,0,TCGA-ER-A19T-01,Primary Tumor,0.9999192953109741,False
238,TCGA-EE-A3JA-06,Metastasis,1,TCGA-ER-A3EV-06,Metastasis,0.9998695850372314,True
238,TCGA-EE-A3JA-06,Metastasis,2,TCGA-EE-A182-06,Metastasis,0.9997278451919556,True
238,TCGA-EE-A3JA-06,Metastasis,3,TCGA-EE-A185-06,Metastasis,0.9992024302482605,True
238,TCGA-EE-A3JA-06,Metastasis,4,TCGA-EB-A3XF-01,Primary Tumor,0.9987587332725525,False
238,TCGA-EE-A3JA-06,Metastasis,5,TCGA-D3-A8GR-06,Metastasis,0.9987227320671082,True
238,TCGA-EE-A3JA-06,Metastasis,6,TCGA-DA-A3F2-06,Metastasis,0.9987050890922546,True
238,TCGA-EE-A3JA-06,Metastasis,7,TCGA-EE-A20C-06,Metastasis,0.9986681938171387,True
238,TCGA-EE-A3JA-06,Metastasis,8,TCGA-GN-A8LL-06,Metastasis,0.9985288381576538,True
238,TCGA-EE-A3JA-06,Metastasis,9,TCGA-GN-A262-06,Metastasis,0.9984311461448669,True
239,TCGA-GN-A4U5-01,Primary Tumor,0,TCGA-EB-A6QY-01,Primary Tumor,0.9937564134597778,True
239,TCGA-GN-A4U5-01,Primary Tumor,1,TCGA-FS-A1ZN-01,Primary Tumor,0.9906185269355774,True
239,TCGA-GN-A4U5-01,Primary Tumor,2,TCGA-FR-A726-01,Primary Tumor,0.9898273944854736,True
239,TCGA-GN-A4U5-01,Primary Tumor,3,TCGA-D3-A1Q5-06,Metastasis,0.9839361906051636,False
239,TCGA-GN-A4U5-01,Primary Tumor,4,LE-117-RB-118_N,Benign Nevus,0.9822075963020325,False
239,TCGA-GN-A4U5-01,Primary Tumor,5,018_N,Benign Nevus,0.9821182489395142,False
239,TCGA-GN-A4U5-01,Primary Tumor,6,TCGA-EB-A550-01,Primary Tumor,0.9605430960655212,True
239,TCGA-GN-A4U5-01,Primary Tumor,7,TCGA-FW-A3I3-06,Metastasis,0.955653727054596,False
239,TCGA-GN-A4U5-01,Primary Tumor,8,TCGA-EE-A29G-06,Metastasis,0.9508593678474426,False
239,TCGA-GN-A4U5-01,Primary Tumor,9,TCGA-ER-A19A-06,Metastasis,0.9480243921279907,False
240,TCGA-WE-A8ZN-06,Metastasis,0,TCGA-EE-A3AF-06,Metastasis,0.9999269247055054,True
240,TCGA-WE-A8ZN-06,Metastasis,1,TCGA-EE-A17X-06,Metastasis,0.9998289346694946,True
240,TCGA-WE-A8ZN-06,Metastasis,2,TCGA-EB-A97M-01,Primary Tumor,0.9998140931129456,False
240,TCGA-WE-A8ZN-06,Metastasis,3,TCGA-ER-A2ND-06,Metastasis,0.9997722506523132,True
240,TCGA-WE-A8ZN-06,Metastasis,4,TCGA-FS-A1YY-06,Metastasis,0.9996901750564575,True
240,TCGA-WE-A8ZN-06,Metastasis,5,TCGA-EE-A180-06,Metastasis,0.9995397329330444,True
240,TCGA-WE-A8ZN-06,Metastasis,6,TCGA-D3-A5GO-06,Metastasis,0.999460756778717,True
240,TCGA-WE-A8ZN-06,Metastasis,7,TCGA-W3-AA21-06,Metastasis,0.999305009841919,True
240,TCGA-WE-A8ZN-06,Metastasis,8,TCGA-DA-A1I0-06,Metastasis,0.999286949634552,True
240,TCGA-WE-A8ZN-06,Metastasis,9,TCGA-GN-A268-06,Metastasis,0.9992867112159729,True
241,TCGA-W3-AA1V-06,Metastasis,0,TCGA-XV-A9W5-01,Primary Tumor,0.9996141791343689,False
241,TCGA-W3-AA1V-06,Metastasis,1,TCGA-WE-A8ZM-06,Metastasis,0.9990629553794861,True
241,TCGA-W3-AA1V-06,Metastasis,2,TCGA-FS-A1ZB-06,Metastasis,0.9990243911743164,True
241,TCGA-W3-AA1V-06,Metastasis,3,TCGA-GF-A2C7-01,Primary Tumor,0.9978382587432861,False
241,TCGA-W3-AA1V-06,Metastasis,4,TCGA-EB-A5SE-01,Primary Tumor,0.997382402420044,False
241,TCGA-W3-AA1V-06,Metastasis,5,TCGA-EE-A20H-06,Metastasis,0.9972235560417175,True
241,TCGA-W3-AA1V-06,Metastasis,6,TCGA-EB-A1NK-01,Primary Tumor,0.9968819618225098,False
241,TCGA-W3-AA1V-06,Metastasis,7,TCGA-DA-A1I8-06,Metastasis,0.9960193634033203,True
241,TCGA-W3-AA1V-06,Metastasis,8,TCGA-GN-A26A-06,Metastasis,0.9959943294525146,True
241,TCGA-W3-AA1V-06,Metastasis,9,TCGA-FR-A7U9-06,Metastasis,0.9957515597343445,True
242,TCGA-EB-A550-01,Primary Tumor,0,TCGA-EB-A3XD-01,Primary Tumor,0.9912386536598206,True
242,TCGA-EB-A550-01,Primary Tumor,1,TCGA-EB-A6QY-01,Primary Tumor,0.9838297367095947,True
242,TCGA-EB-A550-01,Primary Tumor,2,010_N,Benign Nevus,0.9698436856269836,False
242,TCGA-EB-A550-01,Primary Tumor,3,TCGA-D3-A1Q5-06,Metastasis,0.9693299531936646,False
242,TCGA-EB-A550-01,Primary Tumor,4,TCGA-GN-A4U5-01,Primary Tumor,0.9605430960655212,True
242,TCGA-EB-A550-01,Primary Tumor,5,TCGA-FS-A1ZN-01,Primary Tumor,0.9314113855361938,True
242,TCGA-EB-A550-01,Primary Tumor,6,TCGA-XV-A9W2-01,Primary Tumor,0.9214526414871216,True
242,TCGA-EB-A550-01,Primary Tumor,7,TCGA-EB-A299-01,Primary Tumor,0.9191568493843079,True
242,TCGA-EB-A550-01,Primary Tumor,8,TCGA-FR-A726-01,Primary Tumor,0.9180077910423279,True
242,TCGA-EB-A550-01,Primary Tumor,9,TCGA-EB-A5VU-01,Primary Tumor,0.9148907661437988,True
243,TCGA-D3-A1QB-06,Metastasis,0,TCGA-EE-A17Y-06,Metastasis,0.999763548374176,True
243,TCGA-D3-A1QB-06,Metastasis,1,TCGA-DA-A95V-06,Metastasis,0.9997537136077881,True
243,TCGA-D3-A1QB-06,Metastasis,2,TCGA-EB-A6QZ-01,Primary Tumor,0.9997387528419495,False
243,TCGA-D3-A1QB-06,Metastasis,3,TCGA-D9-A4Z6-06,Metastasis,0.999660849571228,True
243,TCGA-D3-A1QB-06,Metastasis,4,TCGA-D9-A1X3-06,Metastasis,0.9995658993721008,True
243,TCGA-D3-A1QB-06,Metastasis,5,TCGA-DA-A3F5-06,Metastasis,0.9995610117912292,True
243,TCGA-D3-A1QB-06,Metastasis,6,TCGA-W3-AA1O-06,Metastasis,0.999390184879303,True
243,TCGA-D3-A1QB-06,Metastasis,7,TCGA-EB-A5SG-06,Metastasis,0.9991474747657776,True
243,TCGA-D3-A1QB-06,Metastasis,8,TCGA-EE-A29R-06,Metastasis,0.9991450905799866,True
243,TCGA-D3-A1QB-06,Metastasis,9,TCGA-EB-A82C-01,Primary Tumor,0.999004065990448,False
244,TCGA-FS-A1Z0-06,Metastasis,0,TCGA-EE-A3AC-06,Metastasis,0.9999019503593445,True
244,TCGA-FS-A1Z0-06,Metastasis,1,TCGA-WE-A8ZX-06,Metastasis,0.9996819496154785,True
244,TCGA-FS-A1Z0-06,Metastasis,2,TCGA-OD-A75X-06,Metastasis,0.9995025992393494,True
244,TCGA-FS-A1Z0-06,Metastasis,3,TCGA-D3-A8GO-06,Metastasis,0.9994499683380127,True
244,TCGA-FS-A1Z0-06,Metastasis,4,TCGA-ER-A19M-06,Metastasis,0.9994012713432312,True
244,TCGA-FS-A1Z0-06,Metastasis,5,TCGA-DA-A1I5-06,Metastasis,0.9994006156921387,True
244,TCGA-FS-A1Z0-06,Metastasis,6,TCGA-DA-A1I1-06,Metastasis,0.9993986487388611,True
244,TCGA-FS-A1Z0-06,Metastasis,7,TCGA-ER-A19S-06,Metastasis,0.9993903636932373,True
244,TCGA-FS-A1Z0-06,Metastasis,8,TCGA-WE-AAA0-06,Metastasis,0.9993538856506348,True
244,TCGA-FS-A1Z0-06,Metastasis,9,TCGA-EE-A2MJ-06,Metastasis,0.9990959763526917,True
245,TCGA-D3-A2JG-06,Metastasis,0,TCGA-FS-A1ZP-06,Metastasis,0.9999545216560364,True
245,TCGA-D3-A2JG-06,Metastasis,1,TCGA-GN-A267-06,Metastasis,0.9997738003730774,True
245,TCGA-D3-A2JG-06,Metastasis,2,TCGA-FR-A8YD-06,Metastasis,0.9997705817222595,True
245,TCGA-D3-A2JG-06,Metastasis,3,TCGA-ER-A198-06,Metastasis,0.9997255802154541,True
245,TCGA-D3-A2JG-06,Metastasis,4,TCGA-EB-A42Z-01,Primary Tumor,0.9996924996376038,False
245,TCGA-D3-A2JG-06,Metastasis,5,TCGA-EE-A2GM-06,Metastasis,0.99961918592453,True
245,TCGA-D3-A2JG-06,Metastasis,6,TCGA-RP-A695-06,Metastasis,0.9995741844177246,True
245,TCGA-D3-A2JG-06,Metastasis,7,TCGA-EE-A2MN-06,Metastasis,0.9995597004890442,True
245,TCGA-D3-A2JG-06,Metastasis,8,TCGA-D3-A2JL-06,Metastasis,0.9993054866790771,True
245,TCGA-D3-A2JG-06,Metastasis,9,TCGA-EB-A41B-01,Primary Tumor,0.9992987513542175,False
246,TCGA-GN-A26A-06,Metastasis,0,TCGA-EB-A5SE-01,Primary Tumor,0.9991185069084167,False
246,TCGA-GN-A26A-06,Metastasis,1,TCGA-EB-A1NK-01,Primary Tumor,0.9989513158798218,False
246,TCGA-GN-A26A-06,Metastasis,2,TCGA-FR-A7U9-06,Metastasis,0.9988582134246826,True
246,TCGA-GN-A26A-06,Metastasis,3,TCGA-EB-A44O-01,Primary Tumor,0.998530924320221,False
246,TCGA-GN-A26A-06,Metastasis,4,TCGA-D3-A3MO-06,Metastasis,0.9985021948814392,True
246,TCGA-GN-A26A-06,Metastasis,5,TCGA-FS-A1ZK-06,Metastasis,0.9984478950500488,True
246,TCGA-GN-A26A-06,Metastasis,6,TCGA-ER-A19K-01,Primary Tumor,0.9980286955833435,False
246,TCGA-GN-A26A-06,Metastasis,7,TCGA-W3-A828-06,Metastasis,0.9980232119560242,True
246,TCGA-GN-A26A-06,Metastasis,8,TCGA-XV-A9W5-01,Primary Tumor,0.9978838562965393,False
246,TCGA-GN-A26A-06,Metastasis,9,TCGA-DA-A1I8-06,Metastasis,0.9977746605873108,True
247,TCGA-GN-A8LK-06,Metastasis,0,TCGA-FS-A1ZU-06,Metastasis,0.999958336353302,True
247,TCGA-GN-A8LK-06,Metastasis,1,TCGA-D3-A1Q1-06,Metastasis,0.9998930096626282,True
247,TCGA-GN-A8LK-06,Metastasis,2,TCGA-EB-A3Y7-01,Primary Tumor,0.9998597502708435,False
247,TCGA-GN-A8LK-06,Metastasis,3,TCGA-EE-A29E-06,Metastasis,0.9998366832733154,True
247,TCGA-GN-A8LK-06,Metastasis,4,TCGA-EB-A553-01,Primary Tumor,0.9997427463531494,False
247,TCGA-GN-A8LK-06,Metastasis,5,TCGA-XV-AB01-06,Metastasis,0.9997067451477051,True
247,TCGA-GN-A8LK-06,Metastasis,6,TCGA-BF-A5ER-01,Primary Tumor,0.9996465444564819,False
247,TCGA-GN-A8LK-06,Metastasis,7,TCGA-EE-A29B-06,Metastasis,0.9996245503425598,True
247,TCGA-GN-A8LK-06,Metastasis,8,TCGA-DA-A1IA-06,Metastasis,0.9995676279067993,True
247,TCGA-GN-A8LK-06,Metastasis,9,TCGA-FR-A3YO-06,Metastasis,0.9995555877685547,True
248,TCGA-FR-A44A-06,Metastasis,0,TCGA-D3-A8GB-06,Metastasis,0.9997735023498535,True
248,TCGA-FR-A44A-06,Metastasis,1,TCGA-EE-A2A1-06,Metastasis,0.9997392892837524,True
248,TCGA-FR-A44A-06,Metastasis,2,TCGA-WE-A8K1-06,Metastasis,0.9997256398200989,True
248,TCGA-FR-A44A-06,Metastasis,3,TCGA-EE-A2GI-06,Metastasis,0.9993273615837097,True
248,TCGA-FR-A44A-06,Metastasis,4,TCGA-DA-A1HW-06,Metastasis,0.9993169903755188,True
248,TCGA-FR-A44A-06,Metastasis,5,TCGA-D3-A8GJ-06,Metastasis,0.9992773532867432,True
248,TCGA-FR-A44A-06,Metastasis,6,TCGA-EE-A2A6-06,Metastasis,0.9987659454345703,True
248,TCGA-FR-A44A-06,Metastasis,7,TCGA-D3-A2JC-06,Metastasis,0.9979203939437866,True
248,TCGA-FR-A44A-06,Metastasis,8,TCGA-EE-A2GL-06,Metastasis,0.9979000091552734,True
248,TCGA-FR-A44A-06,Metastasis,9,TCGA-D3-A3CF-06,Metastasis,0.9975224733352661,True
249,TCGA-FS-A4F9-06,Metastasis,0,TCGA-GN-A268-06,Metastasis,0.9999145269393921,True
249,TCGA-FS-A4F9-06,Metastasis,1,TCGA-D3-A5GO-06,Metastasis,0.9999139904975891,True
249,TCGA-FS-A4F9-06,Metastasis,2,TCGA-Z2-AA3V-06,Metastasis,0.9999066591262817,True
249,TCGA-FS-A4F9-06,Metastasis,3,TCGA-BF-A5EP-01,Primary Tumor,0.9999030828475952,False
249,TCGA-FS-A4F9-06,Metastasis,4,TCGA-D3-A8GV-06,Metastasis,0.9998855590820312,True
249,TCGA-FS-A4F9-06,Metastasis,5,TCGA-EE-A29L-06,Metastasis,0.9998835921287537,True
249,TCGA-FS-A4F9-06,Metastasis,6,TCGA-QB-A6FS-06,Metastasis,0.9998450875282288,True
249,TCGA-FS-A4F9-06,Metastasis,7,TCGA-D3-A8GP-06,Metastasis,0.9998254776000977,True
249,TCGA-FS-A4F9-06,Metastasis,8,TCGA-EE-A180-06,Metastasis,0.9997835159301758,True
249,TCGA-FS-A4F9-06,Metastasis,9,TCGA-D3-A2J6-06,Metastasis,0.9997832775115967,True
250,TCGA-D3-A3BZ-06,Metastasis,0,TCGA-W3-AA1W-06,Metastasis,0.9999551177024841,True
250,TCGA-D3-A3BZ-06,Metastasis,1,TCGA-DA-A3F3-06,Metastasis,0.999764084815979,True
250,TCGA-D3-A3BZ-06,Metastasis,2,TCGA-ER-A2NC-06,Metastasis,0.9997228384017944,True
250,TCGA-D3-A3BZ-06,Metastasis,3,TCGA-EB-A3Y6-01,Primary Tumor,0.9997150301933289,False
250,TCGA-D3-A3BZ-06,Metastasis,4,TCGA-EE-A2MU-06,Metastasis,0.9996973872184753,True
250,TCGA-D3-A3BZ-06,Metastasis,5,TCGA-D3-A3C3-06,Metastasis,0.9996644258499146,True
250,TCGA-D3-A3BZ-06,Metastasis,6,TCGA-EE-A29P-06,Metastasis,0.9995428323745728,True
250,TCGA-D3-A3BZ-06,Metastasis,7,TCGA-GN-A26C-01,Primary Tumor,0.9995394945144653,False
250,TCGA-D3-A3BZ-06,Metastasis,8,TCGA-GF-A6C9-06,Metastasis,0.9991158246994019,True
250,TCGA-D3-A3BZ-06,Metastasis,9,TCGA-WE-A8ZT-06,Metastasis,0.9990932941436768,True
251,TCGA-D3-A5GL-06,Metastasis,0,TCGA-D9-A6EG-06,Metastasis,0.9999623894691467,True
251,TCGA-D3-A5GL-06,Metastasis,1,TCGA-D3-A8GR-06,Metastasis,0.99992835521698,True
251,TCGA-D3-A5GL-06,Metastasis,2,TCGA-RP-A690-06,Metastasis,0.9999144673347473,True
251,TCGA-D3-A5GL-06,Metastasis,3,TCGA-D9-A4Z5-01,Primary Tumor,0.9998703002929688,False
251,TCGA-D3-A5GL-06,Metastasis,4,TCGA-GN-A8LL-06,Metastasis,0.9998632073402405,True
251,TCGA-D3-A5GL-06,Metastasis,5,TCGA-EB-A3Y7-01,Primary Tumor,0.9997400045394897,False
251,TCGA-D3-A5GL-06,Metastasis,6,TCGA-EE-A185-06,Metastasis,0.9997028112411499,True
251,TCGA-D3-A5GL-06,Metastasis,7,TCGA-D3-A1Q1-06,Metastasis,0.9997009634971619,True
251,TCGA-D3-A5GL-06,Metastasis,8,TCGA-EE-A29E-06,Metastasis,0.9996622800827026,True
251,TCGA-D3-A5GL-06,Metastasis,9,TCGA-EE-A20C-06,Metastasis,0.9996615052223206,True
252,TCGA-D3-A8GO-06,Metastasis,0,TCGA-ER-A19M-06,Metastasis,0.9999724626541138,True
252,TCGA-D3-A8GO-06,Metastasis,1,TCGA-WE-A8ZX-06,Metastasis,0.9998430013656616,True
252,TCGA-D3-A8GO-06,Metastasis,2,TCGA-D3-A1Q4-06,Metastasis,0.9998191595077515,True
252,TCGA-D3-A8GO-06,Metastasis,3,TCGA-D9-A3Z4-01,Primary Tumor,0.9998049736022949,False
252,TCGA-D3-A8GO-06,Metastasis,4,TCGA-3N-A9WC-06,Metastasis,0.9997171759605408,True
252,TCGA-D3-A8GO-06,Metastasis,5,TCGA-3N-A9WD-06,Metastasis,0.9996480345726013,True
252,TCGA-D3-A8GO-06,Metastasis,6,TCGA-WE-A8JZ-06,Metastasis,0.9995951652526855,True
252,TCGA-D3-A8GO-06,Metastasis,7,TCGA-DA-A3F8-06,Metastasis,0.9995405077934265,True
252,TCGA-D3-A8GO-06,Metastasis,8,TCGA-WE-AA9Y-06,Metastasis,0.9994509816169739,True
252,TCGA-D3-A8GO-06,Metastasis,9,TCGA-FS-A1Z0-06,Metastasis,0.9994499683380127,True
253,TCGA-BF-A1PX-01,Primary Tumor,0,TCGA-D3-A1Q6-06,Metastasis,0.9998372793197632,False
253,TCGA-BF-A1PX-01,Primary Tumor,1,TCGA-BF-A3DJ-01,Primary Tumor,0.9994025230407715,True
253,TCGA-BF-A1PX-01,Primary Tumor,2,TCGA-FS-A4FC-06,Metastasis,0.996653139591217,False
253,TCGA-BF-A1PX-01,Primary Tumor,3,TCGA-GN-A4U9-06,Metastasis,0.9916448593139648,False
253,TCGA-BF-A1PX-01,Primary Tumor,4,TCGA-EB-A5VV-06,Metastasis,0.9881448745727539,False
253,TCGA-BF-A1PX-01,Primary Tumor,5,TCGA-FW-A3I3-06,Metastasis,0.9840012192726135,False
253,TCGA-BF-A1PX-01,Primary Tumor,6,TCGA-FR-A7UA-06,Metastasis,0.9833046197891235,False
253,TCGA-BF-A1PX-01,Primary Tumor,7,TCGA-ER-A2NF-01,Primary Tumor,0.982760488986969,True
253,TCGA-BF-A1PX-01,Primary Tumor,8,TCGA-ER-A19A-06,Metastasis,0.9823639988899231,False
253,TCGA-BF-A1PX-01,Primary Tumor,9,TCGA-EE-A2ME-06,Metastasis,0.982221245765686,False
254,TCGA-EE-A2GT-06,Metastasis,0,TCGA-D3-A3C6-06,Metastasis,0.9998776912689209,True
254,TCGA-EE-A2GT-06,Metastasis,1,TCGA-ER-A42H-01,Primary Tumor,0.9998716115951538,False
254,TCGA-EE-A2GT-06,Metastasis,2,TCGA-EB-A4P0-01,Primary Tumor,0.9998518824577332,False
254,TCGA-EE-A2GT-06,Metastasis,3,TCGA-GN-A4U7-06,Metastasis,0.9998512864112854,True
254,TCGA-EE-A2GT-06,Metastasis,4,TCGA-3N-A9WB-06,Metastasis,0.9998490810394287,True
254,TCGA-EE-A2GT-06,Metastasis,5,TCGA-Z2-AA3V-06,Metastasis,0.9998396635055542,True
254,TCGA-EE-A2GT-06,Metastasis,6,TCGA-BF-A5EP-01,Primary Tumor,0.999727189540863,False
254,TCGA-EE-A2GT-06,Metastasis,7,TCGA-EE-A29L-06,Metastasis,0.9997195601463318,True
254,TCGA-EE-A2GT-06,Metastasis,8,TCGA-QB-A6FS-06,Metastasis,0.9996188282966614,True
254,TCGA-EE-A2GT-06,Metastasis,9,TCGA-FS-A4F9-06,Metastasis,0.9996082186698914,True
255,TCGA-EE-A2GE-06,Metastasis,0,TCGA-EE-A2MG-06,Metastasis,0.9987272024154663,True
255,TCGA-EE-A2GE-06,Metastasis,1,TCGA-EE-A2MH-06,Metastasis,0.9978905320167542,True
255,TCGA-EE-A2GE-06,Metastasis,2,TCGA-DA-A1HV-06,Metastasis,0.9974174499511719,True
255,TCGA-EE-A2GE-06,Metastasis,3,TCGA-WE-A8ZR-06,Metastasis,0.9974130392074585,True
255,TCGA-EE-A2GE-06,Metastasis,4,TCGA-EB-A4IS-01,Primary Tumor,0.9954492449760437,False
255,TCGA-EE-A2GE-06,Metastasis,5,TCGA-EE-A20F-06,Metastasis,0.9949049949645996,True
255,TCGA-EE-A2GE-06,Metastasis,6,TCGA-FS-A1Z4-06,Metastasis,0.994770884513855,True
255,TCGA-EE-A2GE-06,Metastasis,7,TCGA-BF-AAP0-06,Metastasis,0.9941811561584473,True
255,TCGA-EE-A2GE-06,Metastasis,8,TCGA-D3-A3CE-06,Metastasis,0.9933874011039734,True
255,TCGA-EE-A2GE-06,Metastasis,9,TCGA-D3-A2JB-06,Metastasis,0.9932399988174438,True
256,TCGA-GF-A4EO-06,Metastasis,0,TCGA-ER-A19B-06,Metastasis,0.9997400641441345,True
256,TCGA-GF-A4EO-06,Metastasis,1,TCGA-EE-A2A0-06,Metastasis,0.9995750784873962,True
256,TCGA-GF-A4EO-06,Metastasis,2,TCGA-D3-A8GS-06,Metastasis,0.9995278120040894,True
256,TCGA-GF-A4EO-06,Metastasis,3,TCGA-D3-A2JA-06,Metastasis,0.9995266795158386,True
256,TCGA-GF-A4EO-06,Metastasis,4,TCGA-D3-A5GN-06,Metastasis,0.9994274377822876,True
256,TCGA-GF-A4EO-06,Metastasis,5,TCGA-EE-A2M7-06,Metastasis,0.9993448853492737,True
256,TCGA-GF-A4EO-06,Metastasis,6,TCGA-D9-A3Z3-06,Metastasis,0.9992125034332275,True
256,TCGA-GF-A4EO-06,Metastasis,7,TCGA-GN-A8LN-01,Primary Tumor,0.9991129040718079,False
256,TCGA-GF-A4EO-06,Metastasis,8,TCGA-ER-A2NG-06,Metastasis,0.9990994334220886,True
256,TCGA-GF-A4EO-06,Metastasis,9,TCGA-D3-A1Q9-06,Metastasis,0.9989193677902222,True
257,TCGA-FW-A3TV-06,Metastasis,0,TCGA-DA-A1I2-06,Metastasis,0.9999723434448242,True
257,TCGA-FW-A3TV-06,Metastasis,1,TCGA-EE-A3AE-06,Metastasis,0.9996330142021179,True
257,TCGA-FW-A3TV-06,Metastasis,2,TCGA-DA-A1I5-06,Metastasis,0.9995123744010925,True
257,TCGA-FW-A3TV-06,Metastasis,3,TCGA-WE-AAA0-06,Metastasis,0.9993884563446045,True
257,TCGA-FW-A3TV-06,Metastasis,4,TCGA-YG-AA3O-06,Metastasis,0.9990030527114868,True
257,TCGA-FW-A3TV-06,Metastasis,5,TCGA-WE-A8ZX-06,Metastasis,0.9989205598831177,True
257,TCGA-FW-A3TV-06,Metastasis,6,TCGA-EE-A3AC-06,Metastasis,0.9986163973808289,True
257,TCGA-FW-A3TV-06,Metastasis,7,TCGA-DA-A1I1-06,Metastasis,0.9984351396560669,True
257,TCGA-FW-A3TV-06,Metastasis,8,TCGA-FS-A1Z0-06,Metastasis,0.9984236359596252,True
257,TCGA-FW-A3TV-06,Metastasis,9,TCGA-D9-A3Z4-01,Primary Tumor,0.9981119632720947,False
258,TCGA-ER-A42K-06,Metastasis,0,TCGA-EE-A29T-06,Metastasis,0.999759316444397,True
258,TCGA-ER-A42K-06,Metastasis,1,TCGA-FS-A1ZF-06,Metastasis,0.9997566938400269,True
258,TCGA-ER-A42K-06,Metastasis,2,TCGA-W3-AA1O-06,Metastasis,0.9995018839836121,True
258,TCGA-ER-A42K-06,Metastasis,3,TCGA-EB-A5SG-06,Metastasis,0.9992871284484863,True
258,TCGA-ER-A42K-06,Metastasis,4,TCGA-FR-A2OS-01,Primary Tumor,0.99921715259552,False
258,TCGA-ER-A42K-06,Metastasis,5,TCGA-D3-A2J7-06,Metastasis,0.9991708993911743,True
258,TCGA-ER-A42K-06,Metastasis,6,TCGA-D9-A3Z1-06,Metastasis,0.9991702437400818,True
258,TCGA-ER-A42K-06,Metastasis,7,TCGA-ER-A3ET-06,Metastasis,0.9991079568862915,True
258,TCGA-ER-A42K-06,Metastasis,8,TCGA-ER-A19C-06,Metastasis,0.9990866184234619,True
258,TCGA-ER-A42K-06,Metastasis,9,TCGA-D3-A3C7-06,Metastasis,0.9989867806434631,True
259,TCGA-DA-A960-01,Primary Tumor,0,TCGA-D3-A2JK-06,Metastasis,0.9997324347496033,False
259,TCGA-DA-A960-01,Primary Tumor,1,TCGA-ER-A3ES-06,Metastasis,0.9992556571960449,False
259,TCGA-DA-A960-01,Primary Tumor,2,TCGA-IH-A3EA-01,Primary Tumor,0.9985854029655457,True
259,TCGA-DA-A960-01,Primary Tumor,3,TCGA-D3-A5GT-01,Primary Tumor,0.997427225112915,True
259,TCGA-DA-A960-01,Primary Tumor,4,TCGA-ER-A194-01,Primary Tumor,0.9959075450897217,True
259,TCGA-DA-A960-01,Primary Tumor,5,TCGA-D3-A8GI-06,Metastasis,0.9944669008255005,False
259,TCGA-DA-A960-01,Primary Tumor,6,TCGA-DA-A95Z-06,Metastasis,0.9943679571151733,False
259,TCGA-DA-A960-01,Primary Tumor,7,TCGA-BF-A5ER-01,Primary Tumor,0.9941055178642273,True
259,TCGA-DA-A960-01,Primary Tumor,8,TCGA-EB-A553-01,Primary Tumor,0.9931744337081909,True
259,TCGA-DA-A960-01,Primary Tumor,9,TCGA-XV-AB01-06,Metastasis,0.9928978085517883,False
260,TCGA-EE-A2GP-06,Metastasis,0,TCGA-EE-A2MS-06,Metastasis,0.9996516108512878,True
260,TCGA-EE-A2GP-06,Metastasis,1,TCGA-D3-A3MR-06,Metastasis,0.9995619654655457,True
260,TCGA-EE-A2GP-06,Metastasis,2,TCGA-GN-A266-06,Metastasis,0.9995138645172119,True
260,TCGA-EE-A2GP-06,Metastasis,3,TCGA-FS-A1ZT-06,Metastasis,0.9994727373123169,True
260,TCGA-EE-A2GP-06,Metastasis,4,TCGA-EE-A2GS-06,Metastasis,0.9994706511497498,True
260,TCGA-EE-A2GP-06,Metastasis,5,TCGA-FW-A5DY-06,Metastasis,0.999459445476532,True
260,TCGA-EE-A2GP-06,Metastasis,6,TCGA-EE-A2MR-06,Metastasis,0.9987947344779968,True
260,TCGA-EE-A2GP-06,Metastasis,7,TCGA-ER-A19D-06,Metastasis,0.9986401200294495,True
260,TCGA-EE-A2GP-06,Metastasis,8,TCGA-D3-A2JH-06,Metastasis,0.998202383518219,True
260,TCGA-EE-A2GP-06,Metastasis,9,TCGA-D3-A2JC-06,Metastasis,0.9979556798934937,True
261,TCGA-FS-A1ZE-06,Metastasis,0,TCGA-EE-A29V-06,Metastasis,0.9998881220817566,True
261,TCGA-FS-A1ZE-06,Metastasis,1,TCGA-EB-A5UN-06,Metastasis,0.9997362494468689,True
261,TCGA-FS-A1ZE-06,Metastasis,2,TCGA-ER-A19L-06,Metastasis,0.9997106790542603,True
261,TCGA-FS-A1ZE-06,Metastasis,3,TCGA-D3-A51G-06,Metastasis,0.9997046589851379,True
261,TCGA-FS-A1ZE-06,Metastasis,4,TCGA-DA-A1I7-06,Metastasis,0.9996334314346313,True
261,TCGA-FS-A1ZE-06,Metastasis,5,TCGA-EE-A17Z-06,Metastasis,0.999538242816925,True
261,TCGA-FS-A1ZE-06,Metastasis,6,TCGA-WE-A8K6-06,Metastasis,0.9995303153991699,True
261,TCGA-FS-A1ZE-06,Metastasis,7,TCGA-FR-A69P-06,Metastasis,0.9992756843566895,True
261,TCGA-FS-A1ZE-06,Metastasis,8,TCGA-ER-A2NF-06,Metastasis,0.9992668032646179,True
261,TCGA-FS-A1ZE-06,Metastasis,9,TCGA-D3-A3C6-06,Metastasis,0.9990973472595215,True
262,TCGA-D9-A6EC-06,Metastasis,0,TCGA-BF-AAP8-01,Primary Tumor,0.9999780058860779,False
262,TCGA-D9-A6EC-06,Metastasis,1,TCGA-EE-A2GC-06,Metastasis,0.999884843826294,True
262,TCGA-D9-A6EC-06,Metastasis,2,TCGA-D3-A51K-06,Metastasis,0.9998312592506409,True
262,TCGA-D9-A6EC-06,Metastasis,3,TCGA-EE-A2GO-06,Metastasis,0.9998170733451843,True
262,TCGA-D9-A6EC-06,Metastasis,4,TCGA-LH-A9QB-06,Metastasis,0.9997857213020325,True
262,TCGA-D9-A6EC-06,Metastasis,5,TCGA-FS-A4FB-06,Metastasis,0.9997686743736267,True
262,TCGA-D9-A6EC-06,Metastasis,6,TCGA-D3-A2J6-06,Metastasis,0.9996479749679565,True
262,TCGA-D9-A6EC-06,Metastasis,7,TCGA-EE-A29A-06,Metastasis,0.9995157718658447,True
262,TCGA-D9-A6EC-06,Metastasis,8,TCGA-EE-A2GR-06,Metastasis,0.9995018839836121,True
262,TCGA-D9-A6EC-06,Metastasis,9,TCGA-D3-A3C1-06,Metastasis,0.9994654059410095,True
263,TCGA-EB-A97M-01,Primary Tumor,0,TCGA-WE-A8ZN-06,Metastasis,0.9998140931129456,False
263,TCGA-EB-A97M-01,Primary Tumor,1,TCGA-W3-AA21-06,Metastasis,0.9996594190597534,False
263,TCGA-EB-A97M-01,Primary Tumor,2,TCGA-EE-A3AF-06,Metastasis,0.9995741248130798,False
263,TCGA-EB-A97M-01,Primary Tumor,3,TCGA-DA-A95Y-06,Metastasis,0.9995731115341187,False
263,TCGA-EB-A97M-01,Primary Tumor,4,TCGA-EE-A3J4-06,Metastasis,0.9995613694190979,False
263,TCGA-EB-A97M-01,Primary Tumor,5,TCGA-ER-A2ND-06,Metastasis,0.9995158910751343,False
263,TCGA-EB-A97M-01,Primary Tumor,6,TCGA-EE-A180-06,Metastasis,0.9994748830795288,False
263,TCGA-EB-A97M-01,Primary Tumor,7,TCGA-EE-A17X-06,Metastasis,0.9993716478347778,False
263,TCGA-EB-A97M-01,Primary Tumor,8,TCGA-D3-A5GO-06,Metastasis,0.9993177056312561,False
263,TCGA-EB-A97M-01,Primary Tumor,9,TCGA-D3-A8GP-06,Metastasis,0.9992237687110901,False
264,TCGA-D9-A6EG-06,Metastasis,0,TCGA-RP-A690-06,Metastasis,0.9999787211418152,True
264,TCGA-D9-A6EG-06,Metastasis,1,TCGA-D3-A5GL-06,Metastasis,0.9999623894691467,True
264,TCGA-D9-A6EG-06,Metastasis,2,TCGA-D9-A4Z5-01,Primary Tumor,0.9999295473098755,False
264,TCGA-D9-A6EG-06,Metastasis,3,TCGA-GN-A8LL-06,Metastasis,0.9999067783355713,True
264,TCGA-D9-A6EG-06,Metastasis,4,TCGA-D3-A8GR-06,Metastasis,0.9998917579650879,True
264,TCGA-D9-A6EG-06,Metastasis,5,TCGA-D3-A1Q1-06,Metastasis,0.9997908473014832,True
264,TCGA-D9-A6EG-06,Metastasis,6,TCGA-EB-A3Y7-01,Primary Tumor,0.9997571110725403,False
264,TCGA-D9-A6EG-06,Metastasis,7,TCGA-D3-A8GK-06,Metastasis,0.9997473955154419,True
264,TCGA-D9-A6EG-06,Metastasis,8,TCGA-ER-A19O-06,Metastasis,0.9996868371963501,True
264,TCGA-D9-A6EG-06,Metastasis,9,TCGA-EE-A185-06,Metastasis,0.9996732473373413,True
265,TCGA-EE-A185-06,Metastasis,0,TCGA-D3-A8GR-06,Metastasis,0.9998821020126343,True
265,TCGA-EE-A185-06,Metastasis,1,TCGA-GN-A8LL-06,Metastasis,0.9998666048049927,True
265,TCGA-EE-A185-06,Metastasis,2,TCGA-D9-A4Z5-01,Primary Tumor,0.9998087882995605,False
265,TCGA-EE-A185-06,Metastasis,3,TCGA-D3-A5GL-06,Metastasis,0.9997028112411499,True
265,TCGA-EE-A185-06,Metastasis,4,TCGA-EE-A182-06,Metastasis,0.9996790885925293,True
265,TCGA-EE-A185-06,Metastasis,5,TCGA-D9-A6EG-06,Metastasis,0.9996732473373413,True
265,TCGA-EE-A185-06,Metastasis,6,TCGA-RP-A690-06,Metastasis,0.9996545910835266,True
265,TCGA-EE-A185-06,Metastasis,7,TCGA-EE-A20C-06,Metastasis,0.9995902180671692,True
265,TCGA-EE-A185-06,Metastasis,8,TCGA-BF-A1PU-01,Primary Tumor,0.9993605017662048,False
265,TCGA-EE-A185-06,Metastasis,9,TCGA-GN-A262-06,Metastasis,0.9993067979812622,True
266,TCGA-DA-A1I7-06,Metastasis,0,TCGA-EB-A5UN-06,Metastasis,0.9998821020126343,True
266,TCGA-DA-A1I7-06,Metastasis,1,TCGA-EE-A29V-06,Metastasis,0.9997434020042419,True
266,TCGA-DA-A1I7-06,Metastasis,2,TCGA-WE-A8K6-06,Metastasis,0.999742865562439,True
266,TCGA-DA-A1I7-06,Metastasis,3,TCGA-DA-A3F5-06,Metastasis,0.9996567964553833,True
266,TCGA-DA-A1I7-06,Metastasis,4,TCGA-FS-A1ZE-06,Metastasis,0.9996334314346313,True
266,TCGA-DA-A1I7-06,Metastasis,5,TCGA-D3-A51G-06,Metastasis,0.9996106028556824,True
266,TCGA-DA-A1I7-06,Metastasis,6,TCGA-EB-A82C-01,Primary Tumor,0.9995719194412231,False
266,TCGA-DA-A1I7-06,Metastasis,7,TCGA-D9-A4Z6-06,Metastasis,0.9995314478874207,True
266,TCGA-DA-A1I7-06,Metastasis,8,TCGA-ER-A19L-06,Metastasis,0.9994710087776184,True
266,TCGA-DA-A1I7-06,Metastasis,9,TCGA-EB-A6QZ-01,Primary Tumor,0.9992377758026123,False
267,TCGA-EB-A5VU-01,Primary Tumor,0,TCGA-EB-A57M-01,Primary Tumor,0.988446056842804,True
267,TCGA-EB-A5VU-01,Primary Tumor,1,TCGA-D3-A1Q6-06,Metastasis,0.9851437211036682,False
267,TCGA-EB-A5VU-01,Primary Tumor,2,TCGA-BF-A1PX-01,Primary Tumor,0.9822201132774353,True
267,TCGA-EB-A5VU-01,Primary Tumor,3,TCGA-XV-A9W2-01,Primary Tumor,0.9799449443817139,True
267,TCGA-EB-A5VU-01,Primary Tumor,4,TCGA-BF-A3DJ-01,Primary Tumor,0.9779382944107056,True
267,TCGA-EB-A5VU-01,Primary Tumor,5,TCGA-EB-A3XC-01,Primary Tumor,0.9776654839515686,True
267,TCGA-EB-A5VU-01,Primary Tumor,6,TCGA-GN-A4U9-06,Metastasis,0.9757028222084045,False
267,TCGA-EB-A5VU-01,Primary Tumor,7,TCGA-D3-A1Q5-06,Metastasis,0.9740915894508362,False
267,TCGA-EB-A5VU-01,Primary Tumor,8,TCGA-WE-A8ZM-06,Metastasis,0.9735957980155945,False
267,TCGA-EB-A5VU-01,Primary Tumor,9,TCGA-EE-A20H-06,Metastasis,0.9722574949264526,False
268,TCGA-GF-A6C9-06,Metastasis,0,TCGA-ER-A197-06,Metastasis,0.9996721744537354,True
268,TCGA-GF-A6C9-06,Metastasis,1,TCGA-D3-A3CB-06,Metastasis,0.9995368123054504,True
268,TCGA-GF-A6C9-06,Metastasis,2,TCGA-D3-A3C3-06,Metastasis,0.9994391798973083,True
268,TCGA-GF-A6C9-06,Metastasis,3,TCGA-EE-A29P-06,Metastasis,0.9994143843650818,True
268,TCGA-GF-A6C9-06,Metastasis,4,TCGA-W3-AA1W-06,Metastasis,0.9993982911109924,True
268,TCGA-GF-A6C9-06,Metastasis,5,TCGA-D3-A8GE-06,Metastasis,0.9992473721504211,True
268,TCGA-GF-A6C9-06,Metastasis,6,TCGA-FS-A4F5-06,Metastasis,0.9991974830627441,True
268,TCGA-GF-A6C9-06,Metastasis,7,TCGA-GN-A26C-01,Primary Tumor,0.9991953372955322,False
268,TCGA-GF-A6C9-06,Metastasis,8,TCGA-D3-A3BZ-06,Metastasis,0.9991158246994019,True
268,TCGA-GF-A6C9-06,Metastasis,9,TCGA-D3-A51E-06,Metastasis,0.9989008903503418,True
269,TCGA-EE-A3AH-06,Metastasis,0,TCGA-D3-A2JN-06,Metastasis,0.9998241662979126,True
269,TCGA-EE-A3AH-06,Metastasis,1,TCGA-FS-A1ZW-06,Metastasis,0.9996881484985352,True
269,TCGA-EE-A3AH-06,Metastasis,2,TCGA-D3-A8GE-06,Metastasis,0.9994091391563416,True
269,TCGA-EE-A3AH-06,Metastasis,3,TCGA-D3-A3CB-06,Metastasis,0.9993228912353516,True
269,TCGA-EE-A3AH-06,Metastasis,4,TCGA-FS-A1Z3-06,Metastasis,0.9991678595542908,True
269,TCGA-EE-A3AH-06,Metastasis,5,TCGA-ER-A197-06,Metastasis,0.9987370371818542,True
269,TCGA-EE-A3AH-06,Metastasis,6,TCGA-FS-A4F5-06,Metastasis,0.998227596282959,True
269,TCGA-EE-A3AH-06,Metastasis,7,TCGA-BF-AAP6-01,Primary Tumor,0.9981558918952942,False
269,TCGA-EE-A3AH-06,Metastasis,8,TCGA-D3-A3CC-06,Metastasis,0.9981282353401184,True
269,TCGA-EE-A3AH-06,Metastasis,9,TCGA-D3-A3MV-06,Metastasis,0.9979695081710815,True
270,TCGA-EB-A5SH-06,Metastasis,0,TCGA-ER-A19T-06,Metastasis,0.9999266266822815,True
270,TCGA-EB-A5SH-06,Metastasis,1,TCGA-FS-A4F4-06,Metastasis,0.9999100565910339,True
270,TCGA-EB-A5SH-06,Metastasis,2,TCGA-D3-A3ML-06,Metastasis,0.999862015247345,True
270,TCGA-EB-A5SH-06,Metastasis,3,TCGA-DA-A1I0-06,Metastasis,0.999835729598999,True
270,TCGA-EB-A5SH-06,Metastasis,4,TCGA-EB-A4OY-01,Primary Tumor,0.9998094439506531,False
270,TCGA-EB-A5SH-06,Metastasis,5,TCGA-FS-A1YY-06,Metastasis,0.9996805191040039,True
270,TCGA-EB-A5SH-06,Metastasis,6,TCGA-FR-A7U8-06,Metastasis,0.9995982050895691,True
270,TCGA-EB-A5SH-06,Metastasis,7,TCGA-D9-A4Z3-01,Primary Tumor,0.9995477795600891,False
270,TCGA-EB-A5SH-06,Metastasis,8,TCGA-EB-A5KH-06,Metastasis,0.9995425939559937,True
270,TCGA-EB-A5SH-06,Metastasis,9,TCGA-BF-A5ES-01,Primary Tumor,0.9995318055152893,False
271,TCGA-D3-A3C1-06,Metastasis,0,TCGA-GN-A263-01,Primary Tumor,0.9999343752861023,False
271,TCGA-D3-A3C1-06,Metastasis,1,TCGA-EE-A2GR-06,Metastasis,0.9999265074729919,True
271,TCGA-D3-A3C1-06,Metastasis,2,TCGA-FR-A7U8-06,Metastasis,0.9998132586479187,True
271,TCGA-D3-A3C1-06,Metastasis,3,TCGA-EB-A4OY-01,Primary Tumor,0.999639630317688,False
271,TCGA-D3-A3C1-06,Metastasis,4,TCGA-BF-AAP8-01,Primary Tumor,0.9996178150177002,False
271,TCGA-D3-A3C1-06,Metastasis,5,TCGA-LH-A9QB-06,Metastasis,0.9996114373207092,True
271,TCGA-D3-A3C1-06,Metastasis,6,TCGA-YG-AA3P-06,Metastasis,0.9996055960655212,True
271,TCGA-D3-A3C1-06,Metastasis,7,TCGA-BF-A1PU-01,Primary Tumor,0.9995267391204834,False
271,TCGA-D3-A3C1-06,Metastasis,8,TCGA-D3-A51K-06,Metastasis,0.9995031356811523,True
271,TCGA-D3-A3C1-06,Metastasis,9,TCGA-D9-A6EC-06,Metastasis,0.9994654059410095,True
272,TCGA-D9-A3Z4-01,Primary Tumor,0,TCGA-D3-A8GO-06,Metastasis,0.9998049736022949,False
272,TCGA-D9-A3Z4-01,Primary Tumor,1,TCGA-ER-A19M-06,Metastasis,0.9997788071632385,False
272,TCGA-D9-A3Z4-01,Primary Tumor,2,TCGA-DA-A3F8-06,Metastasis,0.9997780323028564,False
272,TCGA-D9-A3Z4-01,Primary Tumor,3,TCGA-D3-A1Q4-06,Metastasis,0.9997158050537109,False
272,TCGA-D9-A3Z4-01,Primary Tumor,4,TCGA-WE-AA9Y-06,Metastasis,0.9996274709701538,False
272,TCGA-D9-A3Z4-01,Primary Tumor,5,TCGA-WE-A8ZX-06,Metastasis,0.999605655670166,False
272,TCGA-D9-A3Z4-01,Primary Tumor,6,TCGA-WE-A8JZ-06,Metastasis,0.9995787739753723,False
272,TCGA-D9-A3Z4-01,Primary Tumor,7,TCGA-D3-A1Q3-06,Metastasis,0.9995627999305725,False
272,TCGA-D9-A3Z4-01,Primary Tumor,8,TCGA-3N-A9WD-06,Metastasis,0.9994630217552185,False
272,TCGA-D9-A3Z4-01,Primary Tumor,9,TCGA-3N-A9WC-06,Metastasis,0.9994122982025146,False
273,TCGA-EE-A2A6-06,Metastasis,0,TCGA-D3-A8GB-06,Metastasis,0.9994314312934875,True
273,TCGA-EE-A2A6-06,Metastasis,1,TCGA-EE-A2GL-06,Metastasis,0.9993609189987183,True
273,TCGA-EE-A2A6-06,Metastasis,2,TCGA-EE-A2A2-06,Metastasis,0.9990161657333374,True
273,TCGA-EE-A2A6-06,Metastasis,3,TCGA-FR-A44A-06,Metastasis,0.9987659454345703,True
273,TCGA-EE-A2A6-06,Metastasis,4,TCGA-D3-A3CF-06,Metastasis,0.9985069036483765,True
273,TCGA-EE-A2A6-06,Metastasis,5,TCGA-WE-A8K1-06,Metastasis,0.9982883930206299,True
273,TCGA-EE-A2A6-06,Metastasis,6,TCGA-GN-A9SD-06,Metastasis,0.9981045126914978,True
273,TCGA-EE-A2A6-06,Metastasis,7,TCGA-D9-A1JX-06,Metastasis,0.9977177977561951,True
273,TCGA-EE-A2A6-06,Metastasis,8,TCGA-EE-A2A1-06,Metastasis,0.9975401759147644,True
273,TCGA-EE-A2A6-06,Metastasis,9,TCGA-GN-A4U8-06,Metastasis,0.9970154166221619,True
274,TCGA-FS-A1ZH-06,Metastasis,0,TCGA-W3-A825-06,Metastasis,0.9993367195129395,True
274,TCGA-FS-A1ZH-06,Metastasis,1,TCGA-D3-A5GR-06,Metastasis,0.9978557825088501,True
274,TCGA-FS-A1ZH-06,Metastasis,2,TCGA-D3-A8GD-06,Metastasis,0.9965929985046387,True
274,TCGA-FS-A1ZH-06,Metastasis,3,TCGA-D3-A2JB-06,Metastasis,0.9964938163757324,True
274,TCGA-FS-A1ZH-06,Metastasis,4,TCGA-FR-A729-06,Metastasis,0.9958203434944153,True
274,TCGA-FS-A1ZH-06,Metastasis,5,TCGA-BF-AAP2-01,Primary Tumor,0.9951128363609314,False
274,TCGA-FS-A1ZH-06,Metastasis,6,TCGA-EB-A4IS-01,Primary Tumor,0.9949532151222229,False
274,TCGA-FS-A1ZH-06,Metastasis,7,TCGA-ER-A19P-06,Metastasis,0.9899783134460449,True
274,TCGA-FS-A1ZH-06,Metastasis,8,TCGA-Z2-A8RT-06,Metastasis,0.9899018406867981,True
274,TCGA-FS-A1ZH-06,Metastasis,9,TCGA-WE-A8ZR-06,Metastasis,0.9895322918891907,True
275,TCGA-D3-A5GN-06,Metastasis,0,TCGA-ER-A2NG-06,Metastasis,0.9998685121536255,True
275,TCGA-D3-A5GN-06,Metastasis,1,TCGA-EE-A2M8-06,Metastasis,0.999779999256134,True
275,TCGA-D3-A5GN-06,Metastasis,2,TCGA-D3-A2JA-06,Metastasis,0.9997370839118958,True
275,TCGA-D3-A5GN-06,Metastasis,3,TCGA-GN-A8LN-01,Primary Tumor,0.9995614290237427,False
275,TCGA-D3-A5GN-06,Metastasis,4,TCGA-GF-A4EO-06,Metastasis,0.9994274377822876,True
275,TCGA-D3-A5GN-06,Metastasis,5,TCGA-D3-A8GN-06,Metastasis,0.9993789196014404,True
275,TCGA-D3-A5GN-06,Metastasis,6,TCGA-EE-A2MP-06,Metastasis,0.999321460723877,True
275,TCGA-D3-A5GN-06,Metastasis,7,TCGA-D3-A1Q9-06,Metastasis,0.9992956519126892,True
275,TCGA-D3-A5GN-06,Metastasis,8,TCGA-EE-A3JB-06,Metastasis,0.9992722868919373,True
275,TCGA-D3-A5GN-06,Metastasis,9,TCGA-ER-A19W-06,Metastasis,0.9991682171821594,True
276,TCGA-FS-A1ZP-06,Metastasis,0,TCGA-D3-A2JG-06,Metastasis,0.9999545216560364,True
276,TCGA-FS-A1ZP-06,Metastasis,1,TCGA-ER-A198-06,Metastasis,0.9998759627342224,True
276,TCGA-FS-A1ZP-06,Metastasis,2,TCGA-FR-A8YD-06,Metastasis,0.9998661875724792,True
276,TCGA-FS-A1ZP-06,Metastasis,3,TCGA-EE-A2GM-06,Metastasis,0.9997875094413757,True
276,TCGA-FS-A1ZP-06,Metastasis,4,TCGA-EE-A2MN-06,Metastasis,0.9997860789299011,True
276,TCGA-FS-A1ZP-06,Metastasis,5,TCGA-GN-A267-06,Metastasis,0.9996931552886963,True
276,TCGA-FS-A1ZP-06,Metastasis,6,TCGA-EB-A41B-01,Primary Tumor,0.999552309513092,False
276,TCGA-FS-A1ZP-06,Metastasis,7,TCGA-FS-A4FD-06,Metastasis,0.9994882345199585,True
276,TCGA-FS-A1ZP-06,Metastasis,8,TCGA-EB-A42Z-01,Primary Tumor,0.9994816780090332,False
276,TCGA-FS-A1ZP-06,Metastasis,9,TCGA-BF-A1PV-01,Primary Tumor,0.9994470477104187,False
277,TCGA-EB-A44P-01,Primary Tumor,0,TCGA-EB-A82B-01,Primary Tumor,0.9995701313018799,True
277,TCGA-EB-A44P-01,Primary Tumor,1,TCGA-EB-A85J-01,Primary Tumor,0.9994482398033142,True
277,TCGA-EB-A44P-01,Primary Tumor,2,TCGA-EE-A3JH-06,Metastasis,0.9994205832481384,False
277,TCGA-EB-A44P-01,Primary Tumor,3,TCGA-EB-A3XB-01,Primary Tumor,0.9993480443954468,True
277,TCGA-EB-A44P-01,Primary Tumor,4,TCGA-EB-A431-01,Primary Tumor,0.9993272423744202,True
277,TCGA-EB-A44P-01,Primary Tumor,5,TCGA-FR-A8YC-06,Metastasis,0.9992273449897766,False
277,TCGA-EB-A44P-01,Primary Tumor,6,TCGA-ER-A19N-06,Metastasis,0.9991180300712585,False
277,TCGA-EB-A44P-01,Primary Tumor,7,TCGA-D3-A51N-06,Metastasis,0.9990781545639038,False
277,TCGA-EB-A44P-01,Primary Tumor,8,TCGA-ER-A19J-06,Metastasis,0.9990437030792236,False
277,TCGA-EB-A44P-01,Primary Tumor,9,TCGA-BF-AAOU-01,Primary Tumor,0.9989758133888245,True
278,TCGA-ER-A2NH-06,Metastasis,0,TCGA-D3-A51T-06,Metastasis,0.9993648529052734,True
278,TCGA-ER-A2NH-06,Metastasis,1,TCGA-EB-A24D-01,Primary Tumor,0.9992881417274475,False
278,TCGA-ER-A2NH-06,Metastasis,2,TCGA-ER-A19D-06,Metastasis,0.9984294772148132,True
278,TCGA-ER-A2NH-06,Metastasis,3,TCGA-D3-A8GC-06,Metastasis,0.9982391595840454,True
278,TCGA-ER-A2NH-06,Metastasis,4,TCGA-EE-A2MR-06,Metastasis,0.9978184103965759,True
278,TCGA-ER-A2NH-06,Metastasis,5,TCGA-EE-A20B-06,Metastasis,0.9977404475212097,True
278,TCGA-ER-A2NH-06,Metastasis,6,TCGA-EE-A2GS-06,Metastasis,0.9976990222930908,True
278,TCGA-ER-A2NH-06,Metastasis,7,TCGA-GN-A265-06,Metastasis,0.9975566864013672,True
278,TCGA-ER-A2NH-06,Metastasis,8,TCGA-GN-A266-06,Metastasis,0.9974715709686279,True
278,TCGA-ER-A2NH-06,Metastasis,9,TCGA-FW-A5DY-06,Metastasis,0.9970548152923584,True
279,TCGA-W3-A825-06,Metastasis,0,TCGA-FS-A1ZH-06,Metastasis,0.9993367195129395,True
279,TCGA-W3-A825-06,Metastasis,1,TCGA-BF-AAP2-01,Primary Tumor,0.9955258965492249,False
279,TCGA-W3-A825-06,Metastasis,2,TCGA-D3-A5GR-06,Metastasis,0.9952359199523926,True
279,TCGA-W3-A825-06,Metastasis,3,TCGA-D3-A2JB-06,Metastasis,0.9940735697746277,True
279,TCGA-W3-A825-06,Metastasis,4,TCGA-D3-A8GD-06,Metastasis,0.9929987788200378,True
279,TCGA-W3-A825-06,Metastasis,5,TCGA-FR-A729-06,Metastasis,0.9928604960441589,True
279,TCGA-W3-A825-06,Metastasis,6,TCGA-EB-A4IS-01,Primary Tumor,0.9928073883056641,False
279,TCGA-W3-A825-06,Metastasis,7,TCGA-EB-A6R0-01,Primary Tumor,0.992328941822052,False
279,TCGA-W3-A825-06,Metastasis,8,TCGA-ER-A19P-06,Metastasis,0.9888078570365906,True
279,TCGA-W3-A825-06,Metastasis,9,TCGA-WE-A8ZR-06,Metastasis,0.9853695631027222,True
280,TCGA-ER-A2NG-06,Metastasis,0,TCGA-D3-A5GN-06,Metastasis,0.9998685121536255,True
280,TCGA-ER-A2NG-06,Metastasis,1,TCGA-EE-A2M8-06,Metastasis,0.9998270869255066,True
280,TCGA-ER-A2NG-06,Metastasis,2,TCGA-GN-A8LN-01,Primary Tumor,0.9998157620429993,False
280,TCGA-ER-A2NG-06,Metastasis,3,TCGA-D3-A8GN-06,Metastasis,0.9998065829277039,True
280,TCGA-ER-A2NG-06,Metastasis,4,TCGA-D3-A2JA-06,Metastasis,0.9997853636741638,True
280,TCGA-ER-A2NG-06,Metastasis,5,TCGA-D3-A1Q9-06,Metastasis,0.9996669888496399,True
280,TCGA-ER-A2NG-06,Metastasis,6,TCGA-FS-A1ZQ-06,Metastasis,0.9995931386947632,True
280,TCGA-ER-A2NG-06,Metastasis,7,TCGA-ER-A19W-06,Metastasis,0.9995700716972351,True
280,TCGA-ER-A2NG-06,Metastasis,8,TCGA-D3-A8GM-06,Metastasis,0.9992017149925232,True
280,TCGA-ER-A2NG-06,Metastasis,9,TCGA-D3-A1Q8-06,Metastasis,0.9991632103919983,True
281,TCGA-EB-A42Z-01,Primary Tumor,0,TCGA-RP-A695-06,Metastasis,0.9999794960021973,False
281,TCGA-EB-A42Z-01,Primary Tumor,1,TCGA-ER-A19F-06,Metastasis,0.9997847676277161,False
281,TCGA-EB-A42Z-01,Primary Tumor,2,TCGA-D3-A2JG-06,Metastasis,0.9996924996376038,False
281,TCGA-EB-A42Z-01,Primary Tumor,3,TCGA-WE-AAA4-06,Metastasis,0.9996334314346313,False
281,TCGA-EB-A42Z-01,Primary Tumor,4,TCGA-EB-A85I-01,Primary Tumor,0.9996168613433838,True
281,TCGA-EB-A42Z-01,Primary Tumor,5,TCGA-FS-A4F2-06,Metastasis,0.9995875358581543,False
281,TCGA-EB-A42Z-01,Primary Tumor,6,TCGA-D3-A2JL-06,Metastasis,0.9995757341384888,False
281,TCGA-EB-A42Z-01,Primary Tumor,7,TCGA-FS-A1ZP-06,Metastasis,0.9994816780090332,False
281,TCGA-EB-A42Z-01,Primary Tumor,8,TCGA-GN-A267-06,Metastasis,0.9994410872459412,False
281,TCGA-EB-A42Z-01,Primary Tumor,9,TCGA-ER-A3PL-06,Metastasis,0.999423623085022,False
282,TCGA-D3-A8GB-06,Metastasis,0,TCGA-FR-A44A-06,Metastasis,0.9997735023498535,True
282,TCGA-D3-A8GB-06,Metastasis,1,TCGA-EE-A2A6-06,Metastasis,0.9994314312934875,True
282,TCGA-D3-A8GB-06,Metastasis,2,TCGA-WE-A8K1-06,Metastasis,0.9993131756782532,True
282,TCGA-D3-A8GB-06,Metastasis,3,TCGA-EE-A2A1-06,Metastasis,0.9992953538894653,True
282,TCGA-D3-A8GB-06,Metastasis,4,TCGA-D3-A8GJ-06,Metastasis,0.9987363815307617,True
282,TCGA-D3-A8GB-06,Metastasis,5,TCGA-DA-A1HW-06,Metastasis,0.9985966086387634,True
282,TCGA-D3-A8GB-06,Metastasis,6,TCGA-EE-A2GI-06,Metastasis,0.9985776543617249,True
282,TCGA-D3-A8GB-06,Metastasis,7,TCGA-EE-A2GL-06,Metastasis,0.9984052181243896,True
282,TCGA-D3-A8GB-06,Metastasis,8,TCGA-EE-A2A2-06,Metastasis,0.9979669451713562,True
282,TCGA-D3-A8GB-06,Metastasis,9,TCGA-D3-A3CF-06,Metastasis,0.9977457523345947,True
283,TCGA-EE-A2MK-06,Metastasis,0,TCGA-EE-A2MT-06,Metastasis,0.9999489784240723,True
283,TCGA-EE-A2MK-06,Metastasis,1,TCGA-RP-A693-06,Metastasis,0.9999226927757263,True
283,TCGA-EE-A2MK-06,Metastasis,2,TCGA-EE-A2MI-06,Metastasis,0.999762773513794,True
283,TCGA-EE-A2MK-06,Metastasis,3,TCGA-D9-A1JW-06,Metastasis,0.9997590780258179,True
283,TCGA-EE-A2MK-06,Metastasis,4,TCGA-EE-A3JI-06,Metastasis,0.9997480511665344,True
283,TCGA-EE-A2MK-06,Metastasis,5,TCGA-EE-A20I-06,Metastasis,0.9997296333312988,True
283,TCGA-EE-A2MK-06,Metastasis,6,TCGA-FR-A3R1-01,Primary Tumor,0.9997134804725647,False
283,TCGA-EE-A2MK-06,Metastasis,7,TCGA-D3-A2JD-06,Metastasis,0.9996536374092102,True
283,TCGA-EE-A2MK-06,Metastasis,8,TCGA-D3-A5GS-06,Metastasis,0.9996414184570312,True
283,TCGA-EE-A2MK-06,Metastasis,9,TCGA-EE-A29D-06,Metastasis,0.9996221661567688,True
284,TCGA-D3-A2JK-06,Metastasis,0,TCGA-ER-A3ES-06,Metastasis,0.9998399019241333,True
284,TCGA-D3-A2JK-06,Metastasis,1,TCGA-DA-A960-01,Primary Tumor,0.9997324347496033,False
284,TCGA-D3-A2JK-06,Metastasis,2,TCGA-IH-A3EA-01,Primary Tumor,0.9995208978652954,False
284,TCGA-D3-A2JK-06,Metastasis,3,TCGA-D3-A5GT-01,Primary Tumor,0.9984035491943359,False
284,TCGA-D3-A2JK-06,Metastasis,4,TCGA-ER-A194-01,Primary Tumor,0.9974302053451538,False
284,TCGA-D3-A2JK-06,Metastasis,5,TCGA-D3-A8GI-06,Metastasis,0.9963738918304443,True
284,TCGA-D3-A2JK-06,Metastasis,6,TCGA-DA-A95Z-06,Metastasis,0.996229350566864,True
284,TCGA-D3-A2JK-06,Metastasis,7,TCGA-BF-A5ER-01,Primary Tumor,0.996127188205719,False
284,TCGA-D3-A2JK-06,Metastasis,8,TCGA-EB-A553-01,Primary Tumor,0.9952534437179565,False
284,TCGA-D3-A2JK-06,Metastasis,9,TCGA-XV-AB01-06,Metastasis,0.9950001239776611,True
285,TCGA-D3-A8GI-06,Metastasis,0,TCGA-BF-A5ER-01,Primary Tumor,0.9999756217002869,False
285,TCGA-D3-A8GI-06,Metastasis,1,TCGA-DA-A95Z-06,Metastasis,0.9999540448188782,True
285,TCGA-D3-A8GI-06,Metastasis,2,TCGA-EB-A553-01,Primary Tumor,0.9999111294746399,False
285,TCGA-D3-A8GI-06,Metastasis,3,TCGA-ER-A194-01,Primary Tumor,0.9998561143875122,False
285,TCGA-D3-A8GI-06,Metastasis,4,TCGA-XV-AB01-06,Metastasis,0.9998482465744019,True
285,TCGA-D3-A8GI-06,Metastasis,5,TCGA-EE-A29B-06,Metastasis,0.9997221231460571,True
285,TCGA-D3-A8GI-06,Metastasis,6,TCGA-FS-A1ZU-06,Metastasis,0.9997154474258423,True
285,TCGA-D3-A8GI-06,Metastasis,7,TCGA-GN-A8LK-06,Metastasis,0.9995251893997192,True
285,TCGA-D3-A8GI-06,Metastasis,8,TCGA-EE-A29E-06,Metastasis,0.9992315769195557,True
285,TCGA-D3-A8GI-06,Metastasis,9,TCGA-D3-A5GT-01,Primary Tumor,0.9991561770439148,False
286,TCGA-EB-A42Y-01,Primary Tumor,0,TCGA-ER-A3PL-06,Metastasis,0.9998914003372192,False
286,TCGA-EB-A42Y-01,Primary Tumor,1,TCGA-D3-A2JL-06,Metastasis,0.9998536109924316,False
286,TCGA-EB-A42Y-01,Primary Tumor,2,TCGA-QB-AA9O-06,Metastasis,0.9998423457145691,False
286,TCGA-EB-A42Y-01,Primary Tumor,3,TCGA-D9-A6E9-06,Metastasis,0.9998210668563843,False
286,TCGA-EB-A42Y-01,Primary Tumor,4,TCGA-GN-A264-06,Metastasis,0.9998137950897217,False
286,TCGA-EB-A42Y-01,Primary Tumor,5,TCGA-FS-A4F2-06,Metastasis,0.9997268915176392,False
286,TCGA-EB-A42Y-01,Primary Tumor,6,TCGA-EE-A29R-06,Metastasis,0.9997023344039917,False
286,TCGA-EB-A42Y-01,Primary Tumor,7,TCGA-EB-A85I-01,Primary Tumor,0.9996529817581177,True
286,TCGA-EB-A42Y-01,Primary Tumor,8,TCGA-GN-A4U3-06,Metastasis,0.9995698928833008,False
286,TCGA-EB-A42Y-01,Primary Tumor,9,TCGA-EE-A2GJ-06,Metastasis,0.9995545744895935,False
287,TCGA-D3-A2JA-06,Metastasis,0,TCGA-GN-A8LN-01,Primary Tumor,0.9998815059661865,False
287,TCGA-D3-A2JA-06,Metastasis,1,TCGA-ER-A2NG-06,Metastasis,0.9997853636741638,True
287,TCGA-D3-A2JA-06,Metastasis,2,TCGA-D3-A5GN-06,Metastasis,0.9997370839118958,True
287,TCGA-D3-A2JA-06,Metastasis,3,TCGA-ER-A19B-06,Metastasis,0.9996370673179626,True
287,TCGA-D3-A2JA-06,Metastasis,4,TCGA-D9-A3Z3-06,Metastasis,0.9996358156204224,True
287,TCGA-D3-A2JA-06,Metastasis,5,TCGA-D3-A1Q9-06,Metastasis,0.9996345639228821,True
287,TCGA-D3-A2JA-06,Metastasis,6,TCGA-GF-A4EO-06,Metastasis,0.9995266795158386,True
287,TCGA-D3-A2JA-06,Metastasis,7,TCGA-D3-A8GN-06,Metastasis,0.9994885921478271,True
287,TCGA-D3-A2JA-06,Metastasis,8,TCGA-EE-A2M8-06,Metastasis,0.9994571208953857,True
287,TCGA-D3-A2JA-06,Metastasis,9,TCGA-FS-A1ZQ-06,Metastasis,0.9992496371269226,True
288,TCGA-WE-A8ZQ-06,Metastasis,0,TCGA-EB-A5FP-01,Primary Tumor,0.9992560744285583,False
288,TCGA-WE-A8ZQ-06,Metastasis,1,TCGA-DA-A1I8-06,Metastasis,0.9989573359489441,True
288,TCGA-WE-A8ZQ-06,Metastasis,2,TCGA-YG-AA3N-01,Primary Tumor,0.9985654950141907,False
288,TCGA-WE-A8ZQ-06,Metastasis,3,TCGA-EB-A24C-01,Primary Tumor,0.9984416365623474,False
288,TCGA-WE-A8ZQ-06,Metastasis,4,TCGA-D3-A3MO-06,Metastasis,0.9977981448173523,True
288,TCGA-WE-A8ZQ-06,Metastasis,5,TCGA-GF-A2C7-01,Primary Tumor,0.9974772334098816,False
288,TCGA-WE-A8ZQ-06,Metastasis,6,TCGA-ER-A19K-01,Primary Tumor,0.9972038269042969,False
288,TCGA-WE-A8ZQ-06,Metastasis,7,TCGA-XV-A9VZ-01,Primary Tumor,0.996324360370636,False
288,TCGA-WE-A8ZQ-06,Metastasis,8,TCGA-DA-A1IC-06,Metastasis,0.9959865212440491,True
288,TCGA-WE-A8ZQ-06,Metastasis,9,TCGA-EE-A2M5-06,Metastasis,0.9959228038787842,True
289,TCGA-DA-A1I2-06,Metastasis,0,TCGA-FW-A3TV-06,Metastasis,0.9999723434448242,True
289,TCGA-DA-A1I2-06,Metastasis,1,TCGA-EE-A3AE-06,Metastasis,0.9995635747909546,True
289,TCGA-DA-A1I2-06,Metastasis,2,TCGA-WE-AAA0-06,Metastasis,0.9993281364440918,True
289,TCGA-DA-A1I2-06,Metastasis,3,TCGA-DA-A1I5-06,Metastasis,0.9992963075637817,True
289,TCGA-DA-A1I2-06,Metastasis,4,TCGA-YG-AA3O-06,Metastasis,0.9990561008453369,True
289,TCGA-DA-A1I2-06,Metastasis,5,TCGA-WE-A8ZX-06,Metastasis,0.998740553855896,True
289,TCGA-DA-A1I2-06,Metastasis,6,TCGA-EE-A3AC-06,Metastasis,0.9984170794487,True
289,TCGA-DA-A1I2-06,Metastasis,7,TCGA-DA-A1I1-06,Metastasis,0.9981865286827087,True
289,TCGA-DA-A1I2-06,Metastasis,8,TCGA-FS-A1Z0-06,Metastasis,0.9981838464736938,True
289,TCGA-DA-A1I2-06,Metastasis,9,TCGA-D9-A3Z4-01,Primary Tumor,0.9980006217956543,False
290,TCGA-GF-A2C7-01,Primary Tumor,0,TCGA-YG-AA3N-01,Primary Tumor,0.9993384480476379,True
290,TCGA-GF-A2C7-01,Primary Tumor,1,TCGA-DA-A1I8-06,Metastasis,0.9991257786750793,False
290,TCGA-GF-A2C7-01,Primary Tumor,2,TCGA-FS-A1ZB-06,Metastasis,0.998959481716156,False
290,TCGA-GF-A2C7-01,Primary Tumor,3,TCGA-XV-A9W5-01,Primary Tumor,0.9983527064323425,True
290,TCGA-GF-A2C7-01,Primary Tumor,4,TCGA-WE-A8ZM-06,Metastasis,0.9982410073280334,False
290,TCGA-GF-A2C7-01,Primary Tumor,5,TCGA-W3-AA1V-06,Metastasis,0.9978382587432861,False
290,TCGA-GF-A2C7-01,Primary Tumor,6,TCGA-EB-A3XC-01,Primary Tumor,0.9975351095199585,True
290,TCGA-GF-A2C7-01,Primary Tumor,7,TCGA-WE-A8ZQ-06,Metastasis,0.9974772334098816,False
290,TCGA-GF-A2C7-01,Primary Tumor,8,TCGA-EB-A1NK-01,Primary Tumor,0.9973642230033875,True
290,TCGA-GF-A2C7-01,Primary Tumor,9,TCGA-EB-A5FP-01,Primary Tumor,0.99723881483078,True
291,TCGA-EE-A2ML-06,Metastasis,0,TCGA-FS-A1ZJ-06,Metastasis,0.9997605681419373,True
291,TCGA-EE-A2ML-06,Metastasis,1,TCGA-EE-A2MQ-06,Metastasis,0.9997263550758362,True
291,TCGA-EE-A2ML-06,Metastasis,2,TCGA-D3-A51E-06,Metastasis,0.9996795058250427,True
291,TCGA-EE-A2ML-06,Metastasis,3,TCGA-EB-A5UM-01,Primary Tumor,0.999637246131897,False
291,TCGA-EE-A2ML-06,Metastasis,4,TCGA-ER-A199-06,Metastasis,0.9995753765106201,True
291,TCGA-EE-A2ML-06,Metastasis,5,TCGA-EB-A6L9-06,Metastasis,0.9994801878929138,True
291,TCGA-EE-A2ML-06,Metastasis,6,TCGA-EE-A2GD-06,Metastasis,0.9994128942489624,True
291,TCGA-EE-A2ML-06,Metastasis,7,TCGA-EE-A29P-06,Metastasis,0.9993433356285095,True
291,TCGA-EE-A2ML-06,Metastasis,8,TCGA-GN-A26D-06,Metastasis,0.9992644190788269,True
291,TCGA-EE-A2ML-06,Metastasis,9,TCGA-DA-A3F3-06,Metastasis,0.9991065859794617,True
292,TCGA-EE-A29R-06,Metastasis,0,TCGA-D9-A6E9-06,Metastasis,0.9998875856399536,True
292,TCGA-EE-A29R-06,Metastasis,1,TCGA-QB-AA9O-06,Metastasis,0.9998573660850525,True
292,TCGA-EE-A29R-06,Metastasis,2,TCGA-EB-A42Y-01,Primary Tumor,0.9997023344039917,False
292,TCGA-EE-A29R-06,Metastasis,3,TCGA-EE-A17Y-06,Metastasis,0.999687135219574,True
292,TCGA-EE-A29R-06,Metastasis,4,TCGA-GN-A264-06,Metastasis,0.9996525049209595,True
292,TCGA-EE-A29R-06,Metastasis,5,TCGA-GF-A769-01,Primary Tumor,0.9995220303535461,False
292,TCGA-EE-A29R-06,Metastasis,6,TCGA-D9-A1X3-06,Metastasis,0.9994799494743347,True
292,TCGA-EE-A29R-06,Metastasis,7,TCGA-EE-A2GJ-06,Metastasis,0.9993987679481506,True
292,TCGA-EE-A29R-06,Metastasis,8,TCGA-DA-A3F5-06,Metastasis,0.9993852972984314,True
292,TCGA-EE-A29R-06,Metastasis,9,TCGA-ER-A3PL-06,Metastasis,0.9993836283683777,True
293,TCGA-EB-A4OY-01,Primary Tumor,0,TCGA-FR-A7U8-06,Metastasis,0.9999560117721558,False
293,TCGA-EB-A4OY-01,Primary Tumor,1,TCGA-D3-A3ML-06,Metastasis,0.9999314546585083,False
293,TCGA-EB-A4OY-01,Primary Tumor,2,TCGA-EB-A5SH-06,Metastasis,0.9998094439506531,False
293,TCGA-EB-A4OY-01,Primary Tumor,3,TCGA-GN-A263-01,Primary Tumor,0.9996819496154785,True
293,TCGA-EB-A4OY-01,Primary Tumor,4,TCGA-FS-A1YY-06,Metastasis,0.9996703863143921,False
293,TCGA-EB-A4OY-01,Primary Tumor,5,TCGA-D3-A3C1-06,Metastasis,0.999639630317688,False
293,TCGA-EB-A4OY-01,Primary Tumor,6,TCGA-YG-AA3P-06,Metastasis,0.9995291829109192,False
293,TCGA-EB-A4OY-01,Primary Tumor,7,TCGA-ER-A19T-06,Metastasis,0.999516487121582,False
293,TCGA-EB-A4OY-01,Primary Tumor,8,TCGA-FS-A4F4-06,Metastasis,0.9995080232620239,False
293,TCGA-EB-A4OY-01,Primary Tumor,9,TCGA-EE-A2GR-06,Metastasis,0.9994809031486511,False
294,TCGA-EE-A20C-06,Metastasis,0,TCGA-EE-A29E-06,Metastasis,0.9998367428779602,True
294,TCGA-EE-A20C-06,Metastasis,1,TCGA-D3-A8GR-06,Metastasis,0.9998313188552856,True
294,TCGA-EE-A20C-06,Metastasis,2,TCGA-EB-A3Y7-01,Primary Tumor,0.9997325539588928,False
294,TCGA-EE-A20C-06,Metastasis,3,TCGA-GN-A8LL-06,Metastasis,0.9997321963310242,True
294,TCGA-EE-A20C-06,Metastasis,4,TCGA-D9-A4Z5-01,Primary Tumor,0.9996641278266907,False
294,TCGA-EE-A20C-06,Metastasis,5,TCGA-D3-A5GL-06,Metastasis,0.9996615052223206,True
294,TCGA-EE-A20C-06,Metastasis,6,TCGA-EE-A185-06,Metastasis,0.9995902180671692,True
294,TCGA-EE-A20C-06,Metastasis,7,TCGA-D9-A6EG-06,Metastasis,0.9995796084403992,True
294,TCGA-EE-A20C-06,Metastasis,8,TCGA-RP-A690-06,Metastasis,0.9995309710502625,True
294,TCGA-EE-A20C-06,Metastasis,9,TCGA-DA-A3F2-06,Metastasis,0.9994433522224426,True
295,TCGA-EE-A2MG-06,Metastasis,0,TCGA-DA-A1HV-06,Metastasis,0.9996526837348938,True
295,TCGA-EE-A2MG-06,Metastasis,1,TCGA-EE-A2GE-06,Metastasis,0.9987272024154663,True
295,TCGA-EE-A2MG-06,Metastasis,2,TCGA-FS-A1Z4-06,Metastasis,0.9979628324508667,True
295,TCGA-EE-A2MG-06,Metastasis,3,TCGA-FS-A1ZR-06,Metastasis,0.9966862201690674,True
295,TCGA-EE-A2MG-06,Metastasis,4,TCGA-FS-A1ZA-06,Metastasis,0.9964156150817871,True
295,TCGA-EE-A2MG-06,Metastasis,5,TCGA-D3-A3CE-06,Metastasis,0.9955165982246399,True
295,TCGA-EE-A2MG-06,Metastasis,6,TCGA-FS-A1ZM-06,Metastasis,0.9951545596122742,True
295,TCGA-EE-A2MG-06,Metastasis,7,TCGA-EB-A4IS-01,Primary Tumor,0.9950942993164062,False
295,TCGA-EE-A2MG-06,Metastasis,8,TCGA-EE-A20F-06,Metastasis,0.9950074553489685,True
295,TCGA-EE-A2MG-06,Metastasis,9,TCGA-WE-A8ZR-06,Metastasis,0.9944090247154236,True
296,TCGA-YG-AA3N-01,Primary Tumor,0,TCGA-GF-A2C7-01,Primary Tumor,0.9993384480476379,True
296,TCGA-YG-AA3N-01,Primary Tumor,1,TCGA-DA-A1I8-06,Metastasis,0.9990939497947693,False
296,TCGA-YG-AA3N-01,Primary Tumor,2,TCGA-EB-A5FP-01,Primary Tumor,0.9987837672233582,True
296,TCGA-YG-AA3N-01,Primary Tumor,3,TCGA-WE-A8ZQ-06,Metastasis,0.9985654950141907,False
296,TCGA-YG-AA3N-01,Primary Tumor,4,TCGA-FS-A1ZB-06,Metastasis,0.9978252649307251,False
296,TCGA-YG-AA3N-01,Primary Tumor,5,TCGA-EB-A3XC-01,Primary Tumor,0.9973157644271851,True
296,TCGA-YG-AA3N-01,Primary Tumor,6,TCGA-EB-A3XE-01,Primary Tumor,0.9971193671226501,True
296,TCGA-YG-AA3N-01,Primary Tumor,7,TCGA-XV-AAZV-01,Primary Tumor,0.9969189167022705,True
296,TCGA-YG-AA3N-01,Primary Tumor,8,TCGA-EB-A1NK-01,Primary Tumor,0.9968650937080383,True
296,TCGA-YG-AA3N-01,Primary Tumor,9,TCGA-EB-A24C-01,Primary Tumor,0.9964655041694641,True
297,TCGA-EB-A5SF-01,Primary Tumor,0,TCGA-ER-A2NB-01,Primary Tumor,0.999287486076355,True
297,TCGA-EB-A5SF-01,Primary Tumor,1,TCGA-EB-A4OZ-01,Primary Tumor,0.9963658452033997,True
297,TCGA-EB-A5SF-01,Primary Tumor,2,TCGA-ER-A196-01,Primary Tumor,0.9961950182914734,True
297,TCGA-EB-A5SF-01,Primary Tumor,3,TCGA-HR-A5NC-01,Primary Tumor,0.9893067479133606,True
297,TCGA-EB-A5SF-01,Primary Tumor,4,TCGA-EE-A3J8-06,Metastasis,0.9770602583885193,False
297,TCGA-EB-A5SF-01,Primary Tumor,5,TCGA-EB-A4IQ-01,Primary Tumor,0.975119948387146,True
297,TCGA-EB-A5SF-01,Primary Tumor,6,TCGA-BF-A9VF-01,Primary Tumor,0.9673938155174255,True
297,TCGA-EB-A5SF-01,Primary Tumor,7,TCGA-FS-A1ZC-06,Metastasis,0.9656155109405518,False
297,TCGA-EB-A5SF-01,Primary Tumor,8,TCGA-GF-A3OT-06,Metastasis,0.9618117213249207,False
297,TCGA-EB-A5SF-01,Primary Tumor,9,TCGA-EB-A3HV-01,Primary Tumor,0.9596968293190002,True
298,TCGA-EB-A82C-01,Primary Tumor,0,TCGA-D9-A4Z6-06,Metastasis,0.9997928142547607,False
298,TCGA-EB-A82C-01,Primary Tumor,1,TCGA-DA-A1I7-06,Metastasis,0.9995719194412231,False
298,TCGA-EB-A82C-01,Primary Tumor,2,TCGA-FS-A1ZD-06,Metastasis,0.999523937702179,False
298,TCGA-EB-A82C-01,Primary Tumor,3,TCGA-D3-A51G-06,Metastasis,0.999457061290741,False
298,TCGA-EB-A82C-01,Primary Tumor,4,TCGA-EB-A5UN-06,Metastasis,0.9994003772735596,False
298,TCGA-EB-A82C-01,Primary Tumor,5,TCGA-DA-A3F5-06,Metastasis,0.9992795586585999,False
298,TCGA-EB-A82C-01,Primary Tumor,6,TCGA-EE-A29V-06,Metastasis,0.9992254972457886,False
298,TCGA-EB-A82C-01,Primary Tumor,7,TCGA-EB-A6QZ-01,Primary Tumor,0.9992144107818604,True
298,TCGA-EB-A82C-01,Primary Tumor,8,TCGA-EE-A29W-06,Metastasis,0.99918532371521,False
298,TCGA-EB-A82C-01,Primary Tumor,9,TCGA-BF-A5EO-01,Primary Tumor,0.9990110993385315,True
299,TCGA-D3-A51N-06,Metastasis,0,TCGA-BF-AAOU-01,Primary Tumor,0.9999279379844666,False
299,TCGA-D3-A51N-06,Metastasis,1,TCGA-D3-A2JO-06,Metastasis,0.9996998310089111,True
299,TCGA-D3-A51N-06,Metastasis,2,TCGA-EB-A44Q-06,Metastasis,0.9996683597564697,True
299,TCGA-D3-A51N-06,Metastasis,3,TCGA-EE-A3JH-06,Metastasis,0.999615490436554,True
299,TCGA-D3-A51N-06,Metastasis,4,TCGA-EB-A431-01,Primary Tumor,0.9995422959327698,False
299,TCGA-D3-A51N-06,Metastasis,5,TCGA-EB-A85J-01,Primary Tumor,0.9994611144065857,False
299,TCGA-D3-A51N-06,Metastasis,6,TCGA-WE-A8K4-01,Primary Tumor,0.9993572235107422,False
299,TCGA-D3-A51N-06,Metastasis,7,TCGA-D3-A3CC-06,Metastasis,0.9993163347244263,True
299,TCGA-D3-A51N-06,Metastasis,8,TCGA-D9-A3Z3-06,Metastasis,0.9991891384124756,True
299,TCGA-D3-A51N-06,Metastasis,9,TCGA-EB-A44P-01,Primary Tumor,0.9990781545639038,False
300,TCGA-EE-A17Y-06,Metastasis,0,TCGA-D9-A1X3-06,Metastasis,0.9999046325683594,True
300,TCGA-EE-A17Y-06,Metastasis,1,TCGA-D3-A1QB-06,Metastasis,0.999763548374176,True
300,TCGA-EE-A17Y-06,Metastasis,2,TCGA-EE-A29R-06,Metastasis,0.999687135219574,True
300,TCGA-EE-A17Y-06,Metastasis,3,TCGA-DA-A95V-06,Metastasis,0.9995548725128174,True
300,TCGA-EE-A17Y-06,Metastasis,4,TCGA-EB-A5SG-06,Metastasis,0.9995463490486145,True
300,TCGA-EE-A17Y-06,Metastasis,5,TCGA-W3-AA1O-06,Metastasis,0.9995378851890564,True
300,TCGA-EE-A17Y-06,Metastasis,6,TCGA-DA-A3F5-06,Metastasis,0.9994890689849854,True
300,TCGA-EE-A17Y-06,Metastasis,7,TCGA-EB-A6QZ-01,Primary Tumor,0.9994871616363525,False
300,TCGA-EE-A17Y-06,Metastasis,8,TCGA-QB-AA9O-06,Metastasis,0.9994648694992065,True
300,TCGA-EE-A17Y-06,Metastasis,9,TCGA-D9-A6E9-06,Metastasis,0.9994373321533203,True
301,TCGA-EE-A29B-06,Metastasis,0,TCGA-XV-AB01-06,Metastasis,0.9999698996543884,True
301,TCGA-EE-A29B-06,Metastasis,1,TCGA-EB-A553-01,Primary Tumor,0.9998867511749268,False
301,TCGA-EE-A29B-06,Metastasis,2,TCGA-DA-A95Z-06,Metastasis,0.9997861981391907,True
301,TCGA-EE-A29B-06,Metastasis,3,TCGA-FS-A1ZU-06,Metastasis,0.9997822642326355,True
301,TCGA-EE-A29B-06,Metastasis,4,TCGA-D3-A8GI-06,Metastasis,0.9997221231460571,True
301,TCGA-EE-A29B-06,Metastasis,5,TCGA-BF-A5ER-01,Primary Tumor,0.9996636509895325,False
301,TCGA-EE-A29B-06,Metastasis,6,TCGA-BF-A3DL-01,Primary Tumor,0.9996485710144043,False
301,TCGA-EE-A29B-06,Metastasis,7,TCGA-GN-A8LK-06,Metastasis,0.9996245503425598,True
301,TCGA-EE-A29B-06,Metastasis,8,TCGA-FS-A1ZY-06,Metastasis,0.9995962381362915,True
301,TCGA-EE-A29B-06,Metastasis,9,TCGA-ER-A194-01,Primary Tumor,0.999470591545105,False
302,TCGA-D3-A8GJ-06,Metastasis,0,TCGA-EE-A2A1-06,Metastasis,0.9997423887252808,True
302,TCGA-D3-A8GJ-06,Metastasis,1,TCGA-EE-A2GI-06,Metastasis,0.9995786547660828,True
302,TCGA-D3-A8GJ-06,Metastasis,2,TCGA-FR-A44A-06,Metastasis,0.9992773532867432,True
302,TCGA-D3-A8GJ-06,Metastasis,3,TCGA-DA-A1HW-06,Metastasis,0.999140739440918,True
302,TCGA-D3-A8GJ-06,Metastasis,4,TCGA-WE-A8K1-06,Metastasis,0.9988172054290771,True
302,TCGA-D3-A8GJ-06,Metastasis,5,TCGA-BF-A1Q0-01,Primary Tumor,0.9987977147102356,False
302,TCGA-D3-A8GJ-06,Metastasis,6,TCGA-EE-A29Q-06,Metastasis,0.9987559914588928,True
302,TCGA-D3-A8GJ-06,Metastasis,7,TCGA-D3-A8GB-06,Metastasis,0.9987363815307617,True
302,TCGA-D3-A8GJ-06,Metastasis,8,TCGA-DA-A1I1-06,Metastasis,0.9981683492660522,True
302,TCGA-D3-A8GJ-06,Metastasis,9,TCGA-D3-A2JC-06,Metastasis,0.9980748891830444,True
303,TCGA-EB-A82B-01,Primary Tumor,0,TCGA-EB-A85J-01,Primary Tumor,0.9998914003372192,True
303,TCGA-EB-A82B-01,Primary Tumor,1,TCGA-ER-A19N-06,Metastasis,0.999617874622345,False
303,TCGA-EB-A82B-01,Primary Tumor,2,TCGA-FR-A8YC-06,Metastasis,0.9996142387390137,False
303,TCGA-EB-A82B-01,Primary Tumor,3,TCGA-EB-A3XB-01,Primary Tumor,0.999578595161438,True
303,TCGA-EB-A82B-01,Primary Tumor,4,TCGA-EB-A44P-01,Primary Tumor,0.9995701313018799,True
303,TCGA-EB-A82B-01,Primary Tumor,5,TCGA-ER-A19J-06,Metastasis,0.9995543956756592,False
303,TCGA-EB-A82B-01,Primary Tumor,6,TCGA-EE-A3JH-06,Metastasis,0.9991904497146606,False
303,TCGA-EB-A82B-01,Primary Tumor,7,TCGA-EE-A3AA-06,Metastasis,0.9991863965988159,False
303,TCGA-EB-A82B-01,Primary Tumor,8,TCGA-BF-AAOU-01,Primary Tumor,0.9990583062171936,True
303,TCGA-EB-A82B-01,Primary Tumor,9,TCGA-EB-A431-01,Primary Tumor,0.9990473389625549,True
304,TCGA-FR-A7UA-06,Metastasis,0,TCGA-ER-A19A-06,Metastasis,0.9987973570823669,True
304,TCGA-FR-A7UA-06,Metastasis,1,TCGA-FW-A3I3-06,Metastasis,0.9971535801887512,True
304,TCGA-FR-A7UA-06,Metastasis,2,TCGA-EB-A44R-06,Metastasis,0.9948459267616272,True
304,TCGA-FR-A7UA-06,Metastasis,3,TCGA-ER-A1A1-06,Metastasis,0.9925626516342163,True
304,TCGA-FR-A7UA-06,Metastasis,4,TCGA-BF-AAP1-01,Primary Tumor,0.9916765093803406,False
304,TCGA-FR-A7UA-06,Metastasis,5,TCGA-EE-A2GK-06,Metastasis,0.9912340044975281,True
304,TCGA-FR-A7UA-06,Metastasis,6,TCGA-FS-A4FC-06,Metastasis,0.9908848404884338,True
304,TCGA-FR-A7UA-06,Metastasis,7,TCGA-BF-A3DJ-01,Primary Tumor,0.9888803362846375,False
304,TCGA-FR-A7UA-06,Metastasis,8,TCGA-EE-A2MC-06,Metastasis,0.9879978895187378,True
304,TCGA-FR-A7UA-06,Metastasis,9,TCGA-EE-A2GB-06,Metastasis,0.9878173470497131,True
305,TCGA-D3-A51R-06,Metastasis,0,TCGA-XV-A9VZ-01,Primary Tumor,0.9997473359107971,False
305,TCGA-D3-A51R-06,Metastasis,1,TCGA-XV-AAZV-01,Primary Tumor,0.9990960359573364,False
305,TCGA-D3-A51R-06,Metastasis,2,TCGA-EB-A3XE-01,Primary Tumor,0.9989068508148193,False
305,TCGA-D3-A51R-06,Metastasis,3,TCGA-EB-A3HV-01,Primary Tumor,0.9981170892715454,False
305,TCGA-D3-A51R-06,Metastasis,4,TCGA-EB-A5FP-01,Primary Tumor,0.9979092478752136,False
305,TCGA-D3-A51R-06,Metastasis,5,TCGA-EB-A3XC-01,Primary Tumor,0.9966407418251038,False
305,TCGA-D3-A51R-06,Metastasis,6,TCGA-YG-AA3N-01,Primary Tumor,0.9954044818878174,False
305,TCGA-D3-A51R-06,Metastasis,7,TCGA-WE-A8ZQ-06,Metastasis,0.9951107501983643,True
305,TCGA-D3-A51R-06,Metastasis,8,TCGA-GF-A2C7-01,Primary Tumor,0.9937565326690674,False
305,TCGA-D3-A51R-06,Metastasis,9,TCGA-DA-A1I8-06,Metastasis,0.992233395576477,True
306,TCGA-RP-A6K9-06,Metastasis,0,TCGA-EE-A184-06,Metastasis,0.9999778270721436,True
306,TCGA-RP-A6K9-06,Metastasis,1,TCGA-DA-A95W-06,Metastasis,0.9999278783798218,True
306,TCGA-RP-A6K9-06,Metastasis,2,TCGA-W3-AA1Q-06,Metastasis,0.999839723110199,True
306,TCGA-RP-A6K9-06,Metastasis,3,TCGA-YD-A9TB-06,Metastasis,0.9998378157615662,True
306,TCGA-RP-A6K9-06,Metastasis,4,TCGA-BF-A1PZ-01,Primary Tumor,0.999823272228241,False
306,TCGA-RP-A6K9-06,Metastasis,5,TCGA-EE-A29S-06,Metastasis,0.999817430973053,True
306,TCGA-RP-A6K9-06,Metastasis,6,TCGA-WE-A8K5-06,Metastasis,0.9997996091842651,True
306,TCGA-RP-A6K9-06,Metastasis,7,TCGA-RP-A694-06,Metastasis,0.9997431635856628,True
306,TCGA-RP-A6K9-06,Metastasis,8,TCGA-EE-A3J7-06,Metastasis,0.9997289180755615,True
306,TCGA-RP-A6K9-06,Metastasis,9,TCGA-EE-A29D-06,Metastasis,0.9996764659881592,True
307,TCGA-EE-A3AD-06,Metastasis,0,TCGA-FS-A1ZZ-06,Metastasis,0.9994434118270874,True
307,TCGA-EE-A3AD-06,Metastasis,1,TCGA-FS-A1ZF-06,Metastasis,0.9991891384124756,True
307,TCGA-EE-A3AD-06,Metastasis,2,TCGA-EE-A3JE-06,Metastasis,0.9991804957389832,True
307,TCGA-EE-A3AD-06,Metastasis,3,TCGA-FW-A5DX-01,Primary Tumor,0.9991291761398315,False
307,TCGA-EE-A3AD-06,Metastasis,4,TCGA-D3-A3MV-06,Metastasis,0.9989637136459351,True
307,TCGA-EE-A3AD-06,Metastasis,5,TCGA-ER-A42K-06,Metastasis,0.9987691044807434,True
307,TCGA-EE-A3AD-06,Metastasis,6,TCGA-W3-A828-06,Metastasis,0.998598575592041,True
307,TCGA-EE-A3AD-06,Metastasis,7,TCGA-BF-AAP6-01,Primary Tumor,0.9985838532447815,False
307,TCGA-EE-A3AD-06,Metastasis,8,TCGA-FS-A4F5-06,Metastasis,0.9985460638999939,True
307,TCGA-EE-A3AD-06,Metastasis,9,TCGA-EE-A29T-06,Metastasis,0.9983533024787903,True
308,TCGA-EE-A2GL-06,Metastasis,0,TCGA-EE-A2A2-06,Metastasis,0.9998496770858765,True
308,TCGA-EE-A2GL-06,Metastasis,1,TCGA-D3-A3CF-06,Metastasis,0.9997604489326477,True
308,TCGA-EE-A2GL-06,Metastasis,2,TCGA-GN-A9SD-06,Metastasis,0.9995914101600647,True
308,TCGA-EE-A2GL-06,Metastasis,3,TCGA-D9-A1JX-06,Metastasis,0.9994074702262878,True
308,TCGA-EE-A2GL-06,Metastasis,4,TCGA-EE-A2A6-06,Metastasis,0.9993609189987183,True
308,TCGA-EE-A2GL-06,Metastasis,5,TCGA-GN-A4U8-06,Metastasis,0.9984362721443176,True
308,TCGA-EE-A2GL-06,Metastasis,6,TCGA-D3-A8GB-06,Metastasis,0.9984052181243896,True
308,TCGA-EE-A2GL-06,Metastasis,7,TCGA-WE-A8K1-06,Metastasis,0.9981815218925476,True
308,TCGA-EE-A2GL-06,Metastasis,8,TCGA-FR-A44A-06,Metastasis,0.9979000091552734,True
308,TCGA-EE-A2GL-06,Metastasis,9,TCGA-FS-A1ZT-06,Metastasis,0.9978250861167908,True
309,TCGA-EE-A29N-06,Metastasis,0,TCGA-Z2-A8RT-06,Metastasis,0.9998869299888611,True
309,TCGA-EE-A29N-06,Metastasis,1,TCGA-D3-A8GD-06,Metastasis,0.9967513084411621,True
309,TCGA-EE-A29N-06,Metastasis,2,TCGA-D3-A5GR-06,Metastasis,0.9944035410881042,True
309,TCGA-EE-A29N-06,Metastasis,3,TCGA-FR-A729-06,Metastasis,0.9930161833763123,True
309,TCGA-EE-A29N-06,Metastasis,4,TCGA-WE-A8ZR-06,Metastasis,0.9926913380622864,True
309,TCGA-EE-A29N-06,Metastasis,5,TCGA-D3-A2JB-06,Metastasis,0.992557168006897,True
309,TCGA-EE-A29N-06,Metastasis,6,TCGA-EE-A2MH-06,Metastasis,0.9905850291252136,True
309,TCGA-EE-A29N-06,Metastasis,7,TCGA-EB-A4IS-01,Primary Tumor,0.9886144399642944,False
309,TCGA-EE-A29N-06,Metastasis,8,TCGA-FS-A1ZH-06,Metastasis,0.9880207777023315,True
309,TCGA-EE-A29N-06,Metastasis,9,TCGA-W3-A825-06,Metastasis,0.9821707010269165,True
310,TCGA-GF-A769-01,Primary Tumor,0,TCGA-GN-A264-06,Metastasis,0.999896764755249,False
310,TCGA-GF-A769-01,Primary Tumor,1,TCGA-D9-A6EA-06,Metastasis,0.999825656414032,False
310,TCGA-GF-A769-01,Primary Tumor,2,TCGA-DA-A1I4-06,Metastasis,0.9997993111610413,False
310,TCGA-GF-A769-01,Primary Tumor,3,TCGA-ER-A2NF-06,Metastasis,0.9997479319572449,False
310,TCGA-GF-A769-01,Primary Tumor,4,TCGA-D9-A6E9-06,Metastasis,0.9996861815452576,False
310,TCGA-GF-A769-01,Primary Tumor,5,TCGA-GN-A4U3-06,Metastasis,0.9996357560157776,False
310,TCGA-GF-A769-01,Primary Tumor,6,TCGA-FW-A3TU-06,Metastasis,0.9996306896209717,False
310,TCGA-GF-A769-01,Primary Tumor,7,TCGA-ER-A2NE-06,Metastasis,0.9996141195297241,False
310,TCGA-GF-A769-01,Primary Tumor,8,TCGA-QB-AA9O-06,Metastasis,0.9995651841163635,False
310,TCGA-GF-A769-01,Primary Tumor,9,TCGA-ER-A3PL-06,Metastasis,0.9995372891426086,False
311,TCGA-D3-A2JB-06,Metastasis,0,TCGA-EB-A4IS-01,Primary Tumor,0.9993159174919128,False
311,TCGA-D3-A2JB-06,Metastasis,1,TCGA-WE-A8ZR-06,Metastasis,0.99802166223526,True
311,TCGA-D3-A2JB-06,Metastasis,2,TCGA-BF-AAP2-01,Primary Tumor,0.9966028928756714,False
311,TCGA-D3-A2JB-06,Metastasis,3,TCGA-FS-A1ZH-06,Metastasis,0.9964938163757324,True
311,TCGA-D3-A2JB-06,Metastasis,4,TCGA-D3-A8GD-06,Metastasis,0.9963391423225403,True
311,TCGA-D3-A2JB-06,Metastasis,5,TCGA-D3-A5GR-06,Metastasis,0.9949883222579956,True
311,TCGA-D3-A2JB-06,Metastasis,6,TCGA-EE-A2MH-06,Metastasis,0.9944819211959839,True
311,TCGA-D3-A2JB-06,Metastasis,7,TCGA-W3-A825-06,Metastasis,0.9940735697746277,True
311,TCGA-D3-A2JB-06,Metastasis,8,TCGA-Z2-A8RT-06,Metastasis,0.9938737154006958,True
311,TCGA-D3-A2JB-06,Metastasis,9,TCGA-EE-A2GE-06,Metastasis,0.9932399988174438,True
312,TCGA-HR-A2OG-06,Metastasis,0,TCGA-ER-A19H-06,Metastasis,0.9999069571495056,True
312,TCGA-HR-A2OG-06,Metastasis,1,TCGA-D3-A2JH-06,Metastasis,0.9996734261512756,True
312,TCGA-HR-A2OG-06,Metastasis,2,TCGA-ER-A195-06,Metastasis,0.9995667934417725,True
312,TCGA-HR-A2OG-06,Metastasis,3,TCGA-EE-A2MS-06,Metastasis,0.9990283250808716,True
312,TCGA-HR-A2OG-06,Metastasis,4,TCGA-D3-A2J9-06,Metastasis,0.9987239241600037,True
312,TCGA-HR-A2OG-06,Metastasis,5,TCGA-D9-A1JX-06,Metastasis,0.9986204504966736,True
312,TCGA-HR-A2OG-06,Metastasis,6,TCGA-GN-A266-06,Metastasis,0.9983810186386108,True
312,TCGA-HR-A2OG-06,Metastasis,7,TCGA-FS-A1ZT-06,Metastasis,0.9983574151992798,True
312,TCGA-HR-A2OG-06,Metastasis,8,TCGA-EB-A551-01,Primary Tumor,0.9983206987380981,False
312,TCGA-HR-A2OG-06,Metastasis,9,TCGA-D3-A3CE-06,Metastasis,0.9982802867889404,True
313,TCGA-DA-A1IB-06,Metastasis,0,TCGA-YD-A9TA-06,Metastasis,0.9950701594352722,True
313,TCGA-DA-A1IB-06,Metastasis,1,TCGA-ER-A19P-06,Metastasis,0.9910129308700562,True
313,TCGA-DA-A1IB-06,Metastasis,2,TCGA-EB-A6R0-01,Primary Tumor,0.9884588718414307,False
313,TCGA-DA-A1IB-06,Metastasis,3,TCGA-FR-A8YE-06,Metastasis,0.9861863255500793,True
313,TCGA-DA-A1IB-06,Metastasis,4,TCGA-W3-A825-06,Metastasis,0.9847579598426819,True
313,TCGA-DA-A1IB-06,Metastasis,5,TCGA-FS-A1ZH-06,Metastasis,0.9811867475509644,True
313,TCGA-DA-A1IB-06,Metastasis,6,TCGA-FR-A729-06,Metastasis,0.9798033833503723,True
313,TCGA-DA-A1IB-06,Metastasis,7,TCGA-D3-A5GR-06,Metastasis,0.977870523929596,True
313,TCGA-DA-A1IB-06,Metastasis,8,TCGA-D3-A8GD-06,Metastasis,0.9704057574272156,True
313,TCGA-DA-A1IB-06,Metastasis,9,LE-037-RG-038_N,Benign Nevus,0.9702739715576172,False
314,TCGA-D3-A51E-06,Metastasis,0,TCGA-EE-A29P-06,Metastasis,0.999808669090271,True
314,TCGA-D3-A51E-06,Metastasis,1,TCGA-EE-A2ML-06,Metastasis,0.9996795058250427,True
314,TCGA-D3-A51E-06,Metastasis,2,TCGA-EE-A2GD-06,Metastasis,0.9995966553688049,True
314,TCGA-D3-A51E-06,Metastasis,3,TCGA-EB-A6L9-06,Metastasis,0.9995344877243042,True
314,TCGA-D3-A51E-06,Metastasis,4,TCGA-FS-A1ZJ-06,Metastasis,0.9994943737983704,True
314,TCGA-D3-A51E-06,Metastasis,5,TCGA-ER-A19J-06,Metastasis,0.9993025064468384,True
314,TCGA-D3-A51E-06,Metastasis,6,TCGA-EB-A3XB-01,Primary Tumor,0.9992340207099915,False
314,TCGA-D3-A51E-06,Metastasis,7,TCGA-DA-A3F3-06,Metastasis,0.9992231726646423,True
314,TCGA-D3-A51E-06,Metastasis,8,TCGA-EE-A2MQ-06,Metastasis,0.9991093873977661,True
314,TCGA-D3-A51E-06,Metastasis,9,TCGA-D3-A3C3-06,Metastasis,0.9990434050559998,True
315,TCGA-D3-A5GT-01,Primary Tumor,0,TCGA-ER-A194-01,Primary Tumor,0.9997069239616394,True
315,TCGA-D3-A5GT-01,Primary Tumor,1,TCGA-DA-A95Z-06,Metastasis,0.9992116689682007,False
315,TCGA-D3-A5GT-01,Primary Tumor,2,TCGA-D3-A8GI-06,Metastasis,0.9991561770439148,False
315,TCGA-D3-A5GT-01,Primary Tumor,3,TCGA-IH-A3EA-01,Primary Tumor,0.9989209771156311,True
315,TCGA-D3-A5GT-01,Primary Tumor,4,TCGA-BF-A5ER-01,Primary Tumor,0.9989203810691833,True
315,TCGA-D3-A5GT-01,Primary Tumor,5,TCGA-EB-A553-01,Primary Tumor,0.998741865158081,True
315,TCGA-D3-A5GT-01,Primary Tumor,6,TCGA-XV-AB01-06,Metastasis,0.9987130165100098,False
315,TCGA-D3-A5GT-01,Primary Tumor,7,TCGA-EE-A29B-06,Metastasis,0.9986345767974854,False
315,TCGA-D3-A5GT-01,Primary Tumor,8,TCGA-D3-A2JK-06,Metastasis,0.9984035491943359,False
315,TCGA-D3-A5GT-01,Primary Tumor,9,TCGA-ER-A3ES-06,Metastasis,0.9984021782875061,False
316,TCGA-HR-A2OH-06,Metastasis,0,TCGA-DA-A95X-06,Metastasis,0.9998837113380432,True
316,TCGA-HR-A2OH-06,Metastasis,1,TCGA-FS-A4F8-06,Metastasis,0.9998528957366943,True
316,TCGA-HR-A2OH-06,Metastasis,2,TCGA-EE-A20B-06,Metastasis,0.9997105598449707,True
316,TCGA-HR-A2OH-06,Metastasis,3,TCGA-GN-A265-06,Metastasis,0.9995445013046265,True
316,TCGA-HR-A2OH-06,Metastasis,4,TCGA-WE-A8ZY-06,Metastasis,0.999542772769928,True
316,TCGA-HR-A2OH-06,Metastasis,5,TCGA-D3-A51F-06,Metastasis,0.9995097517967224,True
316,TCGA-HR-A2OH-06,Metastasis,6,TCGA-EE-A3JB-06,Metastasis,0.999420166015625,True
316,TCGA-HR-A2OH-06,Metastasis,7,TCGA-EE-A29H-06,Metastasis,0.9993764162063599,True
316,TCGA-HR-A2OH-06,Metastasis,8,TCGA-EE-A181-06,Metastasis,0.9993584752082825,True
316,TCGA-HR-A2OH-06,Metastasis,9,TCGA-EE-A2MP-06,Metastasis,0.9992122054100037,True
317,TCGA-ER-A19N-06,Metastasis,0,TCGA-FR-A8YC-06,Metastasis,0.9999869465827942,True
317,TCGA-ER-A19N-06,Metastasis,1,TCGA-EE-A3AA-06,Metastasis,0.9998563528060913,True
317,TCGA-ER-A19N-06,Metastasis,2,TCGA-ER-A19G-06,Metastasis,0.9997540712356567,True
317,TCGA-ER-A19N-06,Metastasis,3,TCGA-EB-A85J-01,Primary Tumor,0.9996722340583801,False
317,TCGA-ER-A19N-06,Metastasis,4,TCGA-EB-A82B-01,Primary Tumor,0.999617874622345,False
317,TCGA-ER-A19N-06,Metastasis,5,TCGA-D3-A2J8-06,Metastasis,0.9995837211608887,True
317,TCGA-ER-A19N-06,Metastasis,6,TCGA-ER-A19J-06,Metastasis,0.9995598793029785,True
317,TCGA-ER-A19N-06,Metastasis,7,TCGA-EE-A2GH-06,Metastasis,0.9994504451751709,True
317,TCGA-ER-A19N-06,Metastasis,8,TCGA-D3-A1QA-07,Metastasis,0.9994065761566162,True
317,TCGA-ER-A19N-06,Metastasis,9,TCGA-EB-A3XB-01,Primary Tumor,0.999271810054779,False
318,TCGA-BF-A5EP-01,Primary Tumor,0,TCGA-EE-A29L-06,Metastasis,0.9999803304672241,False
318,TCGA-BF-A5EP-01,Primary Tumor,1,TCGA-QB-A6FS-06,Metastasis,0.9999628663063049,False
318,TCGA-BF-A5EP-01,Primary Tumor,2,TCGA-D3-A8GP-06,Metastasis,0.9999300241470337,False
318,TCGA-BF-A5EP-01,Primary Tumor,3,TCGA-GN-A268-06,Metastasis,0.9999176859855652,False
318,TCGA-BF-A5EP-01,Primary Tumor,4,TCGA-FS-A4F9-06,Metastasis,0.9999030828475952,False
318,TCGA-BF-A5EP-01,Primary Tumor,5,TCGA-Z2-AA3V-06,Metastasis,0.9998621940612793,False
318,TCGA-BF-A5EP-01,Primary Tumor,6,TCGA-D3-A5GO-06,Metastasis,0.9998390674591064,False
318,TCGA-BF-A5EP-01,Primary Tumor,7,TCGA-EE-A180-06,Metastasis,0.9998065233230591,False
318,TCGA-BF-A5EP-01,Primary Tumor,8,TCGA-3N-A9WB-06,Metastasis,0.9997847080230713,False
318,TCGA-BF-A5EP-01,Primary Tumor,9,TCGA-ER-A42H-01,Primary Tumor,0.9997701644897461,True
319,TCGA-D3-A2JO-06,Metastasis,0,TCGA-EB-A44Q-06,Metastasis,0.9999610185623169,True
319,TCGA-D3-A2JO-06,Metastasis,1,TCGA-WE-A8K4-01,Primary Tumor,0.9998794794082642,False
319,TCGA-D3-A2JO-06,Metastasis,2,TCGA-D3-A51N-06,Metastasis,0.9996998310089111,True
319,TCGA-D3-A2JO-06,Metastasis,3,TCGA-D9-A3Z3-06,Metastasis,0.9995077252388,True
319,TCGA-D3-A2JO-06,Metastasis,4,TCGA-BF-AAOU-01,Primary Tumor,0.9993875026702881,False
319,TCGA-D3-A2JO-06,Metastasis,5,TCGA-EE-A2MD-06,Metastasis,0.999380886554718,True
319,TCGA-D3-A2JO-06,Metastasis,6,TCGA-EB-A85J-01,Primary Tumor,0.9990937113761902,False
319,TCGA-D3-A2JO-06,Metastasis,7,TCGA-ER-A19G-06,Metastasis,0.9990934729576111,True
319,TCGA-D3-A2JO-06,Metastasis,8,TCGA-EE-A2GH-06,Metastasis,0.9990435838699341,True
319,TCGA-D3-A2JO-06,Metastasis,9,TCGA-D3-A1Q8-06,Metastasis,0.9989659786224365,True
320,TCGA-EE-A29W-06,Metastasis,0,TCGA-EE-A3JD-06,Metastasis,0.9997589588165283,True
320,TCGA-EE-A29W-06,Metastasis,1,TCGA-FS-A1ZD-06,Metastasis,0.9995613694190979,True
320,TCGA-EE-A29W-06,Metastasis,2,TCGA-D3-A51G-06,Metastasis,0.9993161559104919,True
320,TCGA-EE-A29W-06,Metastasis,3,TCGA-FS-A4F0-06,Metastasis,0.9991960525512695,True
320,TCGA-EE-A29W-06,Metastasis,4,TCGA-EB-A82C-01,Primary Tumor,0.99918532371521,False
320,TCGA-EE-A29W-06,Metastasis,5,TCGA-BF-A5EO-01,Primary Tumor,0.9991558790206909,False
320,TCGA-EE-A29W-06,Metastasis,6,TCGA-EE-A29V-06,Metastasis,0.9987192153930664,True
320,TCGA-EE-A29W-06,Metastasis,7,TCGA-D9-A4Z6-06,Metastasis,0.9983534812927246,True
320,TCGA-EE-A29W-06,Metastasis,8,TCGA-DA-A1I7-06,Metastasis,0.9983391761779785,True
320,TCGA-EE-A29W-06,Metastasis,9,TCGA-DA-A1IC-06,Metastasis,0.9982621073722839,True
321,TCGA-EB-A5UN-06,Metastasis,0,TCGA-DA-A1I7-06,Metastasis,0.9998821020126343,True
321,TCGA-EB-A5UN-06,Metastasis,1,TCGA-WE-A8K6-06,Metastasis,0.999854326248169,True
321,TCGA-EB-A5UN-06,Metastasis,2,TCGA-DA-A3F5-06,Metastasis,0.9997630715370178,True
321,TCGA-EB-A5UN-06,Metastasis,3,TCGA-FS-A1ZE-06,Metastasis,0.9997362494468689,True
321,TCGA-EB-A5UN-06,Metastasis,4,TCGA-EE-A29V-06,Metastasis,0.9996817708015442,True
321,TCGA-EB-A5UN-06,Metastasis,5,TCGA-ER-A19L-06,Metastasis,0.9996618628501892,True
321,TCGA-EB-A5UN-06,Metastasis,6,TCGA-D3-A51G-06,Metastasis,0.9995540380477905,True
321,TCGA-EB-A5UN-06,Metastasis,7,TCGA-D9-A4Z6-06,Metastasis,0.999552309513092,True
321,TCGA-EB-A5UN-06,Metastasis,8,TCGA-ER-A2NF-06,Metastasis,0.9995185136795044,True
321,TCGA-EB-A5UN-06,Metastasis,9,TCGA-EB-A6QZ-01,Primary Tumor,0.9995127320289612,False
322,TCGA-EE-A2GC-06,Metastasis,0,TCGA-D3-A51K-06,Metastasis,0.9998904466629028,True
322,TCGA-EE-A2GC-06,Metastasis,1,TCGA-D9-A6EC-06,Metastasis,0.999884843826294,True
322,TCGA-EE-A2GC-06,Metastasis,2,TCGA-BF-AAP8-01,Primary Tumor,0.9998764395713806,False
322,TCGA-EE-A2GC-06,Metastasis,3,TCGA-LH-A9QB-06,Metastasis,0.9998207688331604,True
322,TCGA-EE-A2GC-06,Metastasis,4,TCGA-EE-A2GO-06,Metastasis,0.9996688961982727,True
322,TCGA-EE-A2GC-06,Metastasis,5,TCGA-EE-A29A-06,Metastasis,0.9996423721313477,True
322,TCGA-EE-A2GC-06,Metastasis,6,TCGA-FS-A4FB-06,Metastasis,0.9996381402015686,True
322,TCGA-EE-A2GC-06,Metastasis,7,TCGA-EE-A2GR-06,Metastasis,0.9993741512298584,True
322,TCGA-EE-A2GC-06,Metastasis,8,TCGA-D3-A2J6-06,Metastasis,0.999323844909668,True
322,TCGA-EE-A2GC-06,Metastasis,9,TCGA-D3-A3C1-06,Metastasis,0.9991633296012878,True
323,TCGA-D3-A5GS-06,Metastasis,0,TCGA-EE-A3JI-06,Metastasis,0.9999739527702332,True
323,TCGA-D3-A5GS-06,Metastasis,1,TCGA-EE-A2A5-06,Metastasis,0.9999624490737915,True
323,TCGA-D3-A5GS-06,Metastasis,2,TCGA-EE-A20I-06,Metastasis,0.9998695850372314,True
323,TCGA-D3-A5GS-06,Metastasis,3,TCGA-D9-A1JW-06,Metastasis,0.9998457431793213,True
323,TCGA-D3-A5GS-06,Metastasis,4,TCGA-D3-A1QA-06,Metastasis,0.9998093247413635,True
323,TCGA-D3-A5GS-06,Metastasis,5,TCGA-EE-A2MI-06,Metastasis,0.9997804164886475,True
323,TCGA-D3-A5GS-06,Metastasis,6,TCGA-EE-A2MT-06,Metastasis,0.9997645616531372,True
323,TCGA-D3-A5GS-06,Metastasis,7,TCGA-BF-A1PV-01,Primary Tumor,0.9997352957725525,False
323,TCGA-D3-A5GS-06,Metastasis,8,TCGA-D3-A2JD-06,Metastasis,0.9997198581695557,True
323,TCGA-D3-A5GS-06,Metastasis,9,TCGA-EB-A41B-01,Primary Tumor,0.9997134208679199,False
324,TCGA-D3-A8GV-06,Metastasis,0,TCGA-D3-A2J6-06,Metastasis,0.999919593334198,True
324,TCGA-D3-A8GV-06,Metastasis,1,TCGA-FS-A4F9-06,Metastasis,0.9998855590820312,True
324,TCGA-D3-A8GV-06,Metastasis,2,TCGA-D3-A5GO-06,Metastasis,0.9998511075973511,True
324,TCGA-D3-A8GV-06,Metastasis,3,TCGA-GN-A268-06,Metastasis,0.9998306035995483,True
324,TCGA-D3-A8GV-06,Metastasis,4,TCGA-Z2-AA3V-06,Metastasis,0.999817967414856,True
324,TCGA-D3-A8GV-06,Metastasis,5,TCGA-ER-A2ND-06,Metastasis,0.9997521042823792,True
324,TCGA-D3-A8GV-06,Metastasis,6,TCGA-EE-A180-06,Metastasis,0.9997164011001587,True
324,TCGA-D3-A8GV-06,Metastasis,7,TCGA-FS-A4FB-06,Metastasis,0.9996665120124817,True
324,TCGA-D3-A8GV-06,Metastasis,8,TCGA-BF-A5EP-01,Primary Tumor,0.9996535181999207,False
324,TCGA-D3-A8GV-06,Metastasis,9,TCGA-QB-A6FS-06,Metastasis,0.9996435046195984,True
325,TCGA-ER-A2NF-06,Metastasis,0,TCGA-WE-A8K6-06,Metastasis,0.9998335838317871,True
325,TCGA-ER-A2NF-06,Metastasis,1,TCGA-ER-A19L-06,Metastasis,0.9998290538787842,True
325,TCGA-ER-A2NF-06,Metastasis,2,TCGA-FR-A69P-06,Metastasis,0.9997671246528625,True
325,TCGA-ER-A2NF-06,Metastasis,3,TCGA-GF-A769-01,Primary Tumor,0.9997479319572449,False
325,TCGA-ER-A2NF-06,Metastasis,4,TCGA-DA-A1I4-06,Metastasis,0.9997013807296753,True
325,TCGA-ER-A2NF-06,Metastasis,5,TCGA-D9-A6EA-06,Metastasis,0.999676525592804,True
325,TCGA-ER-A2NF-06,Metastasis,6,TCGA-FW-A3TU-06,Metastasis,0.9995530843734741,True
325,TCGA-ER-A2NF-06,Metastasis,7,TCGA-DA-A3F5-06,Metastasis,0.999519407749176,True
325,TCGA-ER-A2NF-06,Metastasis,8,TCGA-EB-A5UN-06,Metastasis,0.9995185136795044,True
325,TCGA-ER-A2NF-06,Metastasis,9,TCGA-GN-A264-06,Metastasis,0.9994930624961853,True
326,TCGA-ER-A2NF-01,Primary Tumor,0,TCGA-DA-A1HY-06,Metastasis,0.9996992945671082,False
326,TCGA-ER-A2NF-01,Primary Tumor,1,TCGA-EE-A2ME-06,Metastasis,0.9995070099830627,False
326,TCGA-ER-A2NF-01,Primary Tumor,2,TCGA-D3-A8GS-06,Metastasis,0.9994342923164368,False
326,TCGA-ER-A2NF-01,Primary Tumor,3,TCGA-BF-AAP7-01,Primary Tumor,0.9988309144973755,True
326,TCGA-ER-A2NF-01,Primary Tumor,4,TCGA-EE-A2A0-06,Metastasis,0.9984186887741089,False
326,TCGA-ER-A2NF-01,Primary Tumor,5,TCGA-GF-A4EO-06,Metastasis,0.9982360601425171,False
326,TCGA-ER-A2NF-01,Primary Tumor,6,TCGA-EE-A2M7-06,Metastasis,0.9981773495674133,False
326,TCGA-ER-A2NF-01,Primary Tumor,7,TCGA-ER-A19B-06,Metastasis,0.9971470832824707,False
326,TCGA-ER-A2NF-01,Primary Tumor,8,TCGA-EB-A24D-01,Primary Tumor,0.9966465830802917,True
326,TCGA-ER-A2NF-01,Primary Tumor,9,TCGA-EE-A2MP-06,Metastasis,0.9963299036026001,False
327,TCGA-FR-A2OS-01,Primary Tumor,0,TCGA-ER-A19C-06,Metastasis,0.9998269081115723,False
327,TCGA-FR-A2OS-01,Primary Tumor,1,TCGA-D3-A3C7-06,Metastasis,0.9996215105056763,False
327,TCGA-FR-A2OS-01,Primary Tumor,2,TCGA-EB-A5SG-06,Metastasis,0.999613344669342,False
327,TCGA-FR-A2OS-01,Primary Tumor,3,TCGA-FS-A1YX-06,Metastasis,0.9994876384735107,False
327,TCGA-FR-A2OS-01,Primary Tumor,4,TCGA-D9-A1X3-06,Metastasis,0.9994092583656311,False
327,TCGA-FR-A2OS-01,Primary Tumor,5,TCGA-W3-AA1O-06,Metastasis,0.9993329048156738,False
327,TCGA-FR-A2OS-01,Primary Tumor,6,TCGA-D9-A3Z1-06,Metastasis,0.9993187189102173,False
327,TCGA-FR-A2OS-01,Primary Tumor,7,TCGA-EE-A29T-06,Metastasis,0.999276876449585,False
327,TCGA-FR-A2OS-01,Primary Tumor,8,TCGA-D3-A2JD-06,Metastasis,0.9992297887802124,False
327,TCGA-FR-A2OS-01,Primary Tumor,9,TCGA-EE-A2MI-06,Metastasis,0.999228298664093,False
328,TCGA-EE-A29E-06,Metastasis,0,TCGA-EB-A3Y7-01,Primary Tumor,0.9999471306800842,False
328,TCGA-EE-A29E-06,Metastasis,1,TCGA-EE-A20C-06,Metastasis,0.9998367428779602,True
328,TCGA-EE-A29E-06,Metastasis,2,TCGA-GN-A8LK-06,Metastasis,0.9998366832733154,True
328,TCGA-EE-A29E-06,Metastasis,3,TCGA-D3-A1Q1-06,Metastasis,0.9997919797897339,True
328,TCGA-EE-A29E-06,Metastasis,4,TCGA-FS-A1ZU-06,Metastasis,0.9997543096542358,True
328,TCGA-EE-A29E-06,Metastasis,5,TCGA-D3-A8GR-06,Metastasis,0.999692976474762,True
328,TCGA-EE-A29E-06,Metastasis,6,TCGA-GN-A8LL-06,Metastasis,0.9996711015701294,True
328,TCGA-EE-A29E-06,Metastasis,7,TCGA-D9-A4Z5-01,Primary Tumor,0.9996710419654846,False
328,TCGA-EE-A29E-06,Metastasis,8,TCGA-D9-A6EG-06,Metastasis,0.9996680021286011,True
328,TCGA-EE-A29E-06,Metastasis,9,TCGA-D3-A5GL-06,Metastasis,0.9996622800827026,True
329,TCGA-BF-A3DM-01,Primary Tumor,0,TCGA-EB-A51B-01,Primary Tumor,0.999421238899231,True
329,TCGA-BF-A3DM-01,Primary Tumor,1,TCGA-DA-A1IC-06,Metastasis,0.9991329312324524,False
329,TCGA-BF-A3DM-01,Primary Tumor,2,TCGA-EB-A24C-01,Primary Tumor,0.9989375472068787,True
329,TCGA-BF-A3DM-01,Primary Tumor,3,TCGA-EE-A2M5-06,Metastasis,0.9986609816551208,False
329,TCGA-BF-A3DM-01,Primary Tumor,4,TCGA-ER-A19K-01,Primary Tumor,0.9977143406867981,True
329,TCGA-BF-A3DM-01,Primary Tumor,5,TCGA-FS-A1ZC-06,Metastasis,0.9976198077201843,False
329,TCGA-BF-A3DM-01,Primary Tumor,6,TCGA-FS-A4F0-06,Metastasis,0.9975831508636475,False
329,TCGA-BF-A3DM-01,Primary Tumor,7,TCGA-EE-A29W-06,Metastasis,0.9974813461303711,False
329,TCGA-BF-A3DM-01,Primary Tumor,8,TCGA-D3-A8GL-06,Metastasis,0.9971833825111389,False
329,TCGA-BF-A3DM-01,Primary Tumor,9,TCGA-D3-A3MO-06,Metastasis,0.9971173405647278,False
330,TCGA-ER-A193-06,Metastasis,0,TCGA-EB-A41A-01,Primary Tumor,0.9998695850372314,False
330,TCGA-ER-A193-06,Metastasis,1,TCGA-GN-A26D-06,Metastasis,0.999786376953125,True
330,TCGA-ER-A193-06,Metastasis,2,TCGA-EE-A2MF-06,Metastasis,0.9996193647384644,True
330,TCGA-ER-A193-06,Metastasis,3,TCGA-GN-A4U4-06,Metastasis,0.999600887298584,True
330,TCGA-ER-A193-06,Metastasis,4,TCGA-EB-A5UM-01,Primary Tumor,0.9995461702346802,False
330,TCGA-ER-A193-06,Metastasis,5,TCGA-D9-A148-06,Metastasis,0.9991956353187561,True
330,TCGA-ER-A193-06,Metastasis,6,TCGA-EE-A2MQ-06,Metastasis,0.9990373849868774,True
330,TCGA-ER-A193-06,Metastasis,7,TCGA-FR-A728-01,Primary Tumor,0.9990221858024597,False
330,TCGA-ER-A193-06,Metastasis,8,TCGA-FS-A1YW-06,Metastasis,0.9989537000656128,True
330,TCGA-ER-A193-06,Metastasis,9,TCGA-ER-A199-06,Metastasis,0.9989109039306641,True
331,TCGA-ER-A19O-06,Metastasis,0,TCGA-D3-A8GK-06,Metastasis,0.9999522566795349,True
331,TCGA-ER-A19O-06,Metastasis,1,TCGA-FR-A3YO-06,Metastasis,0.9998211860656738,True
331,TCGA-ER-A19O-06,Metastasis,2,TCGA-DA-A1IA-06,Metastasis,0.99981290102005,True
331,TCGA-ER-A19O-06,Metastasis,3,TCGA-D9-A4Z3-01,Primary Tumor,0.9997825026512146,False
331,TCGA-ER-A19O-06,Metastasis,4,TCGA-YG-AA3P-06,Metastasis,0.9997676014900208,True
331,TCGA-ER-A19O-06,Metastasis,5,TCGA-RP-A690-06,Metastasis,0.9997554421424866,True
331,TCGA-ER-A19O-06,Metastasis,6,TCGA-D3-A1Q1-06,Metastasis,0.999708354473114,True
331,TCGA-ER-A19O-06,Metastasis,7,TCGA-D9-A6EG-06,Metastasis,0.9996868371963501,True
331,TCGA-ER-A19O-06,Metastasis,8,TCGA-BF-A1PU-01,Primary Tumor,0.999645471572876,False
331,TCGA-ER-A19O-06,Metastasis,9,TCGA-FS-A1ZG-06,Metastasis,0.9995936155319214,True
332,TCGA-D9-A4Z5-01,Primary Tumor,0,TCGA-GN-A8LL-06,Metastasis,0.9999884963035583,False
332,TCGA-D9-A4Z5-01,Primary Tumor,1,TCGA-RP-A690-06,Metastasis,0.9999571442604065,False
332,TCGA-D9-A4Z5-01,Primary Tumor,2,TCGA-D9-A6EG-06,Metastasis,0.9999295473098755,False
332,TCGA-D9-A4Z5-01,Primary Tumor,3,TCGA-D3-A8GR-06,Metastasis,0.9999228715896606,False
332,TCGA-D9-A4Z5-01,Primary Tumor,4,TCGA-D3-A5GL-06,Metastasis,0.9998703002929688,False
332,TCGA-D9-A4Z5-01,Primary Tumor,5,TCGA-EE-A185-06,Metastasis,0.9998087882995605,False
332,TCGA-D9-A4Z5-01,Primary Tumor,6,TCGA-EB-A3Y7-01,Primary Tumor,0.9997617602348328,True
332,TCGA-D9-A4Z5-01,Primary Tumor,7,TCGA-D3-A1Q1-06,Metastasis,0.9996832013130188,False
332,TCGA-D9-A4Z5-01,Primary Tumor,8,TCGA-EE-A29E-06,Metastasis,0.9996710419654846,False
332,TCGA-D9-A4Z5-01,Primary Tumor,9,TCGA-EE-A20C-06,Metastasis,0.9996641278266907,False
333,TCGA-EB-A5UM-01,Primary Tumor,0,TCGA-EB-A41A-01,Primary Tumor,0.9998667240142822,True
333,TCGA-EB-A5UM-01,Primary Tumor,1,TCGA-GN-A26D-06,Metastasis,0.9998517632484436,False
333,TCGA-EB-A5UM-01,Primary Tumor,2,TCGA-EE-A2MQ-06,Metastasis,0.999738872051239,False
333,TCGA-EB-A5UM-01,Primary Tumor,3,TCGA-ER-A199-06,Metastasis,0.9996928572654724,False
333,TCGA-EB-A5UM-01,Primary Tumor,4,TCGA-EE-A2MF-06,Metastasis,0.9996550679206848,False
333,TCGA-EB-A5UM-01,Primary Tumor,5,TCGA-EE-A2ML-06,Metastasis,0.999637246131897,False
333,TCGA-EB-A5UM-01,Primary Tumor,6,TCGA-FS-A1ZJ-06,Metastasis,0.999561071395874,False
333,TCGA-EB-A5UM-01,Primary Tumor,7,TCGA-ER-A193-06,Metastasis,0.9995461702346802,False
333,TCGA-EB-A5UM-01,Primary Tumor,8,TCGA-D3-A2JF-06,Metastasis,0.9990609884262085,False
333,TCGA-EB-A5UM-01,Primary Tumor,9,TCGA-GN-A4U4-06,Metastasis,0.9990038871765137,False
334,TCGA-EE-A2A1-06,Metastasis,0,TCGA-EE-A2GI-06,Metastasis,0.9997838735580444,True
334,TCGA-EE-A2A1-06,Metastasis,1,TCGA-D3-A8GJ-06,Metastasis,0.9997423887252808,True
334,TCGA-EE-A2A1-06,Metastasis,2,TCGA-FR-A44A-06,Metastasis,0.9997392892837524,True
334,TCGA-EE-A2A1-06,Metastasis,3,TCGA-DA-A1HW-06,Metastasis,0.9994711875915527,True
334,TCGA-EE-A2A1-06,Metastasis,4,TCGA-WE-A8K1-06,Metastasis,0.9994379281997681,True
334,TCGA-EE-A2A1-06,Metastasis,5,TCGA-D3-A8GB-06,Metastasis,0.9992953538894653,True
334,TCGA-EE-A2A1-06,Metastasis,6,TCGA-D3-A2JC-06,Metastasis,0.998443603515625,True
334,TCGA-EE-A2A1-06,Metastasis,7,TCGA-EE-A29Q-06,Metastasis,0.9984424114227295,True
334,TCGA-EE-A2A1-06,Metastasis,8,TCGA-BF-A1Q0-01,Primary Tumor,0.9982057213783264,False
334,TCGA-EE-A2A1-06,Metastasis,9,TCGA-D3-A1Q7-06,Metastasis,0.9980702996253967,True
335,TCGA-ER-A197-06,Metastasis,0,TCGA-D3-A3CB-06,Metastasis,0.99981689453125,True
335,TCGA-ER-A197-06,Metastasis,1,TCGA-D3-A8GE-06,Metastasis,0.9997979402542114,True
335,TCGA-ER-A197-06,Metastasis,2,TCGA-GF-A6C9-06,Metastasis,0.9996721744537354,True
335,TCGA-ER-A197-06,Metastasis,3,TCGA-EB-A3XB-01,Primary Tumor,0.9994125366210938,False
335,TCGA-ER-A197-06,Metastasis,4,TCGA-ER-A19J-06,Metastasis,0.9988933801651001,True
335,TCGA-ER-A197-06,Metastasis,5,TCGA-EE-A29P-06,Metastasis,0.9988685846328735,True
335,TCGA-ER-A197-06,Metastasis,6,TCGA-EE-A3AH-06,Metastasis,0.9987370371818542,True
335,TCGA-ER-A197-06,Metastasis,7,TCGA-EB-A82B-01,Primary Tumor,0.998699963092804,False
335,TCGA-ER-A197-06,Metastasis,8,TCGA-EB-A44P-01,Primary Tumor,0.9986676573753357,False
335,TCGA-ER-A197-06,Metastasis,9,TCGA-D3-A51E-06,Metastasis,0.9986088275909424,True
336,TCGA-BF-A1PV-01,Primary Tumor,0,TCGA-FS-A4FD-06,Metastasis,0.9999513030052185,False
336,TCGA-BF-A1PV-01,Primary Tumor,1,TCGA-EB-A41B-01,Primary Tumor,0.9999120831489563,True
336,TCGA-BF-A1PV-01,Primary Tumor,2,TCGA-D3-A1QA-06,Metastasis,0.9999038577079773,False
336,TCGA-BF-A1PV-01,Primary Tumor,3,TCGA-EE-A2A5-06,Metastasis,0.9998629689216614,False
336,TCGA-BF-A1PV-01,Primary Tumor,4,TCGA-D3-A5GS-06,Metastasis,0.9997352957725525,False
336,TCGA-BF-A1PV-01,Primary Tumor,5,TCGA-D3-A2JD-06,Metastasis,0.9997074604034424,False
336,TCGA-BF-A1PV-01,Primary Tumor,6,TCGA-D9-A1JW-06,Metastasis,0.9997009634971619,False
336,TCGA-BF-A1PV-01,Primary Tumor,7,TCGA-EE-A2MN-06,Metastasis,0.9996819496154785,False
336,TCGA-BF-A1PV-01,Primary Tumor,8,TCGA-ER-A198-06,Metastasis,0.9996299147605896,False
336,TCGA-BF-A1PV-01,Primary Tumor,9,TCGA-EE-A3JI-06,Metastasis,0.9995884895324707,False
337,TCGA-D9-A1X3-06,Metastasis,0,TCGA-EE-A17Y-06,Metastasis,0.9999046325683594,True
337,TCGA-D9-A1X3-06,Metastasis,1,TCGA-EB-A5SG-06,Metastasis,0.9997423887252808,True
337,TCGA-D9-A1X3-06,Metastasis,2,TCGA-W3-AA1O-06,Metastasis,0.9996246695518494,True
337,TCGA-D9-A1X3-06,Metastasis,3,TCGA-D3-A1QB-06,Metastasis,0.9995658993721008,True
337,TCGA-D9-A1X3-06,Metastasis,4,TCGA-EE-A29R-06,Metastasis,0.9994799494743347,True
337,TCGA-D9-A1X3-06,Metastasis,5,TCGA-D3-A3C7-06,Metastasis,0.9994795322418213,True
337,TCGA-D9-A1X3-06,Metastasis,6,TCGA-DA-A95V-06,Metastasis,0.9994596838951111,True
337,TCGA-D9-A1X3-06,Metastasis,7,TCGA-QB-AA9O-06,Metastasis,0.999437689781189,True
337,TCGA-D9-A1X3-06,Metastasis,8,TCGA-FR-A2OS-01,Primary Tumor,0.9994092583656311,False
337,TCGA-D9-A1X3-06,Metastasis,9,TCGA-ER-A19C-06,Metastasis,0.9993591904640198,True
338,TCGA-BF-A1PU-01,Primary Tumor,0,TCGA-YG-AA3P-06,Metastasis,0.9998340606689453,False
338,TCGA-BF-A1PU-01,Primary Tumor,1,TCGA-D3-A8GK-06,Metastasis,0.9998293519020081,False
338,TCGA-BF-A1PU-01,Primary Tumor,2,TCGA-GN-A263-01,Primary Tumor,0.9997774362564087,True
338,TCGA-BF-A1PU-01,Primary Tumor,3,TCGA-ER-A19O-06,Metastasis,0.999645471572876,False
338,TCGA-BF-A1PU-01,Primary Tumor,4,TCGA-EE-A2GR-06,Metastasis,0.9996181130409241,False
338,TCGA-BF-A1PU-01,Primary Tumor,5,TCGA-RP-A690-06,Metastasis,0.9996136426925659,False
338,TCGA-BF-A1PU-01,Primary Tumor,6,TCGA-D9-A6EG-06,Metastasis,0.9995931386947632,False
338,TCGA-BF-A1PU-01,Primary Tumor,7,TCGA-D3-A3C1-06,Metastasis,0.9995267391204834,False
338,TCGA-BF-A1PU-01,Primary Tumor,8,TCGA-D3-A5GL-06,Metastasis,0.9995027184486389,False
338,TCGA-BF-A1PU-01,Primary Tumor,9,TCGA-D9-A4Z5-01,Primary Tumor,0.9994952082633972,True
339,TCGA-EE-A29C-06,Metastasis,0,TCGA-ER-A42H-01,Primary Tumor,0.9998506903648376,False
339,TCGA-EE-A29C-06,Metastasis,1,TCGA-EB-A4P0-01,Primary Tumor,0.9998248219490051,False
339,TCGA-EE-A29C-06,Metastasis,2,TCGA-EE-A29L-06,Metastasis,0.9998194575309753,True
339,TCGA-EE-A29C-06,Metastasis,3,TCGA-D3-A2JE-06,Metastasis,0.9997978210449219,True
339,TCGA-EE-A29C-06,Metastasis,4,TCGA-ER-A2NE-06,Metastasis,0.9997845888137817,True
339,TCGA-EE-A29C-06,Metastasis,5,TCGA-FW-A3TU-06,Metastasis,0.999779999256134,True
339,TCGA-EE-A29C-06,Metastasis,6,TCGA-BF-A5EP-01,Primary Tumor,0.9997320771217346,False
339,TCGA-EE-A29C-06,Metastasis,7,TCGA-D3-A8GP-06,Metastasis,0.99971604347229,True
339,TCGA-EE-A29C-06,Metastasis,8,TCGA-QB-A6FS-06,Metastasis,0.9996626377105713,True
339,TCGA-EE-A29C-06,Metastasis,9,TCGA-FR-A69P-06,Metastasis,0.9996011257171631,True
340,TCGA-EE-A3J7-06,Metastasis,0,TCGA-WE-A8K5-06,Metastasis,0.9999718070030212,True
340,TCGA-EE-A3J7-06,Metastasis,1,TCGA-YD-A9TB-06,Metastasis,0.9999385476112366,True
340,TCGA-EE-A3J7-06,Metastasis,2,TCGA-EE-A29S-06,Metastasis,0.9998944401741028,True
340,TCGA-EE-A3J7-06,Metastasis,3,TCGA-DA-A95W-06,Metastasis,0.9998928904533386,True
340,TCGA-EE-A3J7-06,Metastasis,4,TCGA-EE-A29D-06,Metastasis,0.9997986555099487,True
340,TCGA-EE-A3J7-06,Metastasis,5,TCGA-EE-A184-06,Metastasis,0.999775767326355,True
340,TCGA-EE-A3J7-06,Metastasis,6,TCGA-BF-A1PZ-01,Primary Tumor,0.9997661709785461,False
340,TCGA-EE-A3J7-06,Metastasis,7,TCGA-EE-A2MM-06,Metastasis,0.9997632503509521,True
340,TCGA-EE-A3J7-06,Metastasis,8,TCGA-ER-A19Q-06,Metastasis,0.9997581839561462,True
340,TCGA-EE-A3J7-06,Metastasis,9,TCGA-WE-A8ZO-06,Metastasis,0.9997530579566956,True
341,TCGA-RP-A690-06,Metastasis,0,TCGA-D9-A6EG-06,Metastasis,0.9999787211418152,True
341,TCGA-RP-A690-06,Metastasis,1,TCGA-D9-A4Z5-01,Primary Tumor,0.9999571442604065,False
341,TCGA-RP-A690-06,Metastasis,2,TCGA-D3-A5GL-06,Metastasis,0.9999144673347473,True
341,TCGA-RP-A690-06,Metastasis,3,TCGA-GN-A8LL-06,Metastasis,0.9999144673347473,True
341,TCGA-RP-A690-06,Metastasis,4,TCGA-D3-A8GR-06,Metastasis,0.9998577237129211,True
341,TCGA-RP-A690-06,Metastasis,5,TCGA-D3-A1Q1-06,Metastasis,0.9998155236244202,True
341,TCGA-RP-A690-06,Metastasis,6,TCGA-D3-A8GK-06,Metastasis,0.9997971653938293,True
341,TCGA-RP-A690-06,Metastasis,7,TCGA-EB-A3Y7-01,Primary Tumor,0.9997882843017578,False
341,TCGA-RP-A690-06,Metastasis,8,TCGA-ER-A19O-06,Metastasis,0.9997554421424866,True
341,TCGA-RP-A690-06,Metastasis,9,TCGA-EE-A29E-06,Metastasis,0.9996567964553833,True
342,TCGA-D3-A3CB-06,Metastasis,0,TCGA-D3-A8GE-06,Metastasis,0.9999083876609802,True
342,TCGA-D3-A3CB-06,Metastasis,1,TCGA-ER-A197-06,Metastasis,0.99981689453125,True
342,TCGA-D3-A3CB-06,Metastasis,2,TCGA-GF-A6C9-06,Metastasis,0.9995368123054504,True
342,TCGA-D3-A3CB-06,Metastasis,3,TCGA-EE-A3AH-06,Metastasis,0.9993228912353516,True
342,TCGA-D3-A3CB-06,Metastasis,4,TCGA-FS-A1Z3-06,Metastasis,0.9992227554321289,True
342,TCGA-D3-A3CB-06,Metastasis,5,TCGA-FS-A4F5-06,Metastasis,0.9990911483764648,True
342,TCGA-D3-A3CB-06,Metastasis,6,TCGA-FS-A1ZW-06,Metastasis,0.9988656640052795,True
342,TCGA-D3-A3CB-06,Metastasis,7,TCGA-EB-A3XB-01,Primary Tumor,0.9987655878067017,False
342,TCGA-D3-A3CB-06,Metastasis,8,TCGA-D3-A2JN-06,Metastasis,0.9987638592720032,True
342,TCGA-D3-A3CB-06,Metastasis,9,TCGA-D3-A3MV-06,Metastasis,0.9983725547790527,True
343,TCGA-ER-A3ES-06,Metastasis,0,TCGA-IH-A3EA-01,Primary Tumor,0.999851644039154,False
343,TCGA-ER-A3ES-06,Metastasis,1,TCGA-D3-A2JK-06,Metastasis,0.9998399019241333,True
343,TCGA-ER-A3ES-06,Metastasis,2,TCGA-DA-A960-01,Primary Tumor,0.9992556571960449,False
343,TCGA-ER-A3ES-06,Metastasis,3,TCGA-D3-A5GT-01,Primary Tumor,0.9984021782875061,False
343,TCGA-ER-A3ES-06,Metastasis,4,TCGA-ER-A194-01,Primary Tumor,0.9977959394454956,False
343,TCGA-ER-A3ES-06,Metastasis,5,TCGA-D3-A8GI-06,Metastasis,0.9969960451126099,True
343,TCGA-ER-A3ES-06,Metastasis,6,TCGA-BF-A5ER-01,Primary Tumor,0.9968612194061279,False
343,TCGA-ER-A3ES-06,Metastasis,7,TCGA-DA-A95Z-06,Metastasis,0.9968153834342957,True
343,TCGA-ER-A3ES-06,Metastasis,8,TCGA-EB-A553-01,Primary Tumor,0.9959534406661987,False
343,TCGA-ER-A3ES-06,Metastasis,9,TCGA-XV-AB01-06,Metastasis,0.9956093430519104,True
344,TCGA-GN-A264-06,Metastasis,0,TCGA-GF-A769-01,Primary Tumor,0.999896764755249,False
344,TCGA-GN-A264-06,Metastasis,1,TCGA-ER-A3PL-06,Metastasis,0.999854326248169,True
344,TCGA-GN-A264-06,Metastasis,2,TCGA-D9-A6EA-06,Metastasis,0.9998372793197632,True
344,TCGA-GN-A264-06,Metastasis,3,TCGA-DA-A1I4-06,Metastasis,0.9998335838317871,True
344,TCGA-GN-A264-06,Metastasis,4,TCGA-EB-A42Y-01,Primary Tumor,0.9998137950897217,False
344,TCGA-GN-A264-06,Metastasis,5,TCGA-D9-A6E9-06,Metastasis,0.9997889399528503,True
344,TCGA-GN-A264-06,Metastasis,6,TCGA-GN-A4U3-06,Metastasis,0.9997855424880981,True
344,TCGA-GN-A264-06,Metastasis,7,TCGA-FS-A4F2-06,Metastasis,0.9997547268867493,True
344,TCGA-GN-A264-06,Metastasis,8,TCGA-QB-AA9O-06,Metastasis,0.9997122883796692,True
344,TCGA-GN-A264-06,Metastasis,9,TCGA-EB-A85I-01,Primary Tumor,0.9996915459632874,False
345,TCGA-D3-A1Q8-06,Metastasis,0,TCGA-EE-A2GU-06,Metastasis,0.9999568462371826,True
345,TCGA-D3-A1Q8-06,Metastasis,1,TCGA-EE-A2MD-06,Metastasis,0.9999170303344727,True
345,TCGA-D3-A1Q8-06,Metastasis,2,TCGA-FS-A1ZQ-06,Metastasis,0.9997801780700684,True
345,TCGA-D3-A1Q8-06,Metastasis,3,TCGA-D3-A8GN-06,Metastasis,0.9996472001075745,True
345,TCGA-D3-A1Q8-06,Metastasis,4,TCGA-GN-A8LN-01,Primary Tumor,0.9994286298751831,False
345,TCGA-D3-A1Q8-06,Metastasis,5,TCGA-WE-A8JZ-06,Metastasis,0.9994251132011414,True
345,TCGA-D3-A1Q8-06,Metastasis,6,TCGA-D3-A1Q9-06,Metastasis,0.9993972182273865,True
345,TCGA-D3-A1Q8-06,Metastasis,7,TCGA-D3-A8GM-06,Metastasis,0.999396026134491,True
345,TCGA-D3-A1Q8-06,Metastasis,8,TCGA-WE-A8K4-01,Primary Tumor,0.9993916749954224,False
345,TCGA-D3-A1Q8-06,Metastasis,9,TCGA-ER-A19W-06,Metastasis,0.9993796348571777,True
346,TCGA-3N-A9WC-06,Metastasis,0,TCGA-D3-A1Q4-06,Metastasis,0.9997770190238953,True
346,TCGA-3N-A9WC-06,Metastasis,1,TCGA-ER-A19M-06,Metastasis,0.9997236132621765,True
346,TCGA-3N-A9WC-06,Metastasis,2,TCGA-D3-A8GO-06,Metastasis,0.9997171759605408,True
346,TCGA-3N-A9WC-06,Metastasis,3,TCGA-WE-A8JZ-06,Metastasis,0.9995849132537842,True
346,TCGA-3N-A9WC-06,Metastasis,4,TCGA-DA-A3F8-06,Metastasis,0.9995816946029663,True
346,TCGA-3N-A9WC-06,Metastasis,5,TCGA-WE-AA9Y-06,Metastasis,0.999570369720459,True
346,TCGA-3N-A9WC-06,Metastasis,6,TCGA-D3-A8GM-06,Metastasis,0.999514102935791,True
346,TCGA-3N-A9WC-06,Metastasis,7,TCGA-3N-A9WD-06,Metastasis,0.9994902610778809,True
346,TCGA-3N-A9WC-06,Metastasis,8,TCGA-D9-A3Z4-01,Primary Tumor,0.9994122982025146,False
346,TCGA-3N-A9WC-06,Metastasis,9,TCGA-WE-A8ZX-06,Metastasis,0.9993852972984314,True
347,TCGA-FS-A1YX-06,Metastasis,0,TCGA-ER-A19C-06,Metastasis,0.9998766779899597,True
347,TCGA-FS-A1YX-06,Metastasis,1,TCGA-D3-A3C7-06,Metastasis,0.9998496770858765,True
347,TCGA-FS-A1YX-06,Metastasis,2,TCGA-D3-A2JD-06,Metastasis,0.9998008012771606,True
347,TCGA-FS-A1YX-06,Metastasis,3,TCGA-EE-A2MI-06,Metastasis,0.999796986579895,True
347,TCGA-FS-A1YX-06,Metastasis,4,TCGA-D9-A1JW-06,Metastasis,0.999724268913269,True
347,TCGA-FS-A1YX-06,Metastasis,5,TCGA-EE-A2GJ-06,Metastasis,0.9995946884155273,True
347,TCGA-FS-A1YX-06,Metastasis,6,TCGA-EE-A2A5-06,Metastasis,0.9995529651641846,True
347,TCGA-FS-A1YX-06,Metastasis,7,TCGA-EE-A2MT-06,Metastasis,0.9995349049568176,True
347,TCGA-FS-A1YX-06,Metastasis,8,TCGA-FS-A4FD-06,Metastasis,0.9995238780975342,True
347,TCGA-FS-A1YX-06,Metastasis,9,TCGA-FR-A2OS-01,Primary Tumor,0.9994876384735107,False
348,TCGA-EE-A2GU-06,Metastasis,0,TCGA-D3-A1Q8-06,Metastasis,0.9999568462371826,True
348,TCGA-EE-A2GU-06,Metastasis,1,TCGA-EE-A2MD-06,Metastasis,0.9997933506965637,True
348,TCGA-EE-A2GU-06,Metastasis,2,TCGA-FS-A1ZQ-06,Metastasis,0.9996904730796814,True
348,TCGA-EE-A2GU-06,Metastasis,3,TCGA-D3-A8GN-06,Metastasis,0.9995678663253784,True
348,TCGA-EE-A2GU-06,Metastasis,4,TCGA-D3-A8GM-06,Metastasis,0.9995388984680176,True
348,TCGA-EE-A2GU-06,Metastasis,5,TCGA-WE-A8JZ-06,Metastasis,0.9995284080505371,True
348,TCGA-EE-A2GU-06,Metastasis,6,TCGA-ER-A19W-06,Metastasis,0.9994916915893555,True
348,TCGA-EE-A2GU-06,Metastasis,7,TCGA-D3-A1Q4-06,Metastasis,0.9994049072265625,True
348,TCGA-EE-A2GU-06,Metastasis,8,TCGA-WE-AA9Y-06,Metastasis,0.9993909001350403,True
348,TCGA-EE-A2GU-06,Metastasis,9,TCGA-3N-A9WC-06,Metastasis,0.9993434548377991,True
349,TCGA-WE-A8ZT-06,Metastasis,0,TCGA-D3-A5GU-06,Metastasis,0.9998419284820557,True
349,TCGA-WE-A8ZT-06,Metastasis,1,TCGA-WE-A8ZO-06,Metastasis,0.9997828006744385,True
349,TCGA-WE-A8ZT-06,Metastasis,2,TCGA-EE-A2MU-06,Metastasis,0.9997811317443848,True
349,TCGA-WE-A8ZT-06,Metastasis,3,TCGA-EB-A3Y6-01,Primary Tumor,0.9997801780700684,False
349,TCGA-WE-A8ZT-06,Metastasis,4,TCGA-ER-A2NC-06,Metastasis,0.9997147917747498,True
349,TCGA-WE-A8ZT-06,Metastasis,5,TCGA-EE-A2M6-06,Metastasis,0.9996973276138306,True
349,TCGA-WE-A8ZT-06,Metastasis,6,TCGA-FR-A3R1-01,Primary Tumor,0.9995561838150024,False
349,TCGA-WE-A8ZT-06,Metastasis,7,TCGA-DA-A3F3-06,Metastasis,0.9994723796844482,True
349,TCGA-WE-A8ZT-06,Metastasis,8,TCGA-BF-A3DN-01,Primary Tumor,0.9994380474090576,False
349,TCGA-WE-A8ZT-06,Metastasis,9,TCGA-D3-A2JF-06,Metastasis,0.999376118183136,True
350,TCGA-W3-AA1O-06,Metastasis,0,TCGA-EB-A5SG-06,Metastasis,0.9998411536216736,True
350,TCGA-W3-AA1O-06,Metastasis,1,TCGA-DA-A95V-06,Metastasis,0.9997634291648865,True
350,TCGA-W3-AA1O-06,Metastasis,2,TCGA-D9-A1X3-06,Metastasis,0.9996246695518494,True
350,TCGA-W3-AA1O-06,Metastasis,3,TCGA-EE-A17Y-06,Metastasis,0.9995378851890564,True
350,TCGA-W3-AA1O-06,Metastasis,4,TCGA-ER-A42K-06,Metastasis,0.9995018839836121,True
350,TCGA-W3-AA1O-06,Metastasis,5,TCGA-D3-A3C7-06,Metastasis,0.9994811415672302,True
350,TCGA-W3-AA1O-06,Metastasis,6,TCGA-D3-A1QB-06,Metastasis,0.999390184879303,True
350,TCGA-W3-AA1O-06,Metastasis,7,TCGA-ER-A19C-06,Metastasis,0.9993428587913513,True
350,TCGA-W3-AA1O-06,Metastasis,8,TCGA-FR-A2OS-01,Primary Tumor,0.9993329048156738,False
350,TCGA-W3-AA1O-06,Metastasis,9,TCGA-EE-A29T-06,Metastasis,0.9988589882850647,True
351,TCGA-GN-A8LL-06,Metastasis,0,TCGA-D9-A4Z5-01,Primary Tumor,0.9999884963035583,False
351,TCGA-GN-A8LL-06,Metastasis,1,TCGA-D3-A8GR-06,Metastasis,0.999953031539917,True
351,TCGA-GN-A8LL-06,Metastasis,2,TCGA-RP-A690-06,Metastasis,0.9999144673347473,True
351,TCGA-GN-A8LL-06,Metastasis,3,TCGA-D9-A6EG-06,Metastasis,0.9999067783355713,True
351,TCGA-GN-A8LL-06,Metastasis,4,TCGA-EE-A185-06,Metastasis,0.9998666048049927,True
351,TCGA-GN-A8LL-06,Metastasis,5,TCGA-D3-A5GL-06,Metastasis,0.9998632073402405,True
351,TCGA-GN-A8LL-06,Metastasis,6,TCGA-EE-A20C-06,Metastasis,0.9997321963310242,True
351,TCGA-GN-A8LL-06,Metastasis,7,TCGA-EB-A3Y7-01,Primary Tumor,0.999721884727478,False
351,TCGA-GN-A8LL-06,Metastasis,8,TCGA-EE-A29E-06,Metastasis,0.9996711015701294,True
351,TCGA-GN-A8LL-06,Metastasis,9,TCGA-D3-A1Q1-06,Metastasis,0.9996034502983093,True
352,TCGA-D3-A8GL-06,Metastasis,0,TCGA-BF-AAOX-01,Primary Tumor,0.999817430973053,False
352,TCGA-D3-A8GL-06,Metastasis,1,TCGA-EB-A3XF-01,Primary Tumor,0.9993581175804138,False
352,TCGA-D3-A8GL-06,Metastasis,2,TCGA-EB-A51B-01,Primary Tumor,0.9990390539169312,False
352,TCGA-D3-A8GL-06,Metastasis,3,TCGA-GF-A3OT-06,Metastasis,0.9989440441131592,True
352,TCGA-D3-A8GL-06,Metastasis,4,TCGA-FS-A4F0-06,Metastasis,0.9988266229629517,True
352,TCGA-D3-A8GL-06,Metastasis,5,TCGA-FS-A1ZS-06,Metastasis,0.9987497329711914,True
352,TCGA-D3-A8GL-06,Metastasis,6,TCGA-BF-A9VF-01,Primary Tumor,0.9982060790061951,False
352,TCGA-D3-A8GL-06,Metastasis,7,TCGA-FS-A1ZC-06,Metastasis,0.9975165128707886,True
352,TCGA-D3-A8GL-06,Metastasis,8,TCGA-BF-A3DM-01,Primary Tumor,0.9971833825111389,False
352,TCGA-D3-A8GL-06,Metastasis,9,TCGA-ER-A3EV-06,Metastasis,0.9969276189804077,True
353,TCGA-EB-A553-01,Primary Tumor,0,TCGA-XV-AB01-06,Metastasis,0.999945342540741,False
353,TCGA-EB-A553-01,Primary Tumor,1,TCGA-D3-A8GI-06,Metastasis,0.9999111294746399,False
353,TCGA-EB-A553-01,Primary Tumor,2,TCGA-FS-A1ZU-06,Metastasis,0.9999019503593445,False
353,TCGA-EB-A553-01,Primary Tumor,3,TCGA-BF-A5ER-01,Primary Tumor,0.9998958706855774,True
353,TCGA-EB-A553-01,Primary Tumor,4,TCGA-DA-A95Z-06,Metastasis,0.9998885989189148,False
353,TCGA-EB-A553-01,Primary Tumor,5,TCGA-EE-A29B-06,Metastasis,0.9998867511749268,False
353,TCGA-EB-A553-01,Primary Tumor,6,TCGA-GN-A8LK-06,Metastasis,0.9997427463531494,False
353,TCGA-EB-A553-01,Primary Tumor,7,TCGA-ER-A194-01,Primary Tumor,0.9996309876441956,True
353,TCGA-EB-A553-01,Primary Tumor,8,TCGA-EE-A29E-06,Metastasis,0.9994354248046875,False
353,TCGA-EB-A553-01,Primary Tumor,9,TCGA-D3-A1Q1-06,Metastasis,0.9994151592254639,False
354,TCGA-FR-A69P-06,Metastasis,0,TCGA-ER-A19L-06,Metastasis,0.9998800158500671,True
354,TCGA-FR-A69P-06,Metastasis,1,TCGA-EB-A4P0-01,Primary Tumor,0.9997913837432861,False
354,TCGA-FR-A69P-06,Metastasis,2,TCGA-ER-A2NF-06,Metastasis,0.9997671246528625,True
354,TCGA-FR-A69P-06,Metastasis,3,TCGA-ER-A42H-01,Primary Tumor,0.9997082948684692,False
354,TCGA-FR-A69P-06,Metastasis,4,TCGA-D3-A3C6-06,Metastasis,0.9996324777603149,True
354,TCGA-FR-A69P-06,Metastasis,5,TCGA-FW-A3TU-06,Metastasis,0.999613344669342,True
354,TCGA-FR-A69P-06,Metastasis,6,TCGA-EE-A29C-06,Metastasis,0.9996011257171631,True
354,TCGA-FR-A69P-06,Metastasis,7,TCGA-EE-A17Z-06,Metastasis,0.9995992183685303,True
354,TCGA-FR-A69P-06,Metastasis,8,TCGA-DA-A1I4-06,Metastasis,0.9995962381362915,True
354,TCGA-FR-A69P-06,Metastasis,9,TCGA-D9-A6EA-06,Metastasis,0.9995566606521606,True
355,TCGA-GN-A8LN-01,Primary Tumor,0,TCGA-D3-A2JA-06,Metastasis,0.9998815059661865,False
355,TCGA-GN-A8LN-01,Primary Tumor,1,TCGA-D3-A1Q9-06,Metastasis,0.9998770356178284,False
355,TCGA-GN-A8LN-01,Primary Tumor,2,TCGA-ER-A2NG-06,Metastasis,0.9998157620429993,False
355,TCGA-GN-A8LN-01,Primary Tumor,3,TCGA-D3-A8GN-06,Metastasis,0.9997747540473938,False
355,TCGA-GN-A8LN-01,Primary Tumor,4,TCGA-FS-A1ZQ-06,Metastasis,0.9996765851974487,False
355,TCGA-GN-A8LN-01,Primary Tumor,5,TCGA-D9-A3Z3-06,Metastasis,0.9995841979980469,False
355,TCGA-GN-A8LN-01,Primary Tumor,6,TCGA-EE-A2MD-06,Metastasis,0.9995667338371277,False
355,TCGA-GN-A8LN-01,Primary Tumor,7,TCGA-D3-A5GN-06,Metastasis,0.9995614290237427,False
355,TCGA-GN-A8LN-01,Primary Tumor,8,TCGA-ER-A19B-06,Metastasis,0.9994783997535706,False
355,TCGA-GN-A8LN-01,Primary Tumor,9,TCGA-EE-A2M8-06,Metastasis,0.9994479417800903,False
356,TCGA-EE-A180-06,Metastasis,0,TCGA-GN-A268-06,Metastasis,0.9999572038650513,True
356,TCGA-EE-A180-06,Metastasis,1,TCGA-D3-A5GO-06,Metastasis,0.9999386668205261,True
356,TCGA-EE-A180-06,Metastasis,2,TCGA-ER-A2ND-06,Metastasis,0.9999085068702698,True
356,TCGA-EE-A180-06,Metastasis,3,TCGA-QB-A6FS-06,Metastasis,0.9999046921730042,True
356,TCGA-EE-A180-06,Metastasis,4,TCGA-D3-A8GP-06,Metastasis,0.9998772740364075,True
356,TCGA-EE-A180-06,Metastasis,5,TCGA-BF-A5EP-01,Primary Tumor,0.9998065233230591,False
356,TCGA-EE-A180-06,Metastasis,6,TCGA-FS-A4F9-06,Metastasis,0.9997835159301758,True
356,TCGA-EE-A180-06,Metastasis,7,TCGA-EE-A29L-06,Metastasis,0.9997169971466064,True
356,TCGA-EE-A180-06,Metastasis,8,TCGA-D3-A8GV-06,Metastasis,0.9997164011001587,True
356,TCGA-EE-A180-06,Metastasis,9,TCGA-W3-AA21-06,Metastasis,0.9996328353881836,True
357,TCGA-EB-A57M-01,Primary Tumor,0,TCGA-EB-A3XC-01,Primary Tumor,0.9981105327606201,True
357,TCGA-EB-A57M-01,Primary Tumor,1,TCGA-WE-A8ZM-06,Metastasis,0.9948595762252808,False
357,TCGA-EB-A57M-01,Primary Tumor,2,TCGA-XV-AAZV-01,Primary Tumor,0.9935446977615356,True
357,TCGA-EB-A57M-01,Primary Tumor,3,TCGA-GF-A2C7-01,Primary Tumor,0.9932104349136353,True
357,TCGA-EB-A57M-01,Primary Tumor,4,TCGA-EB-A3XE-01,Primary Tumor,0.9929289817810059,True
357,TCGA-EB-A57M-01,Primary Tumor,5,TCGA-W3-AA1V-06,Metastasis,0.991984486579895,False
357,TCGA-EB-A57M-01,Primary Tumor,6,TCGA-D3-A51R-06,Metastasis,0.9917198419570923,False
357,TCGA-EB-A57M-01,Primary Tumor,7,TCGA-YG-AA3N-01,Primary Tumor,0.9915981292724609,True
357,TCGA-EB-A57M-01,Primary Tumor,8,TCGA-FS-A1ZB-06,Metastasis,0.9908852577209473,False
357,TCGA-EB-A57M-01,Primary Tumor,9,TCGA-XV-A9VZ-01,Primary Tumor,0.9904259443283081,True
358,TCGA-DA-A3F5-06,Metastasis,0,TCGA-WE-A8K6-06,Metastasis,0.9998399615287781,True
358,TCGA-DA-A3F5-06,Metastasis,1,TCGA-EB-A6QZ-01,Primary Tumor,0.9998313784599304,False
358,TCGA-DA-A3F5-06,Metastasis,2,TCGA-EB-A5UN-06,Metastasis,0.9997630715370178,True
358,TCGA-DA-A3F5-06,Metastasis,3,TCGA-D9-A4Z6-06,Metastasis,0.999697208404541,True
358,TCGA-DA-A3F5-06,Metastasis,4,TCGA-DA-A1I7-06,Metastasis,0.9996567964553833,True
358,TCGA-DA-A3F5-06,Metastasis,5,TCGA-D3-A1QB-06,Metastasis,0.9995610117912292,True
358,TCGA-DA-A3F5-06,Metastasis,6,TCGA-ER-A2NF-06,Metastasis,0.999519407749176,True
358,TCGA-DA-A3F5-06,Metastasis,7,TCGA-EE-A17Y-06,Metastasis,0.9994890689849854,True
358,TCGA-DA-A3F5-06,Metastasis,8,TCGA-EE-A29R-06,Metastasis,0.9993852972984314,True
358,TCGA-DA-A3F5-06,Metastasis,9,TCGA-ER-A19L-06,Metastasis,0.999312162399292,True
359,TCGA-EE-A3AE-06,Metastasis,0,TCGA-FW-A3TV-06,Metastasis,0.9996330142021179,True
359,TCGA-EE-A3AE-06,Metastasis,1,TCGA-DA-A1I2-06,Metastasis,0.9995635747909546,True
359,TCGA-EE-A3AE-06,Metastasis,2,TCGA-DA-A1I5-06,Metastasis,0.9989039897918701,True
359,TCGA-EE-A3AE-06,Metastasis,3,TCGA-WE-AAA0-06,Metastasis,0.9988152980804443,True
359,TCGA-EE-A3AE-06,Metastasis,4,TCGA-DA-A1I1-06,Metastasis,0.9981563091278076,True
359,TCGA-EE-A3AE-06,Metastasis,5,TCGA-BF-A1Q0-01,Primary Tumor,0.9980705976486206,False
359,TCGA-EE-A3AE-06,Metastasis,6,TCGA-YG-AA3O-06,Metastasis,0.9980304837226868,True
359,TCGA-EE-A3AE-06,Metastasis,7,TCGA-EE-A3AC-06,Metastasis,0.9977439641952515,True
359,TCGA-EE-A3AE-06,Metastasis,8,TCGA-WE-A8ZX-06,Metastasis,0.9976531863212585,True
359,TCGA-EE-A3AE-06,Metastasis,9,TCGA-EE-A29Q-06,Metastasis,0.997538149356842,True
360,TCGA-EB-A5FP-01,Primary Tumor,0,TCGA-WE-A8ZQ-06,Metastasis,0.9992560744285583,False
360,TCGA-EB-A5FP-01,Primary Tumor,1,TCGA-XV-A9VZ-01,Primary Tumor,0.9987975358963013,True
360,TCGA-EB-A5FP-01,Primary Tumor,2,TCGA-YG-AA3N-01,Primary Tumor,0.9987837672233582,True
360,TCGA-EB-A5FP-01,Primary Tumor,3,TCGA-EB-A3XE-01,Primary Tumor,0.9980655908584595,True
360,TCGA-EB-A5FP-01,Primary Tumor,4,TCGA-D3-A51R-06,Metastasis,0.9979092478752136,False
360,TCGA-EB-A5FP-01,Primary Tumor,5,TCGA-XV-AAZV-01,Primary Tumor,0.9978769421577454,True
360,TCGA-EB-A5FP-01,Primary Tumor,6,TCGA-DA-A1I8-06,Metastasis,0.9976444244384766,False
360,TCGA-EB-A5FP-01,Primary Tumor,7,TCGA-GF-A2C7-01,Primary Tumor,0.99723881483078,True
360,TCGA-EB-A5FP-01,Primary Tumor,8,TCGA-EB-A3HV-01,Primary Tumor,0.9968628883361816,True
360,TCGA-EB-A5FP-01,Primary Tumor,9,TCGA-EB-A24C-01,Primary Tumor,0.9963446259498596,True
361,TCGA-EE-A183-06,Metastasis,0,TCGA-BF-A5EQ-01,Primary Tumor,0.9999768733978271,False
361,TCGA-EE-A183-06,Metastasis,1,TCGA-D3-A3MU-06,Metastasis,0.9998401403427124,True
361,TCGA-EE-A183-06,Metastasis,2,TCGA-GF-A6C8-06,Metastasis,0.9997778534889221,True
361,TCGA-EE-A183-06,Metastasis,3,TCGA-EE-A184-06,Metastasis,0.9993178248405457,True
361,TCGA-EE-A183-06,Metastasis,4,TCGA-RP-A6K9-06,Metastasis,0.9991438984870911,True
361,TCGA-EE-A183-06,Metastasis,5,TCGA-YD-A9TB-06,Metastasis,0.99906325340271,True
361,TCGA-EE-A183-06,Metastasis,6,TCGA-ER-A19Q-06,Metastasis,0.999026358127594,True
361,TCGA-EE-A183-06,Metastasis,7,TCGA-DA-A95W-06,Metastasis,0.9989069104194641,True
361,TCGA-EE-A183-06,Metastasis,8,TCGA-EE-A2MM-06,Metastasis,0.998786985874176,True
361,TCGA-EE-A183-06,Metastasis,9,TCGA-WE-A8K5-06,Metastasis,0.9987324476242065,True
362,TCGA-DA-A3F8-06,Metastasis,0,TCGA-WE-AA9Y-06,Metastasis,0.9998563528060913,True
362,TCGA-DA-A3F8-06,Metastasis,1,TCGA-D9-A3Z4-01,Primary Tumor,0.9997780323028564,False
362,TCGA-DA-A3F8-06,Metastasis,2,TCGA-D3-A1Q3-06,Metastasis,0.999703586101532,True
362,TCGA-DA-A3F8-06,Metastasis,3,TCGA-D3-A1Q4-06,Metastasis,0.9996965527534485,True
362,TCGA-DA-A3F8-06,Metastasis,4,TCGA-WE-A8JZ-06,Metastasis,0.9995898008346558,True
362,TCGA-DA-A3F8-06,Metastasis,5,TCGA-3N-A9WC-06,Metastasis,0.9995816946029663,True
362,TCGA-DA-A3F8-06,Metastasis,6,TCGA-D3-A8GO-06,Metastasis,0.9995405077934265,True
362,TCGA-DA-A3F8-06,Metastasis,7,TCGA-ER-A19M-06,Metastasis,0.9995046854019165,True
362,TCGA-DA-A3F8-06,Metastasis,8,TCGA-3N-A9WD-06,Metastasis,0.9992220401763916,True
362,TCGA-DA-A3F8-06,Metastasis,9,TCGA-WE-A8ZX-06,Metastasis,0.9991627335548401,True
363,TCGA-D3-A2J6-06,Metastasis,0,TCGA-D3-A8GV-06,Metastasis,0.999919593334198,True
363,TCGA-D3-A2J6-06,Metastasis,1,TCGA-FS-A4FB-06,Metastasis,0.9998878240585327,True
363,TCGA-D3-A2J6-06,Metastasis,2,TCGA-Z2-AA3V-06,Metastasis,0.9998388886451721,True
363,TCGA-D3-A2J6-06,Metastasis,3,TCGA-FS-A4F9-06,Metastasis,0.9997832775115967,True
363,TCGA-D3-A2J6-06,Metastasis,4,TCGA-EE-A2GO-06,Metastasis,0.9997583031654358,True
363,TCGA-D3-A2J6-06,Metastasis,5,TCGA-3N-A9WB-06,Metastasis,0.9996499419212341,True
363,TCGA-D3-A2J6-06,Metastasis,6,TCGA-D9-A6EC-06,Metastasis,0.9996479749679565,True
363,TCGA-D3-A2J6-06,Metastasis,7,TCGA-GN-A268-06,Metastasis,0.9996203184127808,True
363,TCGA-D3-A2J6-06,Metastasis,8,TCGA-D3-A5GO-06,Metastasis,0.9995977282524109,True
363,TCGA-D3-A2J6-06,Metastasis,9,TCGA-BF-AAP8-01,Primary Tumor,0.9995923638343811,False
364,TCGA-ER-A42L-06,Metastasis,0,TCGA-EE-A29M-06,Metastasis,0.999971866607666,True
364,TCGA-ER-A42L-06,Metastasis,1,TCGA-W3-AA1R-06,Metastasis,0.9997192025184631,True
364,TCGA-ER-A42L-06,Metastasis,2,TCGA-EE-A2MJ-06,Metastasis,0.9997028112411499,True
364,TCGA-ER-A42L-06,Metastasis,3,TCGA-EE-A181-06,Metastasis,0.9996070861816406,True
364,TCGA-ER-A42L-06,Metastasis,4,TCGA-D3-A1Q7-06,Metastasis,0.9995503425598145,True
364,TCGA-ER-A42L-06,Metastasis,5,TCGA-WE-A8ZY-06,Metastasis,0.9995306134223938,True
364,TCGA-ER-A42L-06,Metastasis,6,TCGA-D3-A51F-06,Metastasis,0.999308705329895,True
364,TCGA-ER-A42L-06,Metastasis,7,TCGA-DA-A1I1-06,Metastasis,0.9992614388465881,True
364,TCGA-ER-A42L-06,Metastasis,8,TCGA-ER-A19S-06,Metastasis,0.9992383122444153,True
364,TCGA-ER-A42L-06,Metastasis,9,TCGA-BF-A1Q0-01,Primary Tumor,0.9991607069969177,False
365,TCGA-WE-A8ZM-06,Metastasis,0,TCGA-W3-AA1V-06,Metastasis,0.9990629553794861,True
365,TCGA-WE-A8ZM-06,Metastasis,1,TCGA-XV-A9W5-01,Primary Tumor,0.9986902475357056,False
365,TCGA-WE-A8ZM-06,Metastasis,2,TCGA-GF-A2C7-01,Primary Tumor,0.9982410073280334,False
365,TCGA-WE-A8ZM-06,Metastasis,3,TCGA-FS-A1ZB-06,Metastasis,0.9975886940956116,True
365,TCGA-WE-A8ZM-06,Metastasis,4,TCGA-EB-A3XC-01,Primary Tumor,0.9962108135223389,False
365,TCGA-WE-A8ZM-06,Metastasis,5,TCGA-EE-A20H-06,Metastasis,0.9958869218826294,True
365,TCGA-WE-A8ZM-06,Metastasis,6,TCGA-DA-A1I8-06,Metastasis,0.9957858324050903,True
365,TCGA-WE-A8ZM-06,Metastasis,7,TCGA-YG-AA3N-01,Primary Tumor,0.9955366253852844,False
365,TCGA-WE-A8ZM-06,Metastasis,8,TCGA-EB-A57M-01,Primary Tumor,0.9948595762252808,False
365,TCGA-WE-A8ZM-06,Metastasis,9,TCGA-EB-A1NK-01,Primary Tumor,0.9943320751190186,False
366,TCGA-EE-A20F-06,Metastasis,0,TCGA-D3-A3CE-06,Metastasis,0.9991263151168823,True
366,TCGA-EE-A20F-06,Metastasis,1,TCGA-D3-A2J9-06,Metastasis,0.9984857439994812,True
366,TCGA-EE-A20F-06,Metastasis,2,TCGA-BF-AAP0-06,Metastasis,0.9982254505157471,True
366,TCGA-EE-A20F-06,Metastasis,3,TCGA-ER-A19H-06,Metastasis,0.997885525226593,True
366,TCGA-EE-A20F-06,Metastasis,4,TCGA-HR-A2OG-06,Metastasis,0.997611939907074,True
366,TCGA-EE-A20F-06,Metastasis,5,TCGA-EB-A5UL-06,Metastasis,0.9975910782814026,True
366,TCGA-EE-A20F-06,Metastasis,6,TCGA-ER-A195-06,Metastasis,0.9971716403961182,True
366,TCGA-EE-A20F-06,Metastasis,7,TCGA-FS-A1Z4-06,Metastasis,0.9970278739929199,True
366,TCGA-EE-A20F-06,Metastasis,8,TCGA-GN-A4U8-06,Metastasis,0.996961236000061,True
366,TCGA-EE-A20F-06,Metastasis,9,TCGA-D3-A2JH-06,Metastasis,0.9965707659721375,True
367,TCGA-FW-A3I3-06,Metastasis,0,TCGA-ER-A19A-06,Metastasis,0.999459981918335,True
367,TCGA-FW-A3I3-06,Metastasis,1,TCGA-FR-A7UA-06,Metastasis,0.9971535801887512,True
367,TCGA-FW-A3I3-06,Metastasis,2,TCGA-BF-A3DJ-01,Primary Tumor,0.9893733859062195,False
367,TCGA-FW-A3I3-06,Metastasis,3,TCGA-ER-A1A1-06,Metastasis,0.9868009686470032,True
367,TCGA-FW-A3I3-06,Metastasis,4,TCGA-FS-A1ZN-01,Primary Tumor,0.9865456223487854,False
367,TCGA-FW-A3I3-06,Metastasis,5,TCGA-FS-A4FC-06,Metastasis,0.9865276217460632,True
367,TCGA-FW-A3I3-06,Metastasis,6,TCGA-EB-A44R-06,Metastasis,0.9846078753471375,True
367,TCGA-FW-A3I3-06,Metastasis,7,TCGA-EE-A2MC-06,Metastasis,0.9843080043792725,True
367,TCGA-FW-A3I3-06,Metastasis,8,TCGA-BF-A1PX-01,Primary Tumor,0.9840012192726135,False
367,TCGA-FW-A3I3-06,Metastasis,9,TCGA-D3-A1Q6-06,Metastasis,0.9825071096420288,True
368,TCGA-YD-A9TA-06,Metastasis,0,TCGA-DA-A1IB-06,Metastasis,0.9950701594352722,True
368,TCGA-YD-A9TA-06,Metastasis,1,TCGA-FR-A8YE-06,Metastasis,0.9889403581619263,True
368,TCGA-YD-A9TA-06,Metastasis,2,LE-037-RG-038_N,Benign Nevus,0.9856293201446533,False
368,TCGA-YD-A9TA-06,Metastasis,3,TCGA-EB-A6R0-01,Primary Tumor,0.9804307222366333,False
368,TCGA-YD-A9TA-06,Metastasis,4,TCGA-ER-A19P-06,Metastasis,0.9741384387016296,True
368,TCGA-YD-A9TA-06,Metastasis,5,TCGA-EB-A4XL-01,Primary Tumor,0.9712914228439331,False
368,TCGA-YD-A9TA-06,Metastasis,6,TCGA-W3-A825-06,Metastasis,0.9658074975013733,True
368,TCGA-YD-A9TA-06,Metastasis,7,TCGA-FS-A1ZH-06,Metastasis,0.9591289162635803,True
368,TCGA-YD-A9TA-06,Metastasis,8,TCGA-FR-A729-06,Metastasis,0.9553883075714111,True
368,TCGA-YD-A9TA-06,Metastasis,9,LE-029-SE-030_N,Benign Nevus,0.9552856683731079,False
369,TCGA-EB-A6QY-01,Primary Tumor,0,TCGA-GN-A4U5-01,Primary Tumor,0.9937564134597778,True
369,TCGA-EB-A6QY-01,Primary Tumor,1,TCGA-EB-A550-01,Primary Tumor,0.9838297367095947,True
369,TCGA-EB-A6QY-01,Primary Tumor,2,TCGA-D3-A1Q5-06,Metastasis,0.9815359711647034,False
369,TCGA-EB-A6QY-01,Primary Tumor,3,TCGA-FR-A726-01,Primary Tumor,0.9737342596054077,True
369,TCGA-EB-A6QY-01,Primary Tumor,4,TCGA-FS-A1ZN-01,Primary Tumor,0.9727731943130493,True
369,TCGA-EB-A6QY-01,Primary Tumor,5,TCGA-EB-A3XD-01,Primary Tumor,0.96600741147995,True
369,TCGA-EB-A6QY-01,Primary Tumor,6,018_N,Benign Nevus,0.9611469507217407,False
369,TCGA-EB-A6QY-01,Primary Tumor,7,LE-117-RB-118_N,Benign Nevus,0.9605168700218201,False
369,TCGA-EB-A6QY-01,Primary Tumor,8,010_N,Benign Nevus,0.9549458622932434,False
369,TCGA-EB-A6QY-01,Primary Tumor,9,TCGA-EE-A29G-06,Metastasis,0.951934278011322,False
370,TCGA-WE-A8ZY-06,Metastasis,0,TCGA-D3-A51F-06,Metastasis,0.9997193813323975,True
370,TCGA-WE-A8ZY-06,Metastasis,1,TCGA-W3-AA1R-06,Metastasis,0.9997026920318604,True
370,TCGA-WE-A8ZY-06,Metastasis,2,TCGA-EE-A29H-06,Metastasis,0.9997010827064514,True
370,TCGA-WE-A8ZY-06,Metastasis,3,TCGA-DA-A95X-06,Metastasis,0.9996548295021057,True
370,TCGA-WE-A8ZY-06,Metastasis,4,TCGA-EE-A181-06,Metastasis,0.9996090531349182,True
370,TCGA-WE-A8ZY-06,Metastasis,5,TCGA-FS-A4F8-06,Metastasis,0.999583899974823,True
370,TCGA-WE-A8ZY-06,Metastasis,6,TCGA-HR-A2OH-06,Metastasis,0.999542772769928,True
370,TCGA-WE-A8ZY-06,Metastasis,7,TCGA-ER-A42L-06,Metastasis,0.9995306134223938,True
370,TCGA-WE-A8ZY-06,Metastasis,8,TCGA-EE-A29M-06,Metastasis,0.9994401335716248,True
370,TCGA-WE-A8ZY-06,Metastasis,9,TCGA-ER-A19S-06,Metastasis,0.9994400143623352,True
371,TCGA-D3-A1Q1-06,Metastasis,0,TCGA-GN-A8LK-06,Metastasis,0.9998930096626282,True
371,TCGA-D3-A1Q1-06,Metastasis,1,TCGA-EB-A3Y7-01,Primary Tumor,0.999890148639679,False
371,TCGA-D3-A1Q1-06,Metastasis,2,TCGA-RP-A690-06,Metastasis,0.9998155236244202,True
371,TCGA-D3-A1Q1-06,Metastasis,3,TCGA-FR-A3YO-06,Metastasis,0.9998072385787964,True
371,TCGA-D3-A1Q1-06,Metastasis,4,TCGA-EE-A29E-06,Metastasis,0.9997919797897339,True
371,TCGA-D3-A1Q1-06,Metastasis,5,TCGA-D9-A6EG-06,Metastasis,0.9997908473014832,True
371,TCGA-D3-A1Q1-06,Metastasis,6,TCGA-DA-A1IA-06,Metastasis,0.9997885823249817,True
371,TCGA-D3-A1Q1-06,Metastasis,7,TCGA-FS-A1ZU-06,Metastasis,0.9997855424880981,True
371,TCGA-D3-A1Q1-06,Metastasis,8,TCGA-ER-A19O-06,Metastasis,0.999708354473114,True
371,TCGA-D3-A1Q1-06,Metastasis,9,TCGA-D3-A5GL-06,Metastasis,0.9997009634971619,True
372,TCGA-D3-A8GR-06,Metastasis,0,TCGA-GN-A8LL-06,Metastasis,0.999953031539917,True
372,TCGA-D3-A8GR-06,Metastasis,1,TCGA-D3-A5GL-06,Metastasis,0.99992835521698,True
372,TCGA-D3-A8GR-06,Metastasis,2,TCGA-D9-A4Z5-01,Primary Tumor,0.9999228715896606,False
372,TCGA-D3-A8GR-06,Metastasis,3,TCGA-D9-A6EG-06,Metastasis,0.9998917579650879,True
372,TCGA-D3-A8GR-06,Metastasis,4,TCGA-EE-A185-06,Metastasis,0.9998821020126343,True
372,TCGA-D3-A8GR-06,Metastasis,5,TCGA-RP-A690-06,Metastasis,0.9998577237129211,True
372,TCGA-D3-A8GR-06,Metastasis,6,TCGA-EE-A20C-06,Metastasis,0.9998313188552856,True
372,TCGA-D3-A8GR-06,Metastasis,7,TCGA-EB-A3Y7-01,Primary Tumor,0.999717652797699,False
372,TCGA-D3-A8GR-06,Metastasis,8,TCGA-EE-A29E-06,Metastasis,0.999692976474762,True
372,TCGA-D3-A8GR-06,Metastasis,9,TCGA-D3-A1Q1-06,Metastasis,0.9995424151420593,True
373,TCGA-EE-A20I-06,Metastasis,0,TCGA-EE-A3JI-06,Metastasis,0.9999206066131592,True
373,TCGA-EE-A20I-06,Metastasis,1,TCGA-D3-A5GS-06,Metastasis,0.9998695850372314,True
373,TCGA-EE-A20I-06,Metastasis,2,TCGA-EE-A2MT-06,Metastasis,0.9997575879096985,True
373,TCGA-EE-A20I-06,Metastasis,3,TCGA-EE-A29D-06,Metastasis,0.9997327923774719,True
373,TCGA-EE-A20I-06,Metastasis,4,TCGA-EE-A2MK-06,Metastasis,0.9997296333312988,True
373,TCGA-EE-A20I-06,Metastasis,5,TCGA-EE-A2MI-06,Metastasis,0.9997185468673706,True
373,TCGA-EE-A20I-06,Metastasis,6,TCGA-EE-A2A5-06,Metastasis,0.999718427658081,True
373,TCGA-EE-A20I-06,Metastasis,7,TCGA-RP-A693-06,Metastasis,0.9996918439865112,True
373,TCGA-EE-A20I-06,Metastasis,8,TCGA-BF-A1PZ-01,Primary Tumor,0.9996746182441711,False
373,TCGA-EE-A20I-06,Metastasis,9,TCGA-D9-A1JW-06,Metastasis,0.9996546506881714,True
374,TCGA-DA-A95V-06,Metastasis,0,TCGA-W3-AA1O-06,Metastasis,0.9997634291648865,True
374,TCGA-DA-A95V-06,Metastasis,1,TCGA-D3-A1QB-06,Metastasis,0.9997537136077881,True
374,TCGA-DA-A95V-06,Metastasis,2,TCGA-EE-A17Y-06,Metastasis,0.9995548725128174,True
374,TCGA-DA-A95V-06,Metastasis,3,TCGA-D9-A1X3-06,Metastasis,0.9994596838951111,True
374,TCGA-DA-A95V-06,Metastasis,4,TCGA-EB-A5SG-06,Metastasis,0.9993364810943604,True
374,TCGA-DA-A95V-06,Metastasis,5,TCGA-D9-A4Z6-06,Metastasis,0.9992545247077942,True
374,TCGA-DA-A95V-06,Metastasis,6,TCGA-EB-A6QZ-01,Primary Tumor,0.9990872144699097,False
374,TCGA-DA-A95V-06,Metastasis,7,TCGA-ER-A42K-06,Metastasis,0.9989109635353088,True
374,TCGA-DA-A95V-06,Metastasis,8,TCGA-DA-A3F5-06,Metastasis,0.9989041090011597,True
374,TCGA-DA-A95V-06,Metastasis,9,TCGA-FW-A5DX-01,Primary Tumor,0.998828649520874,False
375,TCGA-EE-A3JB-06,Metastasis,0,TCGA-DA-A95X-06,Metastasis,0.9996441602706909,True
375,TCGA-EE-A3JB-06,Metastasis,1,TCGA-EE-A29H-06,Metastasis,0.9996075630187988,True
375,TCGA-EE-A3JB-06,Metastasis,2,TCGA-EE-A2MP-06,Metastasis,0.9995638132095337,True
375,TCGA-EE-A3JB-06,Metastasis,3,TCGA-GN-A265-06,Metastasis,0.9994975924491882,True
375,TCGA-EE-A3JB-06,Metastasis,4,TCGA-HR-A2OH-06,Metastasis,0.999420166015625,True
375,TCGA-EE-A3JB-06,Metastasis,5,TCGA-EE-A20B-06,Metastasis,0.9993395805358887,True
375,TCGA-EE-A3JB-06,Metastasis,6,TCGA-D3-A51F-06,Metastasis,0.999295711517334,True
375,TCGA-EE-A3JB-06,Metastasis,7,TCGA-EE-A2M8-06,Metastasis,0.9992953538894653,True
375,TCGA-EE-A3JB-06,Metastasis,8,TCGA-WE-A8ZY-06,Metastasis,0.9992740750312805,True
375,TCGA-EE-A3JB-06,Metastasis,9,TCGA-D3-A5GN-06,Metastasis,0.9992722868919373,True
376,TCGA-ER-A19F-06,Metastasis,0,TCGA-EB-A85I-01,Primary Tumor,0.9999582767486572,False
376,TCGA-ER-A19F-06,Metastasis,1,TCGA-WE-AAA4-06,Metastasis,0.9999531507492065,True
376,TCGA-ER-A19F-06,Metastasis,2,TCGA-FS-A4F2-06,Metastasis,0.9999212026596069,True
376,TCGA-ER-A19F-06,Metastasis,3,TCGA-YD-A89C-06,Metastasis,0.9998716115951538,True
376,TCGA-ER-A19F-06,Metastasis,4,TCGA-RP-A695-06,Metastasis,0.9998344779014587,True
376,TCGA-ER-A19F-06,Metastasis,5,TCGA-GN-A4U3-06,Metastasis,0.9998319149017334,True
376,TCGA-ER-A19F-06,Metastasis,6,TCGA-ER-A3PL-06,Metastasis,0.9997994899749756,True
376,TCGA-ER-A19F-06,Metastasis,7,TCGA-EB-A42Z-01,Primary Tumor,0.9997847676277161,False
376,TCGA-ER-A19F-06,Metastasis,8,TCGA-D3-A2JL-06,Metastasis,0.9996447563171387,True
376,TCGA-ER-A19F-06,Metastasis,9,TCGA-EB-A42Y-01,Primary Tumor,0.9994727969169617,False
377,TCGA-EB-A4XL-01,Primary Tumor,0,LE-037-RG-038_N,Benign Nevus,0.9965214729309082,False
377,TCGA-EB-A4XL-01,Primary Tumor,1,LE-029-SE-030_N,Benign Nevus,0.9944234490394592,False
377,TCGA-EB-A4XL-01,Primary Tumor,2,018_N,Benign Nevus,0.9827215671539307,False
377,TCGA-EB-A4XL-01,Primary Tumor,3,LE-117-RB-118_N,Benign Nevus,0.9820641279220581,False
377,TCGA-EB-A4XL-01,Primary Tumor,4,TCGA-FR-A726-01,Primary Tumor,0.9774320721626282,True
377,TCGA-EB-A4XL-01,Primary Tumor,5,TCGA-YD-A9TA-06,Metastasis,0.9712914228439331,False
377,TCGA-EB-A4XL-01,Primary Tumor,6,TCGA-EE-A29G-06,Metastasis,0.9699268341064453,False
377,TCGA-EB-A4XL-01,Primary Tumor,7,TCGA-EB-A6R0-01,Primary Tumor,0.956448495388031,True
377,TCGA-EB-A4XL-01,Primary Tumor,8,LE-081-TR-082_N,Benign Nevus,0.9547138214111328,False
377,TCGA-EB-A4XL-01,Primary Tumor,9,TCGA-DA-A1IB-06,Metastasis,0.9504595994949341,False
378,TCGA-FS-A1ZM-06,Metastasis,0,TCGA-FS-A1ZA-06,Metastasis,0.9994737505912781,True
378,TCGA-FS-A1ZM-06,Metastasis,1,TCGA-FS-A1Z4-06,Metastasis,0.9993000626564026,True
378,TCGA-FS-A1ZM-06,Metastasis,2,TCGA-D3-A2J9-06,Metastasis,0.998357892036438,True
378,TCGA-FS-A1ZM-06,Metastasis,3,TCGA-D3-A3CE-06,Metastasis,0.9982857704162598,True
378,TCGA-FS-A1ZM-06,Metastasis,4,TCGA-EE-A2GB-06,Metastasis,0.9981854557991028,True
378,TCGA-FS-A1ZM-06,Metastasis,5,TCGA-EB-A551-01,Primary Tumor,0.9979473948478699,False
378,TCGA-FS-A1ZM-06,Metastasis,6,TCGA-ER-A195-06,Metastasis,0.997062623500824,True
378,TCGA-FS-A1ZM-06,Metastasis,7,TCGA-EE-A2GK-06,Metastasis,0.9969897866249084,True
378,TCGA-FS-A1ZM-06,Metastasis,8,TCGA-ER-A19H-06,Metastasis,0.9962988495826721,True
378,TCGA-FS-A1ZM-06,Metastasis,9,TCGA-EE-A20F-06,Metastasis,0.9956663846969604,True
379,TCGA-EE-A2MR-06,Metastasis,0,TCGA-GN-A266-06,Metastasis,0.9997443556785583,True
379,TCGA-EE-A2MR-06,Metastasis,1,TCGA-EE-A2GS-06,Metastasis,0.999367356300354,True
379,TCGA-EE-A2MR-06,Metastasis,2,TCGA-EE-A2MS-06,Metastasis,0.9992907643318176,True
379,TCGA-EE-A2MR-06,Metastasis,3,TCGA-D3-A2JH-06,Metastasis,0.9988967180252075,True
379,TCGA-EE-A2MR-06,Metastasis,4,TCGA-EE-A2GP-06,Metastasis,0.9987947344779968,True
379,TCGA-EE-A2MR-06,Metastasis,5,TCGA-EB-A551-01,Primary Tumor,0.9987289905548096,False
379,TCGA-EE-A2MR-06,Metastasis,6,TCGA-ER-A195-06,Metastasis,0.9984602928161621,True
379,TCGA-EE-A2MR-06,Metastasis,7,TCGA-ER-A19H-06,Metastasis,0.9979496598243713,True
379,TCGA-EE-A2MR-06,Metastasis,8,TCGA-HR-A2OG-06,Metastasis,0.9979416728019714,True
379,TCGA-EE-A2MR-06,Metastasis,9,TCGA-ER-A2NH-06,Metastasis,0.9978184103965759,True
380,TCGA-D3-A1Q5-06,Metastasis,0,TCGA-FS-A1ZN-01,Primary Tumor,0.9855393767356873,False
380,TCGA-D3-A1Q5-06,Metastasis,1,TCGA-GN-A4U5-01,Primary Tumor,0.9839361906051636,False
380,TCGA-D3-A1Q5-06,Metastasis,2,TCGA-EB-A6QY-01,Primary Tumor,0.9815359711647034,False
380,TCGA-D3-A1Q5-06,Metastasis,3,TCGA-EB-A3XD-01,Primary Tumor,0.9752377271652222,False
380,TCGA-D3-A1Q5-06,Metastasis,4,TCGA-EB-A5VU-01,Primary Tumor,0.9740915894508362,False
380,TCGA-D3-A1Q5-06,Metastasis,5,TCGA-EB-A550-01,Primary Tumor,0.9693299531936646,False
380,TCGA-D3-A1Q5-06,Metastasis,6,TCGA-FW-A3I3-06,Metastasis,0.9612666368484497,True
380,TCGA-D3-A1Q5-06,Metastasis,7,TCGA-D3-A1Q6-06,Metastasis,0.9550597071647644,True
380,TCGA-D3-A1Q5-06,Metastasis,8,TCGA-BF-A3DJ-01,Primary Tumor,0.9540672898292542,False
380,TCGA-D3-A1Q5-06,Metastasis,9,TCGA-FR-A726-01,Primary Tumor,0.9535967111587524,False
381,TCGA-EE-A3JE-06,Metastasis,0,TCGA-FW-A5DX-01,Primary Tumor,0.999940037727356,False
381,TCGA-EE-A3JE-06,Metastasis,1,TCGA-FS-A1ZK-06,Metastasis,0.9996104836463928,True
381,TCGA-EE-A3JE-06,Metastasis,2,TCGA-EB-A44O-01,Primary Tumor,0.9995428323745728,False
381,TCGA-EE-A3JE-06,Metastasis,3,TCGA-EE-A3AD-06,Metastasis,0.9991804957389832,True
381,TCGA-EE-A3JE-06,Metastasis,4,TCGA-DA-A95V-06,Metastasis,0.9985125660896301,True
381,TCGA-EE-A3JE-06,Metastasis,5,TCGA-W3-A828-06,Metastasis,0.9984090924263,True
381,TCGA-EE-A3JE-06,Metastasis,6,TCGA-ER-A42K-06,Metastasis,0.9981765747070312,True
381,TCGA-EE-A3JE-06,Metastasis,7,TCGA-FS-A1ZF-06,Metastasis,0.9980647563934326,True
381,TCGA-EE-A3JE-06,Metastasis,8,TCGA-W3-AA1O-06,Metastasis,0.9979270100593567,True
381,TCGA-EE-A3JE-06,Metastasis,9,TCGA-BF-A5EO-01,Primary Tumor,0.9975439310073853,False
382,TCGA-FS-A1ZY-06,Metastasis,0,TCGA-BF-A3DL-01,Primary Tumor,0.9999842047691345,False
382,TCGA-FS-A1ZY-06,Metastasis,1,TCGA-DA-A1IA-06,Metastasis,0.9998515844345093,True
382,TCGA-FS-A1ZY-06,Metastasis,2,TCGA-FR-A3YO-06,Metastasis,0.999793529510498,True
382,TCGA-FS-A1ZY-06,Metastasis,3,TCGA-EE-A29B-06,Metastasis,0.9995962381362915,True
382,TCGA-FS-A1ZY-06,Metastasis,4,TCGA-FS-A1ZG-06,Metastasis,0.9994953870773315,True
382,TCGA-FS-A1ZY-06,Metastasis,5,TCGA-D3-A1Q1-06,Metastasis,0.9994445443153381,True
382,TCGA-FS-A1ZY-06,Metastasis,6,TCGA-XV-AB01-06,Metastasis,0.9994240403175354,True
382,TCGA-FS-A1ZY-06,Metastasis,7,TCGA-FS-A1ZU-06,Metastasis,0.9993816018104553,True
382,TCGA-FS-A1ZY-06,Metastasis,8,TCGA-ER-A19O-06,Metastasis,0.9993700385093689,True
382,TCGA-FS-A1ZY-06,Metastasis,9,TCGA-GN-A8LK-06,Metastasis,0.9993454217910767,True
383,TCGA-EB-A4IQ-01,Primary Tumor,0,TCGA-XV-AAZW-01,Primary Tumor,0.995380163192749,True
383,TCGA-EB-A4IQ-01,Primary Tumor,1,TCGA-EB-A3HV-01,Primary Tumor,0.9889044165611267,True
383,TCGA-EB-A4IQ-01,Primary Tumor,2,TCGA-ER-A196-01,Primary Tumor,0.988248348236084,True
383,TCGA-EB-A4IQ-01,Primary Tumor,3,TCGA-HR-A5NC-01,Primary Tumor,0.9848136901855469,True
383,TCGA-EB-A4IQ-01,Primary Tumor,4,TCGA-D3-A51R-06,Metastasis,0.9839847087860107,False
383,TCGA-EB-A4IQ-01,Primary Tumor,5,TCGA-XV-A9VZ-01,Primary Tumor,0.9836540222167969,True
383,TCGA-EB-A4IQ-01,Primary Tumor,6,TCGA-EB-A3XE-01,Primary Tumor,0.9826697111129761,True
383,TCGA-EB-A4IQ-01,Primary Tumor,7,TCGA-XV-AAZV-01,Primary Tumor,0.9826685190200806,True
383,TCGA-EB-A4IQ-01,Primary Tumor,8,TCGA-EB-A4OZ-01,Primary Tumor,0.9812373518943787,True
383,TCGA-EB-A4IQ-01,Primary Tumor,9,TCGA-XV-A9W2-01,Primary Tumor,0.9808406829833984,True
384,TCGA-QB-A6FS-06,Metastasis,0,TCGA-D3-A8GP-06,Metastasis,0.9999693632125854,True
384,TCGA-QB-A6FS-06,Metastasis,1,TCGA-BF-A5EP-01,Primary Tumor,0.9999628663063049,False
384,TCGA-QB-A6FS-06,Metastasis,2,TCGA-GN-A268-06,Metastasis,0.999956488609314,True
384,TCGA-QB-A6FS-06,Metastasis,3,TCGA-EE-A29L-06,Metastasis,0.9999197721481323,True
384,TCGA-QB-A6FS-06,Metastasis,4,TCGA-EE-A180-06,Metastasis,0.9999046921730042,True
384,TCGA-QB-A6FS-06,Metastasis,5,TCGA-D3-A5GO-06,Metastasis,0.999881386756897,True
384,TCGA-QB-A6FS-06,Metastasis,6,TCGA-FS-A4F9-06,Metastasis,0.9998450875282288,True
384,TCGA-QB-A6FS-06,Metastasis,7,TCGA-Z2-AA3V-06,Metastasis,0.9997801780700684,True
384,TCGA-QB-A6FS-06,Metastasis,8,TCGA-3N-A9WB-06,Metastasis,0.9996767044067383,True
384,TCGA-QB-A6FS-06,Metastasis,9,TCGA-D3-A2JE-06,Metastasis,0.9996691942214966,True
385,TCGA-FR-A729-06,Metastasis,0,TCGA-D3-A5GR-06,Metastasis,0.9993796348571777,True
385,TCGA-FR-A729-06,Metastasis,1,TCGA-D3-A8GD-06,Metastasis,0.9984457492828369,True
385,TCGA-FR-A729-06,Metastasis,2,TCGA-ER-A19P-06,Metastasis,0.9959777593612671,True
385,TCGA-FR-A729-06,Metastasis,3,TCGA-FS-A1ZH-06,Metastasis,0.9958203434944153,True
385,TCGA-FR-A729-06,Metastasis,4,TCGA-Z2-A8RT-06,Metastasis,0.9941616654396057,True
385,TCGA-FR-A729-06,Metastasis,5,TCGA-EE-A29N-06,Metastasis,0.9930161833763123,True
385,TCGA-FR-A729-06,Metastasis,6,TCGA-W3-A825-06,Metastasis,0.9928604960441589,True
385,TCGA-FR-A729-06,Metastasis,7,TCGA-D3-A2JB-06,Metastasis,0.9911854863166809,True
385,TCGA-FR-A729-06,Metastasis,8,TCGA-EB-A4IS-01,Primary Tumor,0.987391471862793,False
385,TCGA-FR-A729-06,Metastasis,9,TCGA-WE-A8ZR-06,Metastasis,0.9846648573875427,True
386,TCGA-ER-A19J-06,Metastasis,0,TCGA-EB-A3XB-01,Primary Tumor,0.9998947978019714,False
386,TCGA-ER-A19J-06,Metastasis,1,TCGA-ER-A19N-06,Metastasis,0.9995598793029785,True
386,TCGA-ER-A19J-06,Metastasis,2,TCGA-EB-A82B-01,Primary Tumor,0.9995543956756592,False
386,TCGA-ER-A19J-06,Metastasis,3,TCGA-EE-A3AA-06,Metastasis,0.9995510578155518,True
386,TCGA-ER-A19J-06,Metastasis,4,TCGA-FR-A8YC-06,Metastasis,0.9995397329330444,True
386,TCGA-ER-A19J-06,Metastasis,5,TCGA-EE-A2GD-06,Metastasis,0.99944007396698,True
386,TCGA-ER-A19J-06,Metastasis,6,TCGA-EB-A6L9-06,Metastasis,0.9993484616279602,True
386,TCGA-ER-A19J-06,Metastasis,7,TCGA-D3-A51E-06,Metastasis,0.9993025064468384,True
386,TCGA-ER-A19J-06,Metastasis,8,TCGA-EB-A85J-01,Primary Tumor,0.9991862177848816,False
386,TCGA-ER-A19J-06,Metastasis,9,TCGA-EB-A44P-01,Primary Tumor,0.9990437030792236,False
387,TCGA-FS-A1Z7-06,Metastasis,0,TCGA-BF-AAP4-01,Primary Tumor,0.9999579191207886,False
387,TCGA-FS-A1Z7-06,Metastasis,1,TCGA-Z2-AA3S-06,Metastasis,0.9996961951255798,True
387,TCGA-FS-A1Z7-06,Metastasis,2,TCGA-D3-A1QA-07,Metastasis,0.9996532201766968,True
387,TCGA-FS-A1Z7-06,Metastasis,3,TCGA-D3-A2JP-06,Metastasis,0.9994358420372009,True
387,TCGA-FS-A1Z7-06,Metastasis,4,TCGA-D3-A2J8-06,Metastasis,0.9990386962890625,True
387,TCGA-FS-A1Z7-06,Metastasis,5,TCGA-EE-A2GH-06,Metastasis,0.9989163279533386,True
387,TCGA-FS-A1Z7-06,Metastasis,6,TCGA-D9-A148-06,Metastasis,0.9988727569580078,True
387,TCGA-FS-A1Z7-06,Metastasis,7,TCGA-FR-A3YN-06,Metastasis,0.9988208413124084,True
387,TCGA-FS-A1Z7-06,Metastasis,8,TCGA-FS-A1YW-06,Metastasis,0.9988062977790833,True
387,TCGA-FS-A1Z7-06,Metastasis,9,TCGA-ER-A19G-06,Metastasis,0.9987926483154297,True
388,TCGA-GN-A266-06,Metastasis,0,TCGA-EE-A2MS-06,Metastasis,0.9998161196708679,True
388,TCGA-GN-A266-06,Metastasis,1,TCGA-EE-A2MR-06,Metastasis,0.9997443556785583,True
388,TCGA-GN-A266-06,Metastasis,2,TCGA-EE-A2GP-06,Metastasis,0.9995138645172119,True
388,TCGA-GN-A266-06,Metastasis,3,TCGA-EE-A2GS-06,Metastasis,0.999424397945404,True
388,TCGA-GN-A266-06,Metastasis,4,TCGA-D3-A2JH-06,Metastasis,0.998958945274353,True
388,TCGA-GN-A266-06,Metastasis,5,TCGA-FS-A1ZT-06,Metastasis,0.9989577531814575,True
388,TCGA-GN-A266-06,Metastasis,6,TCGA-FW-A5DY-06,Metastasis,0.9988086819648743,True
388,TCGA-GN-A266-06,Metastasis,7,TCGA-D3-A3MR-06,Metastasis,0.9987188577651978,True
388,TCGA-GN-A266-06,Metastasis,8,TCGA-HR-A2OG-06,Metastasis,0.9983810186386108,True
388,TCGA-GN-A266-06,Metastasis,9,TCGA-ER-A195-06,Metastasis,0.9983266592025757,True
389,TCGA-RP-A693-06,Metastasis,0,TCGA-EE-A2MK-06,Metastasis,0.9999226927757263,True
389,TCGA-RP-A693-06,Metastasis,1,TCGA-FR-A3R1-01,Primary Tumor,0.9999175667762756,False
389,TCGA-RP-A693-06,Metastasis,2,TCGA-EE-A2MT-06,Metastasis,0.9997970461845398,True
389,TCGA-RP-A693-06,Metastasis,3,TCGA-EE-A29D-06,Metastasis,0.9997597336769104,True
389,TCGA-RP-A693-06,Metastasis,4,TCGA-EE-A20I-06,Metastasis,0.9996918439865112,True
389,TCGA-RP-A693-06,Metastasis,5,TCGA-EE-A2M6-06,Metastasis,0.9996524453163147,True
389,TCGA-RP-A693-06,Metastasis,6,TCGA-EE-A29S-06,Metastasis,0.9996153116226196,True
389,TCGA-RP-A693-06,Metastasis,7,TCGA-RP-A694-06,Metastasis,0.9996140599250793,True
389,TCGA-RP-A693-06,Metastasis,8,TCGA-EE-A3JI-06,Metastasis,0.9996002316474915,True
389,TCGA-RP-A693-06,Metastasis,9,TCGA-BF-A3DN-01,Primary Tumor,0.9995560050010681,False
390,TCGA-EE-A3JH-06,Metastasis,0,TCGA-EB-A431-01,Primary Tumor,0.9999867081642151,False
390,TCGA-EE-A3JH-06,Metastasis,1,TCGA-D3-A3CC-06,Metastasis,0.9998735189437866,True
390,TCGA-EE-A3JH-06,Metastasis,2,TCGA-BF-AAOU-01,Primary Tumor,0.9997657537460327,False
390,TCGA-EE-A3JH-06,Metastasis,3,TCGA-D3-A51N-06,Metastasis,0.999615490436554,True
390,TCGA-EE-A3JH-06,Metastasis,4,TCGA-EB-A44P-01,Primary Tumor,0.9994205832481384,False
390,TCGA-EE-A3JH-06,Metastasis,5,TCGA-EB-A85J-01,Primary Tumor,0.9992936253547668,False
390,TCGA-EE-A3JH-06,Metastasis,6,TCGA-EB-A82B-01,Primary Tumor,0.9991904497146606,False
390,TCGA-EE-A3JH-06,Metastasis,7,TCGA-FS-A1ZW-06,Metastasis,0.9989117383956909,True
390,TCGA-EE-A3JH-06,Metastasis,8,TCGA-D3-A2JO-06,Metastasis,0.9987204074859619,True
390,TCGA-EE-A3JH-06,Metastasis,9,TCGA-EB-A44Q-06,Metastasis,0.9987188577651978,True
391,TCGA-D3-A1QA-06,Metastasis,0,TCGA-EB-A41B-01,Primary Tumor,0.9999836087226868,False
391,TCGA-D3-A1QA-06,Metastasis,1,TCGA-FS-A4FD-06,Metastasis,0.9999169707298279,True
391,TCGA-D3-A1QA-06,Metastasis,2,TCGA-BF-A1PV-01,Primary Tumor,0.9999038577079773,False
391,TCGA-D3-A1QA-06,Metastasis,3,TCGA-EE-A2A5-06,Metastasis,0.9998635649681091,True
391,TCGA-D3-A1QA-06,Metastasis,4,TCGA-D3-A5GS-06,Metastasis,0.9998093247413635,True
391,TCGA-D3-A1QA-06,Metastasis,5,TCGA-ER-A198-06,Metastasis,0.9997245073318481,True
391,TCGA-D3-A1QA-06,Metastasis,6,TCGA-FR-A8YD-06,Metastasis,0.9997091293334961,True
391,TCGA-D3-A1QA-06,Metastasis,7,TCGA-EE-A2MN-06,Metastasis,0.9997035264968872,True
391,TCGA-D3-A1QA-06,Metastasis,8,TCGA-EE-A3JI-06,Metastasis,0.9996744394302368,True
391,TCGA-D3-A1QA-06,Metastasis,9,TCGA-FW-A3R5-06,Metastasis,0.9996278882026672,True
392,TCGA-D3-A1QA-07,Metastasis,0,TCGA-BF-AAP4-01,Primary Tumor,0.9998289346694946,False
392,TCGA-D3-A1QA-07,Metastasis,1,TCGA-D3-A2J8-06,Metastasis,0.9998058676719666,True
392,TCGA-D3-A1QA-07,Metastasis,2,TCGA-EE-A2GH-06,Metastasis,0.9997206926345825,True
392,TCGA-D3-A1QA-07,Metastasis,3,TCGA-ER-A19G-06,Metastasis,0.9996886253356934,True
392,TCGA-D3-A1QA-07,Metastasis,4,TCGA-FS-A1Z7-06,Metastasis,0.9996532201766968,True
392,TCGA-D3-A1QA-07,Metastasis,5,TCGA-EE-A3AA-06,Metastasis,0.9994778633117676,True
392,TCGA-D3-A1QA-07,Metastasis,6,TCGA-ER-A19N-06,Metastasis,0.9994065761566162,True
392,TCGA-D3-A1QA-07,Metastasis,7,TCGA-FR-A8YC-06,Metastasis,0.9993475675582886,True
392,TCGA-D3-A1QA-07,Metastasis,8,TCGA-Z2-AA3S-06,Metastasis,0.9991252422332764,True
392,TCGA-D3-A1QA-07,Metastasis,9,TCGA-WE-AA9Y-06,Metastasis,0.9987605214118958,True
393,TCGA-DA-A95Y-06,Metastasis,0,TCGA-W3-AA21-06,Metastasis,0.9999567866325378,True
393,TCGA-DA-A95Y-06,Metastasis,1,TCGA-XV-AAZY-01,Primary Tumor,0.999877393245697,False
393,TCGA-DA-A95Y-06,Metastasis,2,TCGA-D3-A2JE-06,Metastasis,0.9998379945755005,True
393,TCGA-DA-A95Y-06,Metastasis,3,TCGA-EE-A3J4-06,Metastasis,0.9998153448104858,True
393,TCGA-DA-A95Y-06,Metastasis,4,TCGA-EB-A97M-01,Primary Tumor,0.9995731115341187,False
393,TCGA-DA-A95Y-06,Metastasis,5,TCGA-D3-A8GP-06,Metastasis,0.999557614326477,True
393,TCGA-DA-A95Y-06,Metastasis,6,TCGA-EE-A180-06,Metastasis,0.9993847012519836,True
393,TCGA-DA-A95Y-06,Metastasis,7,TCGA-QB-A6FS-06,Metastasis,0.9993773698806763,True
393,TCGA-DA-A95Y-06,Metastasis,8,TCGA-D3-A5GO-06,Metastasis,0.9992948174476624,True
393,TCGA-DA-A95Y-06,Metastasis,9,TCGA-EE-A29C-06,Metastasis,0.9992794394493103,True
394,TCGA-EE-A2MD-06,Metastasis,0,TCGA-D3-A1Q8-06,Metastasis,0.9999170303344727,True
394,TCGA-EE-A2MD-06,Metastasis,1,TCGA-EE-A2GU-06,Metastasis,0.9997933506965637,True
394,TCGA-EE-A2MD-06,Metastasis,2,TCGA-FS-A1ZQ-06,Metastasis,0.9997565150260925,True
394,TCGA-EE-A2MD-06,Metastasis,3,TCGA-WE-A8K4-01,Primary Tumor,0.999690055847168,False
394,TCGA-EE-A2MD-06,Metastasis,4,TCGA-D3-A8GN-06,Metastasis,0.999623715877533,True
394,TCGA-EE-A2MD-06,Metastasis,5,TCGA-D3-A1Q9-06,Metastasis,0.9995921850204468,True
394,TCGA-EE-A2MD-06,Metastasis,6,TCGA-GN-A8LN-01,Primary Tumor,0.9995667338371277,False
394,TCGA-EE-A2MD-06,Metastasis,7,TCGA-EB-A44Q-06,Metastasis,0.9994223713874817,True
394,TCGA-EE-A2MD-06,Metastasis,8,TCGA-D3-A2JO-06,Metastasis,0.999380886554718,True
394,TCGA-EE-A2MD-06,Metastasis,9,TCGA-EE-A2GH-06,Metastasis,0.9991927146911621,True
395,TCGA-EB-A3Y7-01,Primary Tumor,0,TCGA-EE-A29E-06,Metastasis,0.9999471306800842,False
395,TCGA-EB-A3Y7-01,Primary Tumor,1,TCGA-D3-A1Q1-06,Metastasis,0.999890148639679,False
395,TCGA-EB-A3Y7-01,Primary Tumor,2,TCGA-GN-A8LK-06,Metastasis,0.9998597502708435,False
395,TCGA-EB-A3Y7-01,Primary Tumor,3,TCGA-RP-A690-06,Metastasis,0.9997882843017578,False
395,TCGA-EB-A3Y7-01,Primary Tumor,4,TCGA-D9-A4Z5-01,Primary Tumor,0.9997617602348328,True
395,TCGA-EB-A3Y7-01,Primary Tumor,5,TCGA-D9-A6EG-06,Metastasis,0.9997571110725403,False
395,TCGA-EB-A3Y7-01,Primary Tumor,6,TCGA-FS-A1ZU-06,Metastasis,0.9997425675392151,False
395,TCGA-EB-A3Y7-01,Primary Tumor,7,TCGA-D3-A5GL-06,Metastasis,0.9997400045394897,False
395,TCGA-EB-A3Y7-01,Primary Tumor,8,TCGA-EE-A20C-06,Metastasis,0.9997325539588928,False
395,TCGA-EB-A3Y7-01,Primary Tumor,9,TCGA-GN-A8LL-06,Metastasis,0.999721884727478,False
396,TCGA-FR-A726-01,Primary Tumor,0,LE-117-RB-118_N,Benign Nevus,0.994961678981781,False
396,TCGA-FR-A726-01,Primary Tumor,1,018_N,Benign Nevus,0.9949019551277161,False
396,TCGA-FR-A726-01,Primary Tumor,2,TCGA-GN-A4U5-01,Primary Tumor,0.9898273944854736,True
396,TCGA-FR-A726-01,Primary Tumor,3,TCGA-FS-A1ZN-01,Primary Tumor,0.980292797088623,True
396,TCGA-FR-A726-01,Primary Tumor,4,TCGA-EB-A4XL-01,Primary Tumor,0.9774320721626282,True
396,TCGA-FR-A726-01,Primary Tumor,5,TCGA-EB-A6QY-01,Primary Tumor,0.9737342596054077,True
396,TCGA-FR-A726-01,Primary Tumor,6,TCGA-EE-A29G-06,Metastasis,0.9674047231674194,False
396,TCGA-FR-A726-01,Primary Tumor,7,LE-037-RG-038_N,Benign Nevus,0.9649572372436523,False
396,TCGA-FR-A726-01,Primary Tumor,8,LE-029-SE-030_N,Benign Nevus,0.9630827307701111,False
396,TCGA-FR-A726-01,Primary Tumor,9,TCGA-D3-A1Q5-06,Metastasis,0.9535967111587524,False
397,TCGA-EE-A2MQ-06,Metastasis,0,TCGA-ER-A199-06,Metastasis,0.9998359084129333,True
397,TCGA-EE-A2MQ-06,Metastasis,1,TCGA-EB-A5UM-01,Primary Tumor,0.999738872051239,False
397,TCGA-EE-A2MQ-06,Metastasis,2,TCGA-EE-A2ML-06,Metastasis,0.9997263550758362,True
397,TCGA-EE-A2MQ-06,Metastasis,3,TCGA-FS-A1ZJ-06,Metastasis,0.9997182488441467,True
397,TCGA-EE-A2MQ-06,Metastasis,4,TCGA-GN-A26D-06,Metastasis,0.9997166395187378,True
397,TCGA-EE-A2MQ-06,Metastasis,5,TCGA-EE-A2MF-06,Metastasis,0.99953693151474,True
397,TCGA-EE-A2MQ-06,Metastasis,6,TCGA-D3-A2JF-06,Metastasis,0.9994443655014038,True
397,TCGA-EE-A2MQ-06,Metastasis,7,TCGA-EB-A41A-01,Primary Tumor,0.9994440674781799,False
397,TCGA-EE-A2MQ-06,Metastasis,8,TCGA-D3-A51E-06,Metastasis,0.9991093873977661,True
397,TCGA-EE-A2MQ-06,Metastasis,9,TCGA-EE-A2GN-06,Metastasis,0.9990690350532532,True
398,TCGA-D3-A2J8-06,Metastasis,0,TCGA-EE-A2GH-06,Metastasis,0.999980628490448,True
398,TCGA-D3-A2J8-06,Metastasis,1,TCGA-ER-A19G-06,Metastasis,0.999940812587738,True
398,TCGA-D3-A2J8-06,Metastasis,2,TCGA-D3-A1QA-07,Metastasis,0.9998058676719666,True
398,TCGA-D3-A2J8-06,Metastasis,3,TCGA-ER-A19N-06,Metastasis,0.9995837211608887,True
398,TCGA-D3-A2J8-06,Metastasis,4,TCGA-FR-A8YC-06,Metastasis,0.9995635151863098,True
398,TCGA-D3-A2J8-06,Metastasis,5,TCGA-EE-A3AA-06,Metastasis,0.9994767904281616,True
398,TCGA-D3-A2J8-06,Metastasis,6,TCGA-BF-AAP4-01,Primary Tumor,0.9993792176246643,False
398,TCGA-D3-A2J8-06,Metastasis,7,TCGA-EB-A44Q-06,Metastasis,0.9990947842597961,True
398,TCGA-D3-A2J8-06,Metastasis,8,TCGA-WE-A8K4-01,Primary Tumor,0.9990613460540771,False
398,TCGA-D3-A2J8-06,Metastasis,9,TCGA-FS-A1Z7-06,Metastasis,0.9990386962890625,True
399,TCGA-BF-A3DJ-01,Primary Tumor,0,TCGA-BF-A1PX-01,Primary Tumor,0.9994025230407715,True
399,TCGA-BF-A3DJ-01,Primary Tumor,1,TCGA-D3-A1Q6-06,Metastasis,0.9988754987716675,False
399,TCGA-BF-A3DJ-01,Primary Tumor,2,TCGA-FS-A4FC-06,Metastasis,0.9977640509605408,False
399,TCGA-BF-A3DJ-01,Primary Tumor,3,TCGA-FW-A3I3-06,Metastasis,0.9893733859062195,False
399,TCGA-BF-A3DJ-01,Primary Tumor,4,TCGA-FR-A7UA-06,Metastasis,0.9888803362846375,False
399,TCGA-BF-A3DJ-01,Primary Tumor,5,TCGA-ER-A19A-06,Metastasis,0.9881826639175415,False
399,TCGA-BF-A3DJ-01,Primary Tumor,6,TCGA-GN-A4U9-06,Metastasis,0.987261950969696,False
399,TCGA-BF-A3DJ-01,Primary Tumor,7,TCGA-EB-A5VV-06,Metastasis,0.9832470417022705,False
399,TCGA-BF-A3DJ-01,Primary Tumor,8,TCGA-EE-A2ME-06,Metastasis,0.9819574952125549,False
399,TCGA-BF-A3DJ-01,Primary Tumor,9,TCGA-ER-A2NF-01,Primary Tumor,0.9817183017730713,True
400,TCGA-D9-A148-06,Metastasis,0,TCGA-FS-A1YW-06,Metastasis,0.9999539852142334,True
400,TCGA-D9-A148-06,Metastasis,1,TCGA-D3-A2JP-06,Metastasis,0.9998399019241333,True
400,TCGA-D9-A148-06,Metastasis,2,TCGA-FR-A3YN-06,Metastasis,0.9997584819793701,True
400,TCGA-D9-A148-06,Metastasis,3,TCGA-FR-A728-01,Primary Tumor,0.9996951818466187,False
400,TCGA-D9-A148-06,Metastasis,4,TCGA-EE-A3J5-06,Metastasis,0.9996762871742249,True
400,TCGA-D9-A148-06,Metastasis,5,TCGA-Z2-AA3S-06,Metastasis,0.9996665120124817,True
400,TCGA-D9-A148-06,Metastasis,6,TCGA-D9-A149-06,Metastasis,0.9994033575057983,True
400,TCGA-D9-A148-06,Metastasis,7,TCGA-ER-A193-06,Metastasis,0.9991956353187561,True
400,TCGA-D9-A148-06,Metastasis,8,TCGA-FS-A1Z7-06,Metastasis,0.9988727569580078,True
400,TCGA-D9-A148-06,Metastasis,9,TCGA-EB-A41A-01,Primary Tumor,0.9988643527030945,False
401,TCGA-EB-A6R0-01,Primary Tumor,0,TCGA-W3-A825-06,Metastasis,0.992328941822052,False
401,TCGA-EB-A6R0-01,Primary Tumor,1,TCGA-DA-A1IB-06,Metastasis,0.9884588718414307,False
401,TCGA-EB-A6R0-01,Primary Tumor,2,TCGA-FS-A1ZH-06,Metastasis,0.9873101711273193,False
401,TCGA-EB-A6R0-01,Primary Tumor,3,TCGA-BF-AAP2-01,Primary Tumor,0.9860697388648987,True
401,TCGA-EB-A6R0-01,Primary Tumor,4,TCGA-EE-A2MC-06,Metastasis,0.9822772741317749,False
401,TCGA-EB-A6R0-01,Primary Tumor,5,TCGA-YD-A9TA-06,Metastasis,0.9804307222366333,False
401,TCGA-EB-A6R0-01,Primary Tumor,6,TCGA-D3-A5GR-06,Metastasis,0.9767409563064575,False
401,TCGA-EB-A6R0-01,Primary Tumor,7,TCGA-ER-A19P-06,Metastasis,0.9760463833808899,False
401,TCGA-EB-A6R0-01,Primary Tumor,8,TCGA-D3-A2JB-06,Metastasis,0.9755642414093018,False
401,TCGA-EB-A6R0-01,Primary Tumor,9,TCGA-EB-A4IS-01,Primary Tumor,0.9755334854125977,True
402,TCGA-D3-A51K-06,Metastasis,0,TCGA-LH-A9QB-06,Metastasis,0.9999752044677734,True
402,TCGA-D3-A51K-06,Metastasis,1,TCGA-EE-A29A-06,Metastasis,0.9999100565910339,True
402,TCGA-D3-A51K-06,Metastasis,2,TCGA-BF-AAP8-01,Primary Tumor,0.9999026656150818,False
402,TCGA-D3-A51K-06,Metastasis,3,TCGA-EE-A2GC-06,Metastasis,0.9998904466629028,True
402,TCGA-D3-A51K-06,Metastasis,4,TCGA-D9-A6EC-06,Metastasis,0.9998312592506409,True
402,TCGA-D3-A51K-06,Metastasis,5,TCGA-EE-A2GR-06,Metastasis,0.9996788501739502,True
402,TCGA-D3-A51K-06,Metastasis,6,TCGA-GN-A262-06,Metastasis,0.9996002316474915,True
402,TCGA-D3-A51K-06,Metastasis,7,TCGA-D3-A3C1-06,Metastasis,0.9995031356811523,True
402,TCGA-D3-A51K-06,Metastasis,8,TCGA-FS-A4FB-06,Metastasis,0.9994935393333435,True
402,TCGA-D3-A51K-06,Metastasis,9,TCGA-EE-A2GO-06,Metastasis,0.9993873834609985,True
403,TCGA-FR-A7U8-06,Metastasis,0,TCGA-EB-A4OY-01,Primary Tumor,0.9999560117721558,False
403,TCGA-FR-A7U8-06,Metastasis,1,TCGA-D3-A3ML-06,Metastasis,0.9998188614845276,True
403,TCGA-FR-A7U8-06,Metastasis,2,TCGA-D3-A3C1-06,Metastasis,0.9998132586479187,True
403,TCGA-FR-A7U8-06,Metastasis,3,TCGA-GN-A263-01,Primary Tumor,0.9998123645782471,False
403,TCGA-FR-A7U8-06,Metastasis,4,TCGA-EE-A2GR-06,Metastasis,0.9997109174728394,True
403,TCGA-FR-A7U8-06,Metastasis,5,TCGA-EB-A5SH-06,Metastasis,0.9995982050895691,True
403,TCGA-FR-A7U8-06,Metastasis,6,TCGA-YG-AA3P-06,Metastasis,0.9995570182800293,True
403,TCGA-FR-A7U8-06,Metastasis,7,TCGA-FS-A1YY-06,Metastasis,0.9995003938674927,True
403,TCGA-FR-A7U8-06,Metastasis,8,TCGA-D3-A2J6-06,Metastasis,0.9994421005249023,True
403,TCGA-FR-A7U8-06,Metastasis,9,TCGA-BF-A1PU-01,Primary Tumor,0.9994240403175354,False
404,TCGA-Z2-A8RT-06,Metastasis,0,TCGA-EE-A29N-06,Metastasis,0.9998869299888611,True
404,TCGA-Z2-A8RT-06,Metastasis,1,TCGA-D3-A8GD-06,Metastasis,0.9977425932884216,True
404,TCGA-Z2-A8RT-06,Metastasis,2,TCGA-D3-A5GR-06,Metastasis,0.9955672025680542,True
404,TCGA-Z2-A8RT-06,Metastasis,3,TCGA-FR-A729-06,Metastasis,0.9941616654396057,True
404,TCGA-Z2-A8RT-06,Metastasis,4,TCGA-D3-A2JB-06,Metastasis,0.9938737154006958,True
404,TCGA-Z2-A8RT-06,Metastasis,5,TCGA-WE-A8ZR-06,Metastasis,0.9935929775238037,True
404,TCGA-Z2-A8RT-06,Metastasis,6,TCGA-EE-A2MH-06,Metastasis,0.9911991953849792,True
404,TCGA-Z2-A8RT-06,Metastasis,7,TCGA-EB-A4IS-01,Primary Tumor,0.9903054237365723,False
404,TCGA-Z2-A8RT-06,Metastasis,8,TCGA-FS-A1ZH-06,Metastasis,0.9899018406867981,True
404,TCGA-Z2-A8RT-06,Metastasis,9,TCGA-W3-A825-06,Metastasis,0.9843888878822327,True
405,TCGA-EB-A44R-06,Metastasis,0,TCGA-BF-AAP1-01,Primary Tumor,0.9995672106742859,False
405,TCGA-EB-A44R-06,Metastasis,1,TCGA-EE-A2GK-06,Metastasis,0.9981887936592102,True
405,TCGA-EB-A44R-06,Metastasis,2,TCGA-EE-A2GB-06,Metastasis,0.9960764646530151,True
405,TCGA-EB-A44R-06,Metastasis,3,TCGA-FR-A7UA-06,Metastasis,0.9948459267616272,True
405,TCGA-EB-A44R-06,Metastasis,4,TCGA-EB-A551-01,Primary Tumor,0.9932761192321777,False
405,TCGA-EB-A44R-06,Metastasis,5,TCGA-FS-A1ZM-06,Metastasis,0.9928207993507385,True
405,TCGA-EB-A44R-06,Metastasis,6,TCGA-FS-A1ZA-06,Metastasis,0.9915197491645813,True
405,TCGA-EB-A44R-06,Metastasis,7,TCGA-EE-A2MR-06,Metastasis,0.9911266565322876,True
405,TCGA-EB-A44R-06,Metastasis,8,TCGA-FS-A4FC-06,Metastasis,0.9899115562438965,True
405,TCGA-EB-A44R-06,Metastasis,9,TCGA-ER-A1A1-06,Metastasis,0.9898544549942017,True
406,TCGA-FS-A1ZG-06,Metastasis,0,TCGA-D9-A4Z3-01,Primary Tumor,0.9999275803565979,False
406,TCGA-FS-A1ZG-06,Metastasis,1,TCGA-BF-A5ES-01,Primary Tumor,0.9998732209205627,False
406,TCGA-FS-A1ZG-06,Metastasis,2,TCGA-EB-A5KH-06,Metastasis,0.9998664259910583,True
406,TCGA-FS-A1ZG-06,Metastasis,3,TCGA-FS-A4F4-06,Metastasis,0.999645471572876,True
406,TCGA-FS-A1ZG-06,Metastasis,4,TCGA-FR-A3YO-06,Metastasis,0.9996184706687927,True
406,TCGA-FS-A1ZG-06,Metastasis,5,TCGA-DA-A1IA-06,Metastasis,0.9996097683906555,True
406,TCGA-FS-A1ZG-06,Metastasis,6,TCGA-ER-A19O-06,Metastasis,0.9995936155319214,True
406,TCGA-FS-A1ZG-06,Metastasis,7,TCGA-FS-A1ZY-06,Metastasis,0.9994953870773315,True
406,TCGA-FS-A1ZG-06,Metastasis,8,TCGA-ER-A19T-06,Metastasis,0.9994462728500366,True
406,TCGA-FS-A1ZG-06,Metastasis,9,TCGA-EB-A5SH-06,Metastasis,0.9994411468505859,True
407,TCGA-YG-AA3P-06,Metastasis,0,TCGA-D3-A8GK-06,Metastasis,0.9999013543128967,True
407,TCGA-YG-AA3P-06,Metastasis,1,TCGA-GN-A263-01,Primary Tumor,0.9998480677604675,False
407,TCGA-YG-AA3P-06,Metastasis,2,TCGA-BF-A1PU-01,Primary Tumor,0.9998340606689453,False
407,TCGA-YG-AA3P-06,Metastasis,3,TCGA-ER-A19O-06,Metastasis,0.9997676014900208,True
407,TCGA-YG-AA3P-06,Metastasis,4,TCGA-D9-A4Z3-01,Primary Tumor,0.999701201915741,False
407,TCGA-YG-AA3P-06,Metastasis,5,TCGA-D3-A3C1-06,Metastasis,0.9996055960655212,True
407,TCGA-YG-AA3P-06,Metastasis,6,TCGA-FR-A7U8-06,Metastasis,0.9995570182800293,True
407,TCGA-YG-AA3P-06,Metastasis,7,TCGA-EB-A4OY-01,Primary Tumor,0.9995291829109192,False
407,TCGA-YG-AA3P-06,Metastasis,8,TCGA-RP-A690-06,Metastasis,0.9995236396789551,True
407,TCGA-YG-AA3P-06,Metastasis,9,TCGA-EE-A2GR-06,Metastasis,0.9994938969612122,True
408,TCGA-FS-A1ZS-06,Metastasis,0,TCGA-EB-A3XF-01,Primary Tumor,0.9993354678153992,False
408,TCGA-FS-A1ZS-06,Metastasis,1,TCGA-EE-A29A-06,Metastasis,0.9990497827529907,True
408,TCGA-FS-A1ZS-06,Metastasis,2,TCGA-BF-AAOX-01,Primary Tumor,0.9989601969718933,False
408,TCGA-FS-A1ZS-06,Metastasis,3,TCGA-D3-A51K-06,Metastasis,0.9988650679588318,True
408,TCGA-FS-A1ZS-06,Metastasis,4,TCGA-D3-A8GL-06,Metastasis,0.9987497329711914,True
408,TCGA-FS-A1ZS-06,Metastasis,5,TCGA-EE-A2GC-06,Metastasis,0.9986787438392639,True
408,TCGA-FS-A1ZS-06,Metastasis,6,TCGA-LH-A9QB-06,Metastasis,0.9986220002174377,True
408,TCGA-FS-A1ZS-06,Metastasis,7,TCGA-GN-A262-06,Metastasis,0.9984577894210815,True
408,TCGA-FS-A1ZS-06,Metastasis,8,TCGA-BF-AAP8-01,Primary Tumor,0.9984146952629089,False
408,TCGA-FS-A1ZS-06,Metastasis,9,TCGA-D9-A6EC-06,Metastasis,0.9983540773391724,True
409,TCGA-EB-A4P0-01,Primary Tumor,0,TCGA-ER-A42H-01,Primary Tumor,0.9999838471412659,True
409,TCGA-EB-A4P0-01,Primary Tumor,1,TCGA-D3-A3C6-06,Metastasis,0.9998980164527893,False
409,TCGA-EB-A4P0-01,Primary Tumor,2,TCGA-GN-A4U7-06,Metastasis,0.9998773336410522,False
409,TCGA-EB-A4P0-01,Primary Tumor,3,TCGA-EE-A2GT-06,Metastasis,0.9998518824577332,False
409,TCGA-EB-A4P0-01,Primary Tumor,4,TCGA-EE-A29C-06,Metastasis,0.9998248219490051,False
409,TCGA-EB-A4P0-01,Primary Tumor,5,TCGA-FR-A69P-06,Metastasis,0.9997913837432861,False
409,TCGA-EB-A4P0-01,Primary Tumor,6,TCGA-EE-A29L-06,Metastasis,0.9997823238372803,False
409,TCGA-EB-A4P0-01,Primary Tumor,7,TCGA-BF-A5EP-01,Primary Tumor,0.999703049659729,True
409,TCGA-EB-A4P0-01,Primary Tumor,8,TCGA-Z2-AA3V-06,Metastasis,0.9996482729911804,False
409,TCGA-EB-A4P0-01,Primary Tumor,9,TCGA-3N-A9WB-06,Metastasis,0.9996428489685059,False
410,TCGA-EE-A2GB-06,Metastasis,0,TCGA-EE-A2GK-06,Metastasis,0.998932957649231,True
410,TCGA-EE-A2GB-06,Metastasis,1,TCGA-FS-A1ZA-06,Metastasis,0.9984968900680542,True
410,TCGA-EE-A2GB-06,Metastasis,2,TCGA-FS-A1ZM-06,Metastasis,0.9981854557991028,True
410,TCGA-EE-A2GB-06,Metastasis,3,TCGA-BF-AAP1-01,Primary Tumor,0.9973407983779907,False
410,TCGA-EE-A2GB-06,Metastasis,4,TCGA-EB-A44R-06,Metastasis,0.9960764646530151,True
410,TCGA-EE-A2GB-06,Metastasis,5,TCGA-FS-A1Z4-06,Metastasis,0.9960412979125977,True
410,TCGA-EE-A2GB-06,Metastasis,6,TCGA-FS-A1ZR-06,Metastasis,0.9958027005195618,True
410,TCGA-EE-A2GB-06,Metastasis,7,TCGA-EB-A551-01,Primary Tumor,0.9945618510246277,False
410,TCGA-EE-A2GB-06,Metastasis,8,TCGA-D3-A2J9-06,Metastasis,0.9932821393013,True
410,TCGA-EE-A2GB-06,Metastasis,9,TCGA-D3-A3CE-06,Metastasis,0.9930422306060791,True
411,TCGA-D3-A3CC-06,Metastasis,0,TCGA-EB-A431-01,Primary Tumor,0.9999047517776489,False
411,TCGA-D3-A3CC-06,Metastasis,1,TCGA-EE-A3JH-06,Metastasis,0.9998735189437866,True
411,TCGA-D3-A3CC-06,Metastasis,2,TCGA-BF-AAOU-01,Primary Tumor,0.9996328353881836,False
411,TCGA-D3-A3CC-06,Metastasis,3,TCGA-D3-A51N-06,Metastasis,0.9993163347244263,True
411,TCGA-D3-A3CC-06,Metastasis,4,TCGA-FS-A1ZW-06,Metastasis,0.9991462826728821,True
411,TCGA-D3-A3CC-06,Metastasis,5,TCGA-EB-A85J-01,Primary Tumor,0.9990293979644775,False
411,TCGA-D3-A3CC-06,Metastasis,6,TCGA-EB-A82B-01,Primary Tumor,0.9989678859710693,False
411,TCGA-D3-A3CC-06,Metastasis,7,TCGA-EB-A44P-01,Primary Tumor,0.9989497065544128,False
411,TCGA-D3-A3CC-06,Metastasis,8,TCGA-ER-A19E-06,Metastasis,0.9987450242042542,True
411,TCGA-D3-A3CC-06,Metastasis,9,TCGA-D3-A8GE-06,Metastasis,0.9983119368553162,True
412,TCGA-BF-A3DL-01,Primary Tumor,0,TCGA-FS-A1ZY-06,Metastasis,0.9999842047691345,False
412,TCGA-BF-A3DL-01,Primary Tumor,1,TCGA-DA-A1IA-06,Metastasis,0.9998018741607666,False
412,TCGA-BF-A3DL-01,Primary Tumor,2,TCGA-FR-A3YO-06,Metastasis,0.999765932559967,False
412,TCGA-BF-A3DL-01,Primary Tumor,3,TCGA-EE-A29B-06,Metastasis,0.9996485710144043,False
412,TCGA-BF-A3DL-01,Primary Tumor,4,TCGA-XV-AB01-06,Metastasis,0.9994801878929138,False
412,TCGA-BF-A3DL-01,Primary Tumor,5,TCGA-FS-A1ZG-06,Metastasis,0.999427080154419,False
412,TCGA-BF-A3DL-01,Primary Tumor,6,TCGA-FS-A1ZU-06,Metastasis,0.9993952512741089,False
412,TCGA-BF-A3DL-01,Primary Tumor,7,TCGA-D3-A1Q1-06,Metastasis,0.9993942975997925,False
412,TCGA-BF-A3DL-01,Primary Tumor,8,TCGA-GN-A8LK-06,Metastasis,0.999314546585083,False
412,TCGA-BF-A3DL-01,Primary Tumor,9,TCGA-EB-A553-01,Primary Tumor,0.9992988109588623,True
413,TCGA-FS-A1Z3-06,Metastasis,0,TCGA-BF-AAP6-01,Primary Tumor,0.9996665716171265,False
413,TCGA-FS-A1Z3-06,Metastasis,1,TCGA-FS-A4F5-06,Metastasis,0.9996469616889954,True
413,TCGA-FS-A1Z3-06,Metastasis,2,TCGA-D3-A3MV-06,Metastasis,0.9996176958084106,True
413,TCGA-FS-A1Z3-06,Metastasis,3,TCGA-D3-A2JN-06,Metastasis,0.9992242455482483,True
413,TCGA-FS-A1Z3-06,Metastasis,4,TCGA-D3-A3CB-06,Metastasis,0.9992227554321289,True
413,TCGA-FS-A1Z3-06,Metastasis,5,TCGA-EE-A3AH-06,Metastasis,0.9991678595542908,True
413,TCGA-FS-A1Z3-06,Metastasis,6,TCGA-EE-A3AG-06,Metastasis,0.9989355802536011,True
413,TCGA-FS-A1Z3-06,Metastasis,7,TCGA-D3-A8GE-06,Metastasis,0.9988163113594055,True
413,TCGA-FS-A1Z3-06,Metastasis,8,TCGA-FS-A1ZZ-06,Metastasis,0.9985654950141907,True
413,TCGA-FS-A1Z3-06,Metastasis,9,TCGA-GF-A6C9-06,Metastasis,0.9985553026199341,True
414,TCGA-D9-A1JX-06,Metastasis,0,TCGA-D3-A3CF-06,Metastasis,0.9999029040336609,True
414,TCGA-D9-A1JX-06,Metastasis,1,TCGA-GN-A9SD-06,Metastasis,0.999472439289093,True
414,TCGA-D9-A1JX-06,Metastasis,2,TCGA-EE-A2GL-06,Metastasis,0.9994074702262878,True
414,TCGA-D9-A1JX-06,Metastasis,3,TCGA-EE-A2A2-06,Metastasis,0.9993944764137268,True
414,TCGA-D9-A1JX-06,Metastasis,4,TCGA-FS-A1ZT-06,Metastasis,0.9992657899856567,True
414,TCGA-D9-A1JX-06,Metastasis,5,TCGA-HR-A2OG-06,Metastasis,0.9986204504966736,True
414,TCGA-D9-A1JX-06,Metastasis,6,TCGA-EE-A2MS-06,Metastasis,0.9983199834823608,True
414,TCGA-D9-A1JX-06,Metastasis,7,TCGA-ER-A19H-06,Metastasis,0.9979411959648132,True
414,TCGA-D9-A1JX-06,Metastasis,8,TCGA-WE-A8K1-06,Metastasis,0.9979219436645508,True
414,TCGA-D9-A1JX-06,Metastasis,9,TCGA-D3-A2JH-06,Metastasis,0.9977680444717407,True
415,TCGA-ER-A195-06,Metastasis,0,TCGA-ER-A19H-06,Metastasis,0.9997783303260803,True
415,TCGA-ER-A195-06,Metastasis,1,TCGA-D3-A2JH-06,Metastasis,0.9996654987335205,True
415,TCGA-ER-A195-06,Metastasis,2,TCGA-HR-A2OG-06,Metastasis,0.9995667934417725,True
415,TCGA-ER-A195-06,Metastasis,3,TCGA-EB-A551-01,Primary Tumor,0.9994603395462036,False
415,TCGA-ER-A195-06,Metastasis,4,TCGA-D3-A2J9-06,Metastasis,0.9993914365768433,True
415,TCGA-ER-A195-06,Metastasis,5,TCGA-D3-A3CE-06,Metastasis,0.9988216757774353,True
415,TCGA-ER-A195-06,Metastasis,6,TCGA-EE-A2MS-06,Metastasis,0.9985349178314209,True
415,TCGA-ER-A195-06,Metastasis,7,TCGA-EE-A2MR-06,Metastasis,0.9984602928161621,True
415,TCGA-ER-A195-06,Metastasis,8,TCGA-GN-A266-06,Metastasis,0.9983266592025757,True
415,TCGA-ER-A195-06,Metastasis,9,TCGA-EE-A20F-06,Metastasis,0.9971716403961182,True
416,TCGA-D3-A2JL-06,Metastasis,0,TCGA-EB-A42Y-01,Primary Tumor,0.9998536109924316,False
416,TCGA-D3-A2JL-06,Metastasis,1,TCGA-ER-A3PL-06,Metastasis,0.9998042583465576,True
416,TCGA-D3-A2JL-06,Metastasis,2,TCGA-FS-A4F2-06,Metastasis,0.9997981190681458,True
416,TCGA-D3-A2JL-06,Metastasis,3,TCGA-EB-A85I-01,Primary Tumor,0.9997189044952393,False
416,TCGA-D3-A2JL-06,Metastasis,4,TCGA-QB-AA9O-06,Metastasis,0.9996482133865356,True
416,TCGA-D3-A2JL-06,Metastasis,5,TCGA-ER-A19F-06,Metastasis,0.9996447563171387,True
416,TCGA-D3-A2JL-06,Metastasis,6,TCGA-GN-A4U3-06,Metastasis,0.9996111392974854,True
416,TCGA-D3-A2JL-06,Metastasis,7,TCGA-GN-A264-06,Metastasis,0.9995872378349304,True
416,TCGA-D3-A2JL-06,Metastasis,8,TCGA-EB-A42Z-01,Primary Tumor,0.9995757341384888,False
416,TCGA-D3-A2JL-06,Metastasis,9,TCGA-D9-A6E9-06,Metastasis,0.9995686411857605,True
417,TCGA-EE-A2MH-06,Metastasis,0,TCGA-WE-A8ZR-06,Metastasis,0.9989990592002869,True
417,TCGA-EE-A2MH-06,Metastasis,1,TCGA-EE-A2GE-06,Metastasis,0.9978905320167542,True
417,TCGA-EE-A2MH-06,Metastasis,2,TCGA-EB-A4IS-01,Primary Tumor,0.9948121905326843,False
417,TCGA-EE-A2MH-06,Metastasis,3,TCGA-D3-A2JB-06,Metastasis,0.9944819211959839,True
417,TCGA-EE-A2MH-06,Metastasis,4,TCGA-EE-A2MG-06,Metastasis,0.993984580039978,True
417,TCGA-EE-A2MH-06,Metastasis,5,TCGA-DA-A1HV-06,Metastasis,0.9920907616615295,True
417,TCGA-EE-A2MH-06,Metastasis,6,TCGA-Z2-A8RT-06,Metastasis,0.9911991953849792,True
417,TCGA-EE-A2MH-06,Metastasis,7,TCGA-BF-AAP0-06,Metastasis,0.9906365275382996,True
417,TCGA-EE-A2MH-06,Metastasis,8,TCGA-EE-A29N-06,Metastasis,0.9905850291252136,True
417,TCGA-EE-A2MH-06,Metastasis,9,TCGA-EE-A3J3-06,Metastasis,0.9895212054252625,True
418,TCGA-D3-A8GN-06,Metastasis,0,TCGA-FS-A1ZQ-06,Metastasis,0.9999412298202515,True
418,TCGA-D3-A8GN-06,Metastasis,1,TCGA-D3-A1Q9-06,Metastasis,0.9998129606246948,True
418,TCGA-D3-A8GN-06,Metastasis,2,TCGA-ER-A2NG-06,Metastasis,0.9998065829277039,True
418,TCGA-D3-A8GN-06,Metastasis,3,TCGA-GN-A8LN-01,Primary Tumor,0.9997747540473938,False
418,TCGA-D3-A8GN-06,Metastasis,4,TCGA-ER-A19W-06,Metastasis,0.9996535181999207,True
418,TCGA-D3-A8GN-06,Metastasis,5,TCGA-D3-A1Q8-06,Metastasis,0.9996472001075745,True
418,TCGA-D3-A8GN-06,Metastasis,6,TCGA-EE-A2MD-06,Metastasis,0.999623715877533,True
418,TCGA-D3-A8GN-06,Metastasis,7,TCGA-EE-A2GU-06,Metastasis,0.9995678663253784,True
418,TCGA-D3-A8GN-06,Metastasis,8,TCGA-D3-A8GM-06,Metastasis,0.999529242515564,True
418,TCGA-D3-A8GN-06,Metastasis,9,TCGA-EE-A2M8-06,Metastasis,0.9994941353797913,True
419,TCGA-EE-A2M6-06,Metastasis,0,TCGA-BF-A3DN-01,Primary Tumor,0.9998422861099243,False
419,TCGA-EE-A2M6-06,Metastasis,1,TCGA-ER-A3ET-06,Metastasis,0.999809205532074,True
419,TCGA-EE-A2M6-06,Metastasis,2,TCGA-WE-A8ZT-06,Metastasis,0.9996973276138306,True
419,TCGA-EE-A2M6-06,Metastasis,3,TCGA-FR-A3R1-01,Primary Tumor,0.9996820688247681,False
419,TCGA-EE-A2M6-06,Metastasis,4,TCGA-RP-A693-06,Metastasis,0.9996524453163147,True
419,TCGA-EE-A2M6-06,Metastasis,5,TCGA-D3-A2J7-06,Metastasis,0.9996523261070251,True
419,TCGA-EE-A2M6-06,Metastasis,6,TCGA-EE-A2MU-06,Metastasis,0.9996023774147034,True
419,TCGA-EE-A2M6-06,Metastasis,7,TCGA-EB-A3Y6-01,Primary Tumor,0.9995180368423462,False
419,TCGA-EE-A2M6-06,Metastasis,8,TCGA-ER-A2NC-06,Metastasis,0.9995110034942627,True
419,TCGA-EE-A2M6-06,Metastasis,9,TCGA-D9-A3Z1-06,Metastasis,0.9994579553604126,True
420,TCGA-D3-A8GP-06,Metastasis,0,TCGA-QB-A6FS-06,Metastasis,0.9999693632125854,True
420,TCGA-D3-A8GP-06,Metastasis,1,TCGA-BF-A5EP-01,Primary Tumor,0.9999300241470337,False
420,TCGA-D3-A8GP-06,Metastasis,2,TCGA-EE-A29L-06,Metastasis,0.9999242424964905,True
420,TCGA-D3-A8GP-06,Metastasis,3,TCGA-GN-A268-06,Metastasis,0.9999175667762756,True
420,TCGA-D3-A8GP-06,Metastasis,4,TCGA-D3-A5GO-06,Metastasis,0.9998956322669983,True
420,TCGA-D3-A8GP-06,Metastasis,5,TCGA-EE-A180-06,Metastasis,0.9998772740364075,True
420,TCGA-D3-A8GP-06,Metastasis,6,TCGA-FS-A4F9-06,Metastasis,0.9998254776000977,True
420,TCGA-D3-A8GP-06,Metastasis,7,TCGA-D3-A2JE-06,Metastasis,0.9997881650924683,True
420,TCGA-D3-A8GP-06,Metastasis,8,TCGA-W3-AA21-06,Metastasis,0.9997511506080627,True
420,TCGA-D3-A8GP-06,Metastasis,9,TCGA-EE-A29C-06,Metastasis,0.99971604347229,True
421,TCGA-ER-A19C-06,Metastasis,0,TCGA-D3-A3C7-06,Metastasis,0.9999254941940308,True
421,TCGA-ER-A19C-06,Metastasis,1,TCGA-FS-A1YX-06,Metastasis,0.9998766779899597,True
421,TCGA-ER-A19C-06,Metastasis,2,TCGA-FR-A2OS-01,Primary Tumor,0.9998269081115723,False
421,TCGA-ER-A19C-06,Metastasis,3,TCGA-EB-A5SG-06,Metastasis,0.9997494220733643,True
421,TCGA-ER-A19C-06,Metastasis,4,TCGA-EE-A2MI-06,Metastasis,0.9995949268341064,True
421,TCGA-ER-A19C-06,Metastasis,5,TCGA-D3-A2JD-06,Metastasis,0.9995622038841248,True
421,TCGA-ER-A19C-06,Metastasis,6,TCGA-D9-A1JW-06,Metastasis,0.9994199275970459,True
421,TCGA-ER-A19C-06,Metastasis,7,TCGA-EE-A2GJ-06,Metastasis,0.9994044899940491,True
421,TCGA-ER-A19C-06,Metastasis,8,TCGA-D9-A1X3-06,Metastasis,0.9993591904640198,True
421,TCGA-ER-A19C-06,Metastasis,9,TCGA-W3-AA1O-06,Metastasis,0.9993428587913513,True
422,TCGA-EE-A2GS-06,Metastasis,0,TCGA-EE-A2GP-06,Metastasis,0.9994706511497498,True
422,TCGA-EE-A2GS-06,Metastasis,1,TCGA-GN-A266-06,Metastasis,0.999424397945404,True
422,TCGA-EE-A2GS-06,Metastasis,2,TCGA-EE-A2MR-06,Metastasis,0.999367356300354,True
422,TCGA-EE-A2GS-06,Metastasis,3,TCGA-EE-A2MS-06,Metastasis,0.9992343187332153,True
422,TCGA-EE-A2GS-06,Metastasis,4,TCGA-D3-A3MR-06,Metastasis,0.9984581470489502,True
422,TCGA-EE-A2GS-06,Metastasis,5,TCGA-ER-A19D-06,Metastasis,0.9984068870544434,True
422,TCGA-EE-A2GS-06,Metastasis,6,TCGA-FW-A5DY-06,Metastasis,0.9983041882514954,True
422,TCGA-EE-A2GS-06,Metastasis,7,TCGA-D3-A2JH-06,Metastasis,0.9982207417488098,True
422,TCGA-EE-A2GS-06,Metastasis,8,TCGA-FS-A1ZT-06,Metastasis,0.9981179237365723,True
422,TCGA-EE-A2GS-06,Metastasis,9,TCGA-D3-A51T-06,Metastasis,0.9980615973472595,True
423,TCGA-WE-A8K1-06,Metastasis,0,TCGA-DA-A1HW-06,Metastasis,0.9997463226318359,True
423,TCGA-WE-A8K1-06,Metastasis,1,TCGA-FR-A44A-06,Metastasis,0.9997256398200989,True
423,TCGA-WE-A8K1-06,Metastasis,2,TCGA-EE-A2A1-06,Metastasis,0.9994379281997681,True
423,TCGA-WE-A8K1-06,Metastasis,3,TCGA-EE-A2GI-06,Metastasis,0.9994342923164368,True
423,TCGA-WE-A8K1-06,Metastasis,4,TCGA-D3-A8GB-06,Metastasis,0.9993131756782532,True
423,TCGA-WE-A8K1-06,Metastasis,5,TCGA-D3-A2JC-06,Metastasis,0.9988548755645752,True
423,TCGA-WE-A8K1-06,Metastasis,6,TCGA-D3-A8GJ-06,Metastasis,0.9988172054290771,True
423,TCGA-WE-A8K1-06,Metastasis,7,TCGA-FS-A1ZT-06,Metastasis,0.9983155131340027,True
423,TCGA-WE-A8K1-06,Metastasis,8,TCGA-D3-A3CF-06,Metastasis,0.9982936978340149,True
423,TCGA-WE-A8K1-06,Metastasis,9,TCGA-EE-A2A6-06,Metastasis,0.9982883930206299,True
424,TCGA-EE-A2GD-06,Metastasis,0,TCGA-EB-A6L9-06,Metastasis,0.9998533725738525,True
424,TCGA-EE-A2GD-06,Metastasis,1,TCGA-FS-A1ZJ-06,Metastasis,0.9997313618659973,True
424,TCGA-EE-A2GD-06,Metastasis,2,TCGA-D3-A51E-06,Metastasis,0.9995966553688049,True
424,TCGA-EE-A2GD-06,Metastasis,3,TCGA-ER-A19J-06,Metastasis,0.99944007396698,True
424,TCGA-EE-A2GD-06,Metastasis,4,TCGA-EE-A2ML-06,Metastasis,0.9994128942489624,True
424,TCGA-EE-A2GD-06,Metastasis,5,TCGA-EB-A3XB-01,Primary Tumor,0.9990795850753784,False
424,TCGA-EE-A2GD-06,Metastasis,6,TCGA-EE-A29P-06,Metastasis,0.9990338087081909,True
424,TCGA-EE-A2GD-06,Metastasis,7,TCGA-EE-A2MQ-06,Metastasis,0.9990188479423523,True
424,TCGA-EE-A2GD-06,Metastasis,8,TCGA-EE-A3AA-06,Metastasis,0.9990136623382568,True
424,TCGA-EE-A2GD-06,Metastasis,9,TCGA-EB-A5UM-01,Primary Tumor,0.998848557472229,False
425,TCGA-ER-A19H-06,Metastasis,0,TCGA-HR-A2OG-06,Metastasis,0.9999069571495056,True
425,TCGA-ER-A19H-06,Metastasis,1,TCGA-ER-A195-06,Metastasis,0.9997783303260803,True
425,TCGA-ER-A19H-06,Metastasis,2,TCGA-D3-A2JH-06,Metastasis,0.999754011631012,True
425,TCGA-ER-A19H-06,Metastasis,3,TCGA-D3-A2J9-06,Metastasis,0.9991808533668518,True
425,TCGA-ER-A19H-06,Metastasis,4,TCGA-EB-A551-01,Primary Tumor,0.9987807869911194,False
425,TCGA-ER-A19H-06,Metastasis,5,TCGA-D3-A3CE-06,Metastasis,0.9987670183181763,True
425,TCGA-ER-A19H-06,Metastasis,6,TCGA-EE-A2MS-06,Metastasis,0.9986982345581055,True
425,TCGA-ER-A19H-06,Metastasis,7,TCGA-GN-A266-06,Metastasis,0.9981381297111511,True
425,TCGA-ER-A19H-06,Metastasis,8,TCGA-EE-A2MR-06,Metastasis,0.9979496598243713,True
425,TCGA-ER-A19H-06,Metastasis,9,TCGA-D9-A1JX-06,Metastasis,0.9979411959648132,True
426,TCGA-EE-A2MC-06,Metastasis,0,TCGA-ER-A1A1-06,Metastasis,0.9987059831619263,True
426,TCGA-EE-A2MC-06,Metastasis,1,TCGA-ER-A19A-06,Metastasis,0.9881119132041931,True
426,TCGA-EE-A2MC-06,Metastasis,2,TCGA-FR-A7UA-06,Metastasis,0.9879978895187378,True
426,TCGA-EE-A2MC-06,Metastasis,3,TCGA-EE-A2GB-06,Metastasis,0.9873812198638916,True
426,TCGA-EE-A2MC-06,Metastasis,4,TCGA-EE-A2GK-06,Metastasis,0.9871779680252075,True
426,TCGA-EE-A2MC-06,Metastasis,5,TCGA-FS-A1ZR-06,Metastasis,0.986594557762146,True
426,TCGA-EE-A2MC-06,Metastasis,6,TCGA-FW-A3I3-06,Metastasis,0.9843080043792725,True
426,TCGA-EE-A2MC-06,Metastasis,7,TCGA-FS-A1ZA-06,Metastasis,0.982576847076416,True
426,TCGA-EE-A2MC-06,Metastasis,8,TCGA-EB-A44R-06,Metastasis,0.9823887348175049,True
426,TCGA-EE-A2MC-06,Metastasis,9,TCGA-EB-A6R0-01,Primary Tumor,0.9822772741317749,False
427,TCGA-ER-A19L-06,Metastasis,0,TCGA-FR-A69P-06,Metastasis,0.9998800158500671,True
427,TCGA-ER-A19L-06,Metastasis,1,TCGA-ER-A2NF-06,Metastasis,0.9998290538787842,True
427,TCGA-ER-A19L-06,Metastasis,2,TCGA-WE-A8K6-06,Metastasis,0.9998046159744263,True
427,TCGA-ER-A19L-06,Metastasis,3,TCGA-FS-A1ZE-06,Metastasis,0.9997106790542603,True
427,TCGA-ER-A19L-06,Metastasis,4,TCGA-EB-A5UN-06,Metastasis,0.9996618628501892,True
427,TCGA-ER-A19L-06,Metastasis,5,TCGA-EE-A17Z-06,Metastasis,0.9996191263198853,True
427,TCGA-ER-A19L-06,Metastasis,6,TCGA-EB-A4P0-01,Primary Tumor,0.9994873404502869,False
427,TCGA-ER-A19L-06,Metastasis,7,TCGA-DA-A1I7-06,Metastasis,0.9994710087776184,True
427,TCGA-ER-A19L-06,Metastasis,8,TCGA-D3-A3C6-06,Metastasis,0.9994620680809021,True
427,TCGA-ER-A19L-06,Metastasis,9,TCGA-EE-A29V-06,Metastasis,0.9994242787361145,True
428,TCGA-WE-A8K6-06,Metastasis,0,TCGA-EB-A5UN-06,Metastasis,0.999854326248169,True
428,TCGA-WE-A8K6-06,Metastasis,1,TCGA-DA-A3F5-06,Metastasis,0.9998399615287781,True
428,TCGA-WE-A8K6-06,Metastasis,2,TCGA-ER-A2NF-06,Metastasis,0.9998335838317871,True
428,TCGA-WE-A8K6-06,Metastasis,3,TCGA-ER-A19L-06,Metastasis,0.9998046159744263,True
428,TCGA-WE-A8K6-06,Metastasis,4,TCGA-DA-A1I7-06,Metastasis,0.999742865562439,True
428,TCGA-WE-A8K6-06,Metastasis,5,TCGA-FS-A1ZE-06,Metastasis,0.9995303153991699,True
428,TCGA-WE-A8K6-06,Metastasis,6,TCGA-FR-A69P-06,Metastasis,0.9995183348655701,True
428,TCGA-WE-A8K6-06,Metastasis,7,TCGA-EB-A6QZ-01,Primary Tumor,0.9994710087776184,False
428,TCGA-WE-A8K6-06,Metastasis,8,TCGA-GF-A769-01,Primary Tumor,0.9993759393692017,False
428,TCGA-WE-A8K6-06,Metastasis,9,TCGA-EE-A29V-06,Metastasis,0.999354898929596,True
429,TCGA-EE-A2A5-06,Metastasis,0,TCGA-D3-A5GS-06,Metastasis,0.9999624490737915,True
429,TCGA-EE-A2A5-06,Metastasis,1,TCGA-D9-A1JW-06,Metastasis,0.999904990196228,True
429,TCGA-EE-A2A5-06,Metastasis,2,TCGA-EE-A3JI-06,Metastasis,0.9998996257781982,True
429,TCGA-EE-A2A5-06,Metastasis,3,TCGA-D3-A1QA-06,Metastasis,0.9998635649681091,True
429,TCGA-EE-A2A5-06,Metastasis,4,TCGA-BF-A1PV-01,Primary Tumor,0.9998629689216614,False
429,TCGA-EE-A2A5-06,Metastasis,5,TCGA-FS-A4FD-06,Metastasis,0.9998552203178406,True
429,TCGA-EE-A2A5-06,Metastasis,6,TCGA-D3-A2JD-06,Metastasis,0.9998306035995483,True
429,TCGA-EE-A2A5-06,Metastasis,7,TCGA-EE-A2MI-06,Metastasis,0.9997997283935547,True
429,TCGA-EE-A2A5-06,Metastasis,8,TCGA-EB-A41B-01,Primary Tumor,0.9997898936271667,False
429,TCGA-EE-A2A5-06,Metastasis,9,TCGA-EE-A2MT-06,Metastasis,0.9997438192367554,True
430,TCGA-EE-A2ME-06,Metastasis,0,TCGA-ER-A2NF-01,Primary Tumor,0.9995070099830627,False
430,TCGA-EE-A2ME-06,Metastasis,1,TCGA-D3-A8GS-06,Metastasis,0.9988431930541992,True
430,TCGA-EE-A2ME-06,Metastasis,2,TCGA-DA-A1HY-06,Metastasis,0.9985719323158264,True
430,TCGA-EE-A2ME-06,Metastasis,3,TCGA-EB-A24D-01,Primary Tumor,0.997672438621521,False
430,TCGA-EE-A2ME-06,Metastasis,4,TCGA-EE-A2A0-06,Metastasis,0.9972915053367615,True
430,TCGA-EE-A2ME-06,Metastasis,5,TCGA-BF-AAP7-01,Primary Tumor,0.9971030950546265,False
430,TCGA-EE-A2ME-06,Metastasis,6,TCGA-GF-A4EO-06,Metastasis,0.9970925450325012,True
430,TCGA-EE-A2ME-06,Metastasis,7,TCGA-EE-A2M7-06,Metastasis,0.9966148734092712,True
430,TCGA-EE-A2ME-06,Metastasis,8,TCGA-D3-A8GC-06,Metastasis,0.9964591860771179,True
430,TCGA-EE-A2ME-06,Metastasis,9,TCGA-EE-A2MP-06,Metastasis,0.9963042736053467,True
431,TCGA-GN-A26D-06,Metastasis,0,TCGA-EB-A41A-01,Primary Tumor,0.9998969435691833,False
431,TCGA-GN-A26D-06,Metastasis,1,TCGA-EB-A5UM-01,Primary Tumor,0.9998517632484436,False
431,TCGA-GN-A26D-06,Metastasis,2,TCGA-ER-A193-06,Metastasis,0.999786376953125,True
431,TCGA-GN-A26D-06,Metastasis,3,TCGA-EE-A2MF-06,Metastasis,0.9997803568840027,True
431,TCGA-GN-A26D-06,Metastasis,4,TCGA-EE-A2MQ-06,Metastasis,0.9997166395187378,True
431,TCGA-GN-A26D-06,Metastasis,5,TCGA-ER-A199-06,Metastasis,0.9995314478874207,True
431,TCGA-GN-A26D-06,Metastasis,6,TCGA-FS-A1ZJ-06,Metastasis,0.9994848370552063,True
431,TCGA-GN-A26D-06,Metastasis,7,TCGA-GN-A4U4-06,Metastasis,0.9993701577186584,True
431,TCGA-GN-A26D-06,Metastasis,8,TCGA-EE-A2ML-06,Metastasis,0.9992644190788269,True
431,TCGA-GN-A26D-06,Metastasis,9,TCGA-D3-A2JF-06,Metastasis,0.9989224672317505,True
432,TCGA-D3-A2J9-06,Metastasis,0,TCGA-D3-A3CE-06,Metastasis,0.9998226761817932,True
432,TCGA-D3-A2J9-06,Metastasis,1,TCGA-ER-A195-06,Metastasis,0.9993914365768433,True
432,TCGA-D3-A2J9-06,Metastasis,2,TCGA-ER-A19H-06,Metastasis,0.9991808533668518,True
432,TCGA-D3-A2J9-06,Metastasis,3,TCGA-EB-A551-01,Primary Tumor,0.998744010925293,False
432,TCGA-D3-A2J9-06,Metastasis,4,TCGA-HR-A2OG-06,Metastasis,0.9987239241600037,True
432,TCGA-D3-A2J9-06,Metastasis,5,TCGA-FS-A1Z4-06,Metastasis,0.9985076189041138,True
432,TCGA-D3-A2J9-06,Metastasis,6,TCGA-EE-A20F-06,Metastasis,0.9984857439994812,True
432,TCGA-D3-A2J9-06,Metastasis,7,TCGA-D3-A2JH-06,Metastasis,0.9984608888626099,True
432,TCGA-D3-A2J9-06,Metastasis,8,TCGA-FS-A1ZM-06,Metastasis,0.998357892036438,True
432,TCGA-D3-A2J9-06,Metastasis,9,TCGA-FS-A1ZA-06,Metastasis,0.996619462966919,True
433,TCGA-FS-A4FB-06,Metastasis,0,TCGA-D3-A2J6-06,Metastasis,0.9998878240585327,True
433,TCGA-FS-A4FB-06,Metastasis,1,TCGA-EE-A2GO-06,Metastasis,0.9998284578323364,True
433,TCGA-FS-A4FB-06,Metastasis,2,TCGA-D9-A6EC-06,Metastasis,0.9997686743736267,True
433,TCGA-FS-A4FB-06,Metastasis,3,TCGA-BF-AAP8-01,Primary Tumor,0.9997372627258301,False
433,TCGA-FS-A4FB-06,Metastasis,4,TCGA-Z2-AA3V-06,Metastasis,0.9997327327728271,True
433,TCGA-FS-A4FB-06,Metastasis,5,TCGA-3N-A9WB-06,Metastasis,0.9996926188468933,True
433,TCGA-FS-A4FB-06,Metastasis,6,TCGA-D3-A8GV-06,Metastasis,0.9996665120124817,True
433,TCGA-FS-A4FB-06,Metastasis,7,TCGA-EE-A2GC-06,Metastasis,0.9996381402015686,True
433,TCGA-FS-A4FB-06,Metastasis,8,TCGA-LH-A9QB-06,Metastasis,0.9995470643043518,True
433,TCGA-FS-A4FB-06,Metastasis,9,TCGA-FS-A4F9-06,Metastasis,0.9994955062866211,True
434,TCGA-EE-A29Q-06,Metastasis,0,TCGA-BF-A1Q0-01,Primary Tumor,0.9997769594192505,False
434,TCGA-EE-A29Q-06,Metastasis,1,TCGA-DA-A1I1-06,Metastasis,0.9995092153549194,True
434,TCGA-EE-A29Q-06,Metastasis,2,TCGA-WE-AAA0-06,Metastasis,0.9992316365242004,True
434,TCGA-EE-A29Q-06,Metastasis,3,TCGA-ER-A42L-06,Metastasis,0.9990178942680359,True
434,TCGA-EE-A29Q-06,Metastasis,4,TCGA-EE-A3AC-06,Metastasis,0.9989608526229858,True
434,TCGA-EE-A29Q-06,Metastasis,5,TCGA-EE-A29M-06,Metastasis,0.9989513158798218,True
434,TCGA-EE-A29Q-06,Metastasis,6,TCGA-D3-A8GJ-06,Metastasis,0.9987559914588928,True
434,TCGA-EE-A29Q-06,Metastasis,7,TCGA-EE-A2GI-06,Metastasis,0.9987214207649231,True
434,TCGA-EE-A29Q-06,Metastasis,8,TCGA-EE-A2MJ-06,Metastasis,0.9985799193382263,True
434,TCGA-EE-A29Q-06,Metastasis,9,TCGA-EE-A2A1-06,Metastasis,0.9984424114227295,True
435,TCGA-D3-A3C3-06,Metastasis,0,TCGA-DA-A3F3-06,Metastasis,0.9998165965080261,True
435,TCGA-D3-A3C3-06,Metastasis,1,TCGA-W3-AA1W-06,Metastasis,0.9997076392173767,True
435,TCGA-D3-A3C3-06,Metastasis,2,TCGA-ER-A2NC-06,Metastasis,0.9997020959854126,True
435,TCGA-D3-A3C3-06,Metastasis,3,TCGA-D3-A3BZ-06,Metastasis,0.9996644258499146,True
435,TCGA-D3-A3C3-06,Metastasis,4,TCGA-EE-A29P-06,Metastasis,0.9996254444122314,True
435,TCGA-D3-A3C3-06,Metastasis,5,TCGA-EE-A2MU-06,Metastasis,0.9995322227478027,True
435,TCGA-D3-A3C3-06,Metastasis,6,TCGA-EB-A3Y6-01,Primary Tumor,0.9994508028030396,False
435,TCGA-D3-A3C3-06,Metastasis,7,TCGA-GF-A6C9-06,Metastasis,0.9994391798973083,True
435,TCGA-D3-A3C3-06,Metastasis,8,TCGA-GN-A26C-01,Primary Tumor,0.9992772936820984,False
435,TCGA-D3-A3C3-06,Metastasis,9,TCGA-WE-A8ZT-06,Metastasis,0.9990546703338623,True
436,TCGA-Z2-AA3V-06,Metastasis,0,TCGA-3N-A9WB-06,Metastasis,0.9999208450317383,True
436,TCGA-Z2-AA3V-06,Metastasis,1,TCGA-FS-A4F9-06,Metastasis,0.9999066591262817,True
436,TCGA-Z2-AA3V-06,Metastasis,2,TCGA-BF-A5EP-01,Primary Tumor,0.9998621940612793,False
436,TCGA-Z2-AA3V-06,Metastasis,3,TCGA-EE-A2GT-06,Metastasis,0.9998396635055542,True
436,TCGA-Z2-AA3V-06,Metastasis,4,TCGA-D3-A2J6-06,Metastasis,0.9998388886451721,True
436,TCGA-Z2-AA3V-06,Metastasis,5,TCGA-GN-A268-06,Metastasis,0.9998212456703186,True
436,TCGA-Z2-AA3V-06,Metastasis,6,TCGA-D3-A8GV-06,Metastasis,0.999817967414856,True
436,TCGA-Z2-AA3V-06,Metastasis,7,TCGA-EE-A29L-06,Metastasis,0.9998151659965515,True
436,TCGA-Z2-AA3V-06,Metastasis,8,TCGA-GN-A4U7-06,Metastasis,0.9997862577438354,True
436,TCGA-Z2-AA3V-06,Metastasis,9,TCGA-QB-A6FS-06,Metastasis,0.9997801780700684,True
437,TCGA-EB-A3HV-01,Primary Tumor,0,TCGA-EB-A3XE-01,Primary Tumor,0.9987871050834656,True
437,TCGA-EB-A3HV-01,Primary Tumor,1,TCGA-XV-A9VZ-01,Primary Tumor,0.9987503290176392,True
437,TCGA-EB-A3HV-01,Primary Tumor,2,TCGA-XV-AAZV-01,Primary Tumor,0.9985758662223816,True
437,TCGA-EB-A3HV-01,Primary Tumor,3,TCGA-D3-A51R-06,Metastasis,0.9981170892715454,False
437,TCGA-EB-A3HV-01,Primary Tumor,4,TCGA-EB-A5FP-01,Primary Tumor,0.9968628883361816,True
437,TCGA-EB-A3HV-01,Primary Tumor,5,TCGA-YG-AA3N-01,Primary Tumor,0.994003415107727,True
437,TCGA-EB-A3HV-01,Primary Tumor,6,TCGA-WE-A8ZQ-06,Metastasis,0.9935559630393982,False
437,TCGA-EB-A3HV-01,Primary Tumor,7,TCGA-EB-A3XC-01,Primary Tumor,0.9933826923370361,True
437,TCGA-EB-A3HV-01,Primary Tumor,8,TCGA-GF-A2C7-01,Primary Tumor,0.9903247952461243,True
437,TCGA-EB-A3HV-01,Primary Tumor,9,TCGA-DA-A1I8-06,Metastasis,0.9898006916046143,False
438,TCGA-FS-A1ZZ-06,Metastasis,0,TCGA-FS-A4F5-06,Metastasis,0.9995540976524353,True
438,TCGA-FS-A1ZZ-06,Metastasis,1,TCGA-EE-A3AD-06,Metastasis,0.9994434118270874,True
438,TCGA-FS-A1ZZ-06,Metastasis,2,TCGA-GN-A26C-01,Primary Tumor,0.9994251132011414,False
438,TCGA-FS-A1ZZ-06,Metastasis,3,TCGA-D3-A3MV-06,Metastasis,0.9994150400161743,True
438,TCGA-FS-A1ZZ-06,Metastasis,4,TCGA-FS-A1ZF-06,Metastasis,0.9991515874862671,True
438,TCGA-FS-A1ZZ-06,Metastasis,5,TCGA-BF-AAP6-01,Primary Tumor,0.9987142086029053,False
438,TCGA-FS-A1ZZ-06,Metastasis,6,TCGA-EE-A29T-06,Metastasis,0.9986744523048401,True
438,TCGA-FS-A1ZZ-06,Metastasis,7,TCGA-FS-A1Z3-06,Metastasis,0.9985654950141907,True
438,TCGA-FS-A1ZZ-06,Metastasis,8,TCGA-W3-AA1W-06,Metastasis,0.9984996914863586,True
438,TCGA-FS-A1ZZ-06,Metastasis,9,TCGA-ER-A42K-06,Metastasis,0.9984400272369385,True
439,TCGA-GF-A6C8-06,Metastasis,0,TCGA-D3-A3MU-06,Metastasis,0.999985933303833,True
439,TCGA-GF-A6C8-06,Metastasis,1,TCGA-BF-A5EQ-01,Primary Tumor,0.99978107213974,False
439,TCGA-GF-A6C8-06,Metastasis,2,TCGA-EE-A183-06,Metastasis,0.9997778534889221,True
439,TCGA-GF-A6C8-06,Metastasis,3,TCGA-ER-A19Q-06,Metastasis,0.9993597865104675,True
439,TCGA-GF-A6C8-06,Metastasis,4,TCGA-EE-A184-06,Metastasis,0.9993458986282349,True
439,TCGA-GF-A6C8-06,Metastasis,5,TCGA-GN-A4U4-06,Metastasis,0.999225378036499,True
439,TCGA-GF-A6C8-06,Metastasis,6,TCGA-EE-A2MM-06,Metastasis,0.9991854429244995,True
439,TCGA-GF-A6C8-06,Metastasis,7,TCGA-EE-A2GN-06,Metastasis,0.9991818070411682,True
439,TCGA-GF-A6C8-06,Metastasis,8,TCGA-RP-A6K9-06,Metastasis,0.9991610050201416,True
439,TCGA-GF-A6C8-06,Metastasis,9,TCGA-YD-A9TB-06,Metastasis,0.9990684986114502,True
440,TCGA-EB-A299-01,Primary Tumor,0,010_N,Benign Nevus,0.9762730598449707,False
440,TCGA-EB-A299-01,Primary Tumor,1,TCGA-EE-A29G-06,Metastasis,0.9758157134056091,False
440,TCGA-EB-A299-01,Primary Tumor,2,TCGA-EB-A44N-01,Primary Tumor,0.9710323810577393,True
440,TCGA-EB-A299-01,Primary Tumor,3,031_N,Benign Nevus,0.9679522514343262,False
440,TCGA-EB-A299-01,Primary Tumor,4,TCGA-EB-A6QY-01,Primary Tumor,0.935123860836029,True
440,TCGA-EB-A299-01,Primary Tumor,5,LE-029-SE-030_N,Benign Nevus,0.9203737378120422,False
440,TCGA-EB-A299-01,Primary Tumor,6,TCGA-EB-A550-01,Primary Tumor,0.9191568493843079,True
440,TCGA-EB-A299-01,Primary Tumor,7,TCGA-FR-A726-01,Primary Tumor,0.9103004932403564,True
440,TCGA-EB-A299-01,Primary Tumor,8,TCGA-GN-A4U5-01,Primary Tumor,0.9102916121482849,True
440,TCGA-EB-A299-01,Primary Tumor,9,FKH-027-028_N,Benign Nevus,0.9023574590682983,False
441,TCGA-EE-A3AC-06,Metastasis,0,TCGA-FS-A1Z0-06,Metastasis,0.9999019503593445,True
441,TCGA-EE-A3AC-06,Metastasis,1,TCGA-DA-A1I1-06,Metastasis,0.9997267127037048,True
441,TCGA-EE-A3AC-06,Metastasis,2,TCGA-WE-AAA0-06,Metastasis,0.9996722340583801,True
441,TCGA-EE-A3AC-06,Metastasis,3,TCGA-WE-A8ZX-06,Metastasis,0.9994258880615234,True
441,TCGA-EE-A3AC-06,Metastasis,4,TCGA-BF-A1Q0-01,Primary Tumor,0.9993482828140259,False
441,TCGA-EE-A3AC-06,Metastasis,5,TCGA-DA-A1I5-06,Metastasis,0.9993266463279724,True
441,TCGA-EE-A3AC-06,Metastasis,6,TCGA-OD-A75X-06,Metastasis,0.9992875456809998,True
441,TCGA-EE-A3AC-06,Metastasis,7,TCGA-EE-A29M-06,Metastasis,0.9992692470550537,True
441,TCGA-EE-A3AC-06,Metastasis,8,TCGA-EE-A2MJ-06,Metastasis,0.9992243051528931,True
441,TCGA-EE-A3AC-06,Metastasis,9,TCGA-ER-A19S-06,Metastasis,0.9991653561592102,True
442,TCGA-D3-A5GO-06,Metastasis,0,TCGA-GN-A268-06,Metastasis,0.9999625086784363,True
442,TCGA-D3-A5GO-06,Metastasis,1,TCGA-EE-A180-06,Metastasis,0.9999386668205261,True
442,TCGA-D3-A5GO-06,Metastasis,2,TCGA-FS-A4F9-06,Metastasis,0.9999139904975891,True
442,TCGA-D3-A5GO-06,Metastasis,3,TCGA-D3-A8GP-06,Metastasis,0.9998956322669983,True
442,TCGA-D3-A5GO-06,Metastasis,4,TCGA-QB-A6FS-06,Metastasis,0.999881386756897,True
442,TCGA-D3-A5GO-06,Metastasis,5,TCGA-ER-A2ND-06,Metastasis,0.9998642206192017,True
442,TCGA-D3-A5GO-06,Metastasis,6,TCGA-D3-A8GV-06,Metastasis,0.9998511075973511,True
442,TCGA-D3-A5GO-06,Metastasis,7,TCGA-BF-A5EP-01,Primary Tumor,0.9998390674591064,False
442,TCGA-D3-A5GO-06,Metastasis,8,TCGA-EE-A29L-06,Metastasis,0.9997962713241577,True
442,TCGA-D3-A5GO-06,Metastasis,9,TCGA-Z2-AA3V-06,Metastasis,0.999722957611084,True
443,TCGA-FS-A1ZQ-06,Metastasis,0,TCGA-D3-A8GN-06,Metastasis,0.9999412298202515,True
443,TCGA-FS-A1ZQ-06,Metastasis,1,TCGA-D3-A1Q9-06,Metastasis,0.9997868537902832,True
443,TCGA-FS-A1ZQ-06,Metastasis,2,TCGA-D3-A1Q8-06,Metastasis,0.9997801780700684,True
443,TCGA-FS-A1ZQ-06,Metastasis,3,TCGA-EE-A2MD-06,Metastasis,0.9997565150260925,True
443,TCGA-FS-A1ZQ-06,Metastasis,4,TCGA-EE-A2GU-06,Metastasis,0.9996904730796814,True
443,TCGA-FS-A1ZQ-06,Metastasis,5,TCGA-GN-A8LN-01,Primary Tumor,0.9996765851974487,False
443,TCGA-FS-A1ZQ-06,Metastasis,6,TCGA-ER-A2NG-06,Metastasis,0.9995931386947632,True
443,TCGA-FS-A1ZQ-06,Metastasis,7,TCGA-ER-A19W-06,Metastasis,0.9995845556259155,True
443,TCGA-FS-A1ZQ-06,Metastasis,8,TCGA-D3-A8GM-06,Metastasis,0.9995365142822266,True
443,TCGA-FS-A1ZQ-06,Metastasis,9,TCGA-D3-A2JA-06,Metastasis,0.9992496371269226,True
444,TCGA-GN-A26C-01,Primary Tumor,0,TCGA-W3-AA1W-06,Metastasis,0.9997196793556213,False
444,TCGA-GN-A26C-01,Primary Tumor,1,TCGA-D3-A3BZ-06,Metastasis,0.9995394945144653,False
444,TCGA-GN-A26C-01,Primary Tumor,2,TCGA-FS-A1ZZ-06,Metastasis,0.9994251132011414,False
444,TCGA-GN-A26C-01,Primary Tumor,3,TCGA-D3-A3C3-06,Metastasis,0.9992772936820984,False
444,TCGA-GN-A26C-01,Primary Tumor,4,TCGA-FS-A4F5-06,Metastasis,0.9992684125900269,False
444,TCGA-GN-A26C-01,Primary Tumor,5,TCGA-ER-A2NC-06,Metastasis,0.9992339611053467,False
444,TCGA-GN-A26C-01,Primary Tumor,6,TCGA-GF-A6C9-06,Metastasis,0.9991953372955322,False
444,TCGA-GN-A26C-01,Primary Tumor,7,TCGA-EE-A2MU-06,Metastasis,0.9991494417190552,False
444,TCGA-GN-A26C-01,Primary Tumor,8,TCGA-EB-A3Y6-01,Primary Tumor,0.9990401864051819,True
444,TCGA-GN-A26C-01,Primary Tumor,9,TCGA-DA-A3F3-06,Metastasis,0.9989160299301147,False
445,TCGA-XV-AAZV-01,Primary Tumor,0,TCGA-EB-A3XE-01,Primary Tumor,0.999957799911499,True
445,TCGA-XV-AAZV-01,Primary Tumor,1,TCGA-XV-A9VZ-01,Primary Tumor,0.9992138743400574,True
445,TCGA-XV-AAZV-01,Primary Tumor,2,TCGA-D3-A51R-06,Metastasis,0.9990960359573364,False
445,TCGA-XV-AAZV-01,Primary Tumor,3,TCGA-EB-A3HV-01,Primary Tumor,0.9985758662223816,True
445,TCGA-XV-AAZV-01,Primary Tumor,4,TCGA-EB-A3XC-01,Primary Tumor,0.9980757236480713,True
445,TCGA-XV-AAZV-01,Primary Tumor,5,TCGA-EB-A5FP-01,Primary Tumor,0.9978769421577454,True
445,TCGA-XV-AAZV-01,Primary Tumor,6,TCGA-YG-AA3N-01,Primary Tumor,0.9969189167022705,True
445,TCGA-XV-AAZV-01,Primary Tumor,7,TCGA-GF-A2C7-01,Primary Tumor,0.9950338006019592,True
445,TCGA-XV-AAZV-01,Primary Tumor,8,TCGA-WE-A8ZQ-06,Metastasis,0.9948609471321106,False
445,TCGA-XV-AAZV-01,Primary Tumor,9,TCGA-EB-A57M-01,Primary Tumor,0.9935446977615356,True
446,TCGA-FS-A1ZU-06,Metastasis,0,TCGA-GN-A8LK-06,Metastasis,0.999958336353302,True
446,TCGA-FS-A1ZU-06,Metastasis,1,TCGA-EB-A553-01,Primary Tumor,0.9999019503593445,False
446,TCGA-FS-A1ZU-06,Metastasis,2,TCGA-XV-AB01-06,Metastasis,0.9998519420623779,True
446,TCGA-FS-A1ZU-06,Metastasis,3,TCGA-D3-A1Q1-06,Metastasis,0.9997855424880981,True
446,TCGA-FS-A1ZU-06,Metastasis,4,TCGA-EE-A29B-06,Metastasis,0.9997822642326355,True
446,TCGA-FS-A1ZU-06,Metastasis,5,TCGA-BF-A5ER-01,Primary Tumor,0.99978107213974,False
446,TCGA-FS-A1ZU-06,Metastasis,6,TCGA-EE-A29E-06,Metastasis,0.9997543096542358,True
446,TCGA-FS-A1ZU-06,Metastasis,7,TCGA-EB-A3Y7-01,Primary Tumor,0.9997425675392151,False
446,TCGA-FS-A1ZU-06,Metastasis,8,TCGA-D3-A8GI-06,Metastasis,0.9997154474258423,True
446,TCGA-FS-A1ZU-06,Metastasis,9,TCGA-DA-A95Z-06,Metastasis,0.9996904134750366,True
447,TCGA-WE-AAA0-06,Metastasis,0,TCGA-EE-A3AC-06,Metastasis,0.9996722340583801,True
447,TCGA-WE-AAA0-06,Metastasis,1,TCGA-DA-A1I1-06,Metastasis,0.9995633363723755,True
447,TCGA-WE-AAA0-06,Metastasis,2,TCGA-BF-A1Q0-01,Primary Tumor,0.9993959069252014,False
447,TCGA-WE-AAA0-06,Metastasis,3,TCGA-FW-A3TV-06,Metastasis,0.9993884563446045,True
447,TCGA-WE-AAA0-06,Metastasis,4,TCGA-FS-A1Z0-06,Metastasis,0.9993538856506348,True
447,TCGA-WE-AAA0-06,Metastasis,5,TCGA-DA-A1I2-06,Metastasis,0.9993281364440918,True
447,TCGA-WE-AAA0-06,Metastasis,6,TCGA-DA-A1I5-06,Metastasis,0.9993236660957336,True
447,TCGA-WE-AAA0-06,Metastasis,7,TCGA-EE-A29Q-06,Metastasis,0.9992316365242004,True
447,TCGA-WE-AAA0-06,Metastasis,8,TCGA-WE-A8ZX-06,Metastasis,0.9991047978401184,True
447,TCGA-WE-AAA0-06,Metastasis,9,TCGA-EE-A3AE-06,Metastasis,0.9988152980804443,True
448,TCGA-GN-A4U3-06,Metastasis,0,TCGA-FS-A4F2-06,Metastasis,0.9999489188194275,True
448,TCGA-GN-A4U3-06,Metastasis,1,TCGA-EB-A85I-01,Primary Tumor,0.9999362230300903,False
448,TCGA-GN-A4U3-06,Metastasis,2,TCGA-WE-AAA4-06,Metastasis,0.9998782873153687,True
448,TCGA-GN-A4U3-06,Metastasis,3,TCGA-YD-A89C-06,Metastasis,0.9998761415481567,True
448,TCGA-GN-A4U3-06,Metastasis,4,TCGA-ER-A3PL-06,Metastasis,0.9998385310173035,True
448,TCGA-GN-A4U3-06,Metastasis,5,TCGA-ER-A19F-06,Metastasis,0.9998319149017334,True
448,TCGA-GN-A4U3-06,Metastasis,6,TCGA-GN-A264-06,Metastasis,0.9997855424880981,True
448,TCGA-GN-A4U3-06,Metastasis,7,TCGA-D9-A6EA-06,Metastasis,0.9997796416282654,True
448,TCGA-GN-A4U3-06,Metastasis,8,TCGA-ER-A2NE-06,Metastasis,0.9997548460960388,True
448,TCGA-GN-A4U3-06,Metastasis,9,TCGA-FW-A3TU-06,Metastasis,0.9997139573097229,True
449,TCGA-BF-A5ES-01,Primary Tumor,0,TCGA-EB-A5KH-06,Metastasis,0.9999910593032837,False
449,TCGA-BF-A5ES-01,Primary Tumor,1,TCGA-FS-A1ZG-06,Metastasis,0.9998732209205627,False
449,TCGA-BF-A5ES-01,Primary Tumor,2,TCGA-FS-A4F4-06,Metastasis,0.9998214244842529,False
449,TCGA-BF-A5ES-01,Primary Tumor,3,TCGA-D9-A4Z3-01,Primary Tumor,0.9997001886367798,True
449,TCGA-BF-A5ES-01,Primary Tumor,4,TCGA-ER-A19T-06,Metastasis,0.9996811747550964,False
449,TCGA-BF-A5ES-01,Primary Tumor,5,TCGA-DA-A1I0-06,Metastasis,0.9995368123054504,False
449,TCGA-BF-A5ES-01,Primary Tumor,6,TCGA-EB-A5SH-06,Metastasis,0.9995318055152893,False
449,TCGA-BF-A5ES-01,Primary Tumor,7,TCGA-FS-A1ZY-06,Metastasis,0.9991267919540405,False
449,TCGA-BF-A5ES-01,Primary Tumor,8,TCGA-DA-A1IA-06,Metastasis,0.9991226196289062,False
449,TCGA-BF-A5ES-01,Primary Tumor,9,TCGA-FR-A3YO-06,Metastasis,0.9990870356559753,False
450,TCGA-EB-A3XF-01,Primary Tumor,0,TCGA-D3-A8GL-06,Metastasis,0.9993581175804138,False
450,TCGA-EB-A3XF-01,Primary Tumor,1,TCGA-BF-AAOX-01,Primary Tumor,0.9993469715118408,True
450,TCGA-EB-A3XF-01,Primary Tumor,2,TCGA-FS-A1ZS-06,Metastasis,0.9993354678153992,False
450,TCGA-EB-A3XF-01,Primary Tumor,3,TCGA-GF-A3OT-06,Metastasis,0.9991757869720459,False
450,TCGA-EB-A3XF-01,Primary Tumor,4,TCGA-ER-A3EV-06,Metastasis,0.9990195035934448,False
450,TCGA-EB-A3XF-01,Primary Tumor,5,TCGA-BF-A9VF-01,Primary Tumor,0.9989377856254578,True
450,TCGA-EB-A3XF-01,Primary Tumor,6,TCGA-EE-A3JA-06,Metastasis,0.9987587332725525,False
450,TCGA-EB-A3XF-01,Primary Tumor,7,TCGA-ER-A19T-01,Primary Tumor,0.9986990690231323,True
450,TCGA-EB-A3XF-01,Primary Tumor,8,TCGA-EE-A182-06,Metastasis,0.9982572197914124,False
450,TCGA-EB-A3XF-01,Primary Tumor,9,TCGA-EE-A29A-06,Metastasis,0.997712254524231,False
451,TCGA-D3-A3MU-06,Metastasis,0,TCGA-GF-A6C8-06,Metastasis,0.999985933303833,True
451,TCGA-D3-A3MU-06,Metastasis,1,TCGA-EE-A183-06,Metastasis,0.9998401403427124,True
451,TCGA-D3-A3MU-06,Metastasis,2,TCGA-BF-A5EQ-01,Primary Tumor,0.9998346567153931,False
451,TCGA-D3-A3MU-06,Metastasis,3,TCGA-EE-A184-06,Metastasis,0.9994778037071228,True
451,TCGA-D3-A3MU-06,Metastasis,4,TCGA-ER-A19Q-06,Metastasis,0.9994434118270874,True
451,TCGA-D3-A3MU-06,Metastasis,5,TCGA-RP-A6K9-06,Metastasis,0.9993031620979309,True
451,TCGA-D3-A3MU-06,Metastasis,6,TCGA-EE-A2MM-06,Metastasis,0.9992682337760925,True
451,TCGA-D3-A3MU-06,Metastasis,7,TCGA-YD-A9TB-06,Metastasis,0.9992386102676392,True
451,TCGA-D3-A3MU-06,Metastasis,8,TCGA-EE-A2GN-06,Metastasis,0.9992195963859558,True
451,TCGA-D3-A3MU-06,Metastasis,9,TCGA-GN-A4U4-06,Metastasis,0.9991024732589722,True
452,TCGA-ER-A2NB-01,Primary Tumor,0,TCGA-EB-A5SF-01,Primary Tumor,0.999287486076355,True
452,TCGA-ER-A2NB-01,Primary Tumor,1,TCGA-EB-A4OZ-01,Primary Tumor,0.9975613951683044,True
452,TCGA-ER-A2NB-01,Primary Tumor,2,TCGA-ER-A196-01,Primary Tumor,0.9959045648574829,True
452,TCGA-ER-A2NB-01,Primary Tumor,3,TCGA-HR-A5NC-01,Primary Tumor,0.9911009669303894,True
452,TCGA-ER-A2NB-01,Primary Tumor,4,TCGA-EE-A3J8-06,Metastasis,0.9840353727340698,False
452,TCGA-ER-A2NB-01,Primary Tumor,5,TCGA-BF-A9VF-01,Primary Tumor,0.9747610092163086,True
452,TCGA-ER-A2NB-01,Primary Tumor,6,TCGA-FS-A1ZC-06,Metastasis,0.9714705944061279,False
452,TCGA-ER-A2NB-01,Primary Tumor,7,TCGA-EB-A4IQ-01,Primary Tumor,0.9713466763496399,True
452,TCGA-ER-A2NB-01,Primary Tumor,8,TCGA-GF-A3OT-06,Metastasis,0.9696221947669983,False
452,TCGA-ER-A2NB-01,Primary Tumor,9,TCGA-DA-A3F2-06,Metastasis,0.9677021503448486,False
453,TCGA-D3-A2JH-06,Metastasis,0,TCGA-ER-A19H-06,Metastasis,0.999754011631012,True
453,TCGA-D3-A2JH-06,Metastasis,1,TCGA-HR-A2OG-06,Metastasis,0.9996734261512756,True
453,TCGA-D3-A2JH-06,Metastasis,2,TCGA-ER-A195-06,Metastasis,0.9996654987335205,True
453,TCGA-D3-A2JH-06,Metastasis,3,TCGA-EE-A2MS-06,Metastasis,0.9992853403091431,True
453,TCGA-D3-A2JH-06,Metastasis,4,TCGA-GN-A266-06,Metastasis,0.998958945274353,True
453,TCGA-D3-A2JH-06,Metastasis,5,TCGA-EB-A551-01,Primary Tumor,0.9989393353462219,False
453,TCGA-D3-A2JH-06,Metastasis,6,TCGA-EE-A2MR-06,Metastasis,0.9988967180252075,True
453,TCGA-D3-A2JH-06,Metastasis,7,TCGA-D3-A2J9-06,Metastasis,0.9984608888626099,True
453,TCGA-D3-A2JH-06,Metastasis,8,TCGA-FS-A1ZT-06,Metastasis,0.9982529282569885,True
453,TCGA-D3-A2JH-06,Metastasis,9,TCGA-EE-A2GS-06,Metastasis,0.9982207417488098,True
454,TCGA-EE-A2GR-06,Metastasis,0,TCGA-D3-A3C1-06,Metastasis,0.9999265074729919,True
454,TCGA-EE-A2GR-06,Metastasis,1,TCGA-GN-A263-01,Primary Tumor,0.9998644590377808,False
454,TCGA-EE-A2GR-06,Metastasis,2,TCGA-LH-A9QB-06,Metastasis,0.9997902512550354,True
454,TCGA-EE-A2GR-06,Metastasis,3,TCGA-FR-A7U8-06,Metastasis,0.9997109174728394,True
454,TCGA-EE-A2GR-06,Metastasis,4,TCGA-D3-A51K-06,Metastasis,0.9996788501739502,True
454,TCGA-EE-A2GR-06,Metastasis,5,TCGA-BF-AAP8-01,Primary Tumor,0.9996674060821533,False
454,TCGA-EE-A2GR-06,Metastasis,6,TCGA-GN-A262-06,Metastasis,0.9996446967124939,True
454,TCGA-EE-A2GR-06,Metastasis,7,TCGA-EE-A29A-06,Metastasis,0.9996326565742493,True
454,TCGA-EE-A2GR-06,Metastasis,8,TCGA-BF-A1PU-01,Primary Tumor,0.9996181130409241,False
454,TCGA-EE-A2GR-06,Metastasis,9,TCGA-D9-A6EC-06,Metastasis,0.9995018839836121,True
455,TCGA-FS-A4F4-06,Metastasis,0,TCGA-ER-A19T-06,Metastasis,0.9999718070030212,True
455,TCGA-FS-A4F4-06,Metastasis,1,TCGA-EB-A5SH-06,Metastasis,0.9999100565910339,True
455,TCGA-FS-A4F4-06,Metastasis,2,TCGA-DA-A1I0-06,Metastasis,0.9998887777328491,True
455,TCGA-FS-A4F4-06,Metastasis,3,TCGA-EB-A5KH-06,Metastasis,0.9998219609260559,True
455,TCGA-FS-A4F4-06,Metastasis,4,TCGA-BF-A5ES-01,Primary Tumor,0.9998214244842529,False
455,TCGA-FS-A4F4-06,Metastasis,5,TCGA-FS-A1ZG-06,Metastasis,0.999645471572876,True
455,TCGA-FS-A4F4-06,Metastasis,6,TCGA-D9-A4Z3-01,Primary Tumor,0.9996194839477539,False
455,TCGA-FS-A4F4-06,Metastasis,7,TCGA-D3-A3ML-06,Metastasis,0.9995920062065125,True
455,TCGA-FS-A4F4-06,Metastasis,8,TCGA-EB-A4OY-01,Primary Tumor,0.9995080232620239,False
455,TCGA-FS-A4F4-06,Metastasis,9,TCGA-FS-A1YY-06,Metastasis,0.9994056224822998,True
456,TCGA-EE-A2GN-06,Metastasis,0,TCGA-EE-A2MM-06,Metastasis,0.9999296069145203,True
456,TCGA-EE-A2GN-06,Metastasis,1,TCGA-ER-A19Q-06,Metastasis,0.999907374382019,True
456,TCGA-EE-A2GN-06,Metastasis,2,TCGA-D3-A5GU-06,Metastasis,0.9997548460960388,True
456,TCGA-EE-A2GN-06,Metastasis,3,TCGA-D3-A2JF-06,Metastasis,0.9997226595878601,True
456,TCGA-EE-A2GN-06,Metastasis,4,TCGA-WE-A8ZO-06,Metastasis,0.9997000694274902,True
456,TCGA-EE-A2GN-06,Metastasis,5,TCGA-WE-A8K5-06,Metastasis,0.9996196627616882,True
456,TCGA-EE-A2GN-06,Metastasis,6,TCGA-EE-A3J7-06,Metastasis,0.999510645866394,True
456,TCGA-EE-A2GN-06,Metastasis,7,TCGA-YD-A9TB-06,Metastasis,0.9994696378707886,True
456,TCGA-EE-A2GN-06,Metastasis,8,TCGA-ER-A199-06,Metastasis,0.9993777871131897,True
456,TCGA-EE-A2GN-06,Metastasis,9,TCGA-EE-A184-06,Metastasis,0.9993643164634705,True
457,TCGA-EB-A3XE-01,Primary Tumor,0,TCGA-XV-AAZV-01,Primary Tumor,0.999957799911499,True
457,TCGA-EB-A3XE-01,Primary Tumor,1,TCGA-XV-A9VZ-01,Primary Tumor,0.999210774898529,True
457,TCGA-EB-A3XE-01,Primary Tumor,2,TCGA-D3-A51R-06,Metastasis,0.9989068508148193,False
457,TCGA-EB-A3XE-01,Primary Tumor,3,TCGA-EB-A3HV-01,Primary Tumor,0.9987871050834656,True
457,TCGA-EB-A3XE-01,Primary Tumor,4,TCGA-EB-A5FP-01,Primary Tumor,0.9980655908584595,True
457,TCGA-EB-A3XE-01,Primary Tumor,5,TCGA-EB-A3XC-01,Primary Tumor,0.997789740562439,True
457,TCGA-EB-A3XE-01,Primary Tumor,6,TCGA-YG-AA3N-01,Primary Tumor,0.9971193671226501,True
457,TCGA-EB-A3XE-01,Primary Tumor,7,TCGA-WE-A8ZQ-06,Metastasis,0.9951507449150085,False
457,TCGA-EB-A3XE-01,Primary Tumor,8,TCGA-GF-A2C7-01,Primary Tumor,0.9950497150421143,True
457,TCGA-EB-A3XE-01,Primary Tumor,9,TCGA-DA-A1I8-06,Metastasis,0.9934261441230774,False
458,TCGA-ER-A194-01,Primary Tumor,0,TCGA-D3-A8GI-06,Metastasis,0.9998561143875122,False
458,TCGA-ER-A194-01,Primary Tumor,1,TCGA-DA-A95Z-06,Metastasis,0.9998478293418884,False
458,TCGA-ER-A194-01,Primary Tumor,2,TCGA-BF-A5ER-01,Primary Tumor,0.9997451305389404,True
458,TCGA-ER-A194-01,Primary Tumor,3,TCGA-D3-A5GT-01,Primary Tumor,0.9997069239616394,True
458,TCGA-ER-A194-01,Primary Tumor,4,TCGA-EB-A553-01,Primary Tumor,0.9996309876441956,True
458,TCGA-ER-A194-01,Primary Tumor,5,TCGA-XV-AB01-06,Metastasis,0.9995803236961365,False
458,TCGA-ER-A194-01,Primary Tumor,6,TCGA-EE-A29B-06,Metastasis,0.999470591545105,False
458,TCGA-ER-A194-01,Primary Tumor,7,TCGA-FS-A1ZU-06,Metastasis,0.9992072582244873,False
458,TCGA-ER-A194-01,Primary Tumor,8,TCGA-GN-A8LK-06,Metastasis,0.998894989490509,False
458,TCGA-ER-A194-01,Primary Tumor,9,TCGA-IH-A3EA-01,Primary Tumor,0.9986737966537476,True
459,TCGA-EE-A2GI-06,Metastasis,0,TCGA-DA-A1HW-06,Metastasis,0.9998143315315247,True
459,TCGA-EE-A2GI-06,Metastasis,1,TCGA-EE-A2A1-06,Metastasis,0.9997838735580444,True
459,TCGA-EE-A2GI-06,Metastasis,2,TCGA-D3-A8GJ-06,Metastasis,0.9995786547660828,True
459,TCGA-EE-A2GI-06,Metastasis,3,TCGA-WE-A8K1-06,Metastasis,0.9994342923164368,True
459,TCGA-EE-A2GI-06,Metastasis,4,TCGA-D3-A2JC-06,Metastasis,0.9993409514427185,True
459,TCGA-EE-A2GI-06,Metastasis,5,TCGA-FR-A44A-06,Metastasis,0.9993273615837097,True
459,TCGA-EE-A2GI-06,Metastasis,6,TCGA-D3-A1Q7-06,Metastasis,0.9991266131401062,True
459,TCGA-EE-A2GI-06,Metastasis,7,TCGA-D3-A51J-06,Metastasis,0.9987586736679077,True
459,TCGA-EE-A2GI-06,Metastasis,8,TCGA-EE-A29Q-06,Metastasis,0.9987214207649231,True
459,TCGA-EE-A2GI-06,Metastasis,9,TCGA-ER-A42L-06,Metastasis,0.9986422061920166,True
460,TCGA-QB-AA9O-06,Metastasis,0,TCGA-D9-A6E9-06,Metastasis,0.9999500513076782,True
460,TCGA-QB-AA9O-06,Metastasis,1,TCGA-EE-A29R-06,Metastasis,0.9998573660850525,True
460,TCGA-QB-AA9O-06,Metastasis,2,TCGA-EB-A42Y-01,Primary Tumor,0.9998423457145691,False
460,TCGA-QB-AA9O-06,Metastasis,3,TCGA-GN-A264-06,Metastasis,0.9997122883796692,True
460,TCGA-QB-AA9O-06,Metastasis,4,TCGA-EE-A2GJ-06,Metastasis,0.9997089505195618,True
460,TCGA-QB-AA9O-06,Metastasis,5,TCGA-D3-A2JL-06,Metastasis,0.9996482133865356,True
460,TCGA-QB-AA9O-06,Metastasis,6,TCGA-GF-A769-01,Primary Tumor,0.9995651841163635,False
460,TCGA-QB-AA9O-06,Metastasis,7,TCGA-ER-A3PL-06,Metastasis,0.9995527267456055,True
460,TCGA-QB-AA9O-06,Metastasis,8,TCGA-EE-A17Y-06,Metastasis,0.9994648694992065,True
460,TCGA-QB-AA9O-06,Metastasis,9,TCGA-D9-A1X3-06,Metastasis,0.999437689781189,True
461,TCGA-EE-A2MM-06,Metastasis,0,TCGA-ER-A19Q-06,Metastasis,0.9999833106994629,True
461,TCGA-EE-A2MM-06,Metastasis,1,TCGA-EE-A2GN-06,Metastasis,0.9999296069145203,True
461,TCGA-EE-A2MM-06,Metastasis,2,TCGA-WE-A8K5-06,Metastasis,0.9998252987861633,True
461,TCGA-EE-A2MM-06,Metastasis,3,TCGA-WE-A8ZO-06,Metastasis,0.9998171925544739,True
461,TCGA-EE-A2MM-06,Metastasis,4,TCGA-D3-A5GU-06,Metastasis,0.9997963309288025,True
461,TCGA-EE-A2MM-06,Metastasis,5,TCGA-EE-A3J7-06,Metastasis,0.9997632503509521,True
461,TCGA-EE-A2MM-06,Metastasis,6,TCGA-D3-A2JF-06,Metastasis,0.9997573494911194,True
461,TCGA-EE-A2MM-06,Metastasis,7,TCGA-YD-A9TB-06,Metastasis,0.9997097849845886,True
461,TCGA-EE-A2MM-06,Metastasis,8,TCGA-EE-A184-06,Metastasis,0.99958735704422,True
461,TCGA-EE-A2MM-06,Metastasis,9,TCGA-DA-A95W-06,Metastasis,0.9995021820068359,True
462,TCGA-EB-A85I-01,Primary Tumor,0,TCGA-FS-A4F2-06,Metastasis,0.9999868273735046,False
462,TCGA-EB-A85I-01,Primary Tumor,1,TCGA-ER-A19F-06,Metastasis,0.9999582767486572,False
462,TCGA-EB-A85I-01,Primary Tumor,2,TCGA-GN-A4U3-06,Metastasis,0.9999362230300903,False
462,TCGA-EB-A85I-01,Primary Tumor,3,TCGA-WE-AAA4-06,Metastasis,0.9999247789382935,False
462,TCGA-EB-A85I-01,Primary Tumor,4,TCGA-ER-A3PL-06,Metastasis,0.999914288520813,False
462,TCGA-EB-A85I-01,Primary Tumor,5,TCGA-YD-A89C-06,Metastasis,0.9998934268951416,False
462,TCGA-EB-A85I-01,Primary Tumor,6,TCGA-D3-A2JL-06,Metastasis,0.9997189044952393,False
462,TCGA-EB-A85I-01,Primary Tumor,7,TCGA-GN-A264-06,Metastasis,0.9996915459632874,False
462,TCGA-EB-A85I-01,Primary Tumor,8,TCGA-RP-A695-06,Metastasis,0.9996662139892578,False
462,TCGA-EB-A85I-01,Primary Tumor,9,TCGA-EB-A42Y-01,Primary Tumor,0.9996529817581177,True
463,TCGA-EE-A2MF-06,Metastasis,0,TCGA-EB-A41A-01,Primary Tumor,0.9997939467430115,False
463,TCGA-EE-A2MF-06,Metastasis,1,TCGA-GN-A26D-06,Metastasis,0.9997803568840027,True
463,TCGA-EE-A2MF-06,Metastasis,2,TCGA-GN-A4U4-06,Metastasis,0.9997424483299255,True
463,TCGA-EE-A2MF-06,Metastasis,3,TCGA-ER-A199-06,Metastasis,0.999681293964386,True
463,TCGA-EE-A2MF-06,Metastasis,4,TCGA-EB-A5UM-01,Primary Tumor,0.9996550679206848,False
463,TCGA-EE-A2MF-06,Metastasis,5,TCGA-ER-A193-06,Metastasis,0.9996193647384644,True
463,TCGA-EE-A2MF-06,Metastasis,6,TCGA-EE-A2MQ-06,Metastasis,0.99953693151474,True
463,TCGA-EE-A2MF-06,Metastasis,7,TCGA-D3-A2JF-06,Metastasis,0.9993886351585388,True
463,TCGA-EE-A2MF-06,Metastasis,8,TCGA-EE-A2GN-06,Metastasis,0.9993433952331543,True
463,TCGA-EE-A2MF-06,Metastasis,9,TCGA-ER-A19Q-06,Metastasis,0.9991365075111389,True
464,TCGA-ER-A19E-06,Metastasis,0,TCGA-EE-A3AB-06,Metastasis,0.9997979998588562,True
464,TCGA-ER-A19E-06,Metastasis,1,TCGA-FS-A1ZW-06,Metastasis,0.9988387227058411,True
464,TCGA-ER-A19E-06,Metastasis,2,TCGA-D3-A3CC-06,Metastasis,0.9987450242042542,True
464,TCGA-ER-A19E-06,Metastasis,3,TCGA-EB-A431-01,Primary Tumor,0.998562753200531,False
464,TCGA-ER-A19E-06,Metastasis,4,TCGA-EE-A3JH-06,Metastasis,0.9983211755752563,True
464,TCGA-ER-A19E-06,Metastasis,5,TCGA-BF-AAOU-01,Primary Tumor,0.9976977705955505,False
464,TCGA-ER-A19E-06,Metastasis,6,TCGA-EE-A3AH-06,Metastasis,0.9976606369018555,True
464,TCGA-ER-A19E-06,Metastasis,7,TCGA-D3-A2JN-06,Metastasis,0.9976177215576172,True
464,TCGA-ER-A19E-06,Metastasis,8,TCGA-BF-AAP7-01,Primary Tumor,0.9976024627685547,False
464,TCGA-ER-A19E-06,Metastasis,9,TCGA-D3-A8GQ-06,Metastasis,0.997401237487793,True
465,TCGA-3N-A9WD-06,Metastasis,0,TCGA-WE-A8JZ-06,Metastasis,0.9998459219932556,True
465,TCGA-3N-A9WD-06,Metastasis,1,TCGA-D3-A1Q4-06,Metastasis,0.9998289346694946,True
465,TCGA-3N-A9WD-06,Metastasis,2,TCGA-ER-A19M-06,Metastasis,0.9997836947441101,True
465,TCGA-3N-A9WD-06,Metastasis,3,TCGA-D3-A8GO-06,Metastasis,0.9996480345726013,True
465,TCGA-3N-A9WD-06,Metastasis,4,TCGA-WE-AA9Y-06,Metastasis,0.9995539784431458,True
465,TCGA-3N-A9WD-06,Metastasis,5,TCGA-D3-A8GM-06,Metastasis,0.9995140433311462,True
465,TCGA-3N-A9WD-06,Metastasis,6,TCGA-3N-A9WC-06,Metastasis,0.9994902610778809,True
465,TCGA-3N-A9WD-06,Metastasis,7,TCGA-D9-A3Z4-01,Primary Tumor,0.9994630217552185,False
465,TCGA-3N-A9WD-06,Metastasis,8,TCGA-EE-A2GU-06,Metastasis,0.9993064403533936,True
465,TCGA-3N-A9WD-06,Metastasis,9,TCGA-D3-A1Q8-06,Metastasis,0.9992373585700989,True
466,TCGA-DA-A95W-06,Metastasis,0,TCGA-EE-A29S-06,Metastasis,0.999930202960968,True
466,TCGA-DA-A95W-06,Metastasis,1,TCGA-RP-A6K9-06,Metastasis,0.9999278783798218,True
466,TCGA-DA-A95W-06,Metastasis,2,TCGA-YD-A9TB-06,Metastasis,0.9999219179153442,True
466,TCGA-DA-A95W-06,Metastasis,3,TCGA-EE-A184-06,Metastasis,0.9999188184738159,True
466,TCGA-DA-A95W-06,Metastasis,4,TCGA-EE-A3J7-06,Metastasis,0.9998928904533386,True
466,TCGA-DA-A95W-06,Metastasis,5,TCGA-WE-A8K5-06,Metastasis,0.9998928308486938,True
466,TCGA-DA-A95W-06,Metastasis,6,TCGA-RP-A694-06,Metastasis,0.9998912811279297,True
466,TCGA-DA-A95W-06,Metastasis,7,TCGA-BF-A1PZ-01,Primary Tumor,0.9998701214790344,False
466,TCGA-DA-A95W-06,Metastasis,8,TCGA-W3-AA1Q-06,Metastasis,0.9998411536216736,True
466,TCGA-DA-A95W-06,Metastasis,9,TCGA-EE-A29D-06,Metastasis,0.9998359680175781,True
467,TCGA-D9-A4Z6-06,Metastasis,0,TCGA-EB-A82C-01,Primary Tumor,0.9997928142547607,False
467,TCGA-D9-A4Z6-06,Metastasis,1,TCGA-EB-A6QZ-01,Primary Tumor,0.9997218251228333,False
467,TCGA-D9-A4Z6-06,Metastasis,2,TCGA-DA-A3F5-06,Metastasis,0.999697208404541,True
467,TCGA-D9-A4Z6-06,Metastasis,3,TCGA-D3-A1QB-06,Metastasis,0.999660849571228,True
467,TCGA-D9-A4Z6-06,Metastasis,4,TCGA-EB-A5UN-06,Metastasis,0.999552309513092,True
467,TCGA-D9-A4Z6-06,Metastasis,5,TCGA-DA-A1I7-06,Metastasis,0.9995314478874207,True
467,TCGA-D9-A4Z6-06,Metastasis,6,TCGA-WE-A8K6-06,Metastasis,0.9992662668228149,True
467,TCGA-D9-A4Z6-06,Metastasis,7,TCGA-DA-A95V-06,Metastasis,0.9992545247077942,True
467,TCGA-D9-A4Z6-06,Metastasis,8,TCGA-EE-A17Y-06,Metastasis,0.9991365671157837,True
467,TCGA-D9-A4Z6-06,Metastasis,9,TCGA-D3-A51G-06,Metastasis,0.9990625381469727,True
468,TCGA-EE-A29L-06,Metastasis,0,TCGA-BF-A5EP-01,Primary Tumor,0.9999803304672241,False
468,TCGA-EE-A29L-06,Metastasis,1,TCGA-D3-A8GP-06,Metastasis,0.9999242424964905,True
468,TCGA-EE-A29L-06,Metastasis,2,TCGA-QB-A6FS-06,Metastasis,0.9999197721481323,True
468,TCGA-EE-A29L-06,Metastasis,3,TCGA-FS-A4F9-06,Metastasis,0.9998835921287537,True
468,TCGA-EE-A29L-06,Metastasis,4,TCGA-GN-A268-06,Metastasis,0.9998508095741272,True
468,TCGA-EE-A29L-06,Metastasis,5,TCGA-ER-A42H-01,Primary Tumor,0.999822735786438,False
468,TCGA-EE-A29L-06,Metastasis,6,TCGA-EE-A29C-06,Metastasis,0.9998194575309753,True
468,TCGA-EE-A29L-06,Metastasis,7,TCGA-Z2-AA3V-06,Metastasis,0.9998151659965515,True
468,TCGA-EE-A29L-06,Metastasis,8,TCGA-D3-A5GO-06,Metastasis,0.9997962713241577,True
468,TCGA-EE-A29L-06,Metastasis,9,TCGA-EB-A4P0-01,Primary Tumor,0.9997823238372803,False
469,010_N,Benign Nevus,0,TCGA-EB-A299-01,Primary Tumor,0.9762730598449707,False
469,010_N,Benign Nevus,1,TCGA-EB-A550-01,Primary Tumor,0.9698436856269836,False
469,010_N,Benign Nevus,2,TCGA-EB-A6QY-01,Primary Tumor,0.9549458622932434,False
469,010_N,Benign Nevus,3,TCGA-EE-A29G-06,Metastasis,0.934820294380188,False
469,010_N,Benign Nevus,4,TCGA-EB-A3XD-01,Primary Tumor,0.9322027564048767,False
469,010_N,Benign Nevus,5,TCGA-GN-A4U5-01,Primary Tumor,0.9191081523895264,False
469,010_N,Benign Nevus,6,TCGA-EB-A44N-01,Primary Tumor,0.898841381072998,False
469,010_N,Benign Nevus,7,031_N,Benign Nevus,0.8973333835601807,True
469,010_N,Benign Nevus,8,TCGA-D3-A1Q5-06,Metastasis,0.8947692513465881,False
469,010_N,Benign Nevus,9,TCGA-FR-A726-01,Primary Tumor,0.8888944387435913,False
470,018_N,Benign Nevus,0,LE-117-RB-118_N,Benign Nevus,0.9999258518218994,True
470,018_N,Benign Nevus,1,TCGA-FR-A726-01,Primary Tumor,0.9949019551277161,False
470,018_N,Benign Nevus,2,TCGA-EB-A4XL-01,Primary Tumor,0.9827215671539307,False
470,018_N,Benign Nevus,3,TCGA-GN-A4U5-01,Primary Tumor,0.9821182489395142,False
470,018_N,Benign Nevus,4,TCGA-FS-A1ZN-01,Primary Tumor,0.9781915545463562,False
470,018_N,Benign Nevus,5,LE-037-RG-038_N,Benign Nevus,0.9757990837097168,True
470,018_N,Benign Nevus,6,LE-029-SE-030_N,Benign Nevus,0.9679084420204163,True
470,018_N,Benign Nevus,7,TCGA-EE-A29G-06,Metastasis,0.9611928462982178,False
470,018_N,Benign Nevus,8,TCGA-EB-A6QY-01,Primary Tumor,0.9611469507217407,False
470,018_N,Benign Nevus,9,TCGA-EE-A2MC-06,Metastasis,0.957564115524292,False
471,031_N,Benign Nevus,0,TCGA-EB-A44N-01,Primary Tumor,0.9976886510848999,False
471,031_N,Benign Nevus,1,FKH-027-028_N,Benign Nevus,0.9803798794746399,True
471,031_N,Benign Nevus,2,TCGA-EE-A29G-06,Metastasis,0.9699756503105164,False
471,031_N,Benign Nevus,3,TCGA-EB-A299-01,Primary Tumor,0.9679522514343262,False
471,031_N,Benign Nevus,4,LE-061-TM-062_N,Benign Nevus,0.9600129127502441,True
471,031_N,Benign Nevus,5,LE-047-LF-048_N,Benign Nevus,0.9584832191467285,True
471,031_N,Benign Nevus,6,LE-081-TR-082_N,Benign Nevus,0.955064594745636,True
471,031_N,Benign Nevus,7,LE-029-SE-030_N,Benign Nevus,0.9525871276855469,True
471,031_N,Benign Nevus,8,BO-001-SH-002_N,Benign Nevus,0.9504852890968323,True
471,031_N,Benign Nevus,9,1397_N,Benign Nevus,0.9369537830352783,True
472,1397_N,Benign Nevus,0,LE-041-RL-042_N,Benign Nevus,0.9958037734031677,True
472,1397_N,Benign Nevus,1,BO-013-NK-014_N,Benign Nevus,0.9766857028007507,True
472,1397_N,Benign Nevus,2,LE-021-TH-022_N,Benign Nevus,0.9690417647361755,True
472,1397_N,Benign Nevus,3,LE-061-TM-062_N,Benign Nevus,0.9598317742347717,True
472,1397_N,Benign Nevus,4,FKH-027-028_N,Benign Nevus,0.9470877051353455,True
472,1397_N,Benign Nevus,5,LE-063-SP-064_N,Benign Nevus,0.9431047439575195,True
472,1397_N,Benign Nevus,6,031_N,Benign Nevus,0.9369537830352783,True
472,1397_N,Benign Nevus,7,LE-019-WP-020_N,Benign Nevus,0.9322478175163269,True
472,1397_N,Benign Nevus,8,BO-005-SA-006_N,Benign Nevus,0.9307474493980408,True
472,1397_N,Benign Nevus,9,TCGA-EB-A44N-01,Primary Tumor,0.9250848889350891,False
473,BO-001-SH-002_N,Benign Nevus,0,LE-047-LF-048_N,Benign Nevus,0.9990336894989014,True
473,BO-001-SH-002_N,Benign Nevus,1,LE-081-TR-082_N,Benign Nevus,0.9988901615142822,True
473,BO-001-SH-002_N,Benign Nevus,2,FKH-027-028_N,Benign Nevus,0.9867711663246155,True
473,BO-001-SH-002_N,Benign Nevus,3,FKH-008-010_N,Benign Nevus,0.9794466495513916,True
473,BO-001-SH-002_N,Benign Nevus,4,LE-061-TM-062_N,Benign Nevus,0.9789418578147888,True
473,BO-001-SH-002_N,Benign Nevus,5,BO-005-SA-006_N,Benign Nevus,0.9725773334503174,True
473,BO-001-SH-002_N,Benign Nevus,6,FKH-021-022_N,Benign Nevus,0.9705559611320496,True
473,BO-001-SH-002_N,Benign Nevus,7,LE-029-SE-030_N,Benign Nevus,0.9625452160835266,True
473,BO-001-SH-002_N,Benign Nevus,8,TCGA-EB-A44N-01,Primary Tumor,0.9523232579231262,False
473,BO-001-SH-002_N,Benign Nevus,9,031_N,Benign Nevus,0.9504852890968323,True
474,BO-005-SA-006_N,Benign Nevus,0,FKH-008-010_N,Benign Nevus,0.9991117715835571,True
474,BO-005-SA-006_N,Benign Nevus,1,FKH-021-022_N,Benign Nevus,0.9951432347297668,True
474,BO-005-SA-006_N,Benign Nevus,2,LE-063-SP-064_N,Benign Nevus,0.9937180280685425,True
474,BO-005-SA-006_N,Benign Nevus,3,LE-021-TH-022_N,Benign Nevus,0.990534245967865,True
474,BO-005-SA-006_N,Benign Nevus,4,LE-061-TM-062_N,Benign Nevus,0.9893369078636169,True
474,BO-005-SA-006_N,Benign Nevus,5,BO-013-NK-014_N,Benign Nevus,0.9811208248138428,True
474,BO-005-SA-006_N,Benign Nevus,6,LE-047-LF-048_N,Benign Nevus,0.976150631904602,True
474,BO-005-SA-006_N,Benign Nevus,7,FKH-027-028_N,Benign Nevus,0.9741062521934509,True
474,BO-005-SA-006_N,Benign Nevus,8,BO-001-SH-002_N,Benign Nevus,0.9725773334503174,True
474,BO-005-SA-006_N,Benign Nevus,9,BO-015-BW-016_N,Benign Nevus,0.9714754223823547,True
475,BO-013-NK-014_N,Benign Nevus,0,LE-021-TH-022_N,Benign Nevus,0.9980130791664124,True
475,BO-013-NK-014_N,Benign Nevus,1,LE-063-SP-064_N,Benign Nevus,0.9920867085456848,True
475,BO-013-NK-014_N,Benign Nevus,2,LE-019-WP-020_N,Benign Nevus,0.9837338328361511,True
475,BO-013-NK-014_N,Benign Nevus,3,BO-005-SA-006_N,Benign Nevus,0.9811208248138428,True
475,BO-013-NK-014_N,Benign Nevus,4,LE-061-TM-062_N,Benign Nevus,0.9807689189910889,True
475,BO-013-NK-014_N,Benign Nevus,5,BO-015-BW-016_N,Benign Nevus,0.9775917530059814,True
475,BO-013-NK-014_N,Benign Nevus,6,1397_N,Benign Nevus,0.9766857028007507,True
475,BO-013-NK-014_N,Benign Nevus,7,BO-017-BU-018_N,Benign Nevus,0.9752581715583801,True
475,BO-013-NK-014_N,Benign Nevus,8,LE-105-TF-106_N,Benign Nevus,0.9746773838996887,True
475,BO-013-NK-014_N,Benign Nevus,9,FKH-008-010_N,Benign Nevus,0.9725053310394287,True
476,BO-015-BW-016_N,Benign Nevus,0,LE-105-TF-106_N,Benign Nevus,0.9996541142463684,True
476,BO-015-BW-016_N,Benign Nevus,1,BO-017-BU-018_N,Benign Nevus,0.9983001947402954,True
476,BO-015-BW-016_N,Benign Nevus,2,LE-019-WP-020_N,Benign Nevus,0.9977696537971497,True
476,BO-015-BW-016_N,Benign Nevus,3,LE-063-SP-064_N,Benign Nevus,0.9899920225143433,True
476,BO-015-BW-016_N,Benign Nevus,4,BO-013-NK-014_N,Benign Nevus,0.9775917530059814,True
476,BO-015-BW-016_N,Benign Nevus,5,LE-021-TH-022_N,Benign Nevus,0.9765329957008362,True
476,BO-015-BW-016_N,Benign Nevus,6,BO-005-SA-006_N,Benign Nevus,0.9714754223823547,True
476,BO-015-BW-016_N,Benign Nevus,7,FKH-021-022_N,Benign Nevus,0.9665279388427734,True
476,BO-015-BW-016_N,Benign Nevus,8,FKH-008-010_N,Benign Nevus,0.9633256793022156,True
476,BO-015-BW-016_N,Benign Nevus,9,LE-061-TM-062_N,Benign Nevus,0.9409157037734985,True
477,BO-017-BU-018_N,Benign Nevus,0,LE-105-TF-106_N,Benign Nevus,0.9992981553077698,True
477,BO-017-BU-018_N,Benign Nevus,1,LE-019-WP-020_N,Benign Nevus,0.998947024345398,True
477,BO-017-BU-018_N,Benign Nevus,2,BO-015-BW-016_N,Benign Nevus,0.9983001947402954,True
477,BO-017-BU-018_N,Benign Nevus,3,LE-063-SP-064_N,Benign Nevus,0.9832646250724792,True
477,BO-017-BU-018_N,Benign Nevus,4,BO-013-NK-014_N,Benign Nevus,0.9752581715583801,True
477,BO-017-BU-018_N,Benign Nevus,5,LE-021-TH-022_N,Benign Nevus,0.9707801342010498,True
477,BO-017-BU-018_N,Benign Nevus,6,BO-005-SA-006_N,Benign Nevus,0.958660364151001,True
477,BO-017-BU-018_N,Benign Nevus,7,FKH-021-022_N,Benign Nevus,0.9503974318504333,True
477,BO-017-BU-018_N,Benign Nevus,8,FKH-008-010_N,Benign Nevus,0.9481990933418274,True
477,BO-017-BU-018_N,Benign Nevus,9,LE-061-TM-062_N,Benign Nevus,0.9283900856971741,True
478,FKH-008-010_N,Benign Nevus,0,BO-005-SA-006_N,Benign Nevus,0.9991117715835571,True
478,FKH-008-010_N,Benign Nevus,1,FKH-021-022_N,Benign Nevus,0.9970208406448364,True
478,FKH-008-010_N,Benign Nevus,2,LE-063-SP-064_N,Benign Nevus,0.9885598421096802,True
478,FKH-008-010_N,Benign Nevus,3,LE-061-TM-062_N,Benign Nevus,0.987946629524231,True
478,FKH-008-010_N,Benign Nevus,4,LE-021-TH-022_N,Benign Nevus,0.9844933748245239,True
478,FKH-008-010_N,Benign Nevus,5,LE-047-LF-048_N,Benign Nevus,0.9817273616790771,True
478,FKH-008-010_N,Benign Nevus,6,BO-001-SH-002_N,Benign Nevus,0.9794466495513916,True
478,FKH-008-010_N,Benign Nevus,7,FKH-027-028_N,Benign Nevus,0.9752429723739624,True
478,FKH-008-010_N,Benign Nevus,8,BO-013-NK-014_N,Benign Nevus,0.9725053310394287,True
478,FKH-008-010_N,Benign Nevus,9,LE-081-TR-082_N,Benign Nevus,0.9689843654632568,True
479,FKH-021-022_N,Benign Nevus,0,FKH-008-010_N,Benign Nevus,0.9970208406448364,True
479,FKH-021-022_N,Benign Nevus,1,BO-005-SA-006_N,Benign Nevus,0.9951432347297668,True
479,FKH-021-022_N,Benign Nevus,2,LE-063-SP-064_N,Benign Nevus,0.9852219820022583,True
479,FKH-021-022_N,Benign Nevus,3,LE-021-TH-022_N,Benign Nevus,0.9737305045127869,True
479,FKH-021-022_N,Benign Nevus,4,LE-061-TM-062_N,Benign Nevus,0.9731345772743225,True
479,FKH-021-022_N,Benign Nevus,5,LE-047-LF-048_N,Benign Nevus,0.9705743789672852,True
479,FKH-021-022_N,Benign Nevus,6,BO-001-SH-002_N,Benign Nevus,0.9705559611320496,True
479,FKH-021-022_N,Benign Nevus,7,BO-015-BW-016_N,Benign Nevus,0.9665279388427734,True
479,FKH-021-022_N,Benign Nevus,8,BO-013-NK-014_N,Benign Nevus,0.9603884220123291,True
479,FKH-021-022_N,Benign Nevus,9,LE-105-TF-106_N,Benign Nevus,0.9598494172096252,True
480,FKH-027-028_N,Benign Nevus,0,LE-061-TM-062_N,Benign Nevus,0.9947130084037781,True
480,FKH-027-028_N,Benign Nevus,1,LE-047-LF-048_N,Benign Nevus,0.9920195937156677,True
480,FKH-027-028_N,Benign Nevus,2,BO-001-SH-002_N,Benign Nevus,0.9867711663246155,True
480,FKH-027-028_N,Benign Nevus,3,LE-081-TR-082_N,Benign Nevus,0.984413206577301,True
480,FKH-027-028_N,Benign Nevus,4,031_N,Benign Nevus,0.9803798794746399,True
480,FKH-027-028_N,Benign Nevus,5,TCGA-EB-A44N-01,Primary Tumor,0.9783617258071899,False
480,FKH-027-028_N,Benign Nevus,6,FKH-008-010_N,Benign Nevus,0.9752429723739624,True
480,FKH-027-028_N,Benign Nevus,7,BO-005-SA-006_N,Benign Nevus,0.9741062521934509,True
480,FKH-027-028_N,Benign Nevus,8,LE-021-TH-022_N,Benign Nevus,0.970061719417572,True
480,FKH-027-028_N,Benign Nevus,9,BO-013-NK-014_N,Benign Nevus,0.9583186507225037,True
481,LE-019-WP-020_N,Benign Nevus,0,BO-017-BU-018_N,Benign Nevus,0.998947024345398,True
481,LE-019-WP-020_N,Benign Nevus,1,LE-105-TF-106_N,Benign Nevus,0.9981834888458252,True
481,LE-019-WP-020_N,Benign Nevus,2,BO-015-BW-016_N,Benign Nevus,0.9977696537971497,True
481,LE-019-WP-020_N,Benign Nevus,3,LE-063-SP-064_N,Benign Nevus,0.9881534576416016,True
481,LE-019-WP-020_N,Benign Nevus,4,BO-013-NK-014_N,Benign Nevus,0.9837338328361511,True
481,LE-019-WP-020_N,Benign Nevus,5,LE-021-TH-022_N,Benign Nevus,0.9797739386558533,True
481,LE-019-WP-020_N,Benign Nevus,6,BO-005-SA-006_N,Benign Nevus,0.9659252762794495,True
481,LE-019-WP-020_N,Benign Nevus,7,FKH-008-010_N,Benign Nevus,0.9557219743728638,True
481,LE-019-WP-020_N,Benign Nevus,8,FKH-021-022_N,Benign Nevus,0.9547684192657471,True
481,LE-019-WP-020_N,Benign Nevus,9,LE-061-TM-062_N,Benign Nevus,0.941946804523468,True
482,LE-021-TH-022_N,Benign Nevus,0,BO-013-NK-014_N,Benign Nevus,0.9980130791664124,True
482,LE-021-TH-022_N,Benign Nevus,1,LE-063-SP-064_N,Benign Nevus,0.9952507615089417,True
482,LE-021-TH-022_N,Benign Nevus,2,BO-005-SA-006_N,Benign Nevus,0.990534245967865,True
482,LE-021-TH-022_N,Benign Nevus,3,LE-061-TM-062_N,Benign Nevus,0.9893547892570496,True
482,LE-021-TH-022_N,Benign Nevus,4,FKH-008-010_N,Benign Nevus,0.9844933748245239,True
482,LE-021-TH-022_N,Benign Nevus,5,LE-019-WP-020_N,Benign Nevus,0.9797739386558533,True
482,LE-021-TH-022_N,Benign Nevus,6,BO-015-BW-016_N,Benign Nevus,0.9765329957008362,True
482,LE-021-TH-022_N,Benign Nevus,7,FKH-021-022_N,Benign Nevus,0.9737305045127869,True
482,LE-021-TH-022_N,Benign Nevus,8,LE-105-TF-106_N,Benign Nevus,0.9724649786949158,True
482,LE-021-TH-022_N,Benign Nevus,9,BO-017-BU-018_N,Benign Nevus,0.9707801342010498,True
483,LE-029-SE-030_N,Benign Nevus,0,TCGA-EB-A4XL-01,Primary Tumor,0.9944234490394592,False
483,LE-029-SE-030_N,Benign Nevus,1,LE-037-RG-038_N,Benign Nevus,0.9876776933670044,True
483,LE-029-SE-030_N,Benign Nevus,2,TCGA-EE-A29G-06,Metastasis,0.9811482429504395,False
483,LE-029-SE-030_N,Benign Nevus,3,LE-081-TR-082_N,Benign Nevus,0.974113404750824,True
483,LE-029-SE-030_N,Benign Nevus,4,018_N,Benign Nevus,0.9679084420204163,True
483,LE-029-SE-030_N,Benign Nevus,5,LE-117-RB-118_N,Benign Nevus,0.966452419757843,True
483,LE-029-SE-030_N,Benign Nevus,6,TCGA-FR-A726-01,Primary Tumor,0.9630827307701111,False
483,LE-029-SE-030_N,Benign Nevus,7,BO-001-SH-002_N,Benign Nevus,0.9625452160835266,True
483,LE-029-SE-030_N,Benign Nevus,8,TCGA-EB-A44N-01,Primary Tumor,0.9601738452911377,False
483,LE-029-SE-030_N,Benign Nevus,9,LE-047-LF-048_N,Benign Nevus,0.9596476554870605,True
484,LE-037-RG-038_N,Benign Nevus,0,TCGA-EB-A4XL-01,Primary Tumor,0.9965214729309082,False
484,LE-037-RG-038_N,Benign Nevus,1,LE-029-SE-030_N,Benign Nevus,0.9876776933670044,True
484,LE-037-RG-038_N,Benign Nevus,2,TCGA-YD-A9TA-06,Metastasis,0.9856293201446533,False
484,LE-037-RG-038_N,Benign Nevus,3,018_N,Benign Nevus,0.9757990837097168,True
484,LE-037-RG-038_N,Benign Nevus,4,LE-117-RB-118_N,Benign Nevus,0.9755939245223999,True
484,LE-037-RG-038_N,Benign Nevus,5,TCGA-EB-A6R0-01,Primary Tumor,0.9716305732727051,False
484,LE-037-RG-038_N,Benign Nevus,6,TCGA-DA-A1IB-06,Metastasis,0.9702739715576172,False
484,LE-037-RG-038_N,Benign Nevus,7,TCGA-FR-A726-01,Primary Tumor,0.9649572372436523,False
484,LE-037-RG-038_N,Benign Nevus,8,TCGA-FR-A8YE-06,Metastasis,0.9535735845565796,False
484,LE-037-RG-038_N,Benign Nevus,9,LE-081-TR-082_N,Benign Nevus,0.9526687264442444,True
485,LE-041-RL-042_N,Benign Nevus,0,1397_N,Benign Nevus,0.9958037734031677,True
485,LE-041-RL-042_N,Benign Nevus,1,BO-013-NK-014_N,Benign Nevus,0.9599898457527161,True
485,LE-041-RL-042_N,Benign Nevus,2,LE-021-TH-022_N,Benign Nevus,0.9471508264541626,True
485,LE-041-RL-042_N,Benign Nevus,3,LE-061-TM-062_N,Benign Nevus,0.9304834008216858,True
485,LE-041-RL-042_N,Benign Nevus,4,LE-063-SP-064_N,Benign Nevus,0.9173385500907898,True
485,LE-041-RL-042_N,Benign Nevus,5,LE-019-WP-020_N,Benign Nevus,0.9164663553237915,True
485,LE-041-RL-042_N,Benign Nevus,6,FKH-027-028_N,Benign Nevus,0.914368212223053,True
485,LE-041-RL-042_N,Benign Nevus,7,031_N,Benign Nevus,0.9104310274124146,True
485,LE-041-RL-042_N,Benign Nevus,8,BO-017-BU-018_N,Benign Nevus,0.9001331925392151,True
485,LE-041-RL-042_N,Benign Nevus,9,BO-005-SA-006_N,Benign Nevus,0.8971003890037537,True
486,LE-047-LF-048_N,Benign Nevus,0,BO-001-SH-002_N,Benign Nevus,0.9990336894989014,True
486,LE-047-LF-048_N,Benign Nevus,1,LE-081-TR-082_N,Benign Nevus,0.9974294900894165,True
486,LE-047-LF-048_N,Benign Nevus,2,FKH-027-028_N,Benign Nevus,0.9920195937156677,True
486,LE-047-LF-048_N,Benign Nevus,3,LE-061-TM-062_N,Benign Nevus,0.9856298565864563,True
486,LE-047-LF-048_N,Benign Nevus,4,FKH-008-010_N,Benign Nevus,0.9817273616790771,True
486,LE-047-LF-048_N,Benign Nevus,5,BO-005-SA-006_N,Benign Nevus,0.976150631904602,True
486,LE-047-LF-048_N,Benign Nevus,6,FKH-021-022_N,Benign Nevus,0.9705743789672852,True
486,LE-047-LF-048_N,Benign Nevus,7,TCGA-EB-A44N-01,Primary Tumor,0.9602454304695129,False
486,LE-047-LF-048_N,Benign Nevus,8,LE-029-SE-030_N,Benign Nevus,0.9596476554870605,True
486,LE-047-LF-048_N,Benign Nevus,9,031_N,Benign Nevus,0.9584832191467285,True
487,LE-061-TM-062_N,Benign Nevus,0,FKH-027-028_N,Benign Nevus,0.9947130084037781,True
487,LE-061-TM-062_N,Benign Nevus,1,LE-021-TH-022_N,Benign Nevus,0.9893547892570496,True
487,LE-061-TM-062_N,Benign Nevus,2,BO-005-SA-006_N,Benign Nevus,0.9893369078636169,True
487,LE-061-TM-062_N,Benign Nevus,3,FKH-008-010_N,Benign Nevus,0.987946629524231,True
487,LE-061-TM-062_N,Benign Nevus,4,LE-047-LF-048_N,Benign Nevus,0.9856298565864563,True
487,LE-061-TM-062_N,Benign Nevus,5,BO-013-NK-014_N,Benign Nevus,0.9807689189910889,True
487,LE-061-TM-062_N,Benign Nevus,6,BO-001-SH-002_N,Benign Nevus,0.9789418578147888,True
487,LE-061-TM-062_N,Benign Nevus,7,LE-063-SP-064_N,Benign Nevus,0.9785608649253845,True
487,LE-061-TM-062_N,Benign Nevus,8,FKH-021-022_N,Benign Nevus,0.9731345772743225,True
487,LE-061-TM-062_N,Benign Nevus,9,LE-081-TR-082_N,Benign Nevus,0.9718838930130005,True
488,LE-063-SP-064_N,Benign Nevus,0,LE-021-TH-022_N,Benign Nevus,0.9952507615089417,True
488,LE-063-SP-064_N,Benign Nevus,1,BO-005-SA-006_N,Benign Nevus,0.9937180280685425,True
488,LE-063-SP-064_N,Benign Nevus,2,BO-013-NK-014_N,Benign Nevus,0.9920867085456848,True
488,LE-063-SP-064_N,Benign Nevus,3,BO-015-BW-016_N,Benign Nevus,0.9899920225143433,True
488,LE-063-SP-064_N,Benign Nevus,4,FKH-008-010_N,Benign Nevus,0.9885598421096802,True
488,LE-063-SP-064_N,Benign Nevus,5,LE-019-WP-020_N,Benign Nevus,0.9881534576416016,True
488,LE-063-SP-064_N,Benign Nevus,6,LE-105-TF-106_N,Benign Nevus,0.986416757106781,True
488,LE-063-SP-064_N,Benign Nevus,7,FKH-021-022_N,Benign Nevus,0.9852219820022583,True
488,LE-063-SP-064_N,Benign Nevus,8,BO-017-BU-018_N,Benign Nevus,0.9832646250724792,True
488,LE-063-SP-064_N,Benign Nevus,9,LE-061-TM-062_N,Benign Nevus,0.9785608649253845,True
489,LE-081-TR-082_N,Benign Nevus,0,BO-001-SH-002_N,Benign Nevus,0.9988901615142822,True
489,LE-081-TR-082_N,Benign Nevus,1,LE-047-LF-048_N,Benign Nevus,0.9974294900894165,True
489,LE-081-TR-082_N,Benign Nevus,2,FKH-027-028_N,Benign Nevus,0.984413206577301,True
489,LE-081-TR-082_N,Benign Nevus,3,LE-029-SE-030_N,Benign Nevus,0.974113404750824,True
489,LE-081-TR-082_N,Benign Nevus,4,LE-061-TM-062_N,Benign Nevus,0.9718838930130005,True
489,LE-081-TR-082_N,Benign Nevus,5,FKH-008-010_N,Benign Nevus,0.9689843654632568,True
489,LE-081-TR-082_N,Benign Nevus,6,BO-005-SA-006_N,Benign Nevus,0.9608564376831055,True
489,LE-081-TR-082_N,Benign Nevus,7,FKH-021-022_N,Benign Nevus,0.9584107398986816,True
489,LE-081-TR-082_N,Benign Nevus,8,TCGA-EB-A44N-01,Primary Tumor,0.9580746293067932,False
489,LE-081-TR-082_N,Benign Nevus,9,031_N,Benign Nevus,0.955064594745636,True
490,LE-105-TF-106_N,Benign Nevus,0,BO-015-BW-016_N,Benign Nevus,0.9996541142463684,True
490,LE-105-TF-106_N,Benign Nevus,1,BO-017-BU-018_N,Benign Nevus,0.9992981553077698,True
490,LE-105-TF-106_N,Benign Nevus,2,LE-019-WP-020_N,Benign Nevus,0.9981834888458252,True
490,LE-105-TF-106_N,Benign Nevus,3,LE-063-SP-064_N,Benign Nevus,0.986416757106781,True
490,LE-105-TF-106_N,Benign Nevus,4,BO-013-NK-014_N,Benign Nevus,0.9746773838996887,True
490,LE-105-TF-106_N,Benign Nevus,5,LE-021-TH-022_N,Benign Nevus,0.9724649786949158,True
490,LE-105-TF-106_N,Benign Nevus,6,BO-005-SA-006_N,Benign Nevus,0.9652818441390991,True
490,LE-105-TF-106_N,Benign Nevus,7,FKH-021-022_N,Benign Nevus,0.9598494172096252,True
490,LE-105-TF-106_N,Benign Nevus,8,FKH-008-010_N,Benign Nevus,0.9563196897506714,True
490,LE-105-TF-106_N,Benign Nevus,9,LE-061-TM-062_N,Benign Nevus,0.9334110617637634,True
491,LE-117-RB-118_N,Benign Nevus,0,018_N,Benign Nevus,0.9999258518218994,True
491,LE-117-RB-118_N,Benign Nevus,1,TCGA-FR-A726-01,Primary Tumor,0.994961678981781,False
491,LE-117-RB-118_N,Benign Nevus,2,TCGA-GN-A4U5-01,Primary Tumor,0.9822075963020325,False
491,LE-117-RB-118_N,Benign Nevus,3,TCGA-EB-A4XL-01,Primary Tumor,0.9820641279220581,False
491,LE-117-RB-118_N,Benign Nevus,4,TCGA-FS-A1ZN-01,Primary Tumor,0.9793355464935303,False
491,LE-117-RB-118_N,Benign Nevus,5,LE-037-RG-038_N,Benign Nevus,0.9755939245223999,True
491,LE-117-RB-118_N,Benign Nevus,6,LE-029-SE-030_N,Benign Nevus,0.966452419757843,True
491,LE-117-RB-118_N,Benign Nevus,7,TCGA-EB-A6QY-01,Primary Tumor,0.9605168700218201,False
491,LE-117-RB-118_N,Benign Nevus,8,TCGA-EE-A2MC-06,Metastasis,0.9600698351860046,False
491,LE-117-RB-118_N,Benign Nevus,9,TCGA-EE-A29G-06,Metastasis,0.9590464234352112,False
