query_idx,query_id,query_class,rank,neighbor_id,neighbor_class,cosine,same_class
0,TCGA-FR-A3R1-01,Primary Tumor,0,TCGA-RP-A693-06,Metastasis,0.9999173879623413,False
0,TCGA-FR-A3R1-01,Primary Tumor,1,TCGA-EE-A29D-06,Metastasis,0.9998751282691956,False
0,TCGA-FR-A3R1-01,Primary Tumor,2,TCGA-EE-A29S-06,Metastasis,0.9998032450675964,False
0,TCGA-FR-A3R1-01,Primary Tumor,3,TCGA-BF-A1PZ-01,Primary Tumor,0.999737024307251,True
0,TCGA-FR-A3R1-01,Primary Tumor,4,TCGA-EE-A2MK-06,Metastasis,0.9997132420539856,False
0,TCGA-FR-A3R1-01,Primary Tumor,5,TCGA-EE-A3J7-06,Metastasis,0.9996950030326843,False
0,TCGA-FR-A3R1-01,Primary Tumor,6,TCGA-EE-A2M6-06,Metastasis,0.9996819496154785,False
0,TCGA-FR-A3R1-01,Primary Tumor,7,TCGA-RP-A694-06,Metastasis,0.999672532081604,False
0,TCGA-FR-A3R1-01,Primary Tumor,8,TCGA-WE-A8K5-06,Metastasis,0.9996362328529358,False
0,TCGA-FR-A3R1-01,Primary Tumor,9,TCGA-EE-A20I-06,Metastasis,0.9995885491371155,False
1,TCGA-EE-A29D-06,Metastasis,0,TCGA-EE-A29S-06,Metastasis,0.9999710321426392,True
1,TCGA-EE-A29D-06,Metastasis,1,TCGA-BF-A1PZ-01,Primary Tumor,0.999954104423523,False
1,TCGA-EE-A29D-06,Metastasis,2,TCGA-RP-A694-06,Metastasis,0.9999041557312012,True
1,TCGA-EE-A29D-06,Metastasis,3,TCGA-FR-A3R1-01,Primary Tumor,0.9998751282691956,False
1,TCGA-EE-A29D-06,Metastasis,4,TCGA-DA-A95W-06,Metastasis,0.9998360872268677,True
1,TCGA-EE-A29D-06,Metastasis,5,TCGA-EE-A3J7-06,Metastasis,0.9997990131378174,True
1,TCGA-EE-A29D-06,Metastasis,6,TCGA-WE-A8K5-06,Metastasis,0.9997962713241577,True
1,TCGA-EE-A29D-06,Metastasis,7,TCGA-W3-AA1Q-06,Metastasis,0.9997710585594177,True
1,TCGA-EE-A29D-06,Metastasis,8,TCGA-RP-A693-06,Metastasis,0.9997599720954895,True
1,TCGA-EE-A29D-06,Metastasis,9,TCGA-EE-A20I-06,Metastasis,0.9997328519821167,True
2,TCGA-FS-A1ZA-06,Metastasis,0,TCGA-FS-A1ZM-06,Metastasis,0.9994737505912781,True
2,TCGA-FS-A1ZA-06,Metastasis,1,TCGA-FS-A1Z4-06,Metastasis,0.9991881847381592,True
2,TCGA-FS-A1ZA-06,Metastasis,2,TCGA-EE-A2GB-06,Metastasis,0.9984967708587646,True
2,TCGA-FS-A1ZA-06,Metastasis,3,TCGA-FS-A1ZR-06,Metastasis,0.9974588751792908,True
2,TCGA-FS-A1ZA-06,Metastasis,4,TCGA-DA-A1HV-06,Metastasis,0.9971737861633301,True
2,TCGA-FS-A1ZA-06,Metastasis,5,TCGA-EE-A2GK-06,Metastasis,0.9969558119773865,True
2,TCGA-FS-A1ZA-06,Metastasis,6,TCGA-D3-A3CE-06,Metastasis,0.996849536895752,True
2,TCGA-FS-A1ZA-06,Metastasis,7,TCGA-D3-A2J9-06,Metastasis,0.9966195821762085,True
2,TCGA-FS-A1ZA-06,Metastasis,8,TCGA-EE-A2MG-06,Metastasis,0.9964155554771423,True
2,TCGA-FS-A1ZA-06,Metastasis,9,TCGA-EB-A551-01,Primary Tumor,0.9956105351448059,False
3,TCGA-EE-A17X-06,Metastasis,0,TCGA-FS-A1YY-06,Metastasis,0.999966561794281,True
3,TCGA-EE-A17X-06,Metastasis,1,TCGA-ER-A2ND-06,Metastasis,0.9999010562896729,True
3,TCGA-EE-A17X-06,Metastasis,2,TCGA-EE-A3AF-06,Metastasis,0.9998342990875244,True
3,TCGA-EE-A17X-06,Metastasis,3,TCGA-WE-A8ZN-06,Metastasis,0.9998288750648499,True
3,TCGA-EE-A17X-06,Metastasis,4,TCGA-D3-A3ML-06,Metastasis,0.9997637867927551,True
3,TCGA-EE-A17X-06,Metastasis,5,TCGA-EE-A180-06,Metastasis,0.9996267557144165,True
3,TCGA-EE-A17X-06,Metastasis,6,TCGA-D3-A8GV-06,Metastasis,0.9996227622032166,True
3,TCGA-EE-A17X-06,Metastasis,7,TCGA-D3-A5GO-06,Metastasis,0.9996220469474792,True
3,TCGA-EE-A17X-06,Metastasis,8,TCGA-DA-A1I0-06,Metastasis,0.9995077252388,True
3,TCGA-EE-A17X-06,Metastasis,9,TCGA-GN-A268-06,Metastasis,0.9995020627975464,True
4,TCGA-FR-A8YD-06,Metastasis,0,TCGA-ER-A198-06,Metastasis,0.9999690651893616,True
4,TCGA-FR-A8YD-06,Metastasis,1,TCGA-EE-A2GM-06,Metastasis,0.9999169111251831,True
4,TCGA-FR-A8YD-06,Metastasis,2,TCGA-FS-A1ZP-06,Metastasis,0.9998663067817688,True
4,TCGA-FR-A8YD-06,Metastasis,3,TCGA-EE-A2MN-06,Metastasis,0.9998533725738525,True
4,TCGA-FR-A8YD-06,Metastasis,4,TCGA-EB-A41B-01,Primary Tumor,0.9997893571853638,False
4,TCGA-FR-A8YD-06,Metastasis,5,TCGA-D3-A2JG-06,Metastasis,0.9997708201408386,True
4,TCGA-FR-A8YD-06,Metastasis,6,TCGA-D3-A1QA-06,Metastasis,0.9997089505195618,True
4,TCGA-FR-A8YD-06,Metastasis,7,TCGA-FS-A4FD-06,Metastasis,0.9996160864830017,True
4,TCGA-FR-A8YD-06,Metastasis,8,TCGA-EE-A29X-06,Metastasis,0.9995976090431213,True
4,TCGA-FR-A8YD-06,Metastasis,9,TCGA-BF-A1PV-01,Primary Tumor,0.9995555877685547,False
5,TCGA-FS-A1ZF-06,Metastasis,0,TCGA-EE-A29T-06,Metastasis,0.9997825026512146,True
5,TCGA-FS-A1ZF-06,Metastasis,1,TCGA-ER-A42K-06,Metastasis,0.9997566342353821,True
5,TCGA-FS-A1ZF-06,Metastasis,2,TCGA-ER-A3ET-06,Metastasis,0.9992605447769165,True
5,TCGA-FS-A1ZF-06,Metastasis,3,TCGA-D3-A2J7-06,Metastasis,0.9992091655731201,True
5,TCGA-FS-A1ZF-06,Metastasis,4,TCGA-EE-A3AD-06,Metastasis,0.9991889595985413,True
5,TCGA-FS-A1ZF-06,Metastasis,5,TCGA-FS-A1ZZ-06,Metastasis,0.9991514682769775,True
5,TCGA-FS-A1ZF-06,Metastasis,6,TCGA-D9-A3Z1-06,Metastasis,0.9991030097007751,True
5,TCGA-FS-A1ZF-06,Metastasis,7,TCGA-FR-A2OS-01,Primary Tumor,0.9990066289901733,False
5,TCGA-FS-A1ZF-06,Metastasis,8,TCGA-W3-AA1O-06,Metastasis,0.9988134503364563,True
5,TCGA-FS-A1ZF-06,Metastasis,9,TCGA-BF-A3DN-01,Primary Tumor,0.9987069368362427,False
6,TCGA-EB-A41A-01,Primary Tumor,0,TCGA-GN-A26D-06,Metastasis,0.9998971223831177,False
6,TCGA-EB-A41A-01,Primary Tumor,1,TCGA-ER-A193-06,Metastasis,0.9998696446418762,False
6,TCGA-EB-A41A-01,Primary Tumor,2,TCGA-EB-A5UM-01,Primary Tumor,0.9998669028282166,True
6,TCGA-EB-A41A-01,Primary Tumor,3,TCGA-EE-A2MF-06,Metastasis,0.9997941851615906,False
6,TCGA-EB-A41A-01,Primary Tumor,4,TCGA-GN-A4U4-06,Metastasis,0.9995095729827881,False
6,TCGA-EB-A41A-01,Primary Tumor,5,TCGA-EE-A2MQ-06,Metastasis,0.9994441270828247,False
6,TCGA-EB-A41A-01,Primary Tumor,6,TCGA-ER-A199-06,Metastasis,0.999439001083374,False
6,TCGA-EB-A41A-01,Primary Tumor,7,TCGA-FS-A1ZJ-06,Metastasis,0.9991395473480225,False
6,TCGA-EB-A41A-01,Primary Tumor,8,TCGA-EE-A2ML-06,Metastasis,0.9990872144699097,False
6,TCGA-EB-A41A-01,Primary Tumor,9,TCGA-D9-A148-06,Metastasis,0.9988643527030945,False
7,TCGA-D3-A3ML-06,Metastasis,0,TCGA-EB-A4OY-01,Primary Tumor,0.9999313354492188,False
7,TCGA-D3-A3ML-06,Metastasis,1,TCGA-FS-A1YY-06,Metastasis,0.9998984932899475,True
7,TCGA-D3-A3ML-06,Metastasis,2,TCGA-EB-A5SH-06,Metastasis,0.9998618960380554,True
7,TCGA-D3-A3ML-06,Metastasis,3,TCGA-FR-A7U8-06,Metastasis,0.9998188018798828,True
7,TCGA-D3-A3ML-06,Metastasis,4,TCGA-EE-A17X-06,Metastasis,0.9997637867927551,True
7,TCGA-D3-A3ML-06,Metastasis,5,TCGA-ER-A19T-06,Metastasis,0.999665379524231,True
7,TCGA-D3-A3ML-06,Metastasis,6,TCGA-DA-A1I0-06,Metastasis,0.9996544718742371,True
7,TCGA-D3-A3ML-06,Metastasis,7,TCGA-FS-A4F4-06,Metastasis,0.9995917677879333,True
7,TCGA-D3-A3ML-06,Metastasis,8,TCGA-ER-A2ND-06,Metastasis,0.9994933009147644,True
7,TCGA-D3-A3ML-06,Metastasis,9,TCGA-D3-A8GV-06,Metastasis,0.9994509816169739,True
8,TCGA-EE-A2MP-06,Metastasis,0,TCGA-GN-A265-06,Metastasis,0.9998795390129089,True
8,TCGA-EE-A2MP-06,Metastasis,1,TCGA-D3-A8GC-06,Metastasis,0.9997331500053406,True
8,TCGA-EE-A2MP-06,Metastasis,2,TCGA-EE-A20B-06,Metastasis,0.9996105432510376,True
8,TCGA-EE-A2MP-06,Metastasis,3,TCGA-EE-A3JB-06,Metastasis,0.9995639324188232,True
8,TCGA-EE-A2MP-06,Metastasis,4,TCGA-D3-A5GN-06,Metastasis,0.999321460723877,True
8,TCGA-EE-A2MP-06,Metastasis,5,TCGA-DA-A95X-06,Metastasis,0.9992978572845459,True
8,TCGA-EE-A2MP-06,Metastasis,6,TCGA-HR-A2OH-06,Metastasis,0.9992122650146484,True
8,TCGA-EE-A2MP-06,Metastasis,7,TCGA-EE-A2M8-06,Metastasis,0.9989877939224243,True
8,TCGA-EE-A2MP-06,Metastasis,8,TCGA-ER-A2NG-06,Metastasis,0.998771607875824,True
8,TCGA-EE-A2MP-06,Metastasis,9,TCGA-EE-A29H-06,Metastasis,0.9986457228660583,True
9,TCGA-DA-A1I4-06,Metastasis,0,TCGA-D9-A6EA-06,Metastasis,0.9999852776527405,True
9,TCGA-DA-A1I4-06,Metastasis,1,TCGA-FW-A3TU-06,Metastasis,0.9999343752861023,True
9,TCGA-DA-A1I4-06,Metastasis,2,TCGA-GN-A264-06,Metastasis,0.9998337030410767,True
9,TCGA-DA-A1I4-06,Metastasis,3,TCGA-GF-A769-01,Primary Tumor,0.9997990727424622,False
9,TCGA-DA-A1I4-06,Metastasis,4,TCGA-ER-A2NE-06,Metastasis,0.9997819066047668,True
9,TCGA-DA-A1I4-06,Metastasis,5,TCGA-GN-A4U3-06,Metastasis,0.9997032880783081,True
9,TCGA-DA-A1I4-06,Metastasis,6,TCGA-ER-A2NF-06,Metastasis,0.9997012615203857,True
9,TCGA-DA-A1I4-06,Metastasis,7,TCGA-ER-A3PL-06,Metastasis,0.9996301531791687,True
9,TCGA-DA-A1I4-06,Metastasis,8,TCGA-FR-A69P-06,Metastasis,0.9995961785316467,True
9,TCGA-DA-A1I4-06,Metastasis,9,TCGA-YD-A89C-06,Metastasis,0.9995952844619751,True
10,TCGA-ER-A19S-06,Metastasis,0,TCGA-OD-A75X-06,Metastasis,0.9999094009399414,True
10,TCGA-ER-A19S-06,Metastasis,1,TCGA-D3-A51F-06,Metastasis,0.9998296499252319,True
10,TCGA-ER-A19S-06,Metastasis,2,TCGA-EE-A29H-06,Metastasis,0.9997830986976624,True
10,TCGA-ER-A19S-06,Metastasis,3,TCGA-EE-A181-06,Metastasis,0.9995370507240295,True
10,TCGA-ER-A19S-06,Metastasis,4,TCGA-WE-A8ZY-06,Metastasis,0.9994400143623352,True
10,TCGA-ER-A19S-06,Metastasis,5,TCGA-FS-A1Z0-06,Metastasis,0.9993904829025269,True
10,TCGA-ER-A19S-06,Metastasis,6,TCGA-D3-A8GM-06,Metastasis,0.99937903881073,True
10,TCGA-ER-A19S-06,Metastasis,7,TCGA-EE-A2MJ-06,Metastasis,0.9993621706962585,True
10,TCGA-ER-A19S-06,Metastasis,8,TCGA-EE-A29M-06,Metastasis,0.9993377327919006,True
10,TCGA-ER-A19S-06,Metastasis,9,TCGA-ER-A19W-06,Metastasis,0.9992544054985046,True
11,TCGA-EE-A3AB-06,Metastasis,0,TCGA-ER-A19E-06,Metastasis,0.9997981786727905,True
11,TCGA-EE-A3AB-06,Metastasis,1,TCGA-FS-A1ZW-06,Metastasis,0.9983133673667908,True
11,TCGA-EE-A3AB-06,Metastasis,2,TCGA-D3-A8GQ-06,Metastasis,0.998108983039856,True
11,TCGA-EE-A3AB-06,Metastasis,3,TCGA-D3-A3CC-06,Metastasis,0.9976363182067871,True
11,TCGA-EE-A3AB-06,Metastasis,4,TCGA-D3-A3C8-06,Metastasis,0.9975659251213074,True
11,TCGA-EE-A3AB-06,Metastasis,5,TCGA-D3-A2JN-06,Metastasis,0.9974911212921143,True
11,TCGA-EE-A3AB-06,Metastasis,6,TCGA-EB-A431-01,Primary Tumor,0.9974508881568909,False
11,TCGA-EE-A3AB-06,Metastasis,7,TCGA-EE-A3AH-06,Metastasis,0.9971882700920105,True
11,TCGA-EE-A3AB-06,Metastasis,8,TCGA-EE-A3JH-06,Metastasis,0.9971206784248352,True
11,TCGA-EE-A3AB-06,Metastasis,9,TCGA-BF-AAP7-01,Primary Tumor,0.9970881938934326,False
12,TCGA-D3-A5GR-06,Metastasis,0,TCGA-D3-A8GD-06,Metastasis,0.999406635761261,True
12,TCGA-D3-A5GR-06,Metastasis,1,TCGA-FR-A729-06,Metastasis,0.999379575252533,True
12,TCGA-D3-A5GR-06,Metastasis,2,TCGA-FS-A1ZH-06,Metastasis,0.9978557825088501,True
12,TCGA-D3-A5GR-06,Metastasis,3,TCGA-Z2-A8RT-06,Metastasis,0.9955671429634094,True
12,TCGA-D3-A5GR-06,Metastasis,4,TCGA-W3-A825-06,Metastasis,0.995235800743103,True
12,TCGA-D3-A5GR-06,Metastasis,5,TCGA-D3-A2JB-06,Metastasis,0.9949884414672852,True
12,TCGA-D3-A5GR-06,Metastasis,6,TCGA-EE-A29N-06,Metastasis,0.9944035410881042,True
12,TCGA-D3-A5GR-06,Metastasis,7,TCGA-ER-A19P-06,Metastasis,0.9935814142227173,True
12,TCGA-D3-A5GR-06,Metastasis,8,TCGA-EB-A4IS-01,Primary Tumor,0.9918165802955627,False
12,TCGA-D3-A5GR-06,Metastasis,9,TCGA-WE-A8ZR-06,Metastasis,0.9892870783805847,True
13,TCGA-W3-AA1R-06,Metastasis,0,TCGA-D3-A1Q7-06,Metastasis,0.9998113512992859,True
13,TCGA-W3-AA1R-06,Metastasis,1,TCGA-ER-A42L-06,Metastasis,0.9997191429138184,True
13,TCGA-W3-AA1R-06,Metastasis,2,TCGA-WE-A8ZY-06,Metastasis,0.9997026920318604,True
13,TCGA-W3-AA1R-06,Metastasis,3,TCGA-EE-A29M-06,Metastasis,0.9996090531349182,True
13,TCGA-W3-AA1R-06,Metastasis,4,TCGA-EE-A181-06,Metastasis,0.9995564222335815,True
13,TCGA-W3-AA1R-06,Metastasis,5,TCGA-D3-A2JC-06,Metastasis,0.9995121359825134,True
13,TCGA-W3-AA1R-06,Metastasis,6,TCGA-FS-A4F8-06,Metastasis,0.9994345903396606,True
13,TCGA-W3-AA1R-06,Metastasis,7,TCGA-D3-A51J-06,Metastasis,0.9993870854377747,True
13,TCGA-W3-AA1R-06,Metastasis,8,TCGA-D3-A51F-06,Metastasis,0.999224841594696,True
13,TCGA-W3-AA1R-06,Metastasis,9,TCGA-EE-A2MJ-06,Metastasis,0.9991872906684875,True
14,TCGA-D3-A8GK-06,Metastasis,0,TCGA-ER-A19O-06,Metastasis,0.9999521970748901,True
14,TCGA-D3-A8GK-06,Metastasis,1,TCGA-YG-AA3P-06,Metastasis,0.9999014139175415,True
14,TCGA-D3-A8GK-06,Metastasis,2,TCGA-BF-A1PU-01,Primary Tumor,0.9998294711112976,False
14,TCGA-D3-A8GK-06,Metastasis,3,TCGA-RP-A690-06,Metastasis,0.9997970461845398,True
14,TCGA-D3-A8GK-06,Metastasis,4,TCGA-D9-A6EG-06,Metastasis,0.9997473955154419,True
14,TCGA-D3-A8GK-06,Metastasis,5,TCGA-D9-A4Z3-01,Primary Tumor,0.9997098445892334,False
14,TCGA-D3-A8GK-06,Metastasis,6,TCGA-FR-A3YO-06,Metastasis,0.9996450543403625,True
14,TCGA-D3-A8GK-06,Metastasis,7,TCGA-D9-A4Z5-01,Primary Tumor,0.9996436238288879,False
14,TCGA-D3-A8GK-06,Metastasis,8,TCGA-DA-A1IA-06,Metastasis,0.9996039867401123,True
14,TCGA-D3-A8GK-06,Metastasis,9,TCGA-D3-A1Q1-06,Metastasis,0.9995841979980469,True
15,TCGA-EE-A20H-06,Metastasis,0,TCGA-EB-A5VV-06,Metastasis,0.9983386993408203,True
15,TCGA-EE-A20H-06,Metastasis,1,TCGA-D3-A8GQ-06,Metastasis,0.9977469444274902,True
15,TCGA-EE-A20H-06,Metastasis,2,TCGA-D3-A3C8-06,Metastasis,0.9973906874656677,True
15,TCGA-EE-A20H-06,Metastasis,3,TCGA-GN-A4U9-06,Metastasis,0.997382640838623,True
15,TCGA-EE-A20H-06,Metastasis,4,TCGA-W3-AA1V-06,Metastasis,0.9972236752510071,True
15,TCGA-EE-A20H-06,Metastasis,5,TCGA-WE-A8ZM-06,Metastasis,0.9958868026733398,True
15,TCGA-EE-A20H-06,Metastasis,6,TCGA-XV-A9W5-01,Primary Tumor,0.9956302046775818,False
15,TCGA-EE-A20H-06,Metastasis,7,TCGA-EE-A3AB-06,Metastasis,0.9950124621391296,True
15,TCGA-EE-A20H-06,Metastasis,8,TCGA-EE-A3AG-06,Metastasis,0.9939854741096497,True
15,TCGA-EE-A20H-06,Metastasis,9,TCGA-EB-A5SE-01,Primary Tumor,0.9934579133987427,False
16,TCGA-D3-A51G-06,Metastasis,0,TCGA-EE-A29V-06,Metastasis,0.9998793601989746,True
16,TCGA-D3-A51G-06,Metastasis,1,TCGA-FS-A1ZE-06,Metastasis,0.9997046589851379,True
16,TCGA-D3-A51G-06,Metastasis,2,TCGA-DA-A1I7-06,Metastasis,0.9996106624603271,True
16,TCGA-D3-A51G-06,Metastasis,3,TCGA-EB-A5UN-06,Metastasis,0.9995541572570801,True
16,TCGA-D3-A51G-06,Metastasis,4,TCGA-EB-A82C-01,Primary Tumor,0.9994571208953857,False
16,TCGA-D3-A51G-06,Metastasis,5,TCGA-EE-A3JD-06,Metastasis,0.9993399977684021,True
16,TCGA-D3-A51G-06,Metastasis,6,TCGA-EE-A29W-06,Metastasis,0.9993160963058472,True
16,TCGA-D3-A51G-06,Metastasis,7,TCGA-D9-A4Z6-06,Metastasis,0.9990625381469727,True
16,TCGA-D3-A51G-06,Metastasis,8,TCGA-WE-A8K6-06,Metastasis,0.9990140795707703,True
16,TCGA-D3-A51G-06,Metastasis,9,TCGA-ER-A19L-06,Metastasis,0.9989649057388306,True
17,TCGA-EE-A29M-06,Metastasis,0,TCGA-ER-A42L-06,Metastasis,0.9999716877937317,True
17,TCGA-EE-A29M-06,Metastasis,1,TCGA-EE-A2MJ-06,Metastasis,0.9998442530632019,True
17,TCGA-EE-A29M-06,Metastasis,2,TCGA-EE-A181-06,Metastasis,0.9996809363365173,True
17,TCGA-EE-A29M-06,Metastasis,3,TCGA-W3-AA1R-06,Metastasis,0.9996090531349182,True
17,TCGA-EE-A29M-06,Metastasis,4,TCGA-D3-A1Q7-06,Metastasis,0.9994741678237915,True
17,TCGA-EE-A29M-06,Metastasis,5,TCGA-WE-A8ZY-06,Metastasis,0.9994402527809143,True
17,TCGA-EE-A29M-06,Metastasis,6,TCGA-DA-A1I1-06,Metastasis,0.9993916749954224,True
17,TCGA-EE-A29M-06,Metastasis,7,TCGA-D3-A51F-06,Metastasis,0.9993705749511719,True
17,TCGA-EE-A29M-06,Metastasis,8,TCGA-ER-A19S-06,Metastasis,0.9993377327919006,True
17,TCGA-EE-A29M-06,Metastasis,9,TCGA-EE-A3AC-06,Metastasis,0.9992692470550537,True
18,TCGA-BF-A5ER-01,Primary Tumor,0,TCGA-D3-A8GI-06,Metastasis,0.9999754428863525,False
18,TCGA-BF-A5ER-01,Primary Tumor,1,TCGA-DA-A95Z-06,Metastasis,0.9999269247055054,False
18,TCGA-BF-A5ER-01,Primary Tumor,2,TCGA-EB-A553-01,Primary Tumor,0.9998958706855774,True
18,TCGA-BF-A5ER-01,Primary Tumor,3,TCGA-XV-AB01-06,Metastasis,0.9998122453689575,False
18,TCGA-BF-A5ER-01,Primary Tumor,4,TCGA-FS-A1ZU-06,Metastasis,0.9997813701629639,False
18,TCGA-BF-A5ER-01,Primary Tumor,5,TCGA-ER-A194-01,Primary Tumor,0.9997450113296509,True
18,TCGA-BF-A5ER-01,Primary Tumor,6,TCGA-EE-A29B-06,Metastasis,0.9996632933616638,False
18,TCGA-BF-A5ER-01,Primary Tumor,7,TCGA-GN-A8LK-06,Metastasis,0.9996464848518372,False
18,TCGA-BF-A5ER-01,Primary Tumor,8,TCGA-EE-A29E-06,Metastasis,0.9994216561317444,False
18,TCGA-BF-A5ER-01,Primary Tumor,9,TCGA-EB-A3Y7-01,Primary Tumor,0.9993152022361755,True
19,TCGA-D3-A8GD-06,Metastasis,0,TCGA-D3-A5GR-06,Metastasis,0.999406635761261,True
19,TCGA-D3-A8GD-06,Metastasis,1,TCGA-FR-A729-06,Metastasis,0.9984455704689026,True
19,TCGA-D3-A8GD-06,Metastasis,2,TCGA-Z2-A8RT-06,Metastasis,0.9977427124977112,True
19,TCGA-D3-A8GD-06,Metastasis,3,TCGA-EE-A29N-06,Metastasis,0.9967512488365173,True
19,TCGA-D3-A8GD-06,Metastasis,4,TCGA-FS-A1ZH-06,Metastasis,0.9965932369232178,True
19,TCGA-D3-A8GD-06,Metastasis,5,TCGA-D3-A2JB-06,Metastasis,0.9963392019271851,True
19,TCGA-D3-A8GD-06,Metastasis,6,TCGA-EB-A4IS-01,Primary Tumor,0.9935811758041382,False
19,TCGA-D3-A8GD-06,Metastasis,7,TCGA-W3-A825-06,Metastasis,0.9929987192153931,True
19,TCGA-D3-A8GD-06,Metastasis,8,TCGA-WE-A8ZR-06,Metastasis,0.9927575588226318,True
19,TCGA-D3-A8GD-06,Metastasis,9,TCGA-ER-A19P-06,Metastasis,0.9897657632827759,True
20,TCGA-D3-A5GU-06,Metastasis,0,TCGA-WE-A8ZO-06,Metastasis,0.9999630451202393,True
20,TCGA-D3-A5GU-06,Metastasis,1,TCGA-WE-A8ZT-06,Metastasis,0.9998419284820557,True
20,TCGA-D3-A5GU-06,Metastasis,2,TCGA-EE-A2MM-06,Metastasis,0.9997966289520264,True
20,TCGA-D3-A5GU-06,Metastasis,3,TCGA-EE-A2GN-06,Metastasis,0.9997544884681702,True
20,TCGA-D3-A5GU-06,Metastasis,4,TCGA-D3-A2JF-06,Metastasis,0.9997071623802185,True
20,TCGA-D3-A5GU-06,Metastasis,5,TCGA-WE-A8K5-06,Metastasis,0.9997016787528992,True
20,TCGA-D3-A5GU-06,Metastasis,6,TCGA-ER-A19Q-06,Metastasis,0.999699056148529,True
20,TCGA-D3-A5GU-06,Metastasis,7,TCGA-EE-A3J7-06,Metastasis,0.9996927380561829,True
20,TCGA-D3-A5GU-06,Metastasis,8,TCGA-FR-A3R1-01,Primary Tumor,0.9995374083518982,False
20,TCGA-D3-A5GU-06,Metastasis,9,TCGA-YD-A9TB-06,Metastasis,0.9994873404502869,True
21,TCGA-D3-A3C8-06,Metastasis,0,TCGA-D3-A8GQ-06,Metastasis,0.9996612071990967,True
21,TCGA-D3-A3C8-06,Metastasis,1,TCGA-D3-A2JN-06,Metastasis,0.9988196492195129,True
21,TCGA-D3-A3C8-06,Metastasis,2,TCGA-EE-A3AG-06,Metastasis,0.9987391233444214,True
21,TCGA-D3-A3C8-06,Metastasis,3,TCGA-EE-A3AH-06,Metastasis,0.9978143572807312,True
21,TCGA-D3-A3C8-06,Metastasis,4,TCGA-EE-A3AB-06,Metastasis,0.9975659251213074,True
21,TCGA-D3-A3C8-06,Metastasis,5,TCGA-FS-A1ZW-06,Metastasis,0.9974755048751831,True
21,TCGA-D3-A3C8-06,Metastasis,6,TCGA-EE-A20H-06,Metastasis,0.9973906874656677,True
21,TCGA-D3-A3C8-06,Metastasis,7,TCGA-BF-AAP6-01,Primary Tumor,0.9973101019859314,False
21,TCGA-D3-A3C8-06,Metastasis,8,TCGA-FS-A1Z3-06,Metastasis,0.9972483515739441,True
21,TCGA-D3-A3C8-06,Metastasis,9,TCGA-ER-A19E-06,Metastasis,0.9967818856239319,True
22,TCGA-FS-A4F2-06,Metastasis,0,TCGA-EB-A85I-01,Primary Tumor,0.9999869465827942,False
22,TCGA-FS-A4F2-06,Metastasis,1,TCGA-GN-A4U3-06,Metastasis,0.999949038028717,True
22,TCGA-FS-A4F2-06,Metastasis,2,TCGA-ER-A3PL-06,Metastasis,0.9999304413795471,True
22,TCGA-FS-A4F2-06,Metastasis,3,TCGA-ER-A19F-06,Metastasis,0.9999212622642517,True
22,TCGA-FS-A4F2-06,Metastasis,4,TCGA-WE-AAA4-06,Metastasis,0.9998850226402283,True
22,TCGA-FS-A4F2-06,Metastasis,5,TCGA-YD-A89C-06,Metastasis,0.9998282194137573,True
22,TCGA-FS-A4F2-06,Metastasis,6,TCGA-D3-A2JL-06,Metastasis,0.9997982382774353,True
22,TCGA-FS-A4F2-06,Metastasis,7,TCGA-GN-A264-06,Metastasis,0.999754786491394,True
22,TCGA-FS-A4F2-06,Metastasis,8,TCGA-EB-A42Y-01,Primary Tumor,0.9997267127037048,False
22,TCGA-FS-A4F2-06,Metastasis,9,TCGA-RP-A695-06,Metastasis,0.9996251463890076,True
23,TCGA-EE-A29P-06,Metastasis,0,TCGA-D3-A51E-06,Metastasis,0.9998089075088501,True
23,TCGA-EE-A29P-06,Metastasis,1,TCGA-DA-A3F3-06,Metastasis,0.9996721148490906,True
23,TCGA-EE-A29P-06,Metastasis,2,TCGA-D3-A3C3-06,Metastasis,0.999625563621521,True
23,TCGA-EE-A29P-06,Metastasis,3,TCGA-D3-A3BZ-06,Metastasis,0.9995425939559937,True
23,TCGA-EE-A29P-06,Metastasis,4,TCGA-W3-AA1W-06,Metastasis,0.9995413422584534,True
23,TCGA-EE-A29P-06,Metastasis,5,TCGA-GF-A6C9-06,Metastasis,0.999414324760437,True
23,TCGA-EE-A29P-06,Metastasis,6,TCGA-EE-A2ML-06,Metastasis,0.9993433356285095,True
23,TCGA-EE-A29P-06,Metastasis,7,TCGA-ER-A2NC-06,Metastasis,0.9990881681442261,True
23,TCGA-EE-A29P-06,Metastasis,8,TCGA-EE-A2GD-06,Metastasis,0.9990338087081909,True
23,TCGA-EE-A29P-06,Metastasis,9,TCGA-FS-A1ZJ-06,Metastasis,0.9989867806434631,True
24,TCGA-EB-A44O-01,Primary Tumor,0,TCGA-FS-A1ZK-06,Metastasis,0.9999486207962036,False
24,TCGA-EB-A44O-01,Primary Tumor,1,TCGA-EE-A3JE-06,Metastasis,0.9995427131652832,False
24,TCGA-EB-A44O-01,Primary Tumor,2,TCGA-FW-A5DX-01,Primary Tumor,0.9994465708732605,True
24,TCGA-EB-A44O-01,Primary Tumor,3,TCGA-GN-A26A-06,Metastasis,0.9985308051109314,False
24,TCGA-EB-A44O-01,Primary Tumor,4,TCGA-BF-A5EO-01,Primary Tumor,0.9984866976737976,True
24,TCGA-EB-A44O-01,Primary Tumor,5,TCGA-W3-A828-06,Metastasis,0.9984242916107178,False
24,TCGA-EB-A44O-01,Primary Tumor,6,TCGA-FS-A1ZD-06,Metastasis,0.9980513453483582,False
24,TCGA-EB-A44O-01,Primary Tumor,7,TCGA-FR-A7U9-06,Metastasis,0.9979043006896973,False
24,TCGA-EB-A44O-01,Primary Tumor,8,TCGA-EE-A3AD-06,Metastasis,0.9978782534599304,False
24,TCGA-EB-A44O-01,Primary Tumor,9,TCGA-DA-A95V-06,Metastasis,0.9972835183143616,False
25,TCGA-FS-A1ZB-06,Metastasis,0,TCGA-XV-A9W5-01,Primary Tumor,0.9991874694824219,False
25,TCGA-FS-A1ZB-06,Metastasis,1,TCGA-EB-A1NK-01,Primary Tumor,0.9990271329879761,False
25,TCGA-FS-A1ZB-06,Metastasis,2,TCGA-W3-AA1V-06,Metastasis,0.9990243315696716,True
25,TCGA-FS-A1ZB-06,Metastasis,3,TCGA-GF-A2C7-01,Primary Tumor,0.9989596009254456,False
25,TCGA-FS-A1ZB-06,Metastasis,4,TCGA-DA-A1I8-06,Metastasis,0.998195469379425,True
25,TCGA-FS-A1ZB-06,Metastasis,5,TCGA-YG-AA3N-01,Primary Tumor,0.9978252053260803,False
25,TCGA-FS-A1ZB-06,Metastasis,6,TCGA-WE-A8ZM-06,Metastasis,0.9975886344909668,True
25,TCGA-FS-A1ZB-06,Metastasis,7,TCGA-EB-A5SE-01,Primary Tumor,0.9975753426551819,False
25,TCGA-FS-A1ZB-06,Metastasis,8,TCGA-GN-A26A-06,Metastasis,0.9973195195198059,True
25,TCGA-FS-A1ZB-06,Metastasis,9,TCGA-FR-A7U9-06,Metastasis,0.9963810443878174,True
26,TCGA-ER-A19T-01,Primary Tumor,0,TCGA-EE-A3JA-06,Metastasis,0.9999195337295532,False
26,TCGA-ER-A19T-01,Primary Tumor,1,TCGA-ER-A3EV-06,Metastasis,0.9998281002044678,False
26,TCGA-ER-A19T-01,Primary Tumor,2,TCGA-EE-A182-06,Metastasis,0.9995916485786438,False
26,TCGA-ER-A19T-01,Primary Tumor,3,TCGA-EE-A185-06,Metastasis,0.9990634918212891,False
26,TCGA-ER-A19T-01,Primary Tumor,4,TCGA-DA-A3F2-06,Metastasis,0.9987952709197998,False
26,TCGA-ER-A19T-01,Primary Tumor,5,TCGA-EB-A3XF-01,Primary Tumor,0.9986991286277771,True
26,TCGA-ER-A19T-01,Primary Tumor,6,TCGA-EE-A20C-06,Metastasis,0.9986696839332581,False
26,TCGA-ER-A19T-01,Primary Tumor,7,TCGA-D3-A8GR-06,Metastasis,0.9986604452133179,False
26,TCGA-ER-A19T-01,Primary Tumor,8,TCGA-GN-A8LL-06,Metastasis,0.998367190361023,False
26,TCGA-ER-A19T-01,Primary Tumor,9,TCGA-GN-A262-06,Metastasis,0.9982926845550537,False
27,TCGA-ER-A19T-06,Metastasis,0,TCGA-FS-A4F4-06,Metastasis,0.9999717473983765,True
27,TCGA-ER-A19T-06,Metastasis,1,TCGA-DA-A1I0-06,Metastasis,0.9999406337738037,True
27,TCGA-ER-A19T-06,Metastasis,2,TCGA-EB-A5SH-06,Metastasis,0.9999266862869263,True
27,TCGA-ER-A19T-06,Metastasis,3,TCGA-EB-A5KH-06,Metastasis,0.9996984004974365,True
27,TCGA-ER-A19T-06,Metastasis,4,TCGA-BF-A5ES-01,Primary Tumor,0.9996813535690308,False
27,TCGA-ER-A19T-06,Metastasis,5,TCGA-D3-A3ML-06,Metastasis,0.999665379524231,True
27,TCGA-ER-A19T-06,Metastasis,6,TCGA-FS-A1YY-06,Metastasis,0.9995670914649963,True
27,TCGA-ER-A19T-06,Metastasis,7,TCGA-EB-A4OY-01,Primary Tumor,0.9995163083076477,False
27,TCGA-ER-A19T-06,Metastasis,8,TCGA-FS-A1ZG-06,Metastasis,0.9994463324546814,True
27,TCGA-ER-A19T-06,Metastasis,9,TCGA-EE-A3AF-06,Metastasis,0.9994409680366516,True
28,TCGA-D3-A3CE-06,Metastasis,0,TCGA-D3-A2J9-06,Metastasis,0.9998229146003723,True
28,TCGA-D3-A3CE-06,Metastasis,1,TCGA-EE-A20F-06,Metastasis,0.9991261959075928,True
28,TCGA-D3-A3CE-06,Metastasis,2,TCGA-ER-A195-06,Metastasis,0.9988217353820801,True
28,TCGA-D3-A3CE-06,Metastasis,3,TCGA-FS-A1Z4-06,Metastasis,0.9988181591033936,True
28,TCGA-D3-A3CE-06,Metastasis,4,TCGA-ER-A19H-06,Metastasis,0.9987667798995972,True
28,TCGA-D3-A3CE-06,Metastasis,5,TCGA-FS-A1ZM-06,Metastasis,0.9982859492301941,True
28,TCGA-D3-A3CE-06,Metastasis,6,TCGA-HR-A2OG-06,Metastasis,0.9982802867889404,True
28,TCGA-D3-A3CE-06,Metastasis,7,TCGA-EB-A551-01,Primary Tumor,0.997904360294342,False
28,TCGA-D3-A3CE-06,Metastasis,8,TCGA-D3-A2JH-06,Metastasis,0.9977750778198242,True
28,TCGA-D3-A3CE-06,Metastasis,9,TCGA-FS-A1ZA-06,Metastasis,0.996849536895752,True
29,TCGA-ER-A19M-06,Metastasis,0,TCGA-D3-A8GO-06,Metastasis,0.9999723434448242,True
29,TCGA-ER-A19M-06,Metastasis,1,TCGA-D3-A1Q4-06,Metastasis,0.9998791217803955,True
29,TCGA-ER-A19M-06,Metastasis,2,TCGA-3N-A9WD-06,Metastasis,0.9997835755348206,True
29,TCGA-ER-A19M-06,Metastasis,3,TCGA-D9-A3Z4-01,Primary Tumor,0.9997786283493042,False
29,TCGA-ER-A19M-06,Metastasis,4,TCGA-WE-A8ZX-06,Metastasis,0.9997447729110718,True
29,TCGA-ER-A19M-06,Metastasis,5,TCGA-3N-A9WC-06,Metastasis,0.9997233748435974,True
29,TCGA-ER-A19M-06,Metastasis,6,TCGA-WE-A8JZ-06,Metastasis,0.9997028112411499,True
29,TCGA-ER-A19M-06,Metastasis,7,TCGA-WE-AA9Y-06,Metastasis,0.9995193481445312,True
29,TCGA-ER-A19M-06,Metastasis,8,TCGA-DA-A3F8-06,Metastasis,0.9995045065879822,True
29,TCGA-ER-A19M-06,Metastasis,9,TCGA-FS-A1Z0-06,Metastasis,0.9994015097618103,True
30,TCGA-EE-A3AF-06,Metastasis,0,TCGA-WE-A8ZN-06,Metastasis,0.9999268651008606,True
30,TCGA-EE-A3AF-06,Metastasis,1,TCGA-EE-A17X-06,Metastasis,0.9998342990875244,True
30,TCGA-EE-A3AF-06,Metastasis,2,TCGA-FS-A1YY-06,Metastasis,0.9997826218605042,True
30,TCGA-EE-A3AF-06,Metastasis,3,TCGA-DA-A1I0-06,Metastasis,0.9996516108512878,True
30,TCGA-EE-A3AF-06,Metastasis,4,TCGA-ER-A2ND-06,Metastasis,0.9996424317359924,True
30,TCGA-EE-A3AF-06,Metastasis,5,TCGA-EB-A97M-01,Primary Tumor,0.9995743632316589,False
30,TCGA-EE-A3AF-06,Metastasis,6,TCGA-D3-A3ML-06,Metastasis,0.999444842338562,True
30,TCGA-EE-A3AF-06,Metastasis,7,TCGA-ER-A19T-06,Metastasis,0.9994409680366516,True
30,TCGA-EE-A3AF-06,Metastasis,8,TCGA-EB-A5SH-06,Metastasis,0.9993264079093933,True
30,TCGA-EE-A3AF-06,Metastasis,9,TCGA-EE-A180-06,Metastasis,0.999268114566803,True
31,TCGA-EE-A29A-06,Metastasis,0,TCGA-D3-A51K-06,Metastasis,0.9999101758003235,True
31,TCGA-EE-A29A-06,Metastasis,1,TCGA-LH-A9QB-06,Metastasis,0.9999083876609802,True
31,TCGA-EE-A29A-06,Metastasis,2,TCGA-GN-A262-06,Metastasis,0.9998177289962769,True
31,TCGA-EE-A29A-06,Metastasis,3,TCGA-BF-AAP8-01,Primary Tumor,0.9996573328971863,False
31,TCGA-EE-A29A-06,Metastasis,4,TCGA-EE-A2GC-06,Metastasis,0.9996424317359924,True
31,TCGA-EE-A29A-06,Metastasis,5,TCGA-EE-A2GR-06,Metastasis,0.9996327757835388,True
31,TCGA-EE-A29A-06,Metastasis,6,TCGA-D9-A6EC-06,Metastasis,0.9995158910751343,True
31,TCGA-EE-A29A-06,Metastasis,7,TCGA-D3-A3C1-06,Metastasis,0.999398410320282,True
31,TCGA-EE-A29A-06,Metastasis,8,TCGA-GN-A263-01,Primary Tumor,0.99920654296875,False
31,TCGA-EE-A29A-06,Metastasis,9,TCGA-FS-A4FB-06,Metastasis,0.9990594387054443,True
32,TCGA-EE-A184-06,Metastasis,0,TCGA-RP-A6K9-06,Metastasis,0.9999779462814331,True
32,TCGA-EE-A184-06,Metastasis,1,TCGA-DA-A95W-06,Metastasis,0.9999187588691711,True
32,TCGA-EE-A184-06,Metastasis,2,TCGA-YD-A9TB-06,Metastasis,0.9998921751976013,True
32,TCGA-EE-A184-06,Metastasis,3,TCGA-WE-A8K5-06,Metastasis,0.9998413324356079,True
32,TCGA-EE-A184-06,Metastasis,4,TCGA-EE-A3J7-06,Metastasis,0.9997758269309998,True
32,TCGA-EE-A184-06,Metastasis,5,TCGA-EE-A29S-06,Metastasis,0.999772310256958,True
32,TCGA-EE-A184-06,Metastasis,6,TCGA-BF-A1PZ-01,Primary Tumor,0.9997405409812927,False
32,TCGA-EE-A184-06,Metastasis,7,TCGA-W3-AA1Q-06,Metastasis,0.9997258186340332,True
32,TCGA-EE-A184-06,Metastasis,8,TCGA-ER-A19Q-06,Metastasis,0.9996649622917175,True
32,TCGA-EE-A184-06,Metastasis,9,TCGA-RP-A694-06,Metastasis,0.9996573328971863,True
33,TCGA-FS-A1YY-06,Metastasis,0,TCGA-EE-A17X-06,Metastasis,0.999966561794281,True
33,TCGA-FS-A1YY-06,Metastasis,1,TCGA-D3-A3ML-06,Metastasis,0.9998984932899475,True
33,TCGA-FS-A1YY-06,Metastasis,2,TCGA-ER-A2ND-06,Metastasis,0.9997975826263428,True
33,TCGA-FS-A1YY-06,Metastasis,3,TCGA-EE-A3AF-06,Metastasis,0.9997826218605042,True
33,TCGA-FS-A1YY-06,Metastasis,4,TCGA-WE-A8ZN-06,Metastasis,0.9996902346611023,True
33,TCGA-FS-A1YY-06,Metastasis,5,TCGA-EB-A5SH-06,Metastasis,0.9996804594993591,True
33,TCGA-FS-A1YY-06,Metastasis,6,TCGA-EB-A4OY-01,Primary Tumor,0.9996702671051025,False
33,TCGA-FS-A1YY-06,Metastasis,7,TCGA-DA-A1I0-06,Metastasis,0.9996653199195862,True
33,TCGA-FS-A1YY-06,Metastasis,8,TCGA-ER-A19T-06,Metastasis,0.9995670914649963,True
33,TCGA-FS-A1YY-06,Metastasis,9,TCGA-D3-A8GV-06,Metastasis,0.999556303024292,True
34,TCGA-EE-A3J4-06,Metastasis,0,TCGA-DA-A95Y-06,Metastasis,0.9998154640197754,True
34,TCGA-EE-A3J4-06,Metastasis,1,TCGA-W3-AA21-06,Metastasis,0.9996654987335205,True
34,TCGA-EE-A3J4-06,Metastasis,2,TCGA-XV-AAZY-01,Primary Tumor,0.9995731115341187,False
34,TCGA-EE-A3J4-06,Metastasis,3,TCGA-EB-A97M-01,Primary Tumor,0.9995614886283875,False
34,TCGA-EE-A3J4-06,Metastasis,4,TCGA-D3-A2JE-06,Metastasis,0.9993535280227661,True
34,TCGA-EE-A3J4-06,Metastasis,5,TCGA-D3-A8GP-06,Metastasis,0.9988936185836792,True
34,TCGA-EE-A3J4-06,Metastasis,6,TCGA-YD-A89C-06,Metastasis,0.9988747835159302,True
34,TCGA-EE-A3J4-06,Metastasis,7,TCGA-WE-AAA4-06,Metastasis,0.9988438487052917,True
34,TCGA-EE-A3J4-06,Metastasis,8,TCGA-WE-A8ZN-06,Metastasis,0.9988375902175903,True
34,TCGA-EE-A3J4-06,Metastasis,9,TCGA-EE-A180-06,Metastasis,0.9987891912460327,True
35,TCGA-ER-A19A-06,Metastasis,0,TCGA-FW-A3I3-06,Metastasis,0.999459981918335,True
35,TCGA-ER-A19A-06,Metastasis,1,TCGA-FR-A7UA-06,Metastasis,0.9987969994544983,True
35,TCGA-ER-A19A-06,Metastasis,2,TCGA-ER-A1A1-06,Metastasis,0.9909043312072754,True
35,TCGA-ER-A19A-06,Metastasis,3,TCGA-EB-A44R-06,Metastasis,0.9891493916511536,True
35,TCGA-ER-A19A-06,Metastasis,4,TCGA-BF-A3DJ-01,Primary Tumor,0.9881826043128967,False
35,TCGA-ER-A19A-06,Metastasis,5,TCGA-EE-A2MC-06,Metastasis,0.9881117343902588,True
35,TCGA-ER-A19A-06,Metastasis,6,TCGA-FS-A4FC-06,Metastasis,0.9874698519706726,True
35,TCGA-ER-A19A-06,Metastasis,7,TCGA-BF-AAP1-01,Primary Tumor,0.9848885536193848,False
35,TCGA-ER-A19A-06,Metastasis,8,TCGA-EE-A2GK-06,Metastasis,0.9848021864891052,True
35,TCGA-ER-A19A-06,Metastasis,9,TCGA-BF-A1PX-01,Primary Tumor,0.9823639988899231,False
36,TCGA-FS-A4F8-06,Metastasis,0,TCGA-HR-A2OH-06,Metastasis,0.9998529553413391,True
36,TCGA-FS-A4F8-06,Metastasis,1,TCGA-EE-A181-06,Metastasis,0.9997738599777222,True
36,TCGA-FS-A4F8-06,Metastasis,2,TCGA-D3-A51F-06,Metastasis,0.9997077584266663,True
36,TCGA-FS-A4F8-06,Metastasis,3,TCGA-DA-A95X-06,Metastasis,0.9995858073234558,True
36,TCGA-FS-A4F8-06,Metastasis,4,TCGA-WE-A8ZY-06,Metastasis,0.9995840191841125,True
36,TCGA-FS-A4F8-06,Metastasis,5,TCGA-EE-A29H-06,Metastasis,0.999435544013977,True
36,TCGA-FS-A4F8-06,Metastasis,6,TCGA-W3-AA1R-06,Metastasis,0.9994345903396606,True
36,TCGA-FS-A4F8-06,Metastasis,7,TCGA-D3-A1Q7-06,Metastasis,0.9992973804473877,True
36,TCGA-FS-A4F8-06,Metastasis,8,TCGA-D3-A51J-06,Metastasis,0.9992335438728333,True
36,TCGA-FS-A4F8-06,Metastasis,9,TCGA-EE-A20B-06,Metastasis,0.9992167353630066,True
37,TCGA-EB-A6QZ-01,Primary Tumor,0,TCGA-DA-A3F5-06,Metastasis,0.9998313188552856,False
37,TCGA-EB-A6QZ-01,Primary Tumor,1,TCGA-D3-A1QB-06,Metastasis,0.9997389316558838,False
37,TCGA-EB-A6QZ-01,Primary Tumor,2,TCGA-D9-A4Z6-06,Metastasis,0.9997217059135437,False
37,TCGA-EB-A6QZ-01,Primary Tumor,3,TCGA-EB-A5UN-06,Metastasis,0.999512791633606,False
37,TCGA-EB-A6QZ-01,Primary Tumor,4,TCGA-EE-A17Y-06,Metastasis,0.9994871616363525,False
37,TCGA-EB-A6QZ-01,Primary Tumor,5,TCGA-WE-A8K6-06,Metastasis,0.9994708895683289,False
37,TCGA-EB-A6QZ-01,Primary Tumor,6,TCGA-DA-A1I7-06,Metastasis,0.9992378950119019,False
37,TCGA-EB-A6QZ-01,Primary Tumor,7,TCGA-EB-A82C-01,Primary Tumor,0.9992144703865051,True
37,TCGA-EB-A6QZ-01,Primary Tumor,8,TCGA-ER-A2NF-06,Metastasis,0.999162495136261,False
37,TCGA-EB-A6QZ-01,Primary Tumor,9,TCGA-D9-A1X3-06,Metastasis,0.9991608262062073,False
38,TCGA-D3-A8GQ-06,Metastasis,0,TCGA-D3-A3C8-06,Metastasis,0.9996612071990967,True
38,TCGA-D3-A8GQ-06,Metastasis,1,TCGA-D3-A2JN-06,Metastasis,0.9986750483512878,True
38,TCGA-D3-A8GQ-06,Metastasis,2,TCGA-EE-A3AG-06,Metastasis,0.9982002377510071,True
38,TCGA-D3-A8GQ-06,Metastasis,3,TCGA-EE-A3AB-06,Metastasis,0.998108983039856,True
38,TCGA-D3-A8GQ-06,Metastasis,4,TCGA-EE-A3AH-06,Metastasis,0.997822642326355,True
38,TCGA-D3-A8GQ-06,Metastasis,5,TCGA-EE-A20H-06,Metastasis,0.9977469444274902,True
38,TCGA-D3-A8GQ-06,Metastasis,6,TCGA-FS-A1ZW-06,Metastasis,0.9975175857543945,True
38,TCGA-D3-A8GQ-06,Metastasis,7,TCGA-ER-A19E-06,Metastasis,0.997401237487793,True
38,TCGA-D3-A8GQ-06,Metastasis,8,TCGA-FS-A1Z3-06,Metastasis,0.9965596199035645,True
38,TCGA-D3-A8GQ-06,Metastasis,9,TCGA-BF-AAP6-01,Primary Tumor,0.996444821357727,False
39,TCGA-RP-A694-06,Metastasis,0,TCGA-EE-A29S-06,Metastasis,0.9999076128005981,True
39,TCGA-RP-A694-06,Metastasis,1,TCGA-EE-A29D-06,Metastasis,0.9999041557312012,True
39,TCGA-RP-A694-06,Metastasis,2,TCGA-W3-AA1Q-06,Metastasis,0.9998940825462341,True
39,TCGA-RP-A694-06,Metastasis,3,TCGA-DA-A95W-06,Metastasis,0.9998914003372192,True
39,TCGA-RP-A694-06,Metastasis,4,TCGA-BF-A1PZ-01,Primary Tumor,0.999869167804718,False
39,TCGA-RP-A694-06,Metastasis,5,TCGA-RP-A6K9-06,Metastasis,0.9997432231903076,True
39,TCGA-RP-A694-06,Metastasis,6,TCGA-EE-A3J7-06,Metastasis,0.9997270703315735,True
39,TCGA-RP-A694-06,Metastasis,7,TCGA-YD-A9TB-06,Metastasis,0.9997060298919678,True
39,TCGA-RP-A694-06,Metastasis,8,TCGA-EE-A3JI-06,Metastasis,0.9996806979179382,True
39,TCGA-RP-A694-06,Metastasis,9,TCGA-WE-A8K5-06,Metastasis,0.9996775984764099,True
40,TCGA-FS-A1ZC-06,Metastasis,0,TCGA-EB-A51B-01,Primary Tumor,0.9977927207946777,False
40,TCGA-FS-A1ZC-06,Metastasis,1,TCGA-GF-A3OT-06,Metastasis,0.9976873397827148,True
40,TCGA-FS-A1ZC-06,Metastasis,2,TCGA-BF-A3DM-01,Primary Tumor,0.9976197481155396,False
40,TCGA-FS-A1ZC-06,Metastasis,3,TCGA-D3-A8GL-06,Metastasis,0.9975163340568542,True
40,TCGA-FS-A1ZC-06,Metastasis,4,TCGA-BF-A9VF-01,Primary Tumor,0.9974753260612488,False
40,TCGA-FS-A1ZC-06,Metastasis,5,TCGA-BF-AAOX-01,Primary Tumor,0.9971750974655151,False
40,TCGA-FS-A1ZC-06,Metastasis,6,TCGA-EB-A3XF-01,Primary Tumor,0.9958629012107849,False
40,TCGA-FS-A1ZC-06,Metastasis,7,TCGA-EB-A24C-01,Primary Tumor,0.9948238730430603,False
40,TCGA-FS-A1ZC-06,Metastasis,8,TCGA-FS-A4F0-06,Metastasis,0.9946027994155884,True
40,TCGA-FS-A1ZC-06,Metastasis,9,TCGA-DA-A1IC-06,Metastasis,0.9940488338470459,True
41,TCGA-XV-AAZW-01,Primary Tumor,0,TCGA-EB-A4IQ-01,Primary Tumor,0.9953802227973938,True
41,TCGA-XV-AAZW-01,Primary Tumor,1,TCGA-XV-A9W2-01,Primary Tumor,0.9941655993461609,True
41,TCGA-XV-AAZW-01,Primary Tumor,2,TCGA-EB-A3HV-01,Primary Tumor,0.9891620874404907,True
41,TCGA-XV-AAZW-01,Primary Tumor,3,TCGA-D3-A51R-06,Metastasis,0.9887779355049133,False
41,TCGA-XV-AAZW-01,Primary Tumor,4,TCGA-XV-AAZV-01,Primary Tumor,0.987751305103302,True
41,TCGA-XV-AAZW-01,Primary Tumor,5,TCGA-XV-A9VZ-01,Primary Tumor,0.9872289299964905,True
41,TCGA-XV-AAZW-01,Primary Tumor,6,TCGA-EB-A3XE-01,Primary Tumor,0.9872151017189026,True
41,TCGA-XV-AAZW-01,Primary Tumor,7,TCGA-EB-A3XC-01,Primary Tumor,0.9814493656158447,True
41,TCGA-XV-AAZW-01,Primary Tumor,8,TCGA-EB-A57M-01,Primary Tumor,0.9795867800712585,True
41,TCGA-XV-AAZW-01,Primary Tumor,9,TCGA-EB-A5FP-01,Primary Tumor,0.978363037109375,True
42,TCGA-FW-A3TU-06,Metastasis,0,TCGA-D9-A6EA-06,Metastasis,0.999953031539917,True
42,TCGA-FW-A3TU-06,Metastasis,1,TCGA-DA-A1I4-06,Metastasis,0.9999343752861023,True
42,TCGA-FW-A3TU-06,Metastasis,2,TCGA-ER-A2NE-06,Metastasis,0.9999158978462219,True
42,TCGA-FW-A3TU-06,Metastasis,3,TCGA-EE-A29C-06,Metastasis,0.9997799396514893,True
42,TCGA-FW-A3TU-06,Metastasis,4,TCGA-YD-A89C-06,Metastasis,0.9997154474258423,True
42,TCGA-FW-A3TU-06,Metastasis,5,TCGA-GN-A4U3-06,Metastasis,0.999713659286499,True
42,TCGA-FW-A3TU-06,Metastasis,6,TCGA-GN-A264-06,Metastasis,0.999638020992279,True
42,TCGA-FW-A3TU-06,Metastasis,7,TCGA-GF-A769-01,Primary Tumor,0.9996306300163269,False
42,TCGA-FW-A3TU-06,Metastasis,8,TCGA-FR-A69P-06,Metastasis,0.999613344669342,True
42,TCGA-FW-A3TU-06,Metastasis,9,TCGA-ER-A2NF-06,Metastasis,0.9995531439781189,True
43,TCGA-XV-AAZY-01,Primary Tumor,0,TCGA-D3-A2JE-06,Metastasis,0.9999088644981384,False
43,TCGA-XV-AAZY-01,Primary Tumor,1,TCGA-DA-A95Y-06,Metastasis,0.9998771548271179,False
43,TCGA-XV-AAZY-01,Primary Tumor,2,TCGA-W3-AA21-06,Metastasis,0.9997698664665222,False
43,TCGA-XV-AAZY-01,Primary Tumor,3,TCGA-YD-A89C-06,Metastasis,0.9997169375419617,False
43,TCGA-XV-AAZY-01,Primary Tumor,4,TCGA-WE-AAA4-06,Metastasis,0.9995810985565186,False
43,TCGA-XV-AAZY-01,Primary Tumor,5,TCGA-EE-A3J4-06,Metastasis,0.9995731115341187,False
43,TCGA-XV-AAZY-01,Primary Tumor,6,TCGA-EE-A29C-06,Metastasis,0.9995336532592773,False
43,TCGA-XV-AAZY-01,Primary Tumor,7,TCGA-ER-A2NE-06,Metastasis,0.9994872808456421,False
43,TCGA-XV-AAZY-01,Primary Tumor,8,TCGA-D3-A8GP-06,Metastasis,0.999447762966156,False
43,TCGA-XV-AAZY-01,Primary Tumor,9,TCGA-FW-A3TU-06,Metastasis,0.9994313716888428,False
44,TCGA-FS-A4FC-06,Metastasis,0,TCGA-BF-A3DJ-01,Primary Tumor,0.997763991355896,False
44,TCGA-FS-A4FC-06,Metastasis,1,TCGA-BF-A1PX-01,Primary Tumor,0.9966531991958618,False
44,TCGA-FS-A4FC-06,Metastasis,2,TCGA-D3-A1Q6-06,Metastasis,0.995211660861969,True
44,TCGA-FS-A4FC-06,Metastasis,3,TCGA-EE-A2ME-06,Metastasis,0.9912695288658142,True
44,TCGA-FS-A4FC-06,Metastasis,4,TCGA-FR-A7UA-06,Metastasis,0.9908847212791443,True
44,TCGA-FS-A4FC-06,Metastasis,5,TCGA-ER-A2NF-01,Primary Tumor,0.990647554397583,False
44,TCGA-FS-A4FC-06,Metastasis,6,TCGA-EB-A44R-06,Metastasis,0.9899114966392517,True
44,TCGA-FS-A4FC-06,Metastasis,7,TCGA-DA-A1HY-06,Metastasis,0.9889057278633118,True
44,TCGA-FS-A4FC-06,Metastasis,8,TCGA-ER-A19A-06,Metastasis,0.9874698519706726,True
44,TCGA-FS-A4FC-06,Metastasis,9,TCGA-EB-A24D-01,Primary Tumor,0.9874160289764404,False
45,TCGA-BF-AAP1-01,Primary Tumor,0,TCGA-EB-A44R-06,Metastasis,0.9995672106742859,False
45,TCGA-BF-AAP1-01,Primary Tumor,1,TCGA-EE-A2GK-06,Metastasis,0.9987236261367798,False
45,TCGA-BF-AAP1-01,Primary Tumor,2,TCGA-EE-A2GB-06,Metastasis,0.997340738773346,False
45,TCGA-BF-AAP1-01,Primary Tumor,3,TCGA-EB-A551-01,Primary Tumor,0.9961119890213013,True
45,TCGA-BF-AAP1-01,Primary Tumor,4,TCGA-FS-A1ZM-06,Metastasis,0.995573878288269,False
45,TCGA-BF-AAP1-01,Primary Tumor,5,TCGA-FS-A1ZA-06,Metastasis,0.9941025972366333,False
45,TCGA-BF-AAP1-01,Primary Tumor,6,TCGA-EE-A2MR-06,Metastasis,0.9939934611320496,False
45,TCGA-BF-AAP1-01,Primary Tumor,7,TCGA-ER-A195-06,Metastasis,0.9928271770477295,False
45,TCGA-BF-AAP1-01,Primary Tumor,8,TCGA-D3-A2JH-06,Metastasis,0.9920254945755005,False
45,TCGA-BF-AAP1-01,Primary Tumor,9,TCGA-D3-A2J9-06,Metastasis,0.9918980598449707,False
46,TCGA-YD-A9TB-06,Metastasis,0,TCGA-EE-A3J7-06,Metastasis,0.9999383091926575,True
46,TCGA-YD-A9TB-06,Metastasis,1,TCGA-DA-A95W-06,Metastasis,0.9999217987060547,True
46,TCGA-YD-A9TB-06,Metastasis,2,TCGA-WE-A8K5-06,Metastasis,0.9999136924743652,True
46,TCGA-YD-A9TB-06,Metastasis,3,TCGA-EE-A184-06,Metastasis,0.9998921751976013,True
46,TCGA-YD-A9TB-06,Metastasis,4,TCGA-RP-A6K9-06,Metastasis,0.9998378753662109,True
46,TCGA-YD-A9TB-06,Metastasis,5,TCGA-EE-A29S-06,Metastasis,0.9998193979263306,True
46,TCGA-YD-A9TB-06,Metastasis,6,TCGA-ER-A19Q-06,Metastasis,0.9997634291648865,True
46,TCGA-YD-A9TB-06,Metastasis,7,TCGA-EE-A2MM-06,Metastasis,0.9997097253799438,True
46,TCGA-YD-A9TB-06,Metastasis,8,TCGA-RP-A694-06,Metastasis,0.9997060298919678,True
46,TCGA-YD-A9TB-06,Metastasis,9,TCGA-BF-A1PZ-01,Primary Tumor,0.9996955394744873,False
47,TCGA-EE-A2MU-06,Metastasis,0,TCGA-EB-A3Y6-01,Primary Tumor,0.9999831914901733,False
47,TCGA-EE-A2MU-06,Metastasis,1,TCGA-ER-A2NC-06,Metastasis,0.9999760389328003,True
47,TCGA-EE-A2MU-06,Metastasis,2,TCGA-WE-A8ZT-06,Metastasis,0.9997814893722534,True
47,TCGA-EE-A2MU-06,Metastasis,3,TCGA-DA-A3F3-06,Metastasis,0.9997288584709167,True
47,TCGA-EE-A2MU-06,Metastasis,4,TCGA-D3-A3BZ-06,Metastasis,0.9996973872184753,True
47,TCGA-EE-A2MU-06,Metastasis,5,TCGA-EE-A2M6-06,Metastasis,0.9996023774147034,True
47,TCGA-EE-A2MU-06,Metastasis,6,TCGA-BF-A3DN-01,Primary Tumor,0.9995695948600769,False
47,TCGA-EE-A2MU-06,Metastasis,7,TCGA-W3-AA1W-06,Metastasis,0.9995467662811279,True
47,TCGA-EE-A2MU-06,Metastasis,8,TCGA-D3-A3C3-06,Metastasis,0.9995319247245789,True
47,TCGA-EE-A2MU-06,Metastasis,9,TCGA-D3-A5GU-06,Metastasis,0.9993323683738708,True
48,TCGA-ER-A3EV-06,Metastasis,0,TCGA-EE-A3JA-06,Metastasis,0.9998696446418762,True
48,TCGA-ER-A3EV-06,Metastasis,1,TCGA-ER-A19T-01,Primary Tumor,0.9998281002044678,False
48,TCGA-ER-A3EV-06,Metastasis,2,TCGA-EE-A182-06,Metastasis,0.999625563621521,True
48,TCGA-ER-A3EV-06,Metastasis,3,TCGA-EB-A3XF-01,Primary Tumor,0.9990191459655762,False
48,TCGA-ER-A3EV-06,Metastasis,4,TCGA-EE-A185-06,Metastasis,0.9987581968307495,True
48,TCGA-ER-A3EV-06,Metastasis,5,TCGA-DA-A3F2-06,Metastasis,0.9986070394515991,True
48,TCGA-ER-A3EV-06,Metastasis,6,TCGA-EE-A20C-06,Metastasis,0.9982939958572388,True
48,TCGA-ER-A3EV-06,Metastasis,7,TCGA-BF-A9VF-01,Primary Tumor,0.9982884526252747,False
48,TCGA-ER-A3EV-06,Metastasis,8,TCGA-D3-A8GR-06,Metastasis,0.998203694820404,True
48,TCGA-ER-A3EV-06,Metastasis,9,TCGA-FS-A1ZS-06,Metastasis,0.9981940388679504,True
49,TCGA-YD-A89C-06,Metastasis,0,TCGA-WE-AAA4-06,Metastasis,0.9999290704727173,True
49,TCGA-YD-A89C-06,Metastasis,1,TCGA-EB-A85I-01,Primary Tumor,0.9998932480812073,False
49,TCGA-YD-A89C-06,Metastasis,2,TCGA-GN-A4U3-06,Metastasis,0.9998759627342224,True
49,TCGA-YD-A89C-06,Metastasis,3,TCGA-ER-A19F-06,Metastasis,0.9998717308044434,True
49,TCGA-YD-A89C-06,Metastasis,4,TCGA-FS-A4F2-06,Metastasis,0.9998282194137573,True
49,TCGA-YD-A89C-06,Metastasis,5,TCGA-XV-AAZY-01,Primary Tumor,0.9997169375419617,False
49,TCGA-YD-A89C-06,Metastasis,6,TCGA-FW-A3TU-06,Metastasis,0.9997154474258423,True
49,TCGA-YD-A89C-06,Metastasis,7,TCGA-ER-A3PL-06,Metastasis,0.9996969699859619,True
49,TCGA-YD-A89C-06,Metastasis,8,TCGA-ER-A2NE-06,Metastasis,0.9996875524520874,True
49,TCGA-YD-A89C-06,Metastasis,9,TCGA-D9-A6EA-06,Metastasis,0.9996641278266907,True
50,TCGA-EE-A2M5-06,Metastasis,0,TCGA-DA-A1IC-06,Metastasis,0.9998809695243835,True
50,TCGA-EE-A2M5-06,Metastasis,1,TCGA-ER-A19K-01,Primary Tumor,0.9996819496154785,False
50,TCGA-EE-A2M5-06,Metastasis,2,TCGA-EB-A24C-01,Primary Tumor,0.9992506504058838,False
50,TCGA-EE-A2M5-06,Metastasis,3,TCGA-D3-A3MO-06,Metastasis,0.9987953305244446,True
50,TCGA-EE-A2M5-06,Metastasis,4,TCGA-BF-A5EO-01,Primary Tumor,0.9987300634384155,False
50,TCGA-EE-A2M5-06,Metastasis,5,TCGA-BF-A3DM-01,Primary Tumor,0.9986611604690552,False
50,TCGA-EE-A2M5-06,Metastasis,6,TCGA-FS-A1ZD-06,Metastasis,0.9981305599212646,True
50,TCGA-EE-A2M5-06,Metastasis,7,TCGA-EE-A29W-06,Metastasis,0.9979639053344727,True
50,TCGA-EE-A2M5-06,Metastasis,8,TCGA-EB-A51B-01,Primary Tumor,0.9972540736198425,False
50,TCGA-EE-A2M5-06,Metastasis,9,TCGA-GN-A26A-06,Metastasis,0.9969697594642639,True
51,TCGA-FS-A1Z4-06,Metastasis,0,TCGA-FS-A1ZM-06,Metastasis,0.9992997050285339,True
51,TCGA-FS-A1Z4-06,Metastasis,1,TCGA-FS-A1ZA-06,Metastasis,0.9991881847381592,True
51,TCGA-FS-A1Z4-06,Metastasis,2,TCGA-D3-A3CE-06,Metastasis,0.9988181591033936,True
51,TCGA-FS-A1Z4-06,Metastasis,3,TCGA-D3-A2J9-06,Metastasis,0.9985079765319824,True
51,TCGA-FS-A1Z4-06,Metastasis,4,TCGA-EE-A2MG-06,Metastasis,0.9979625344276428,True
51,TCGA-FS-A1Z4-06,Metastasis,5,TCGA-DA-A1HV-06,Metastasis,0.9977066516876221,True
51,TCGA-FS-A1Z4-06,Metastasis,6,TCGA-EE-A20F-06,Metastasis,0.9970278143882751,True
51,TCGA-FS-A1Z4-06,Metastasis,7,TCGA-EB-A551-01,Primary Tumor,0.9963355660438538,False
51,TCGA-FS-A1Z4-06,Metastasis,8,TCGA-ER-A195-06,Metastasis,0.996315598487854,True
51,TCGA-FS-A1Z4-06,Metastasis,9,TCGA-FS-A1ZR-06,Metastasis,0.9961860775947571,True
52,TCGA-RP-A695-06,Metastasis,0,TCGA-EB-A42Z-01,Primary Tumor,0.9999794960021973,False
52,TCGA-RP-A695-06,Metastasis,1,TCGA-ER-A19F-06,Metastasis,0.9998344779014587,True
52,TCGA-RP-A695-06,Metastasis,2,TCGA-WE-AAA4-06,Metastasis,0.9997199177742004,True
52,TCGA-RP-A695-06,Metastasis,3,TCGA-EB-A85I-01,Primary Tumor,0.9996660947799683,False
52,TCGA-RP-A695-06,Metastasis,4,TCGA-FS-A4F2-06,Metastasis,0.9996251463890076,True
52,TCGA-RP-A695-06,Metastasis,5,TCGA-D3-A2JG-06,Metastasis,0.9995743632316589,True
52,TCGA-RP-A695-06,Metastasis,6,TCGA-D3-A2JL-06,Metastasis,0.9995326995849609,True
52,TCGA-RP-A695-06,Metastasis,7,TCGA-YD-A89C-06,Metastasis,0.9994602203369141,True
52,TCGA-RP-A695-06,Metastasis,8,TCGA-ER-A3PL-06,Metastasis,0.9994373917579651,True
52,TCGA-RP-A695-06,Metastasis,9,TCGA-GN-A4U3-06,Metastasis,0.9994061589241028,True
53,TCGA-GN-A262-06,Metastasis,0,TCGA-EE-A29A-06,Metastasis,0.9998177289962769,True
53,TCGA-GN-A262-06,Metastasis,1,TCGA-LH-A9QB-06,Metastasis,0.9997162818908691,True
53,TCGA-GN-A262-06,Metastasis,2,TCGA-EE-A2GR-06,Metastasis,0.9996445775032043,True
53,TCGA-GN-A262-06,Metastasis,3,TCGA-D3-A51K-06,Metastasis,0.9996001720428467,True
53,TCGA-GN-A262-06,Metastasis,4,TCGA-D3-A3C1-06,Metastasis,0.9994468092918396,True
53,TCGA-GN-A262-06,Metastasis,5,TCGA-GN-A263-01,Primary Tumor,0.9994394779205322,False
53,TCGA-GN-A262-06,Metastasis,6,TCGA-BF-A1PU-01,Primary Tumor,0.9994357228279114,False
53,TCGA-GN-A262-06,Metastasis,7,TCGA-EE-A185-06,Metastasis,0.9993064403533936,True
53,TCGA-GN-A262-06,Metastasis,8,TCGA-BF-AAP8-01,Primary Tumor,0.9993025660514832,False
53,TCGA-GN-A262-06,Metastasis,9,TCGA-EE-A2GC-06,Metastasis,0.999122142791748,True
54,TCGA-BF-AAP2-01,Primary Tumor,0,TCGA-EB-A4IS-01,Primary Tumor,0.9969812035560608,True
54,TCGA-BF-AAP2-01,Primary Tumor,1,TCGA-D3-A2JB-06,Metastasis,0.9966029524803162,False
54,TCGA-BF-AAP2-01,Primary Tumor,2,TCGA-W3-A825-06,Metastasis,0.9955259561538696,False
54,TCGA-BF-AAP2-01,Primary Tumor,3,TCGA-FS-A1ZH-06,Metastasis,0.9951127767562866,False
54,TCGA-BF-AAP2-01,Primary Tumor,4,TCGA-FS-A1ZR-06,Metastasis,0.9947469234466553,False
54,TCGA-BF-AAP2-01,Primary Tumor,5,TCGA-DA-A1HV-06,Metastasis,0.9935706853866577,False
54,TCGA-BF-AAP2-01,Primary Tumor,6,TCGA-WE-A8ZR-06,Metastasis,0.9919027090072632,False
54,TCGA-BF-AAP2-01,Primary Tumor,7,TCGA-EE-A2MG-06,Metastasis,0.9914834499359131,False
54,TCGA-BF-AAP2-01,Primary Tumor,8,TCGA-EE-A2GE-06,Metastasis,0.9896479845046997,False
54,TCGA-BF-AAP2-01,Primary Tumor,9,TCGA-D3-A5GR-06,Metastasis,0.9886851906776428,False
55,TCGA-EE-A2MN-06,Metastasis,0,TCGA-ER-A198-06,Metastasis,0.9999529123306274,True
55,TCGA-EE-A2MN-06,Metastasis,1,TCGA-EE-A2GM-06,Metastasis,0.9999471306800842,True
55,TCGA-EE-A2MN-06,Metastasis,2,TCGA-EE-A29X-06,Metastasis,0.9998636841773987,True
55,TCGA-EE-A2MN-06,Metastasis,3,TCGA-FR-A8YD-06,Metastasis,0.9998533725738525,True
55,TCGA-EE-A2MN-06,Metastasis,4,TCGA-EB-A41B-01,Primary Tumor,0.9998183250427246,False
55,TCGA-EE-A2MN-06,Metastasis,5,TCGA-FS-A1ZP-06,Metastasis,0.9997863173484802,True
55,TCGA-EE-A2MN-06,Metastasis,6,TCGA-D3-A1QA-06,Metastasis,0.9997035264968872,True
55,TCGA-EE-A2MN-06,Metastasis,7,TCGA-BF-A1PV-01,Primary Tumor,0.9996821880340576,False
55,TCGA-EE-A2MN-06,Metastasis,8,TCGA-WE-AAA3-06,Metastasis,0.999606728553772,True
55,TCGA-EE-A2MN-06,Metastasis,9,TCGA-FS-A4FD-06,Metastasis,0.9996000528335571,True
56,TCGA-FS-A1ZT-06,Metastasis,0,TCGA-EE-A2MS-06,Metastasis,0.9995093941688538,True
56,TCGA-FS-A1ZT-06,Metastasis,1,TCGA-EE-A2GP-06,Metastasis,0.9994729161262512,True
56,TCGA-FS-A1ZT-06,Metastasis,2,TCGA-D9-A1JX-06,Metastasis,0.9992655515670776,True
56,TCGA-FS-A1ZT-06,Metastasis,3,TCGA-D3-A3MR-06,Metastasis,0.9992191791534424,True
56,TCGA-FS-A1ZT-06,Metastasis,4,TCGA-FW-A5DY-06,Metastasis,0.9991794228553772,True
56,TCGA-FS-A1ZT-06,Metastasis,5,TCGA-GN-A266-06,Metastasis,0.9989577531814575,True
56,TCGA-FS-A1ZT-06,Metastasis,6,TCGA-D3-A3CF-06,Metastasis,0.9989233613014221,True
56,TCGA-FS-A1ZT-06,Metastasis,7,TCGA-HR-A2OG-06,Metastasis,0.9983574748039246,True
56,TCGA-FS-A1ZT-06,Metastasis,8,TCGA-WE-A8K1-06,Metastasis,0.9983154535293579,True
56,TCGA-FS-A1ZT-06,Metastasis,9,TCGA-D3-A2JH-06,Metastasis,0.9982530474662781,True
57,TCGA-EB-A5SE-01,Primary Tumor,0,TCGA-FR-A7U9-06,Metastasis,0.9996519684791565,False
57,TCGA-EB-A5SE-01,Primary Tumor,1,TCGA-GN-A26A-06,Metastasis,0.9991183280944824,False
57,TCGA-EB-A5SE-01,Primary Tumor,2,TCGA-W3-A828-06,Metastasis,0.9990487098693848,False
57,TCGA-EB-A5SE-01,Primary Tumor,3,TCGA-EB-A1NK-01,Primary Tumor,0.9984750151634216,True
57,TCGA-EB-A5SE-01,Primary Tumor,4,TCGA-XV-A9W5-01,Primary Tumor,0.9983860850334167,True
57,TCGA-EB-A5SE-01,Primary Tumor,5,TCGA-EE-A3AG-06,Metastasis,0.9982879757881165,False
57,TCGA-EB-A5SE-01,Primary Tumor,6,TCGA-FS-A1ZB-06,Metastasis,0.9975753426551819,False
57,TCGA-EB-A5SE-01,Primary Tumor,7,TCGA-FS-A1ZK-06,Metastasis,0.9974858164787292,False
57,TCGA-EB-A5SE-01,Primary Tumor,8,TCGA-W3-AA1V-06,Metastasis,0.9973823428153992,False
57,TCGA-EB-A5SE-01,Primary Tumor,9,TCGA-EB-A44O-01,Primary Tumor,0.9972708225250244,True
58,TCGA-EB-A5VV-06,Metastasis,0,TCGA-GN-A4U9-06,Metastasis,0.9991269111633301,True
58,TCGA-EB-A5VV-06,Metastasis,1,TCGA-EE-A20H-06,Metastasis,0.9983386993408203,True
58,TCGA-EB-A5VV-06,Metastasis,2,TCGA-EE-A3AB-06,Metastasis,0.9966067671775818,True
58,TCGA-EB-A5VV-06,Metastasis,3,TCGA-D3-A8GQ-06,Metastasis,0.9959551095962524,True
58,TCGA-EB-A5VV-06,Metastasis,4,TCGA-D3-A3C8-06,Metastasis,0.9955720901489258,True
58,TCGA-EB-A5VV-06,Metastasis,5,TCGA-ER-A19E-06,Metastasis,0.9949072003364563,True
58,TCGA-EB-A5VV-06,Metastasis,6,TCGA-BF-AAP7-01,Primary Tumor,0.9921984076499939,False
58,TCGA-EB-A5VV-06,Metastasis,7,TCGA-D3-A2JN-06,Metastasis,0.9915340542793274,True
58,TCGA-EB-A5VV-06,Metastasis,8,TCGA-W3-AA1V-06,Metastasis,0.991413950920105,True
58,TCGA-EB-A5VV-06,Metastasis,9,TCGA-FS-A1ZW-06,Metastasis,0.9911898374557495,True
59,TCGA-D3-A2J7-06,Metastasis,0,TCGA-D9-A3Z1-06,Metastasis,0.9999644756317139,True
59,TCGA-D3-A2J7-06,Metastasis,1,TCGA-ER-A3ET-06,Metastasis,0.9999169707298279,True
59,TCGA-D3-A2J7-06,Metastasis,2,TCGA-BF-A3DN-01,Primary Tumor,0.9997748732566833,False
59,TCGA-D3-A2J7-06,Metastasis,3,TCGA-EE-A29T-06,Metastasis,0.9997485876083374,True
59,TCGA-D3-A2J7-06,Metastasis,4,TCGA-EE-A2M6-06,Metastasis,0.9996522665023804,True
59,TCGA-D3-A2J7-06,Metastasis,5,TCGA-RP-A693-06,Metastasis,0.9995157718658447,True
59,TCGA-D3-A2J7-06,Metastasis,6,TCGA-EE-A2MK-06,Metastasis,0.9994624853134155,True
59,TCGA-D3-A2J7-06,Metastasis,7,TCGA-EE-A2MT-06,Metastasis,0.9994064569473267,True
59,TCGA-D3-A2J7-06,Metastasis,8,TCGA-EE-A2MI-06,Metastasis,0.99924236536026,True
59,TCGA-D3-A2J7-06,Metastasis,9,TCGA-FR-A3R1-01,Primary Tumor,0.9992246627807617,False
60,TCGA-DA-A1I5-06,Metastasis,0,TCGA-WE-A8ZX-06,Metastasis,0.9996769428253174,True
60,TCGA-DA-A1I5-06,Metastasis,1,TCGA-FW-A3TV-06,Metastasis,0.9995124340057373,True
60,TCGA-DA-A1I5-06,Metastasis,2,TCGA-FS-A1Z0-06,Metastasis,0.9994006752967834,True
60,TCGA-DA-A1I5-06,Metastasis,3,TCGA-EE-A3AC-06,Metastasis,0.999326765537262,True
60,TCGA-DA-A1I5-06,Metastasis,4,TCGA-WE-AAA0-06,Metastasis,0.9993236660957336,True
60,TCGA-DA-A1I5-06,Metastasis,5,TCGA-DA-A1I2-06,Metastasis,0.999296247959137,True
60,TCGA-DA-A1I5-06,Metastasis,6,TCGA-D3-A8GO-06,Metastasis,0.9991183280944824,True
60,TCGA-DA-A1I5-06,Metastasis,7,TCGA-DA-A1I1-06,Metastasis,0.9990174770355225,True
60,TCGA-DA-A1I5-06,Metastasis,8,TCGA-EE-A3AE-06,Metastasis,0.9989038705825806,True
60,TCGA-DA-A1I5-06,Metastasis,9,TCGA-ER-A19M-06,Metastasis,0.998881995677948,True
61,TCGA-EB-A5KH-06,Metastasis,0,TCGA-BF-A5ES-01,Primary Tumor,0.9999909400939941,False
61,TCGA-EB-A5KH-06,Metastasis,1,TCGA-FS-A1ZG-06,Metastasis,0.9998664259910583,True
61,TCGA-EB-A5KH-06,Metastasis,2,TCGA-FS-A4F4-06,Metastasis,0.9998217225074768,True
61,TCGA-EB-A5KH-06,Metastasis,3,TCGA-ER-A19T-06,Metastasis,0.9996984004974365,True
61,TCGA-EB-A5KH-06,Metastasis,4,TCGA-D9-A4Z3-01,Primary Tumor,0.9996793866157532,False
61,TCGA-EB-A5KH-06,Metastasis,5,TCGA-EB-A5SH-06,Metastasis,0.9995426535606384,True
61,TCGA-EB-A5KH-06,Metastasis,6,TCGA-DA-A1I0-06,Metastasis,0.9995355010032654,True
61,TCGA-EB-A5KH-06,Metastasis,7,TCGA-FS-A1ZY-06,Metastasis,0.9990883469581604,True
61,TCGA-EB-A5KH-06,Metastasis,8,TCGA-DA-A1IA-06,Metastasis,0.9990728497505188,True
61,TCGA-EB-A5KH-06,Metastasis,9,TCGA-FR-A3YO-06,Metastasis,0.9990655183792114,True
62,TCGA-EE-A2GK-06,Metastasis,0,TCGA-EE-A2GB-06,Metastasis,0.9989328384399414,True
62,TCGA-EE-A2GK-06,Metastasis,1,TCGA-BF-AAP1-01,Primary Tumor,0.9987236261367798,False
62,TCGA-EE-A2GK-06,Metastasis,2,TCGA-EB-A44R-06,Metastasis,0.9981886148452759,True
62,TCGA-EE-A2GK-06,Metastasis,3,TCGA-FS-A1ZM-06,Metastasis,0.996989905834198,True
62,TCGA-EE-A2GK-06,Metastasis,4,TCGA-FS-A1ZA-06,Metastasis,0.9969558119773865,True
62,TCGA-EE-A2GK-06,Metastasis,5,TCGA-EB-A551-01,Primary Tumor,0.9949098229408264,False
62,TCGA-EE-A2GK-06,Metastasis,6,TCGA-FS-A1Z4-06,Metastasis,0.9943991899490356,True
62,TCGA-EE-A2GK-06,Metastasis,7,TCGA-ER-A1A1-06,Metastasis,0.9933667182922363,True
62,TCGA-EE-A2GK-06,Metastasis,8,TCGA-D3-A2J9-06,Metastasis,0.9923449754714966,True
62,TCGA-EE-A2GK-06,Metastasis,9,TCGA-FS-A1ZR-06,Metastasis,0.9923202991485596,True
63,TCGA-FR-A3YO-06,Metastasis,0,TCGA-DA-A1IA-06,Metastasis,0.9999695420265198,True
63,TCGA-FR-A3YO-06,Metastasis,1,TCGA-ER-A19O-06,Metastasis,0.999821126461029,True
63,TCGA-FR-A3YO-06,Metastasis,2,TCGA-D3-A1Q1-06,Metastasis,0.9998070597648621,True
63,TCGA-FR-A3YO-06,Metastasis,3,TCGA-FS-A1ZY-06,Metastasis,0.9997934103012085,True
63,TCGA-FR-A3YO-06,Metastasis,4,TCGA-BF-A3DL-01,Primary Tumor,0.9997658729553223,False
63,TCGA-FR-A3YO-06,Metastasis,5,TCGA-D3-A8GK-06,Metastasis,0.9996450543403625,True
63,TCGA-FR-A3YO-06,Metastasis,6,TCGA-D9-A4Z3-01,Primary Tumor,0.9996343851089478,False
63,TCGA-FR-A3YO-06,Metastasis,7,TCGA-FS-A1ZG-06,Metastasis,0.9996182918548584,True
63,TCGA-FR-A3YO-06,Metastasis,8,TCGA-GN-A8LK-06,Metastasis,0.9995552897453308,True
63,TCGA-FR-A3YO-06,Metastasis,9,TCGA-RP-A690-06,Metastasis,0.9995287656784058,True
64,TCGA-EB-A431-01,Primary Tumor,0,TCGA-EE-A3JH-06,Metastasis,0.9999865889549255,False
64,TCGA-EB-A431-01,Primary Tumor,1,TCGA-D3-A3CC-06,Metastasis,0.9999047517776489,False
64,TCGA-EB-A431-01,Primary Tumor,2,TCGA-BF-AAOU-01,Primary Tumor,0.9997196793556213,True
64,TCGA-EB-A431-01,Primary Tumor,3,TCGA-D3-A51N-06,Metastasis,0.9995422959327698,False
64,TCGA-EB-A431-01,Primary Tumor,4,TCGA-EB-A44P-01,Primary Tumor,0.9993271827697754,True
64,TCGA-EB-A431-01,Primary Tumor,5,TCGA-EB-A85J-01,Primary Tumor,0.9991484880447388,True
64,TCGA-EB-A431-01,Primary Tumor,6,TCGA-FS-A1ZW-06,Metastasis,0.9990504384040833,False
64,TCGA-EB-A431-01,Primary Tumor,7,TCGA-EB-A82B-01,Primary Tumor,0.9990473389625549,True
64,TCGA-EB-A431-01,Primary Tumor,8,TCGA-ER-A19E-06,Metastasis,0.9985629320144653,False
64,TCGA-EB-A431-01,Primary Tumor,9,TCGA-D3-A2JO-06,Metastasis,0.9985600709915161,False
65,TCGA-DA-A1IC-06,Metastasis,0,TCGA-EE-A2M5-06,Metastasis,0.9998809695243835,True
65,TCGA-DA-A1IC-06,Metastasis,1,TCGA-ER-A19K-01,Primary Tumor,0.9993801712989807,False
65,TCGA-DA-A1IC-06,Metastasis,2,TCGA-EB-A24C-01,Primary Tumor,0.9992825984954834,False
65,TCGA-DA-A1IC-06,Metastasis,3,TCGA-BF-A3DM-01,Primary Tumor,0.9991329908370972,False
65,TCGA-DA-A1IC-06,Metastasis,4,TCGA-D3-A3MO-06,Metastasis,0.9986626505851746,True
65,TCGA-DA-A1IC-06,Metastasis,5,TCGA-BF-A5EO-01,Primary Tumor,0.9985498189926147,False
65,TCGA-DA-A1IC-06,Metastasis,6,TCGA-EE-A29W-06,Metastasis,0.9982621073722839,True
65,TCGA-DA-A1IC-06,Metastasis,7,TCGA-FS-A1ZD-06,Metastasis,0.9981239438056946,True
65,TCGA-DA-A1IC-06,Metastasis,8,TCGA-EB-A51B-01,Primary Tumor,0.997986376285553,False
65,TCGA-DA-A1IC-06,Metastasis,9,TCGA-EE-A3JD-06,Metastasis,0.9975562691688538,True
66,TCGA-EE-A2GO-06,Metastasis,0,TCGA-FS-A4FB-06,Metastasis,0.9998283982276917,True
66,TCGA-EE-A2GO-06,Metastasis,1,TCGA-D9-A6EC-06,Metastasis,0.99981689453125,True
66,TCGA-EE-A2GO-06,Metastasis,2,TCGA-GN-A4U7-06,Metastasis,0.9998131990432739,True
66,TCGA-EE-A2GO-06,Metastasis,3,TCGA-D3-A2J6-06,Metastasis,0.9997581839561462,True
66,TCGA-EE-A2GO-06,Metastasis,4,TCGA-Z2-AA3V-06,Metastasis,0.9997539520263672,True
66,TCGA-EE-A2GO-06,Metastasis,5,TCGA-3N-A9WB-06,Metastasis,0.9997267127037048,True
66,TCGA-EE-A2GO-06,Metastasis,6,TCGA-D3-A3C6-06,Metastasis,0.9996986985206604,True
66,TCGA-EE-A2GO-06,Metastasis,7,TCGA-BF-AAP8-01,Primary Tumor,0.9996903538703918,False
66,TCGA-EE-A2GO-06,Metastasis,8,TCGA-EE-A2GC-06,Metastasis,0.9996687173843384,True
66,TCGA-EE-A2GO-06,Metastasis,9,TCGA-EE-A2GT-06,Metastasis,0.9995978474617004,True
67,TCGA-W3-AA1W-06,Metastasis,0,TCGA-D3-A3BZ-06,Metastasis,0.9999552369117737,True
67,TCGA-W3-AA1W-06,Metastasis,1,TCGA-GN-A26C-01,Primary Tumor,0.9997195601463318,False
67,TCGA-W3-AA1W-06,Metastasis,2,TCGA-D3-A3C3-06,Metastasis,0.9997075200080872,True
67,TCGA-W3-AA1W-06,Metastasis,3,TCGA-DA-A3F3-06,Metastasis,0.9996562600135803,True
67,TCGA-W3-AA1W-06,Metastasis,4,TCGA-ER-A2NC-06,Metastasis,0.9996188879013062,True
67,TCGA-W3-AA1W-06,Metastasis,5,TCGA-EE-A2MU-06,Metastasis,0.9995467662811279,True
67,TCGA-W3-AA1W-06,Metastasis,6,TCGA-EE-A29P-06,Metastasis,0.9995413422584534,True
67,TCGA-W3-AA1W-06,Metastasis,7,TCGA-EB-A3Y6-01,Primary Tumor,0.9995293021202087,False
67,TCGA-W3-AA1W-06,Metastasis,8,TCGA-GF-A6C9-06,Metastasis,0.9993982315063477,True
67,TCGA-W3-AA1W-06,Metastasis,9,TCGA-D3-A51E-06,Metastasis,0.9988263845443726,True
68,TCGA-EB-A24C-01,Primary Tumor,0,TCGA-ER-A19K-01,Primary Tumor,0.9994147419929504,True
68,TCGA-EB-A24C-01,Primary Tumor,1,TCGA-DA-A1IC-06,Metastasis,0.9992825984954834,False
68,TCGA-EB-A24C-01,Primary Tumor,2,TCGA-EE-A2M5-06,Metastasis,0.9992506504058838,False
68,TCGA-EB-A24C-01,Primary Tumor,3,TCGA-BF-A3DM-01,Primary Tumor,0.9989376664161682,True
68,TCGA-EB-A24C-01,Primary Tumor,4,TCGA-D3-A3MO-06,Metastasis,0.9988518357276917,False
68,TCGA-EB-A24C-01,Primary Tumor,5,TCGA-WE-A8ZQ-06,Metastasis,0.9984415769577026,False
68,TCGA-EB-A24C-01,Primary Tumor,6,TCGA-DA-A1I8-06,Metastasis,0.9979708790779114,False
68,TCGA-EB-A24C-01,Primary Tumor,7,TCGA-EB-A51B-01,Primary Tumor,0.9968541860580444,True
68,TCGA-EB-A24C-01,Primary Tumor,8,TCGA-YG-AA3N-01,Primary Tumor,0.9964655041694641,True
68,TCGA-EB-A24C-01,Primary Tumor,9,TCGA-EB-A5FP-01,Primary Tumor,0.9963446855545044,True
69,TCGA-EB-A3XB-01,Primary Tumor,0,TCGA-ER-A19J-06,Metastasis,0.9998947978019714,False
69,TCGA-EB-A3XB-01,Primary Tumor,1,TCGA-EB-A82B-01,Primary Tumor,0.9995784759521484,True
69,TCGA-EB-A3XB-01,Primary Tumor,2,TCGA-ER-A197-06,Metastasis,0.9994124174118042,False
69,TCGA-EB-A3XB-01,Primary Tumor,3,TCGA-EB-A44P-01,Primary Tumor,0.9993482828140259,True
69,TCGA-EB-A3XB-01,Primary Tumor,4,TCGA-FR-A8YC-06,Metastasis,0.9992835521697998,False
69,TCGA-EB-A3XB-01,Primary Tumor,5,TCGA-ER-A19N-06,Metastasis,0.9992715716362,False
69,TCGA-EB-A3XB-01,Primary Tumor,6,TCGA-D3-A51E-06,Metastasis,0.9992340207099915,False
69,TCGA-EB-A3XB-01,Primary Tumor,7,TCGA-EE-A3AA-06,Metastasis,0.9992300868034363,False
69,TCGA-EB-A3XB-01,Primary Tumor,8,TCGA-EB-A85J-01,Primary Tumor,0.9991172552108765,True
69,TCGA-EB-A3XB-01,Primary Tumor,9,TCGA-EE-A2GD-06,Metastasis,0.9990795254707336,False
70,TCGA-EB-A551-01,Primary Tumor,0,TCGA-ER-A195-06,Metastasis,0.9994603991508484,False
70,TCGA-EB-A551-01,Primary Tumor,1,TCGA-D3-A2JH-06,Metastasis,0.9989393353462219,False
70,TCGA-EB-A551-01,Primary Tumor,2,TCGA-ER-A19H-06,Metastasis,0.9987807273864746,False
70,TCGA-EB-A551-01,Primary Tumor,3,TCGA-D3-A2J9-06,Metastasis,0.998744010925293,False
70,TCGA-EB-A551-01,Primary Tumor,4,TCGA-EE-A2MR-06,Metastasis,0.9987289905548096,False
70,TCGA-EB-A551-01,Primary Tumor,5,TCGA-HR-A2OG-06,Metastasis,0.9983205795288086,False
70,TCGA-EB-A551-01,Primary Tumor,6,TCGA-GN-A266-06,Metastasis,0.9979482889175415,False
70,TCGA-EB-A551-01,Primary Tumor,7,TCGA-FS-A1ZM-06,Metastasis,0.9979472756385803,False
70,TCGA-EB-A551-01,Primary Tumor,8,TCGA-D3-A3CE-06,Metastasis,0.997904360294342,False
70,TCGA-EB-A551-01,Primary Tumor,9,TCGA-EE-A2MS-06,Metastasis,0.9976575374603271,False
71,TCGA-FS-A1ZD-06,Metastasis,0,TCGA-BF-A5EO-01,Primary Tumor,0.9998449683189392,False
71,TCGA-FS-A1ZD-06,Metastasis,1,TCGA-EE-A29W-06,Metastasis,0.9995614886283875,True
71,TCGA-FS-A1ZD-06,Metastasis,2,TCGA-EB-A82C-01,Primary Tumor,0.9995241761207581,False
71,TCGA-FS-A1ZD-06,Metastasis,3,TCGA-EE-A3JD-06,Metastasis,0.9990365505218506,True
71,TCGA-FS-A1ZD-06,Metastasis,4,TCGA-D9-A4Z6-06,Metastasis,0.9989522695541382,True
71,TCGA-FS-A1ZD-06,Metastasis,5,TCGA-D3-A51G-06,Metastasis,0.9987271428108215,True
71,TCGA-FS-A1ZD-06,Metastasis,6,TCGA-DA-A1I7-06,Metastasis,0.998336672782898,True
71,TCGA-FS-A1ZD-06,Metastasis,7,TCGA-EE-A2M5-06,Metastasis,0.9981305599212646,True
71,TCGA-FS-A1ZD-06,Metastasis,8,TCGA-DA-A1IC-06,Metastasis,0.9981239438056946,True
71,TCGA-FS-A1ZD-06,Metastasis,9,TCGA-EE-A29V-06,Metastasis,0.9980820417404175,True
72,TCGA-D3-A2JF-06,Metastasis,0,TCGA-ER-A199-06,Metastasis,0.9997912049293518,True
72,TCGA-D3-A2JF-06,Metastasis,1,TCGA-WE-A8ZO-06,Metastasis,0.9997876286506653,True
72,TCGA-D3-A2JF-06,Metastasis,2,TCGA-EE-A2MM-06,Metastasis,0.9997575283050537,True
72,TCGA-D3-A2JF-06,Metastasis,3,TCGA-EE-A2GN-06,Metastasis,0.9997225999832153,True
72,TCGA-D3-A2JF-06,Metastasis,4,TCGA-D3-A5GU-06,Metastasis,0.9997071623802185,True
72,TCGA-D3-A2JF-06,Metastasis,5,TCGA-ER-A19Q-06,Metastasis,0.9996809363365173,True
72,TCGA-D3-A2JF-06,Metastasis,6,TCGA-EE-A2MQ-06,Metastasis,0.9994444251060486,True
72,TCGA-D3-A2JF-06,Metastasis,7,TCGA-EE-A2MF-06,Metastasis,0.9993884563446045,True
72,TCGA-D3-A2JF-06,Metastasis,8,TCGA-WE-A8ZT-06,Metastasis,0.9993763566017151,True
72,TCGA-D3-A2JF-06,Metastasis,9,TCGA-WE-A8K5-06,Metastasis,0.9993043541908264,True
73,TCGA-WE-A8ZX-06,Metastasis,0,TCGA-D3-A8GO-06,Metastasis,0.9998430013656616,True
73,TCGA-WE-A8ZX-06,Metastasis,1,TCGA-ER-A19M-06,Metastasis,0.9997447729110718,True
73,TCGA-WE-A8ZX-06,Metastasis,2,TCGA-FS-A1Z0-06,Metastasis,0.9996821284294128,True
73,TCGA-WE-A8ZX-06,Metastasis,3,TCGA-DA-A1I5-06,Metastasis,0.9996769428253174,True
73,TCGA-WE-A8ZX-06,Metastasis,4,TCGA-D9-A3Z4-01,Primary Tumor,0.9996057748794556,False
73,TCGA-WE-A8ZX-06,Metastasis,5,TCGA-EE-A3AC-06,Metastasis,0.9994258880615234,True
73,TCGA-WE-A8ZX-06,Metastasis,6,TCGA-3N-A9WC-06,Metastasis,0.9993853569030762,True
73,TCGA-WE-A8ZX-06,Metastasis,7,TCGA-D3-A1Q4-06,Metastasis,0.9993588328361511,True
73,TCGA-WE-A8ZX-06,Metastasis,8,TCGA-DA-A3F8-06,Metastasis,0.9991627931594849,True
73,TCGA-WE-A8ZX-06,Metastasis,9,TCGA-3N-A9WD-06,Metastasis,0.9991528987884521,True
74,TCGA-EE-A2MJ-06,Metastasis,0,TCGA-EE-A29M-06,Metastasis,0.9998442530632019,True
74,TCGA-EE-A2MJ-06,Metastasis,1,TCGA-EE-A181-06,Metastasis,0.9997222423553467,True
74,TCGA-EE-A2MJ-06,Metastasis,2,TCGA-ER-A42L-06,Metastasis,0.9997027516365051,True
74,TCGA-EE-A2MJ-06,Metastasis,3,TCGA-DA-A1I1-06,Metastasis,0.9994168281555176,True
74,TCGA-EE-A2MJ-06,Metastasis,4,TCGA-ER-A19S-06,Metastasis,0.9993621706962585,True
74,TCGA-EE-A2MJ-06,Metastasis,5,TCGA-D3-A51F-06,Metastasis,0.9993481040000916,True
74,TCGA-EE-A2MJ-06,Metastasis,6,TCGA-D3-A1Q7-06,Metastasis,0.9992286562919617,True
74,TCGA-EE-A2MJ-06,Metastasis,7,TCGA-EE-A3AC-06,Metastasis,0.9992243051528931,True
74,TCGA-EE-A2MJ-06,Metastasis,8,TCGA-W3-AA1R-06,Metastasis,0.9991872906684875,True
74,TCGA-EE-A2MJ-06,Metastasis,9,TCGA-OD-A75X-06,Metastasis,0.9991490840911865,True
75,TCGA-BF-A1PZ-01,Primary Tumor,0,TCGA-EE-A29S-06,Metastasis,0.9999671578407288,False
75,TCGA-BF-A1PZ-01,Primary Tumor,1,TCGA-EE-A29D-06,Metastasis,0.999954104423523,False
75,TCGA-BF-A1PZ-01,Primary Tumor,2,TCGA-DA-A95W-06,Metastasis,0.9998701810836792,False
75,TCGA-BF-A1PZ-01,Primary Tumor,3,TCGA-RP-A694-06,Metastasis,0.999869167804718,False
75,TCGA-BF-A1PZ-01,Primary Tumor,4,TCGA-W3-AA1Q-06,Metastasis,0.9998475313186646,False
75,TCGA-BF-A1PZ-01,Primary Tumor,5,TCGA-RP-A6K9-06,Metastasis,0.9998230934143066,False
75,TCGA-BF-A1PZ-01,Primary Tumor,6,TCGA-WE-A8K5-06,Metastasis,0.9998177289962769,False
75,TCGA-BF-A1PZ-01,Primary Tumor,7,TCGA-EE-A3J7-06,Metastasis,0.9997660517692566,False
75,TCGA-BF-A1PZ-01,Primary Tumor,8,TCGA-EE-A184-06,Metastasis,0.9997405409812927,False
75,TCGA-BF-A1PZ-01,Primary Tumor,9,TCGA-FR-A3R1-01,Primary Tumor,0.999737024307251,True
76,TCGA-EB-A44Q-06,Metastasis,0,TCGA-D3-A2JO-06,Metastasis,0.9999610185623169,True
76,TCGA-EB-A44Q-06,Metastasis,1,TCGA-WE-A8K4-01,Primary Tumor,0.9999315142631531,False
76,TCGA-EB-A44Q-06,Metastasis,2,TCGA-D3-A51N-06,Metastasis,0.9996683597564697,True
76,TCGA-EB-A44Q-06,Metastasis,3,TCGA-D9-A3Z3-06,Metastasis,0.99943608045578,True
76,TCGA-EB-A44Q-06,Metastasis,4,TCGA-EE-A2MD-06,Metastasis,0.9994222521781921,True
76,TCGA-EB-A44Q-06,Metastasis,5,TCGA-BF-AAOU-01,Primary Tumor,0.999384880065918,False
76,TCGA-EB-A44Q-06,Metastasis,6,TCGA-ER-A19G-06,Metastasis,0.9992809891700745,True
76,TCGA-EB-A44Q-06,Metastasis,7,TCGA-EB-A85J-01,Primary Tumor,0.9992489218711853,False
76,TCGA-EB-A44Q-06,Metastasis,8,TCGA-EE-A2GH-06,Metastasis,0.9991613626480103,True
76,TCGA-EB-A44Q-06,Metastasis,9,TCGA-D3-A2J8-06,Metastasis,0.9990947246551514,True
77,TCGA-EE-A2MS-06,Metastasis,0,TCGA-GN-A266-06,Metastasis,0.9998160004615784,True
77,TCGA-EE-A2MS-06,Metastasis,1,TCGA-EE-A2GP-06,Metastasis,0.9996517300605774,True
77,TCGA-EE-A2MS-06,Metastasis,2,TCGA-FS-A1ZT-06,Metastasis,0.9995093941688538,True
77,TCGA-EE-A2MS-06,Metastasis,3,TCGA-EE-A2MR-06,Metastasis,0.9992907047271729,True
77,TCGA-EE-A2MS-06,Metastasis,4,TCGA-D3-A2JH-06,Metastasis,0.9992852807044983,True
77,TCGA-EE-A2MS-06,Metastasis,5,TCGA-EE-A2GS-06,Metastasis,0.9992340803146362,True
77,TCGA-EE-A2MS-06,Metastasis,6,TCGA-HR-A2OG-06,Metastasis,0.9990286231040955,True
77,TCGA-EE-A2MS-06,Metastasis,7,TCGA-D3-A3MR-06,Metastasis,0.9987884163856506,True
77,TCGA-EE-A2MS-06,Metastasis,8,TCGA-FW-A5DY-06,Metastasis,0.9987759590148926,True
77,TCGA-EE-A2MS-06,Metastasis,9,TCGA-ER-A19H-06,Metastasis,0.9986981749534607,True
78,TCGA-D3-A1Q7-06,Metastasis,0,TCGA-D3-A2JC-06,Metastasis,0.9998207092285156,True
78,TCGA-D3-A1Q7-06,Metastasis,1,TCGA-W3-AA1R-06,Metastasis,0.9998113512992859,True
78,TCGA-D3-A1Q7-06,Metastasis,2,TCGA-D3-A51J-06,Metastasis,0.9997892379760742,True
78,TCGA-D3-A1Q7-06,Metastasis,3,TCGA-ER-A42L-06,Metastasis,0.9995503425598145,True
78,TCGA-D3-A1Q7-06,Metastasis,4,TCGA-EE-A29M-06,Metastasis,0.9994741678237915,True
78,TCGA-D3-A1Q7-06,Metastasis,5,TCGA-EE-A181-06,Metastasis,0.9994633197784424,True
78,TCGA-D3-A1Q7-06,Metastasis,6,TCGA-FS-A4F8-06,Metastasis,0.9992973804473877,True
78,TCGA-D3-A1Q7-06,Metastasis,7,TCGA-EE-A2MJ-06,Metastasis,0.9992286562919617,True
78,TCGA-D3-A1Q7-06,Metastasis,8,TCGA-WE-A8ZY-06,Metastasis,0.9992063641548157,True
78,TCGA-D3-A1Q7-06,Metastasis,9,TCGA-DA-A1HW-06,Metastasis,0.9991821050643921,True
79,TCGA-GF-A3OT-06,Metastasis,0,TCGA-BF-A9VF-01,Primary Tumor,0.9993168115615845,False
79,TCGA-GF-A3OT-06,Metastasis,1,TCGA-BF-AAOX-01,Primary Tumor,0.9992631673812866,False
79,TCGA-GF-A3OT-06,Metastasis,2,TCGA-EB-A3XF-01,Primary Tumor,0.9991756081581116,False
79,TCGA-GF-A3OT-06,Metastasis,3,TCGA-D3-A8GL-06,Metastasis,0.998944103717804,True
79,TCGA-GF-A3OT-06,Metastasis,4,TCGA-FS-A1ZS-06,Metastasis,0.997837245464325,True
79,TCGA-GF-A3OT-06,Metastasis,5,TCGA-FS-A1ZC-06,Metastasis,0.9976873397827148,True
79,TCGA-GF-A3OT-06,Metastasis,6,TCGA-ER-A3EV-06,Metastasis,0.9976164102554321,True
79,TCGA-GF-A3OT-06,Metastasis,7,TCGA-EB-A51B-01,Primary Tumor,0.9971715211868286,False
79,TCGA-GF-A3OT-06,Metastasis,8,TCGA-EE-A3JA-06,Metastasis,0.996726930141449,True
79,TCGA-GF-A3OT-06,Metastasis,9,TCGA-ER-A19T-01,Primary Tumor,0.9967026710510254,False
80,TCGA-ER-A19G-06,Metastasis,0,TCGA-D3-A2J8-06,Metastasis,0.9999408721923828,True
80,TCGA-ER-A19G-06,Metastasis,1,TCGA-EE-A2GH-06,Metastasis,0.9998825788497925,True
80,TCGA-ER-A19G-06,Metastasis,2,TCGA-ER-A19N-06,Metastasis,0.9997538924217224,True
80,TCGA-ER-A19G-06,Metastasis,3,TCGA-FR-A8YC-06,Metastasis,0.9997277855873108,True
80,TCGA-ER-A19G-06,Metastasis,4,TCGA-D3-A1QA-07,Metastasis,0.9996886849403381,True
80,TCGA-ER-A19G-06,Metastasis,5,TCGA-EE-A3AA-06,Metastasis,0.9995673894882202,True
80,TCGA-ER-A19G-06,Metastasis,6,TCGA-EB-A85J-01,Primary Tumor,0.9993166923522949,False
80,TCGA-ER-A19G-06,Metastasis,7,TCGA-EB-A44Q-06,Metastasis,0.9992809891700745,True
80,TCGA-ER-A19G-06,Metastasis,8,TCGA-WE-A8K4-01,Primary Tumor,0.9991813898086548,False
80,TCGA-ER-A19G-06,Metastasis,9,TCGA-BF-AAP4-01,Primary Tumor,0.9991681575775146,False
81,TCGA-EB-A3Y6-01,Primary Tumor,0,TCGA-EE-A2MU-06,Metastasis,0.9999831914901733,False
81,TCGA-EB-A3Y6-01,Primary Tumor,1,TCGA-ER-A2NC-06,Metastasis,0.9999353289604187,False
81,TCGA-EB-A3Y6-01,Primary Tumor,2,TCGA-WE-A8ZT-06,Metastasis,0.9997800588607788,False
81,TCGA-EB-A3Y6-01,Primary Tumor,3,TCGA-DA-A3F3-06,Metastasis,0.9997422695159912,False
81,TCGA-EB-A3Y6-01,Primary Tumor,4,TCGA-D3-A3BZ-06,Metastasis,0.9997150897979736,False
81,TCGA-EB-A3Y6-01,Primary Tumor,5,TCGA-BF-A3DN-01,Primary Tumor,0.9995355010032654,True
81,TCGA-EB-A3Y6-01,Primary Tumor,6,TCGA-W3-AA1W-06,Metastasis,0.9995293021202087,False
81,TCGA-EB-A3Y6-01,Primary Tumor,7,TCGA-EE-A2M6-06,Metastasis,0.9995181560516357,False
81,TCGA-EB-A3Y6-01,Primary Tumor,8,TCGA-D3-A3C3-06,Metastasis,0.9994507431983948,False
81,TCGA-EB-A3Y6-01,Primary Tumor,9,TCGA-WE-A8ZO-06,Metastasis,0.9994262456893921,False
82,TCGA-WE-A8ZO-06,Metastasis,0,TCGA-D3-A5GU-06,Metastasis,0.9999630451202393,True
82,TCGA-WE-A8ZO-06,Metastasis,1,TCGA-EE-A2MM-06,Metastasis,0.9998170733451843,True
82,TCGA-WE-A8ZO-06,Metastasis,2,TCGA-D3-A2JF-06,Metastasis,0.9997876286506653,True
82,TCGA-WE-A8ZO-06,Metastasis,3,TCGA-WE-A8ZT-06,Metastasis,0.9997825622558594,True
82,TCGA-WE-A8ZO-06,Metastasis,4,TCGA-EE-A3J7-06,Metastasis,0.999752938747406,True
82,TCGA-WE-A8ZO-06,Metastasis,5,TCGA-ER-A19Q-06,Metastasis,0.9997313022613525,True
82,TCGA-WE-A8ZO-06,Metastasis,6,TCGA-WE-A8K5-06,Metastasis,0.9997215270996094,True
82,TCGA-WE-A8ZO-06,Metastasis,7,TCGA-EE-A2GN-06,Metastasis,0.9996997117996216,True
82,TCGA-WE-A8ZO-06,Metastasis,8,TCGA-YD-A9TB-06,Metastasis,0.9995563626289368,True
82,TCGA-WE-A8ZO-06,Metastasis,9,TCGA-FR-A3R1-01,Primary Tumor,0.9995169043540955,False
83,TCGA-EB-A4OZ-01,Primary Tumor,0,TCGA-ER-A196-01,Primary Tumor,0.9989950060844421,True
83,TCGA-EB-A4OZ-01,Primary Tumor,1,TCGA-HR-A5NC-01,Primary Tumor,0.9979144334793091,True
83,TCGA-EB-A4OZ-01,Primary Tumor,2,TCGA-ER-A2NB-01,Primary Tumor,0.9975612163543701,True
83,TCGA-EB-A4OZ-01,Primary Tumor,3,TCGA-EB-A5SF-01,Primary Tumor,0.9963659644126892,True
83,TCGA-EB-A4OZ-01,Primary Tumor,4,TCGA-EE-A3J8-06,Metastasis,0.9866383671760559,False
83,TCGA-EB-A4OZ-01,Primary Tumor,5,TCGA-FS-A1ZC-06,Metastasis,0.9840019345283508,False
83,TCGA-EB-A4OZ-01,Primary Tumor,6,TCGA-BF-A9VF-01,Primary Tumor,0.9838387370109558,True
83,TCGA-EB-A4OZ-01,Primary Tumor,7,TCGA-EB-A4IQ-01,Primary Tumor,0.9812371730804443,True
83,TCGA-EB-A4OZ-01,Primary Tumor,8,TCGA-GF-A3OT-06,Metastasis,0.9802730679512024,False
83,TCGA-EB-A4OZ-01,Primary Tumor,9,TCGA-EB-A3HV-01,Primary Tumor,0.9773303270339966,True
84,TCGA-DA-A95X-06,Metastasis,0,TCGA-HR-A2OH-06,Metastasis,0.9998834133148193,True
84,TCGA-DA-A95X-06,Metastasis,1,TCGA-EE-A20B-06,Metastasis,0.9997646808624268,True
84,TCGA-DA-A95X-06,Metastasis,2,TCGA-WE-A8ZY-06,Metastasis,0.9996549487113953,True
84,TCGA-DA-A95X-06,Metastasis,3,TCGA-EE-A3JB-06,Metastasis,0.999643862247467,True
84,TCGA-DA-A95X-06,Metastasis,4,TCGA-GN-A265-06,Metastasis,0.9996204376220703,True
84,TCGA-DA-A95X-06,Metastasis,5,TCGA-FS-A4F8-06,Metastasis,0.9995858073234558,True
84,TCGA-DA-A95X-06,Metastasis,6,TCGA-EE-A29H-06,Metastasis,0.9994320273399353,True
84,TCGA-DA-A95X-06,Metastasis,7,TCGA-D3-A51F-06,Metastasis,0.9993743300437927,True
84,TCGA-DA-A95X-06,Metastasis,8,TCGA-EE-A2MP-06,Metastasis,0.9992978572845459,True
84,TCGA-DA-A95X-06,Metastasis,9,TCGA-D3-A8GC-06,Metastasis,0.9992077946662903,True
85,TCGA-D3-A3C7-06,Metastasis,0,TCGA-ER-A19C-06,Metastasis,0.9999251365661621,True
85,TCGA-D3-A3C7-06,Metastasis,1,TCGA-EB-A5SG-06,Metastasis,0.9998502731323242,True
85,TCGA-D3-A3C7-06,Metastasis,2,TCGA-FS-A1YX-06,Metastasis,0.999849796295166,True
85,TCGA-D3-A3C7-06,Metastasis,3,TCGA-FR-A2OS-01,Primary Tumor,0.9996213912963867,False
85,TCGA-D3-A3C7-06,Metastasis,4,TCGA-EE-A2GJ-06,Metastasis,0.9995653033256531,True
85,TCGA-D3-A3C7-06,Metastasis,5,TCGA-W3-AA1O-06,Metastasis,0.9994813203811646,True
85,TCGA-D3-A3C7-06,Metastasis,6,TCGA-D9-A1X3-06,Metastasis,0.9994794130325317,True
85,TCGA-D3-A3C7-06,Metastasis,7,TCGA-EE-A2MI-06,Metastasis,0.9993825554847717,True
85,TCGA-D3-A3C7-06,Metastasis,8,TCGA-D3-A2JD-06,Metastasis,0.9993733167648315,True
85,TCGA-D3-A3C7-06,Metastasis,9,TCGA-D9-A1JW-06,Metastasis,0.9992225170135498,True
86,TCGA-ER-A19D-06,Metastasis,0,TCGA-D3-A51T-06,Metastasis,0.9996057748794556,True
86,TCGA-ER-A19D-06,Metastasis,1,TCGA-EE-A20B-06,Metastasis,0.99940425157547,True
86,TCGA-ER-A19D-06,Metastasis,2,TCGA-D3-A3MR-06,Metastasis,0.9991918802261353,True
86,TCGA-ER-A19D-06,Metastasis,3,TCGA-FW-A5DY-06,Metastasis,0.9991011023521423,True
86,TCGA-ER-A19D-06,Metastasis,4,TCGA-HR-A2OH-06,Metastasis,0.9990967512130737,True
86,TCGA-ER-A19D-06,Metastasis,5,TCGA-DA-A95X-06,Metastasis,0.9989871382713318,True
86,TCGA-ER-A19D-06,Metastasis,6,TCGA-D3-A8GC-06,Metastasis,0.9989488124847412,True
86,TCGA-ER-A19D-06,Metastasis,7,TCGA-GN-A265-06,Metastasis,0.9989476799964905,True
86,TCGA-ER-A19D-06,Metastasis,8,TCGA-FS-A4F8-06,Metastasis,0.9987421631813049,True
86,TCGA-ER-A19D-06,Metastasis,9,TCGA-EE-A2GP-06,Metastasis,0.998640239238739,True
87,TCGA-DA-A1HY-06,Metastasis,0,TCGA-ER-A2NF-01,Primary Tumor,0.9996992945671082,False
87,TCGA-DA-A1HY-06,Metastasis,1,TCGA-BF-AAP7-01,Primary Tumor,0.9996669888496399,False
87,TCGA-DA-A1HY-06,Metastasis,2,TCGA-D3-A8GS-06,Metastasis,0.9993926882743835,True
87,TCGA-DA-A1HY-06,Metastasis,3,TCGA-EE-A2M7-06,Metastasis,0.9990240931510925,True
87,TCGA-DA-A1HY-06,Metastasis,4,TCGA-EE-A2A0-06,Metastasis,0.9989939332008362,True
87,TCGA-DA-A1HY-06,Metastasis,5,TCGA-EE-A2ME-06,Metastasis,0.9985718727111816,True
87,TCGA-DA-A1HY-06,Metastasis,6,TCGA-GF-A4EO-06,Metastasis,0.9985362887382507,True
87,TCGA-DA-A1HY-06,Metastasis,7,TCGA-ER-A19B-06,Metastasis,0.9979488849639893,True
87,TCGA-DA-A1HY-06,Metastasis,8,TCGA-D9-A3Z3-06,Metastasis,0.9969482421875,True
87,TCGA-DA-A1HY-06,Metastasis,9,TCGA-D3-A2JA-06,Metastasis,0.9966984987258911,True
88,TCGA-W3-AA21-06,Metastasis,0,TCGA-DA-A95Y-06,Metastasis,0.9999568462371826,True
88,TCGA-W3-AA21-06,Metastasis,1,TCGA-D3-A2JE-06,Metastasis,0.9998505711555481,True
88,TCGA-W3-AA21-06,Metastasis,2,TCGA-XV-AAZY-01,Primary Tumor,0.9997698664665222,False
88,TCGA-W3-AA21-06,Metastasis,3,TCGA-D3-A8GP-06,Metastasis,0.9997510313987732,True
88,TCGA-W3-AA21-06,Metastasis,4,TCGA-EE-A3J4-06,Metastasis,0.9996654987335205,True
88,TCGA-W3-AA21-06,Metastasis,5,TCGA-EB-A97M-01,Primary Tumor,0.9996593594551086,False
88,TCGA-W3-AA21-06,Metastasis,6,TCGA-EE-A180-06,Metastasis,0.9996330142021179,True
88,TCGA-W3-AA21-06,Metastasis,7,TCGA-QB-A6FS-06,Metastasis,0.9996001720428467,True
88,TCGA-W3-AA21-06,Metastasis,8,TCGA-D3-A5GO-06,Metastasis,0.9995909333229065,True
88,TCGA-W3-AA21-06,Metastasis,9,TCGA-GN-A268-06,Metastasis,0.999512255191803,True
89,TCGA-ER-A19K-01,Primary Tumor,0,TCGA-EE-A2M5-06,Metastasis,0.9996819496154785,False
89,TCGA-ER-A19K-01,Primary Tumor,1,TCGA-EB-A24C-01,Primary Tumor,0.9994147419929504,True
89,TCGA-ER-A19K-01,Primary Tumor,2,TCGA-DA-A1IC-06,Metastasis,0.9993801712989807,False
89,TCGA-ER-A19K-01,Primary Tumor,3,TCGA-D3-A3MO-06,Metastasis,0.9992527961730957,False
89,TCGA-ER-A19K-01,Primary Tumor,4,TCGA-DA-A1I8-06,Metastasis,0.9982657432556152,False
89,TCGA-ER-A19K-01,Primary Tumor,5,TCGA-EB-A1NK-01,Primary Tumor,0.9982107281684875,True
89,TCGA-ER-A19K-01,Primary Tumor,6,TCGA-GN-A26A-06,Metastasis,0.9980288147926331,False
89,TCGA-ER-A19K-01,Primary Tumor,7,TCGA-BF-A5EO-01,Primary Tumor,0.9977469444274902,True
89,TCGA-ER-A19K-01,Primary Tumor,8,TCGA-BF-A3DM-01,Primary Tumor,0.997714102268219,True
89,TCGA-ER-A19K-01,Primary Tumor,9,TCGA-WE-A8ZQ-06,Metastasis,0.9972040057182312,False
90,TCGA-EE-A2MI-06,Metastasis,0,TCGA-D9-A1JW-06,Metastasis,0.9999304413795471,True
90,TCGA-EE-A2MI-06,Metastasis,1,TCGA-EE-A2MT-06,Metastasis,0.9999231100082397,True
90,TCGA-EE-A2MI-06,Metastasis,2,TCGA-D3-A2JD-06,Metastasis,0.9998957514762878,True
90,TCGA-EE-A2MI-06,Metastasis,3,TCGA-EE-A2A5-06,Metastasis,0.9997997879981995,True
90,TCGA-EE-A2MI-06,Metastasis,4,TCGA-FS-A1YX-06,Metastasis,0.9997972249984741,True
90,TCGA-EE-A2MI-06,Metastasis,5,TCGA-D3-A5GS-06,Metastasis,0.9997805953025818,True
90,TCGA-EE-A2MI-06,Metastasis,6,TCGA-EE-A2MK-06,Metastasis,0.9997629523277283,True
90,TCGA-EE-A2MI-06,Metastasis,7,TCGA-EE-A3JI-06,Metastasis,0.9997463822364807,True
90,TCGA-EE-A2MI-06,Metastasis,8,TCGA-EE-A20I-06,Metastasis,0.9997185468673706,True
90,TCGA-EE-A2MI-06,Metastasis,9,TCGA-ER-A19C-06,Metastasis,0.9995946288108826,True
91,TCGA-GN-A267-06,Metastasis,0,TCGA-D3-A2JG-06,Metastasis,0.9997737407684326,True
91,TCGA-GN-A267-06,Metastasis,1,TCGA-FS-A1ZP-06,Metastasis,0.999692976474762,True
91,TCGA-GN-A267-06,Metastasis,2,TCGA-FR-A8YD-06,Metastasis,0.9995318651199341,True
91,TCGA-GN-A267-06,Metastasis,3,TCGA-EE-A2GM-06,Metastasis,0.9995304942131042,True
91,TCGA-GN-A267-06,Metastasis,4,TCGA-ER-A198-06,Metastasis,0.9995025396347046,True
91,TCGA-GN-A267-06,Metastasis,5,TCGA-EB-A42Z-01,Primary Tumor,0.9994410276412964,False
91,TCGA-GN-A267-06,Metastasis,6,TCGA-RP-A695-06,Metastasis,0.9993363618850708,True
91,TCGA-GN-A267-06,Metastasis,7,TCGA-EE-A2MN-06,Metastasis,0.9993301033973694,True
91,TCGA-GN-A267-06,Metastasis,8,TCGA-EE-A29X-06,Metastasis,0.9990001320838928,True
91,TCGA-GN-A267-06,Metastasis,9,TCGA-EB-A41B-01,Primary Tumor,0.9987581968307495,False
92,TCGA-EB-A85J-01,Primary Tumor,0,TCGA-EB-A82B-01,Primary Tumor,0.9998914003372192,True
92,TCGA-EB-A85J-01,Primary Tumor,1,TCGA-ER-A19N-06,Metastasis,0.9996721744537354,False
92,TCGA-EB-A85J-01,Primary Tumor,2,TCGA-FR-A8YC-06,Metastasis,0.9996688961982727,False
92,TCGA-EB-A85J-01,Primary Tumor,3,TCGA-D3-A51N-06,Metastasis,0.9994610548019409,False
92,TCGA-EB-A85J-01,Primary Tumor,4,TCGA-EB-A44P-01,Primary Tumor,0.9994479417800903,True
92,TCGA-EB-A85J-01,Primary Tumor,5,TCGA-BF-AAOU-01,Primary Tumor,0.999411940574646,True
92,TCGA-EB-A85J-01,Primary Tumor,6,TCGA-ER-A19G-06,Metastasis,0.9993166923522949,False
92,TCGA-EB-A85J-01,Primary Tumor,7,TCGA-EE-A3JH-06,Metastasis,0.9992935061454773,False
92,TCGA-EB-A85J-01,Primary Tumor,8,TCGA-EB-A44Q-06,Metastasis,0.9992489218711853,False
92,TCGA-EB-A85J-01,Primary Tumor,9,TCGA-ER-A19J-06,Metastasis,0.9991861581802368,False
93,TCGA-WE-AAA4-06,Metastasis,0,TCGA-ER-A19F-06,Metastasis,0.9999533891677856,True
93,TCGA-WE-AAA4-06,Metastasis,1,TCGA-YD-A89C-06,Metastasis,0.9999290704727173,True
93,TCGA-WE-AAA4-06,Metastasis,2,TCGA-EB-A85I-01,Primary Tumor,0.9999247789382935,False
93,TCGA-WE-AAA4-06,Metastasis,3,TCGA-FS-A4F2-06,Metastasis,0.9998850226402283,True
93,TCGA-WE-AAA4-06,Metastasis,4,TCGA-GN-A4U3-06,Metastasis,0.9998782873153687,True
93,TCGA-WE-AAA4-06,Metastasis,5,TCGA-RP-A695-06,Metastasis,0.9997199177742004,True
93,TCGA-WE-AAA4-06,Metastasis,6,TCGA-ER-A3PL-06,Metastasis,0.9996805191040039,True
93,TCGA-WE-AAA4-06,Metastasis,7,TCGA-EB-A42Z-01,Primary Tumor,0.9996335506439209,False
93,TCGA-WE-AAA4-06,Metastasis,8,TCGA-XV-AAZY-01,Primary Tumor,0.9995810985565186,False
93,TCGA-WE-AAA4-06,Metastasis,9,TCGA-ER-A2NE-06,Metastasis,0.9995183348655701,True
94,TCGA-DA-A1IA-06,Metastasis,0,TCGA-FR-A3YO-06,Metastasis,0.9999695420265198,True
94,TCGA-DA-A1IA-06,Metastasis,1,TCGA-FS-A1ZY-06,Metastasis,0.9998514652252197,True
94,TCGA-DA-A1IA-06,Metastasis,2,TCGA-ER-A19O-06,Metastasis,0.9998128414154053,True
94,TCGA-DA-A1IA-06,Metastasis,3,TCGA-BF-A3DL-01,Primary Tumor,0.9998018741607666,False
94,TCGA-DA-A1IA-06,Metastasis,4,TCGA-D3-A1Q1-06,Metastasis,0.9997887015342712,True
94,TCGA-DA-A1IA-06,Metastasis,5,TCGA-D9-A4Z3-01,Primary Tumor,0.9996134042739868,False
94,TCGA-DA-A1IA-06,Metastasis,6,TCGA-FS-A1ZG-06,Metastasis,0.999609649181366,True
94,TCGA-DA-A1IA-06,Metastasis,7,TCGA-D3-A8GK-06,Metastasis,0.9996039867401123,True
94,TCGA-DA-A1IA-06,Metastasis,8,TCGA-GN-A8LK-06,Metastasis,0.999567449092865,True
94,TCGA-DA-A1IA-06,Metastasis,9,TCGA-FS-A1ZU-06,Metastasis,0.9994897246360779,True
95,TCGA-ER-A42H-01,Primary Tumor,0,TCGA-EB-A4P0-01,Primary Tumor,0.9999840259552002,True
95,TCGA-ER-A42H-01,Primary Tumor,1,TCGA-D3-A3C6-06,Metastasis,0.999880850315094,False
95,TCGA-ER-A42H-01,Primary Tumor,2,TCGA-EE-A2GT-06,Metastasis,0.9998716115951538,False
95,TCGA-ER-A42H-01,Primary Tumor,3,TCGA-EE-A29C-06,Metastasis,0.9998506307601929,False
95,TCGA-ER-A42H-01,Primary Tumor,4,TCGA-GN-A4U7-06,Metastasis,0.9998498558998108,False
95,TCGA-ER-A42H-01,Primary Tumor,5,TCGA-EE-A29L-06,Metastasis,0.9998229146003723,False
95,TCGA-ER-A42H-01,Primary Tumor,6,TCGA-BF-A5EP-01,Primary Tumor,0.9997703433036804,True
95,TCGA-ER-A42H-01,Primary Tumor,7,TCGA-3N-A9WB-06,Metastasis,0.9997233152389526,False
95,TCGA-ER-A42H-01,Primary Tumor,8,TCGA-FR-A69P-06,Metastasis,0.9997081756591797,False
95,TCGA-ER-A42H-01,Primary Tumor,9,TCGA-Z2-AA3V-06,Metastasis,0.9996891617774963,False
96,TCGA-BF-AAP0-06,Metastasis,0,TCGA-EB-A5UL-06,Metastasis,0.9997948408126831,True
96,TCGA-BF-AAP0-06,Metastasis,1,TCGA-GN-A4U8-06,Metastasis,0.9992185831069946,True
96,TCGA-BF-AAP0-06,Metastasis,2,TCGA-EE-A3J3-06,Metastasis,0.9987128973007202,True
96,TCGA-BF-AAP0-06,Metastasis,3,TCGA-EE-A20F-06,Metastasis,0.9982255101203918,True
96,TCGA-BF-AAP0-06,Metastasis,4,TCGA-GN-A9SD-06,Metastasis,0.997739315032959,True
96,TCGA-BF-AAP0-06,Metastasis,5,TCGA-EE-A2A2-06,Metastasis,0.9961058497428894,True
96,TCGA-BF-AAP0-06,Metastasis,6,TCGA-D3-A3CE-06,Metastasis,0.9959897994995117,True
96,TCGA-BF-AAP0-06,Metastasis,7,TCGA-EE-A2GL-06,Metastasis,0.9958149790763855,True
96,TCGA-BF-AAP0-06,Metastasis,8,TCGA-D3-A3CF-06,Metastasis,0.9955805540084839,True
96,TCGA-BF-AAP0-06,Metastasis,9,TCGA-D9-A1JX-06,Metastasis,0.9955200552940369,True
97,TCGA-ER-A3PL-06,Metastasis,0,TCGA-FS-A4F2-06,Metastasis,0.9999304413795471,True
97,TCGA-ER-A3PL-06,Metastasis,1,TCGA-EB-A85I-01,Primary Tumor,0.9999142289161682,False
97,TCGA-ER-A3PL-06,Metastasis,2,TCGA-EB-A42Y-01,Primary Tumor,0.9998915791511536,False
97,TCGA-ER-A3PL-06,Metastasis,3,TCGA-GN-A264-06,Metastasis,0.999854326248169,True
97,TCGA-ER-A3PL-06,Metastasis,4,TCGA-GN-A4U3-06,Metastasis,0.9998385310173035,True
97,TCGA-ER-A3PL-06,Metastasis,5,TCGA-D3-A2JL-06,Metastasis,0.9998044371604919,True
97,TCGA-ER-A3PL-06,Metastasis,6,TCGA-ER-A19F-06,Metastasis,0.9997996687889099,True
97,TCGA-ER-A3PL-06,Metastasis,7,TCGA-YD-A89C-06,Metastasis,0.9996969699859619,True
97,TCGA-ER-A3PL-06,Metastasis,8,TCGA-WE-AAA4-06,Metastasis,0.9996805191040039,True
97,TCGA-ER-A3PL-06,Metastasis,9,TCGA-D9-A6EA-06,Metastasis,0.9996452331542969,True
98,TCGA-FR-A3YN-06,Metastasis,0,TCGA-EE-A3J5-06,Metastasis,0.9999881386756897,True
98,TCGA-FR-A3YN-06,Metastasis,1,TCGA-FS-A1YW-06,Metastasis,0.9999078512191772,True
98,TCGA-FR-A3YN-06,Metastasis,2,TCGA-D9-A149-06,Metastasis,0.9998103976249695,True
98,TCGA-FR-A3YN-06,Metastasis,3,TCGA-D9-A148-06,Metastasis,0.9997584819793701,True
98,TCGA-FR-A3YN-06,Metastasis,4,TCGA-FR-A728-01,Primary Tumor,0.9997196197509766,False
98,TCGA-FR-A3YN-06,Metastasis,5,TCGA-D3-A2JP-06,Metastasis,0.9995638728141785,True
98,TCGA-FR-A3YN-06,Metastasis,6,TCGA-Z2-AA3S-06,Metastasis,0.999474287033081,True
98,TCGA-FR-A3YN-06,Metastasis,7,TCGA-FS-A1Z7-06,Metastasis,0.998820424079895,True
98,TCGA-FR-A3YN-06,Metastasis,8,TCGA-BF-AAP4-01,Primary Tumor,0.9984147548675537,False
98,TCGA-FR-A3YN-06,Metastasis,9,TCGA-ER-A193-06,Metastasis,0.9982943534851074,True
99,TCGA-3N-A9WB-06,Metastasis,0,TCGA-Z2-AA3V-06,Metastasis,0.9999208450317383,True
99,TCGA-3N-A9WB-06,Metastasis,1,TCGA-EE-A2GT-06,Metastasis,0.9998490810394287,True
99,TCGA-3N-A9WB-06,Metastasis,2,TCGA-BF-A5EP-01,Primary Tumor,0.9997846484184265,False
99,TCGA-3N-A9WB-06,Metastasis,3,TCGA-GN-A4U7-06,Metastasis,0.9997817873954773,True
99,TCGA-3N-A9WB-06,Metastasis,4,TCGA-D3-A3C6-06,Metastasis,0.9997503161430359,True
99,TCGA-3N-A9WB-06,Metastasis,5,TCGA-EE-A2GO-06,Metastasis,0.9997267127037048,True
99,TCGA-3N-A9WB-06,Metastasis,6,TCGA-ER-A42H-01,Primary Tumor,0.9997233152389526,False
99,TCGA-3N-A9WB-06,Metastasis,7,TCGA-FS-A4F9-06,Metastasis,0.9997125267982483,True
99,TCGA-3N-A9WB-06,Metastasis,8,TCGA-EE-A29L-06,Metastasis,0.9997081160545349,True
99,TCGA-3N-A9WB-06,Metastasis,9,TCGA-FS-A4FB-06,Metastasis,0.9996926784515381,True
100,TCGA-D3-A51T-06,Metastasis,0,TCGA-ER-A19D-06,Metastasis,0.9996057748794556,True
100,TCGA-D3-A51T-06,Metastasis,1,TCGA-D3-A8GC-06,Metastasis,0.9993821978569031,True
100,TCGA-D3-A51T-06,Metastasis,2,TCGA-ER-A2NH-06,Metastasis,0.9993649125099182,True
100,TCGA-D3-A51T-06,Metastasis,3,TCGA-EE-A20B-06,Metastasis,0.9993494749069214,True
100,TCGA-D3-A51T-06,Metastasis,4,TCGA-GN-A265-06,Metastasis,0.9991302490234375,True
100,TCGA-D3-A51T-06,Metastasis,5,TCGA-EB-A24D-01,Primary Tumor,0.9990441203117371,False
100,TCGA-D3-A51T-06,Metastasis,6,TCGA-HR-A2OH-06,Metastasis,0.9986384510993958,True
100,TCGA-D3-A51T-06,Metastasis,7,TCGA-EE-A2MP-06,Metastasis,0.9985730051994324,True
100,TCGA-D3-A51T-06,Metastasis,8,TCGA-DA-A95X-06,Metastasis,0.9984922409057617,True
100,TCGA-D3-A51T-06,Metastasis,9,TCGA-FW-A5DY-06,Metastasis,0.9980892539024353,True
101,TCGA-FW-A3R5-06,Metastasis,0,TCGA-WE-AAA3-06,Metastasis,0.999849796295166,True
101,TCGA-FW-A3R5-06,Metastasis,1,TCGA-EB-A430-01,Primary Tumor,0.9997228384017944,False
101,TCGA-FW-A3R5-06,Metastasis,2,TCGA-EE-A29X-06,Metastasis,0.999710738658905,True
101,TCGA-FW-A3R5-06,Metastasis,3,TCGA-EB-A41B-01,Primary Tumor,0.999637246131897,False
101,TCGA-FW-A3R5-06,Metastasis,4,TCGA-W3-AA1Q-06,Metastasis,0.9996304512023926,True
101,TCGA-FW-A3R5-06,Metastasis,5,TCGA-D3-A1QA-06,Metastasis,0.9996277093887329,True
101,TCGA-FW-A3R5-06,Metastasis,6,TCGA-D3-A5GS-06,Metastasis,0.9995018243789673,True
101,TCGA-FW-A3R5-06,Metastasis,7,TCGA-EE-A3JI-06,Metastasis,0.9994884133338928,True
101,TCGA-FW-A3R5-06,Metastasis,8,TCGA-EE-A2MN-06,Metastasis,0.9994804859161377,True
101,TCGA-FW-A3R5-06,Metastasis,9,TCGA-EE-A2GM-06,Metastasis,0.9994679689407349,True
102,TCGA-FS-A1ZJ-06,Metastasis,0,TCGA-EE-A2ML-06,Metastasis,0.999760627746582,True
102,TCGA-FS-A1ZJ-06,Metastasis,1,TCGA-EE-A2GD-06,Metastasis,0.9997312426567078,True
102,TCGA-FS-A1ZJ-06,Metastasis,2,TCGA-EE-A2MQ-06,Metastasis,0.9997183084487915,True
102,TCGA-FS-A1ZJ-06,Metastasis,3,TCGA-EB-A6L9-06,Metastasis,0.999572217464447,True
102,TCGA-FS-A1ZJ-06,Metastasis,4,TCGA-EB-A5UM-01,Primary Tumor,0.9995613694190979,False
102,TCGA-FS-A1ZJ-06,Metastasis,5,TCGA-D3-A51E-06,Metastasis,0.9994944334030151,True
102,TCGA-FS-A1ZJ-06,Metastasis,6,TCGA-GN-A26D-06,Metastasis,0.9994847178459167,True
102,TCGA-FS-A1ZJ-06,Metastasis,7,TCGA-ER-A199-06,Metastasis,0.9992290139198303,True
102,TCGA-FS-A1ZJ-06,Metastasis,8,TCGA-EB-A41A-01,Primary Tumor,0.9991395473480225,False
102,TCGA-FS-A1ZJ-06,Metastasis,9,TCGA-EE-A29P-06,Metastasis,0.9989867806434631,True
103,TCGA-BF-AAOX-01,Primary Tumor,0,TCGA-D3-A8GL-06,Metastasis,0.9998173117637634,False
103,TCGA-BF-AAOX-01,Primary Tumor,1,TCGA-EB-A3XF-01,Primary Tumor,0.9993470311164856,True
103,TCGA-BF-AAOX-01,Primary Tumor,2,TCGA-GF-A3OT-06,Metastasis,0.9992631673812866,False
103,TCGA-BF-AAOX-01,Primary Tumor,3,TCGA-FS-A1ZS-06,Metastasis,0.9989600777626038,False
103,TCGA-BF-AAOX-01,Primary Tumor,4,TCGA-EB-A51B-01,Primary Tumor,0.9988816380500793,True
103,TCGA-BF-AAOX-01,Primary Tumor,5,TCGA-FS-A4F0-06,Metastasis,0.9988015294075012,False
103,TCGA-BF-AAOX-01,Primary Tumor,6,TCGA-BF-A9VF-01,Primary Tumor,0.9980535507202148,True
103,TCGA-BF-AAOX-01,Primary Tumor,7,TCGA-FS-A1ZC-06,Metastasis,0.9971750974655151,False
103,TCGA-BF-AAOX-01,Primary Tumor,8,TCGA-BF-A3DM-01,Primary Tumor,0.9970710873603821,True
103,TCGA-BF-AAOX-01,Primary Tumor,9,TCGA-ER-A3EV-06,Metastasis,0.9968813061714172,False
104,TCGA-FR-A7U9-06,Metastasis,0,TCGA-EB-A5SE-01,Primary Tumor,0.9996519684791565,False
104,TCGA-FR-A7U9-06,Metastasis,1,TCGA-W3-A828-06,Metastasis,0.9995465278625488,True
104,TCGA-FR-A7U9-06,Metastasis,2,TCGA-GN-A26A-06,Metastasis,0.9988582730293274,True
104,TCGA-FR-A7U9-06,Metastasis,3,TCGA-EE-A3AG-06,Metastasis,0.9982395172119141,True
104,TCGA-FR-A7U9-06,Metastasis,4,TCGA-FS-A1ZK-06,Metastasis,0.9981921911239624,True
104,TCGA-FR-A7U9-06,Metastasis,5,TCGA-EB-A1NK-01,Primary Tumor,0.9979875087738037,False
104,TCGA-FR-A7U9-06,Metastasis,6,TCGA-EB-A44O-01,Primary Tumor,0.9979043006896973,False
104,TCGA-FR-A7U9-06,Metastasis,7,TCGA-BF-AAP6-01,Primary Tumor,0.9973145127296448,False
104,TCGA-FR-A7U9-06,Metastasis,8,TCGA-EE-A3JE-06,Metastasis,0.9971258640289307,True
104,TCGA-FR-A7U9-06,Metastasis,9,TCGA-FW-A5DX-01,Primary Tumor,0.9969750642776489,False
105,TCGA-D3-A1Q3-06,Metastasis,0,TCGA-DA-A3F8-06,Metastasis,0.9997035264968872,True
105,TCGA-D3-A1Q3-06,Metastasis,1,TCGA-D9-A3Z4-01,Primary Tumor,0.9995626211166382,False
105,TCGA-D3-A1Q3-06,Metastasis,2,TCGA-WE-AA9Y-06,Metastasis,0.9992498159408569,True
105,TCGA-D3-A1Q3-06,Metastasis,3,TCGA-YG-AA3O-06,Metastasis,0.9990031719207764,True
105,TCGA-D3-A1Q3-06,Metastasis,4,TCGA-D3-A8GO-06,Metastasis,0.9989936351776123,True
105,TCGA-D3-A1Q3-06,Metastasis,5,TCGA-D3-A1Q4-06,Metastasis,0.9989476203918457,True
105,TCGA-D3-A1Q3-06,Metastasis,6,TCGA-WE-A8ZX-06,Metastasis,0.9988549947738647,True
105,TCGA-D3-A1Q3-06,Metastasis,7,TCGA-ER-A19M-06,Metastasis,0.9988515973091125,True
105,TCGA-D3-A1Q3-06,Metastasis,8,TCGA-3N-A9WC-06,Metastasis,0.9987529516220093,True
105,TCGA-D3-A1Q3-06,Metastasis,9,TCGA-WE-A8JZ-06,Metastasis,0.9987500905990601,True
106,TCGA-W3-AA1Q-06,Metastasis,0,TCGA-RP-A694-06,Metastasis,0.9998940825462341,True
106,TCGA-W3-AA1Q-06,Metastasis,1,TCGA-BF-A1PZ-01,Primary Tumor,0.9998475313186646,False
106,TCGA-W3-AA1Q-06,Metastasis,2,TCGA-DA-A95W-06,Metastasis,0.9998412728309631,True
106,TCGA-W3-AA1Q-06,Metastasis,3,TCGA-RP-A6K9-06,Metastasis,0.9998397827148438,True
106,TCGA-W3-AA1Q-06,Metastasis,4,TCGA-EE-A29S-06,Metastasis,0.999799370765686,True
106,TCGA-W3-AA1Q-06,Metastasis,5,TCGA-EE-A29D-06,Metastasis,0.9997710585594177,True
106,TCGA-W3-AA1Q-06,Metastasis,6,TCGA-EE-A184-06,Metastasis,0.9997258186340332,True
106,TCGA-W3-AA1Q-06,Metastasis,7,TCGA-FW-A3R5-06,Metastasis,0.9996304512023926,True
106,TCGA-W3-AA1Q-06,Metastasis,8,TCGA-EE-A3JI-06,Metastasis,0.9996058940887451,True
106,TCGA-W3-AA1Q-06,Metastasis,9,TCGA-EE-A20I-06,Metastasis,0.9995942115783691,True
107,TCGA-D9-A1JW-06,Metastasis,0,TCGA-D3-A2JD-06,Metastasis,0.9999653697013855,True
107,TCGA-D9-A1JW-06,Metastasis,1,TCGA-EE-A2MI-06,Metastasis,0.9999304413795471,True
107,TCGA-D9-A1JW-06,Metastasis,2,TCGA-EE-A2MT-06,Metastasis,0.9999141693115234,True
107,TCGA-D9-A1JW-06,Metastasis,3,TCGA-EE-A2A5-06,Metastasis,0.999904990196228,True
107,TCGA-D9-A1JW-06,Metastasis,4,TCGA-D3-A5GS-06,Metastasis,0.9998457431793213,True
107,TCGA-D9-A1JW-06,Metastasis,5,TCGA-EE-A3JI-06,Metastasis,0.9998103380203247,True
107,TCGA-D9-A1JW-06,Metastasis,6,TCGA-EE-A2MK-06,Metastasis,0.9997592568397522,True
107,TCGA-D9-A1JW-06,Metastasis,7,TCGA-FS-A1YX-06,Metastasis,0.9997240900993347,True
107,TCGA-D9-A1JW-06,Metastasis,8,TCGA-BF-A1PV-01,Primary Tumor,0.9997010231018066,False
107,TCGA-D9-A1JW-06,Metastasis,9,TCGA-FS-A4FD-06,Metastasis,0.9996697306632996,True
108,TCGA-GN-A268-06,Metastasis,0,TCGA-D3-A5GO-06,Metastasis,0.9999624490737915,True
108,TCGA-GN-A268-06,Metastasis,1,TCGA-EE-A180-06,Metastasis,0.9999572038650513,True
108,TCGA-GN-A268-06,Metastasis,2,TCGA-QB-A6FS-06,Metastasis,0.999956488609314,True
108,TCGA-GN-A268-06,Metastasis,3,TCGA-BF-A5EP-01,Primary Tumor,0.99991774559021,False
108,TCGA-GN-A268-06,Metastasis,4,TCGA-D3-A8GP-06,Metastasis,0.9999176263809204,True
108,TCGA-GN-A268-06,Metastasis,5,TCGA-FS-A4F9-06,Metastasis,0.9999145865440369,True
108,TCGA-GN-A268-06,Metastasis,6,TCGA-EE-A29L-06,Metastasis,0.9998509883880615,True
108,TCGA-GN-A268-06,Metastasis,7,TCGA-D3-A8GV-06,Metastasis,0.9998306632041931,True
108,TCGA-GN-A268-06,Metastasis,8,TCGA-Z2-AA3V-06,Metastasis,0.9998213052749634,True
108,TCGA-GN-A268-06,Metastasis,9,TCGA-ER-A2ND-06,Metastasis,0.9998205900192261,True
109,TCGA-GN-A4U7-06,Metastasis,0,TCGA-D3-A3C6-06,Metastasis,0.9999667406082153,True
109,TCGA-GN-A4U7-06,Metastasis,1,TCGA-EB-A4P0-01,Primary Tumor,0.9998771548271179,False
109,TCGA-GN-A4U7-06,Metastasis,2,TCGA-EE-A2GT-06,Metastasis,0.9998512864112854,True
109,TCGA-GN-A4U7-06,Metastasis,3,TCGA-ER-A42H-01,Primary Tumor,0.9998498558998108,False
109,TCGA-GN-A4U7-06,Metastasis,4,TCGA-EE-A2GO-06,Metastasis,0.9998131990432739,True
109,TCGA-GN-A4U7-06,Metastasis,5,TCGA-EE-A17Z-06,Metastasis,0.9998032450675964,True
109,TCGA-GN-A4U7-06,Metastasis,6,TCGA-Z2-AA3V-06,Metastasis,0.9997861981391907,True
109,TCGA-GN-A4U7-06,Metastasis,7,TCGA-3N-A9WB-06,Metastasis,0.9997817873954773,True
109,TCGA-GN-A4U7-06,Metastasis,8,TCGA-EE-A29L-06,Metastasis,0.9996591210365295,True
109,TCGA-GN-A4U7-06,Metastasis,9,TCGA-BF-A5EP-01,Primary Tumor,0.9996164441108704,False
110,TCGA-EE-A3J8-06,Metastasis,0,TCGA-DA-A3F2-06,Metastasis,0.9968791604042053,True
110,TCGA-EE-A3J8-06,Metastasis,1,TCGA-ER-A3EV-06,Metastasis,0.9953594207763672,True
110,TCGA-EE-A3J8-06,Metastasis,2,TCGA-BF-A9VF-01,Primary Tumor,0.9953416585922241,False
110,TCGA-EE-A3J8-06,Metastasis,3,TCGA-ER-A19T-01,Primary Tumor,0.9952533841133118,False
110,TCGA-EE-A3J8-06,Metastasis,4,TCGA-EE-A3JA-06,Metastasis,0.9946970343589783,True
110,TCGA-EE-A3J8-06,Metastasis,5,TCGA-IH-A3EA-01,Primary Tumor,0.9938787221908569,False
110,TCGA-EE-A3J8-06,Metastasis,6,TCGA-EE-A20C-06,Metastasis,0.9938243627548218,True
110,TCGA-EE-A3J8-06,Metastasis,7,TCGA-EE-A182-06,Metastasis,0.9934762120246887,True
110,TCGA-EE-A3J8-06,Metastasis,8,TCGA-ER-A3ES-06,Metastasis,0.9932954907417297,True
110,TCGA-EE-A3J8-06,Metastasis,9,TCGA-EE-A29E-06,Metastasis,0.9923263192176819,True
111,TCGA-GN-A4U4-06,Metastasis,0,TCGA-EE-A2MF-06,Metastasis,0.999742329120636,True
111,TCGA-GN-A4U4-06,Metastasis,1,TCGA-ER-A193-06,Metastasis,0.9996009469032288,True
111,TCGA-GN-A4U4-06,Metastasis,2,TCGA-EB-A41A-01,Primary Tumor,0.9995095729827881,False
111,TCGA-GN-A4U4-06,Metastasis,3,TCGA-GN-A26D-06,Metastasis,0.9993698596954346,True
111,TCGA-GN-A4U4-06,Metastasis,4,TCGA-GF-A6C8-06,Metastasis,0.9992251396179199,True
111,TCGA-GN-A4U4-06,Metastasis,5,TCGA-D3-A3MU-06,Metastasis,0.9991024732589722,True
111,TCGA-GN-A4U4-06,Metastasis,6,TCGA-EB-A5UM-01,Primary Tumor,0.9990040063858032,False
111,TCGA-GN-A4U4-06,Metastasis,7,TCGA-EE-A2GN-06,Metastasis,0.9988799691200256,True
111,TCGA-GN-A4U4-06,Metastasis,8,TCGA-ER-A199-06,Metastasis,0.9988735318183899,True
111,TCGA-GN-A4U4-06,Metastasis,9,TCGA-ER-A19Q-06,Metastasis,0.9987364411354065,True
112,TCGA-D3-A2JD-06,Metastasis,0,TCGA-D9-A1JW-06,Metastasis,0.9999653697013855,True
112,TCGA-D3-A2JD-06,Metastasis,1,TCGA-EE-A2MI-06,Metastasis,0.9998957514762878,True
112,TCGA-D3-A2JD-06,Metastasis,2,TCGA-EE-A2MT-06,Metastasis,0.9998466372489929,True
112,TCGA-D3-A2JD-06,Metastasis,3,TCGA-EE-A2A5-06,Metastasis,0.9998307228088379,True
112,TCGA-D3-A2JD-06,Metastasis,4,TCGA-FS-A1YX-06,Metastasis,0.999800980091095,True
112,TCGA-D3-A2JD-06,Metastasis,5,TCGA-D3-A5GS-06,Metastasis,0.9997197389602661,True
112,TCGA-D3-A2JD-06,Metastasis,6,TCGA-BF-A1PV-01,Primary Tumor,0.9997075796127319,False
112,TCGA-D3-A2JD-06,Metastasis,7,TCGA-FS-A4FD-06,Metastasis,0.9996637105941772,True
112,TCGA-D3-A2JD-06,Metastasis,8,TCGA-EE-A3JI-06,Metastasis,0.9996545910835266,True
112,TCGA-D3-A2JD-06,Metastasis,9,TCGA-EE-A2MK-06,Metastasis,0.9996538162231445,True
113,TCGA-WE-A8JZ-06,Metastasis,0,TCGA-D3-A1Q4-06,Metastasis,0.999920129776001,True
113,TCGA-WE-A8JZ-06,Metastasis,1,TCGA-WE-AA9Y-06,Metastasis,0.9998713731765747,True
113,TCGA-WE-A8JZ-06,Metastasis,2,TCGA-3N-A9WD-06,Metastasis,0.9998460412025452,True
113,TCGA-WE-A8JZ-06,Metastasis,3,TCGA-ER-A19M-06,Metastasis,0.9997028112411499,True
113,TCGA-WE-A8JZ-06,Metastasis,4,TCGA-D3-A8GO-06,Metastasis,0.9995952248573303,True
113,TCGA-WE-A8JZ-06,Metastasis,5,TCGA-DA-A3F8-06,Metastasis,0.9995898008346558,True
113,TCGA-WE-A8JZ-06,Metastasis,6,TCGA-3N-A9WC-06,Metastasis,0.999584972858429,True
113,TCGA-WE-A8JZ-06,Metastasis,7,TCGA-D9-A3Z4-01,Primary Tumor,0.9995787143707275,False
113,TCGA-WE-A8JZ-06,Metastasis,8,TCGA-EE-A2GU-06,Metastasis,0.9995283484458923,True
113,TCGA-WE-A8JZ-06,Metastasis,9,TCGA-D3-A1Q8-06,Metastasis,0.9994251132011414,True
114,TCGA-Z2-AA3S-06,Metastasis,0,TCGA-D3-A2JP-06,Metastasis,0.9999480247497559,True
114,TCGA-Z2-AA3S-06,Metastasis,1,TCGA-FS-A1Z7-06,Metastasis,0.9996961355209351,True
114,TCGA-Z2-AA3S-06,Metastasis,2,TCGA-D9-A148-06,Metastasis,0.9996665120124817,True
114,TCGA-Z2-AA3S-06,Metastasis,3,TCGA-FS-A1YW-06,Metastasis,0.9996060729026794,True
114,TCGA-Z2-AA3S-06,Metastasis,4,TCGA-BF-AAP4-01,Primary Tumor,0.9995219707489014,False
114,TCGA-Z2-AA3S-06,Metastasis,5,TCGA-FR-A3YN-06,Metastasis,0.999474287033081,True
114,TCGA-Z2-AA3S-06,Metastasis,6,TCGA-EE-A3J5-06,Metastasis,0.9993254542350769,True
114,TCGA-Z2-AA3S-06,Metastasis,7,TCGA-D3-A1QA-07,Metastasis,0.9991254806518555,True
114,TCGA-Z2-AA3S-06,Metastasis,8,TCGA-FR-A728-01,Primary Tumor,0.9988728761672974,False
114,TCGA-Z2-AA3S-06,Metastasis,9,TCGA-D9-A149-06,Metastasis,0.9987174868583679,True
115,TCGA-BF-A5EO-01,Primary Tumor,0,TCGA-FS-A1ZD-06,Metastasis,0.9998449683189392,False
115,TCGA-BF-A5EO-01,Primary Tumor,1,TCGA-EE-A29W-06,Metastasis,0.9991557002067566,False
115,TCGA-BF-A5EO-01,Primary Tumor,2,TCGA-EB-A82C-01,Primary Tumor,0.9990113377571106,True
115,TCGA-BF-A5EO-01,Primary Tumor,3,TCGA-EE-A2M5-06,Metastasis,0.9987300634384155,False
115,TCGA-BF-A5EO-01,Primary Tumor,4,TCGA-DA-A1IC-06,Metastasis,0.9985498189926147,False
115,TCGA-BF-A5EO-01,Primary Tumor,5,TCGA-EB-A44O-01,Primary Tumor,0.9984866976737976,True
115,TCGA-BF-A5EO-01,Primary Tumor,6,TCGA-EE-A3JD-06,Metastasis,0.9983430504798889,False
115,TCGA-BF-A5EO-01,Primary Tumor,7,TCGA-FS-A1ZK-06,Metastasis,0.9982539415359497,False
115,TCGA-BF-A5EO-01,Primary Tumor,8,TCGA-D9-A4Z6-06,Metastasis,0.9982448816299438,False
115,TCGA-BF-A5EO-01,Primary Tumor,9,TCGA-D3-A51G-06,Metastasis,0.997869074344635,False
116,TCGA-EE-A29V-06,Metastasis,0,TCGA-FS-A1ZE-06,Metastasis,0.9998881816864014,True
116,TCGA-EE-A29V-06,Metastasis,1,TCGA-D3-A51G-06,Metastasis,0.9998793601989746,True
116,TCGA-EE-A29V-06,Metastasis,2,TCGA-DA-A1I7-06,Metastasis,0.9997434616088867,True
116,TCGA-EE-A29V-06,Metastasis,3,TCGA-EB-A5UN-06,Metastasis,0.9996816515922546,True
116,TCGA-EE-A29V-06,Metastasis,4,TCGA-ER-A19L-06,Metastasis,0.9994242787361145,True
116,TCGA-EE-A29V-06,Metastasis,5,TCGA-WE-A8K6-06,Metastasis,0.9993550181388855,True
116,TCGA-EE-A29V-06,Metastasis,6,TCGA-EB-A82C-01,Primary Tumor,0.9992256164550781,False
116,TCGA-EE-A29V-06,Metastasis,7,TCGA-EE-A17Z-06,Metastasis,0.9992061853408813,True
116,TCGA-EE-A29V-06,Metastasis,8,TCGA-DA-A3F5-06,Metastasis,0.9990057349205017,True
116,TCGA-EE-A29V-06,Metastasis,9,TCGA-D9-A4Z6-06,Metastasis,0.9989027380943298,True
117,TCGA-FS-A1ZR-06,Metastasis,0,TCGA-DA-A1HV-06,Metastasis,0.9981213808059692,True
117,TCGA-FS-A1ZR-06,Metastasis,1,TCGA-FS-A1ZA-06,Metastasis,0.9974588751792908,True
117,TCGA-FS-A1ZR-06,Metastasis,2,TCGA-EE-A2MG-06,Metastasis,0.9966862201690674,True
117,TCGA-FS-A1ZR-06,Metastasis,3,TCGA-FS-A1Z4-06,Metastasis,0.9961860775947571,True
117,TCGA-FS-A1ZR-06,Metastasis,4,TCGA-EE-A2GB-06,Metastasis,0.9958024621009827,True
117,TCGA-FS-A1ZR-06,Metastasis,5,TCGA-FS-A1ZM-06,Metastasis,0.9953887462615967,True
117,TCGA-FS-A1ZR-06,Metastasis,6,TCGA-BF-AAP2-01,Primary Tumor,0.9947469234466553,False
117,TCGA-FS-A1ZR-06,Metastasis,7,TCGA-EE-A2GE-06,Metastasis,0.9927634000778198,True
117,TCGA-FS-A1ZR-06,Metastasis,8,TCGA-EB-A4IS-01,Primary Tumor,0.9925285577774048,False
117,TCGA-FS-A1ZR-06,Metastasis,9,TCGA-EE-A2GK-06,Metastasis,0.9923202991485596,True
118,TCGA-D3-A3MR-06,Metastasis,0,TCGA-FW-A5DY-06,Metastasis,0.9999437928199768,True
118,TCGA-D3-A3MR-06,Metastasis,1,TCGA-EE-A2GP-06,Metastasis,0.9995619058609009,True
118,TCGA-D3-A3MR-06,Metastasis,2,TCGA-D3-A2JC-06,Metastasis,0.9992507100105286,True
118,TCGA-D3-A3MR-06,Metastasis,3,TCGA-FS-A1ZT-06,Metastasis,0.9992191791534424,True
118,TCGA-D3-A3MR-06,Metastasis,4,TCGA-D3-A51J-06,Metastasis,0.9992181062698364,True
118,TCGA-D3-A3MR-06,Metastasis,5,TCGA-ER-A19D-06,Metastasis,0.9991918802261353,True
118,TCGA-D3-A3MR-06,Metastasis,6,TCGA-EE-A2MS-06,Metastasis,0.9987884163856506,True
118,TCGA-D3-A3MR-06,Metastasis,7,TCGA-GN-A266-06,Metastasis,0.9987187385559082,True
118,TCGA-D3-A3MR-06,Metastasis,8,TCGA-D3-A1Q7-06,Metastasis,0.9986307621002197,True
118,TCGA-D3-A3MR-06,Metastasis,9,TCGA-DA-A1HW-06,Metastasis,0.9985066652297974,True
119,TCGA-FS-A4F0-06,Metastasis,0,TCGA-EE-A3JD-06,Metastasis,0.9994212985038757,True
119,TCGA-FS-A4F0-06,Metastasis,1,TCGA-EE-A29W-06,Metastasis,0.9991961121559143,True
119,TCGA-FS-A4F0-06,Metastasis,2,TCGA-EB-A51B-01,Primary Tumor,0.9990575909614563,False
119,TCGA-FS-A4F0-06,Metastasis,3,TCGA-D3-A51G-06,Metastasis,0.9989327788352966,True
119,TCGA-FS-A4F0-06,Metastasis,4,TCGA-D3-A8GL-06,Metastasis,0.9988265633583069,True
119,TCGA-FS-A4F0-06,Metastasis,5,TCGA-BF-AAOX-01,Primary Tumor,0.9988015294075012,False
119,TCGA-FS-A4F0-06,Metastasis,6,TCGA-EE-A29V-06,Metastasis,0.9984686374664307,True
119,TCGA-FS-A4F0-06,Metastasis,7,TCGA-FS-A1ZS-06,Metastasis,0.9981803894042969,True
119,TCGA-FS-A4F0-06,Metastasis,8,TCGA-FS-A1ZE-06,Metastasis,0.998044490814209,True
119,TCGA-FS-A4F0-06,Metastasis,9,TCGA-FS-A1ZD-06,Metastasis,0.9976478219032288,True
120,TCGA-D3-A3MV-06,Metastasis,0,TCGA-BF-AAP6-01,Primary Tumor,0.999817967414856,False
120,TCGA-D3-A3MV-06,Metastasis,1,TCGA-FS-A4F5-06,Metastasis,0.9997629523277283,True
120,TCGA-D3-A3MV-06,Metastasis,2,TCGA-FS-A1Z3-06,Metastasis,0.9996176362037659,True
120,TCGA-D3-A3MV-06,Metastasis,3,TCGA-FS-A1ZZ-06,Metastasis,0.9994148015975952,True
120,TCGA-D3-A3MV-06,Metastasis,4,TCGA-EE-A3AD-06,Metastasis,0.9989635348320007,True
120,TCGA-D3-A3MV-06,Metastasis,5,TCGA-EE-A3AG-06,Metastasis,0.9987998008728027,True
120,TCGA-D3-A3MV-06,Metastasis,6,TCGA-GN-A26C-01,Primary Tumor,0.9985780119895935,False
120,TCGA-D3-A3MV-06,Metastasis,7,TCGA-D3-A3CB-06,Metastasis,0.998372495174408,True
120,TCGA-D3-A3MV-06,Metastasis,8,TCGA-GF-A6C9-06,Metastasis,0.9982053637504578,True
120,TCGA-D3-A3MV-06,Metastasis,9,TCGA-W3-A828-06,Metastasis,0.9981997609138489,True
121,TCGA-XV-AB01-06,Metastasis,0,TCGA-EE-A29B-06,Metastasis,0.9999699592590332,True
121,TCGA-XV-AB01-06,Metastasis,1,TCGA-EB-A553-01,Primary Tumor,0.9999454617500305,False
121,TCGA-XV-AB01-06,Metastasis,2,TCGA-DA-A95Z-06,Metastasis,0.9998622536659241,True
121,TCGA-XV-AB01-06,Metastasis,3,TCGA-FS-A1ZU-06,Metastasis,0.999852180480957,True
121,TCGA-XV-AB01-06,Metastasis,4,TCGA-D3-A8GI-06,Metastasis,0.9998481869697571,True
121,TCGA-XV-AB01-06,Metastasis,5,TCGA-BF-A5ER-01,Primary Tumor,0.9998122453689575,False
121,TCGA-XV-AB01-06,Metastasis,6,TCGA-GN-A8LK-06,Metastasis,0.9997065663337708,True
121,TCGA-XV-AB01-06,Metastasis,7,TCGA-ER-A194-01,Primary Tumor,0.9995805025100708,False
121,TCGA-XV-AB01-06,Metastasis,8,TCGA-BF-A3DL-01,Primary Tumor,0.9994804263114929,False
121,TCGA-XV-AB01-06,Metastasis,9,TCGA-FS-A1ZY-06,Metastasis,0.9994240999221802,True
122,TCGA-EE-A2A2-06,Metastasis,0,TCGA-EE-A2GL-06,Metastasis,0.999849796295166,True
122,TCGA-EE-A2A2-06,Metastasis,1,TCGA-D3-A3CF-06,Metastasis,0.9996495246887207,True
122,TCGA-EE-A2A2-06,Metastasis,2,TCGA-GN-A9SD-06,Metastasis,0.999517023563385,True
122,TCGA-EE-A2A2-06,Metastasis,3,TCGA-D9-A1JX-06,Metastasis,0.9993943572044373,True
122,TCGA-EE-A2A2-06,Metastasis,4,TCGA-EE-A2A6-06,Metastasis,0.999016284942627,True
122,TCGA-EE-A2A2-06,Metastasis,5,TCGA-GN-A4U8-06,Metastasis,0.9986096620559692,True
122,TCGA-EE-A2A2-06,Metastasis,6,TCGA-D3-A8GB-06,Metastasis,0.997967004776001,True
122,TCGA-EE-A2A2-06,Metastasis,7,TCGA-WE-A8K1-06,Metastasis,0.9977713227272034,True
122,TCGA-EE-A2A2-06,Metastasis,8,TCGA-FS-A1ZT-06,Metastasis,0.9977282881736755,True
122,TCGA-EE-A2A2-06,Metastasis,9,TCGA-FR-A44A-06,Metastasis,0.9974192380905151,True
123,TCGA-ER-A3ET-06,Metastasis,0,TCGA-D3-A2J7-06,Metastasis,0.9999169707298279,True
123,TCGA-ER-A3ET-06,Metastasis,1,TCGA-BF-A3DN-01,Primary Tumor,0.9998153448104858,False
123,TCGA-ER-A3ET-06,Metastasis,2,TCGA-EE-A2M6-06,Metastasis,0.9998094439506531,True
123,TCGA-ER-A3ET-06,Metastasis,3,TCGA-D9-A3Z1-06,Metastasis,0.9997835159301758,True
123,TCGA-ER-A3ET-06,Metastasis,4,TCGA-EE-A29T-06,Metastasis,0.999758243560791,True
123,TCGA-ER-A3ET-06,Metastasis,5,TCGA-RP-A693-06,Metastasis,0.999386727809906,True
123,TCGA-ER-A3ET-06,Metastasis,6,TCGA-EE-A2MU-06,Metastasis,0.9993171691894531,True
123,TCGA-ER-A3ET-06,Metastasis,7,TCGA-FS-A1ZF-06,Metastasis,0.9992605447769165,True
123,TCGA-ER-A3ET-06,Metastasis,8,TCGA-ER-A2NC-06,Metastasis,0.9992220401763916,True
123,TCGA-ER-A3ET-06,Metastasis,9,TCGA-FR-A3R1-01,Primary Tumor,0.9992114901542664,False
124,TCGA-D3-A8GC-06,Metastasis,0,TCGA-GN-A265-06,Metastasis,0.9998601078987122,True
124,TCGA-D3-A8GC-06,Metastasis,1,TCGA-EE-A20B-06,Metastasis,0.9997774362564087,True
124,TCGA-D3-A8GC-06,Metastasis,2,TCGA-EE-A2MP-06,Metastasis,0.9997331500053406,True
124,TCGA-D3-A8GC-06,Metastasis,3,TCGA-D3-A51T-06,Metastasis,0.9993821978569031,True
124,TCGA-D3-A8GC-06,Metastasis,4,TCGA-DA-A95X-06,Metastasis,0.9992077946662903,True
124,TCGA-D3-A8GC-06,Metastasis,5,TCGA-HR-A2OH-06,Metastasis,0.9991242289543152,True
124,TCGA-D3-A8GC-06,Metastasis,6,TCGA-EE-A3JB-06,Metastasis,0.9990253448486328,True
124,TCGA-D3-A8GC-06,Metastasis,7,TCGA-ER-A19D-06,Metastasis,0.9989488124847412,True
124,TCGA-D3-A8GC-06,Metastasis,8,TCGA-EB-A24D-01,Primary Tumor,0.9988172054290771,False
124,TCGA-D3-A8GC-06,Metastasis,9,TCGA-FS-A4F8-06,Metastasis,0.9983523488044739,True
125,TCGA-FS-A4F5-06,Metastasis,0,TCGA-D3-A3MV-06,Metastasis,0.9997629523277283,True
125,TCGA-FS-A4F5-06,Metastasis,1,TCGA-FS-A1Z3-06,Metastasis,0.9996470212936401,True
125,TCGA-FS-A4F5-06,Metastasis,2,TCGA-FS-A1ZZ-06,Metastasis,0.9995538592338562,True
125,TCGA-FS-A4F5-06,Metastasis,3,TCGA-BF-AAP6-01,Primary Tumor,0.9993513822555542,False
125,TCGA-FS-A4F5-06,Metastasis,4,TCGA-GN-A26C-01,Primary Tumor,0.9992681741714478,False
125,TCGA-FS-A4F5-06,Metastasis,5,TCGA-GF-A6C9-06,Metastasis,0.9991973638534546,True
125,TCGA-FS-A4F5-06,Metastasis,6,TCGA-D3-A3CB-06,Metastasis,0.9990910291671753,True
125,TCGA-FS-A4F5-06,Metastasis,7,TCGA-ER-A197-06,Metastasis,0.9985568523406982,True
125,TCGA-FS-A4F5-06,Metastasis,8,TCGA-EE-A3AD-06,Metastasis,0.9985460638999939,True
125,TCGA-FS-A4F5-06,Metastasis,9,TCGA-W3-AA1W-06,Metastasis,0.9985353350639343,True
126,TCGA-WE-AAA3-06,Metastasis,0,TCGA-EE-A29X-06,Metastasis,0.9998818039894104,True
126,TCGA-WE-AAA3-06,Metastasis,1,TCGA-FW-A3R5-06,Metastasis,0.999849796295166,True
126,TCGA-WE-AAA3-06,Metastasis,2,TCGA-EB-A430-01,Primary Tumor,0.9997979402542114,False
126,TCGA-WE-AAA3-06,Metastasis,3,TCGA-EE-A2GM-06,Metastasis,0.9996815919876099,True
126,TCGA-WE-AAA3-06,Metastasis,4,TCGA-EE-A2MN-06,Metastasis,0.999606728553772,True
126,TCGA-WE-AAA3-06,Metastasis,5,TCGA-ER-A198-06,Metastasis,0.9995331168174744,True
126,TCGA-WE-AAA3-06,Metastasis,6,TCGA-EB-A41B-01,Primary Tumor,0.999468207359314,False
126,TCGA-WE-AAA3-06,Metastasis,7,TCGA-FR-A8YD-06,Metastasis,0.9994346499443054,True
126,TCGA-WE-AAA3-06,Metastasis,8,TCGA-D3-A1QA-06,Metastasis,0.9993703961372375,True
126,TCGA-WE-AAA3-06,Metastasis,9,TCGA-W3-AA1Q-06,Metastasis,0.9990910887718201,True
127,TCGA-D9-A149-06,Metastasis,0,TCGA-EE-A3J5-06,Metastasis,0.9998819231987,True
127,TCGA-D9-A149-06,Metastasis,1,TCGA-FR-A728-01,Primary Tumor,0.9998361468315125,False
127,TCGA-D9-A149-06,Metastasis,2,TCGA-FR-A3YN-06,Metastasis,0.9998103976249695,True
127,TCGA-D9-A149-06,Metastasis,3,TCGA-FS-A1YW-06,Metastasis,0.9996615052223206,True
127,TCGA-D9-A149-06,Metastasis,4,TCGA-D9-A148-06,Metastasis,0.9994034171104431,True
127,TCGA-D9-A149-06,Metastasis,5,TCGA-D3-A2JP-06,Metastasis,0.9989299178123474,True
127,TCGA-D9-A149-06,Metastasis,6,TCGA-Z2-AA3S-06,Metastasis,0.9987174868583679,True
127,TCGA-D9-A149-06,Metastasis,7,TCGA-ER-A193-06,Metastasis,0.9981409907341003,True
127,TCGA-D9-A149-06,Metastasis,8,TCGA-YG-AA3O-06,Metastasis,0.9977436065673828,True
127,TCGA-D9-A149-06,Metastasis,9,TCGA-FS-A1Z7-06,Metastasis,0.9977018237113953,True
128,TCGA-HR-A5NC-01,Primary Tumor,0,TCGA-EB-A4OZ-01,Primary Tumor,0.9979144334793091,True
128,TCGA-HR-A5NC-01,Primary Tumor,1,TCGA-ER-A196-01,Primary Tumor,0.9971911311149597,True
128,TCGA-HR-A5NC-01,Primary Tumor,2,TCGA-FS-A1ZC-06,Metastasis,0.9918989539146423,False
128,TCGA-HR-A5NC-01,Primary Tumor,3,TCGA-ER-A2NB-01,Primary Tumor,0.9911008477210999,True
128,TCGA-HR-A5NC-01,Primary Tumor,4,TCGA-EB-A5SF-01,Primary Tumor,0.9893068075180054,True
128,TCGA-HR-A5NC-01,Primary Tumor,5,TCGA-BF-A9VF-01,Primary Tumor,0.988817036151886,True
128,TCGA-HR-A5NC-01,Primary Tumor,6,TCGA-EB-A3HV-01,Primary Tumor,0.9874858260154724,True
128,TCGA-HR-A5NC-01,Primary Tumor,7,TCGA-GF-A3OT-06,Metastasis,0.9864936470985413,False
128,TCGA-HR-A5NC-01,Primary Tumor,8,TCGA-EE-A3J8-06,Metastasis,0.9860361218452454,False
128,TCGA-HR-A5NC-01,Primary Tumor,9,TCGA-EB-A4IQ-01,Primary Tumor,0.9848136305809021,True
129,TCGA-GN-A4U8-06,Metastasis,0,TCGA-EB-A5UL-06,Metastasis,0.9997759461402893,True
129,TCGA-GN-A4U8-06,Metastasis,1,TCGA-GN-A9SD-06,Metastasis,0.9992519021034241,True
129,TCGA-GN-A4U8-06,Metastasis,2,TCGA-BF-AAP0-06,Metastasis,0.9992185831069946,True
129,TCGA-GN-A4U8-06,Metastasis,3,TCGA-EE-A3J3-06,Metastasis,0.998794674873352,True
129,TCGA-GN-A4U8-06,Metastasis,4,TCGA-EE-A2A2-06,Metastasis,0.9986096620559692,True
129,TCGA-GN-A4U8-06,Metastasis,5,TCGA-EE-A2GL-06,Metastasis,0.9984361529350281,True
129,TCGA-GN-A4U8-06,Metastasis,6,TCGA-D3-A3CF-06,Metastasis,0.9979480504989624,True
129,TCGA-GN-A4U8-06,Metastasis,7,TCGA-D9-A1JX-06,Metastasis,0.9976300597190857,True
129,TCGA-GN-A4U8-06,Metastasis,8,TCGA-EE-A2A6-06,Metastasis,0.9970154762268066,True
129,TCGA-GN-A4U8-06,Metastasis,9,TCGA-EE-A20F-06,Metastasis,0.9969613552093506,True
130,TCGA-XV-A9W5-01,Primary Tumor,0,TCGA-W3-AA1V-06,Metastasis,0.9996144771575928,False
130,TCGA-XV-A9W5-01,Primary Tumor,1,TCGA-FS-A1ZB-06,Metastasis,0.9991874694824219,False
130,TCGA-XV-A9W5-01,Primary Tumor,2,TCGA-WE-A8ZM-06,Metastasis,0.9986902475357056,False
130,TCGA-XV-A9W5-01,Primary Tumor,3,TCGA-EB-A5SE-01,Primary Tumor,0.9983860850334167,True
130,TCGA-XV-A9W5-01,Primary Tumor,4,TCGA-GF-A2C7-01,Primary Tumor,0.998352587223053,True
130,TCGA-XV-A9W5-01,Primary Tumor,5,TCGA-EB-A1NK-01,Primary Tumor,0.9980149269104004,True
130,TCGA-XV-A9W5-01,Primary Tumor,6,TCGA-GN-A26A-06,Metastasis,0.997883677482605,False
130,TCGA-XV-A9W5-01,Primary Tumor,7,TCGA-DA-A1I8-06,Metastasis,0.9975786805152893,False
130,TCGA-XV-A9W5-01,Primary Tumor,8,TCGA-FR-A7U9-06,Metastasis,0.9969466328620911,False
130,TCGA-XV-A9W5-01,Primary Tumor,9,TCGA-YG-AA3N-01,Primary Tumor,0.9960413575172424,True
131,TCGA-D9-A4Z3-01,Primary Tumor,0,TCGA-FS-A1ZG-06,Metastasis,0.9999274611473083,False
131,TCGA-D9-A4Z3-01,Primary Tumor,1,TCGA-ER-A19O-06,Metastasis,0.999782383441925,False
131,TCGA-D9-A4Z3-01,Primary Tumor,2,TCGA-D3-A8GK-06,Metastasis,0.9997098445892334,False
131,TCGA-D9-A4Z3-01,Primary Tumor,3,TCGA-YG-AA3P-06,Metastasis,0.9997012615203857,False
131,TCGA-D9-A4Z3-01,Primary Tumor,4,TCGA-BF-A5ES-01,Primary Tumor,0.999700129032135,True
131,TCGA-D9-A4Z3-01,Primary Tumor,5,TCGA-EB-A5KH-06,Metastasis,0.9996793866157532,False
131,TCGA-D9-A4Z3-01,Primary Tumor,6,TCGA-FR-A3YO-06,Metastasis,0.9996343851089478,False
131,TCGA-D9-A4Z3-01,Primary Tumor,7,TCGA-FS-A4F4-06,Metastasis,0.9996195435523987,False
131,TCGA-D9-A4Z3-01,Primary Tumor,8,TCGA-DA-A1IA-06,Metastasis,0.9996134042739868,False
131,TCGA-D9-A4Z3-01,Primary Tumor,9,TCGA-EB-A5SH-06,Metastasis,0.9995478391647339,False
132,TCGA-WE-A8K4-01,Primary Tumor,0,TCGA-EB-A44Q-06,Metastasis,0.9999315142631531,False
132,TCGA-WE-A8K4-01,Primary Tumor,1,TCGA-D3-A2JO-06,Metastasis,0.9998797178268433,False
132,TCGA-WE-A8K4-01,Primary Tumor,2,TCGA-EE-A2MD-06,Metastasis,0.9996903538703918,False
132,TCGA-WE-A8K4-01,Primary Tumor,3,TCGA-D9-A3Z3-06,Metastasis,0.9995163083076477,False
132,TCGA-WE-A8K4-01,Primary Tumor,4,TCGA-D3-A1Q8-06,Metastasis,0.9993916153907776,False
132,TCGA-WE-A8K4-01,Primary Tumor,5,TCGA-D3-A51N-06,Metastasis,0.999357283115387,False
132,TCGA-WE-A8K4-01,Primary Tumor,6,TCGA-GN-A8LN-01,Primary Tumor,0.9993224740028381,True
132,TCGA-WE-A8K4-01,Primary Tumor,7,TCGA-D3-A1Q9-06,Metastasis,0.9992574453353882,False
132,TCGA-WE-A8K4-01,Primary Tumor,8,TCGA-ER-A19G-06,Metastasis,0.9991813898086548,False
132,TCGA-WE-A8K4-01,Primary Tumor,9,TCGA-EE-A2GH-06,Metastasis,0.999170184135437,False
133,TCGA-EE-A2GJ-06,Metastasis,0,TCGA-QB-AA9O-06,Metastasis,0.9997088313102722,True
133,TCGA-EE-A2GJ-06,Metastasis,1,TCGA-FS-A1YX-06,Metastasis,0.9995945692062378,True
133,TCGA-EE-A2GJ-06,Metastasis,2,TCGA-D9-A6E9-06,Metastasis,0.9995714426040649,True
133,TCGA-EE-A2GJ-06,Metastasis,3,TCGA-D3-A3C7-06,Metastasis,0.9995653033256531,True
133,TCGA-EE-A2GJ-06,Metastasis,4,TCGA-EB-A42Y-01,Primary Tumor,0.9995546340942383,False
133,TCGA-EE-A2GJ-06,Metastasis,5,TCGA-D3-A2JL-06,Metastasis,0.999532163143158,True
133,TCGA-EE-A2GJ-06,Metastasis,6,TCGA-ER-A19C-06,Metastasis,0.9994045495986938,True
133,TCGA-EE-A2GJ-06,Metastasis,7,TCGA-EE-A29R-06,Metastasis,0.9993987679481506,True
133,TCGA-EE-A2GJ-06,Metastasis,8,TCGA-FS-A4FD-06,Metastasis,0.9993404746055603,True
133,TCGA-EE-A2GJ-06,Metastasis,9,TCGA-D3-A2JD-06,Metastasis,0.9993041157722473,True
134,TCGA-EE-A29X-06,Metastasis,0,TCGA-WE-AAA3-06,Metastasis,0.9998818039894104,True
134,TCGA-EE-A29X-06,Metastasis,1,TCGA-EE-A2MN-06,Metastasis,0.9998636841773987,True
134,TCGA-EE-A29X-06,Metastasis,2,TCGA-EE-A2GM-06,Metastasis,0.9998547434806824,True
134,TCGA-EE-A29X-06,Metastasis,3,TCGA-ER-A198-06,Metastasis,0.9997448325157166,True
134,TCGA-EE-A29X-06,Metastasis,4,TCGA-FW-A3R5-06,Metastasis,0.999710738658905,True
134,TCGA-EE-A29X-06,Metastasis,5,TCGA-EB-A41B-01,Primary Tumor,0.9996317625045776,False
134,TCGA-EE-A29X-06,Metastasis,6,TCGA-FR-A8YD-06,Metastasis,0.9995976090431213,True
134,TCGA-EE-A29X-06,Metastasis,7,TCGA-D3-A1QA-06,Metastasis,0.9995034337043762,True
134,TCGA-EE-A29X-06,Metastasis,8,TCGA-EB-A430-01,Primary Tumor,0.9994425177574158,False
134,TCGA-EE-A29X-06,Metastasis,9,TCGA-BF-A1PV-01,Primary Tumor,0.9993870854377747,False
135,TCGA-EB-A4IS-01,Primary Tumor,0,TCGA-D3-A2JB-06,Metastasis,0.9993159174919128,False
135,TCGA-EB-A4IS-01,Primary Tumor,1,TCGA-WE-A8ZR-06,Metastasis,0.9979774951934814,False
135,TCGA-EB-A4IS-01,Primary Tumor,2,TCGA-BF-AAP2-01,Primary Tumor,0.9969812035560608,True
135,TCGA-EB-A4IS-01,Primary Tumor,3,TCGA-DA-A1HV-06,Metastasis,0.9955466389656067,False
135,TCGA-EB-A4IS-01,Primary Tumor,4,TCGA-EE-A2GE-06,Metastasis,0.9954491257667542,False
135,TCGA-EB-A4IS-01,Primary Tumor,5,TCGA-EE-A2MG-06,Metastasis,0.9950942397117615,False
135,TCGA-EB-A4IS-01,Primary Tumor,6,TCGA-FS-A1ZH-06,Metastasis,0.9949532151222229,False
135,TCGA-EB-A4IS-01,Primary Tumor,7,TCGA-EE-A2MH-06,Metastasis,0.9948123097419739,False
135,TCGA-EB-A4IS-01,Primary Tumor,8,TCGA-D3-A8GD-06,Metastasis,0.9935811758041382,False
135,TCGA-EB-A4IS-01,Primary Tumor,9,TCGA-W3-A825-06,Metastasis,0.9928072690963745,False
136,TCGA-ER-A2ND-06,Metastasis,0,TCGA-EE-A180-06,Metastasis,0.9999086260795593,True
136,TCGA-ER-A2ND-06,Metastasis,1,TCGA-EE-A17X-06,Metastasis,0.9999010562896729,True
136,TCGA-ER-A2ND-06,Metastasis,2,TCGA-D3-A5GO-06,Metastasis,0.9998642802238464,True
136,TCGA-ER-A2ND-06,Metastasis,3,TCGA-GN-A268-06,Metastasis,0.9998205900192261,True
136,TCGA-ER-A2ND-06,Metastasis,4,TCGA-FS-A1YY-06,Metastasis,0.9997975826263428,True
136,TCGA-ER-A2ND-06,Metastasis,5,TCGA-WE-A8ZN-06,Metastasis,0.9997721910476685,True
136,TCGA-ER-A2ND-06,Metastasis,6,TCGA-D3-A8GV-06,Metastasis,0.9997518658638,True
136,TCGA-ER-A2ND-06,Metastasis,7,TCGA-FS-A4F9-06,Metastasis,0.9996514916419983,True
136,TCGA-ER-A2ND-06,Metastasis,8,TCGA-QB-A6FS-06,Metastasis,0.9996485710144043,True
136,TCGA-ER-A2ND-06,Metastasis,9,TCGA-EE-A3AF-06,Metastasis,0.9996424317359924,True
137,TCGA-D3-A1Q9-06,Metastasis,0,TCGA-GN-A8LN-01,Primary Tumor,0.9998769164085388,False
137,TCGA-D3-A1Q9-06,Metastasis,1,TCGA-D3-A8GN-06,Metastasis,0.9998128414154053,True
137,TCGA-D3-A1Q9-06,Metastasis,2,TCGA-FS-A1ZQ-06,Metastasis,0.9997867941856384,True
137,TCGA-D3-A1Q9-06,Metastasis,3,TCGA-ER-A2NG-06,Metastasis,0.9996669888496399,True
137,TCGA-D3-A1Q9-06,Metastasis,4,TCGA-D3-A2JA-06,Metastasis,0.9996345043182373,True
137,TCGA-D3-A1Q9-06,Metastasis,5,TCGA-EE-A2MD-06,Metastasis,0.999592125415802,True
137,TCGA-D3-A1Q9-06,Metastasis,6,TCGA-D9-A3Z3-06,Metastasis,0.9994648694992065,True
137,TCGA-D3-A1Q9-06,Metastasis,7,TCGA-ER-A19B-06,Metastasis,0.9994155764579773,True
137,TCGA-D3-A1Q9-06,Metastasis,8,TCGA-D3-A1Q8-06,Metastasis,0.9993971586227417,True
137,TCGA-D3-A1Q9-06,Metastasis,9,TCGA-D3-A5GN-06,Metastasis,0.9992956519126892,True
138,TCGA-FS-A4FD-06,Metastasis,0,TCGA-BF-A1PV-01,Primary Tumor,0.9999514818191528,False
138,TCGA-FS-A4FD-06,Metastasis,1,TCGA-D3-A1QA-06,Metastasis,0.9999167919158936,True
138,TCGA-FS-A4FD-06,Metastasis,2,TCGA-EB-A41B-01,Primary Tumor,0.9999006986618042,False
138,TCGA-FS-A4FD-06,Metastasis,3,TCGA-EE-A2A5-06,Metastasis,0.9998550415039062,True
138,TCGA-FS-A4FD-06,Metastasis,4,TCGA-D3-A5GS-06,Metastasis,0.9997096061706543,True
138,TCGA-FS-A4FD-06,Metastasis,5,TCGA-D9-A1JW-06,Metastasis,0.9996697306632996,True
138,TCGA-FS-A4FD-06,Metastasis,6,TCGA-D3-A2JD-06,Metastasis,0.9996637105941772,True
138,TCGA-FS-A4FD-06,Metastasis,7,TCGA-ER-A198-06,Metastasis,0.9996286034584045,True
138,TCGA-FS-A4FD-06,Metastasis,8,TCGA-FR-A8YD-06,Metastasis,0.9996160864830017,True
138,TCGA-FS-A4FD-06,Metastasis,9,TCGA-EE-A2MN-06,Metastasis,0.9996000528335571,True
139,TCGA-D3-A3C6-06,Metastasis,0,TCGA-GN-A4U7-06,Metastasis,0.9999667406082153,True
139,TCGA-D3-A3C6-06,Metastasis,1,TCGA-EB-A4P0-01,Primary Tumor,0.9998983144760132,False
139,TCGA-D3-A3C6-06,Metastasis,2,TCGA-ER-A42H-01,Primary Tumor,0.999880850315094,False
139,TCGA-D3-A3C6-06,Metastasis,3,TCGA-EE-A2GT-06,Metastasis,0.9998776316642761,True
139,TCGA-D3-A3C6-06,Metastasis,4,TCGA-EE-A17Z-06,Metastasis,0.999851644039154,True
139,TCGA-D3-A3C6-06,Metastasis,5,TCGA-3N-A9WB-06,Metastasis,0.9997503161430359,True
139,TCGA-D3-A3C6-06,Metastasis,6,TCGA-EE-A2GO-06,Metastasis,0.9996986985206604,True
139,TCGA-D3-A3C6-06,Metastasis,7,TCGA-Z2-AA3V-06,Metastasis,0.9996815323829651,True
139,TCGA-D3-A3C6-06,Metastasis,8,TCGA-FR-A69P-06,Metastasis,0.9996321797370911,True
139,TCGA-D3-A3C6-06,Metastasis,9,TCGA-EE-A29L-06,Metastasis,0.9995678067207336,True
140,TCGA-EB-A5SG-06,Metastasis,0,TCGA-D3-A3C7-06,Metastasis,0.9998502731323242,True
140,TCGA-EB-A5SG-06,Metastasis,1,TCGA-W3-AA1O-06,Metastasis,0.9998412728309631,True
140,TCGA-EB-A5SG-06,Metastasis,2,TCGA-ER-A19C-06,Metastasis,0.9997495412826538,True
140,TCGA-EB-A5SG-06,Metastasis,3,TCGA-D9-A1X3-06,Metastasis,0.9997425079345703,True
140,TCGA-EB-A5SG-06,Metastasis,4,TCGA-FR-A2OS-01,Primary Tumor,0.9996135234832764,False
140,TCGA-EB-A5SG-06,Metastasis,5,TCGA-EE-A17Y-06,Metastasis,0.9995462894439697,True
140,TCGA-EB-A5SG-06,Metastasis,6,TCGA-FS-A1YX-06,Metastasis,0.9994527101516724,True
140,TCGA-EB-A5SG-06,Metastasis,7,TCGA-DA-A95V-06,Metastasis,0.9993364810943604,True
140,TCGA-EB-A5SG-06,Metastasis,8,TCGA-EE-A2GJ-06,Metastasis,0.9993019104003906,True
140,TCGA-EB-A5SG-06,Metastasis,9,TCGA-ER-A42K-06,Metastasis,0.9992871880531311,True
141,TCGA-BF-A9VF-01,Primary Tumor,0,TCGA-GF-A3OT-06,Metastasis,0.9993168115615845,False
141,TCGA-BF-A9VF-01,Primary Tumor,1,TCGA-EB-A3XF-01,Primary Tumor,0.9989376664161682,True
141,TCGA-BF-A9VF-01,Primary Tumor,2,TCGA-ER-A3EV-06,Metastasis,0.9982884526252747,False
141,TCGA-BF-A9VF-01,Primary Tumor,3,TCGA-D3-A8GL-06,Metastasis,0.9982061982154846,False
141,TCGA-BF-A9VF-01,Primary Tumor,4,TCGA-BF-AAOX-01,Primary Tumor,0.9980535507202148,True
141,TCGA-BF-A9VF-01,Primary Tumor,5,TCGA-ER-A19T-01,Primary Tumor,0.9977223873138428,True
141,TCGA-BF-A9VF-01,Primary Tumor,6,TCGA-EE-A3JA-06,Metastasis,0.9975768327713013,False
141,TCGA-BF-A9VF-01,Primary Tumor,7,TCGA-FS-A1ZC-06,Metastasis,0.9974753260612488,False
141,TCGA-BF-A9VF-01,Primary Tumor,8,TCGA-FS-A1ZS-06,Metastasis,0.9967066645622253,False
141,TCGA-BF-A9VF-01,Primary Tumor,9,TCGA-EE-A182-06,Metastasis,0.9964650273323059,False
142,TCGA-EE-A3J5-06,Metastasis,0,TCGA-FR-A3YN-06,Metastasis,0.9999881386756897,True
142,TCGA-EE-A3J5-06,Metastasis,1,TCGA-D9-A149-06,Metastasis,0.9998819231987,True
142,TCGA-EE-A3J5-06,Metastasis,2,TCGA-FS-A1YW-06,Metastasis,0.9998636245727539,True
142,TCGA-EE-A3J5-06,Metastasis,3,TCGA-FR-A728-01,Primary Tumor,0.9997462034225464,False
142,TCGA-EE-A3J5-06,Metastasis,4,TCGA-D9-A148-06,Metastasis,0.9996764063835144,True
142,TCGA-EE-A3J5-06,Metastasis,5,TCGA-D3-A2JP-06,Metastasis,0.999427855014801,True
142,TCGA-EE-A3J5-06,Metastasis,6,TCGA-Z2-AA3S-06,Metastasis,0.9993254542350769,True
142,TCGA-EE-A3J5-06,Metastasis,7,TCGA-FS-A1Z7-06,Metastasis,0.9986198544502258,True
142,TCGA-EE-A3J5-06,Metastasis,8,TCGA-D3-A1Q3-06,Metastasis,0.998226523399353,True
142,TCGA-EE-A3J5-06,Metastasis,9,TCGA-ER-A193-06,Metastasis,0.9981933832168579,True
143,TCGA-GN-A4U9-06,Metastasis,0,TCGA-EB-A5VV-06,Metastasis,0.9991269111633301,True
143,TCGA-GN-A4U9-06,Metastasis,1,TCGA-EE-A20H-06,Metastasis,0.997382640838623,True
143,TCGA-GN-A4U9-06,Metastasis,2,TCGA-EE-A3AB-06,Metastasis,0.9954862594604492,True
143,TCGA-GN-A4U9-06,Metastasis,3,TCGA-D3-A8GQ-06,Metastasis,0.9945221543312073,True
143,TCGA-GN-A4U9-06,Metastasis,4,TCGA-ER-A19E-06,Metastasis,0.9938634634017944,True
143,TCGA-GN-A4U9-06,Metastasis,5,TCGA-D3-A3C8-06,Metastasis,0.9931098222732544,True
143,TCGA-GN-A4U9-06,Metastasis,6,TCGA-BF-AAP7-01,Primary Tumor,0.9922620058059692,False
143,TCGA-GN-A4U9-06,Metastasis,7,TCGA-D3-A1Q6-06,Metastasis,0.9918674826622009,True
143,TCGA-GN-A4U9-06,Metastasis,8,TCGA-BF-A1PX-01,Primary Tumor,0.9916449785232544,False
143,TCGA-GN-A4U9-06,Metastasis,9,TCGA-DA-A1HY-06,Metastasis,0.9902282357215881,True
144,TCGA-D9-A3Z3-06,Metastasis,0,TCGA-ER-A19B-06,Metastasis,0.9997770190238953,True
144,TCGA-D9-A3Z3-06,Metastasis,1,TCGA-D3-A2JA-06,Metastasis,0.9996357560157776,True
144,TCGA-D9-A3Z3-06,Metastasis,2,TCGA-GN-A8LN-01,Primary Tumor,0.9995840191841125,False
144,TCGA-D9-A3Z3-06,Metastasis,3,TCGA-WE-A8K4-01,Primary Tumor,0.9995163083076477,False
144,TCGA-D9-A3Z3-06,Metastasis,4,TCGA-D3-A2JO-06,Metastasis,0.9995077848434448,True
144,TCGA-D9-A3Z3-06,Metastasis,5,TCGA-D3-A1Q9-06,Metastasis,0.9994648694992065,True
144,TCGA-D9-A3Z3-06,Metastasis,6,TCGA-EB-A44Q-06,Metastasis,0.99943608045578,True
144,TCGA-D9-A3Z3-06,Metastasis,7,TCGA-EE-A2M7-06,Metastasis,0.9992865324020386,True
144,TCGA-D9-A3Z3-06,Metastasis,8,TCGA-EE-A2A0-06,Metastasis,0.9992411136627197,True
144,TCGA-D9-A3Z3-06,Metastasis,9,TCGA-GF-A4EO-06,Metastasis,0.9992126822471619,True
145,TCGA-DA-A1HV-06,Metastasis,0,TCGA-EE-A2MG-06,Metastasis,0.9996525645256042,True
145,TCGA-DA-A1HV-06,Metastasis,1,TCGA-FS-A1ZR-06,Metastasis,0.9981213808059692,True
145,TCGA-DA-A1HV-06,Metastasis,2,TCGA-FS-A1Z4-06,Metastasis,0.9977066516876221,True
145,TCGA-DA-A1HV-06,Metastasis,3,TCGA-EE-A2GE-06,Metastasis,0.9974175691604614,True
145,TCGA-DA-A1HV-06,Metastasis,4,TCGA-FS-A1ZA-06,Metastasis,0.9971737861633301,True
145,TCGA-DA-A1HV-06,Metastasis,5,TCGA-EB-A4IS-01,Primary Tumor,0.9955466389656067,False
145,TCGA-DA-A1HV-06,Metastasis,6,TCGA-FS-A1ZM-06,Metastasis,0.9953339099884033,True
145,TCGA-DA-A1HV-06,Metastasis,7,TCGA-D3-A3CE-06,Metastasis,0.9942759275436401,True
145,TCGA-DA-A1HV-06,Metastasis,8,TCGA-BF-AAP2-01,Primary Tumor,0.9935706853866577,False
145,TCGA-DA-A1HV-06,Metastasis,9,TCGA-WE-A8ZR-06,Metastasis,0.9933317303657532,True
146,TCGA-EE-A3AA-06,Metastasis,0,TCGA-FR-A8YC-06,Metastasis,0.9998621344566345,True
146,TCGA-EE-A3AA-06,Metastasis,1,TCGA-ER-A19N-06,Metastasis,0.999856173992157,True
146,TCGA-EE-A3AA-06,Metastasis,2,TCGA-ER-A19G-06,Metastasis,0.9995673894882202,True
146,TCGA-EE-A3AA-06,Metastasis,3,TCGA-ER-A19J-06,Metastasis,0.9995510578155518,True
146,TCGA-EE-A3AA-06,Metastasis,4,TCGA-D3-A1QA-07,Metastasis,0.9994779229164124,True
146,TCGA-EE-A3AA-06,Metastasis,5,TCGA-D3-A2J8-06,Metastasis,0.9994767904281616,True
146,TCGA-EE-A3AA-06,Metastasis,6,TCGA-EE-A2GH-06,Metastasis,0.9993430376052856,True
146,TCGA-EE-A3AA-06,Metastasis,7,TCGA-EB-A6L9-06,Metastasis,0.999272346496582,True
146,TCGA-EE-A3AA-06,Metastasis,8,TCGA-EB-A3XB-01,Primary Tumor,0.9992300868034363,False
146,TCGA-EE-A3AA-06,Metastasis,9,TCGA-EB-A82B-01,Primary Tumor,0.9991862773895264,False
147,TCGA-EB-A3XD-01,Primary Tumor,0,TCGA-EB-A550-01,Primary Tumor,0.9912387728691101,True
147,TCGA-EB-A3XD-01,Primary Tumor,1,TCGA-D3-A1Q5-06,Metastasis,0.9752378463745117,False
147,TCGA-EB-A3XD-01,Primary Tumor,2,TCGA-EB-A6QY-01,Primary Tumor,0.9660075306892395,True
147,TCGA-EB-A3XD-01,Primary Tumor,3,TCGA-XV-A9W2-01,Primary Tumor,0.9642342925071716,True
147,TCGA-EB-A3XD-01,Primary Tumor,4,TCGA-EB-A5VU-01,Primary Tumor,0.949981689453125,True
147,TCGA-EB-A3XD-01,Primary Tumor,5,TCGA-GN-A4U5-01,Primary Tumor,0.9448504447937012,True
147,TCGA-EB-A3XD-01,Primary Tumor,6,TCGA-XV-AAZW-01,Primary Tumor,0.9329743385314941,True
147,TCGA-EB-A3XD-01,Primary Tumor,7,010_N,Benign Nevus,0.9322028160095215,False
147,TCGA-EB-A3XD-01,Primary Tumor,8,TCGA-FS-A1ZN-01,Primary Tumor,0.9291394352912903,True
147,TCGA-EB-A3XD-01,Primary Tumor,9,TCGA-EB-A57M-01,Primary Tumor,0.9113069772720337,True
148,TCGA-FW-A5DY-06,Metastasis,0,TCGA-D3-A3MR-06,Metastasis,0.9999437928199768,True
148,TCGA-FW-A5DY-06,Metastasis,1,TCGA-EE-A2GP-06,Metastasis,0.9994592070579529,True
148,TCGA-FW-A5DY-06,Metastasis,2,TCGA-D3-A51J-06,Metastasis,0.9992067813873291,True
148,TCGA-FW-A5DY-06,Metastasis,3,TCGA-FS-A1ZT-06,Metastasis,0.9991794228553772,True
148,TCGA-FW-A5DY-06,Metastasis,4,TCGA-ER-A19D-06,Metastasis,0.9991011023521423,True
148,TCGA-FW-A5DY-06,Metastasis,5,TCGA-D3-A2JC-06,Metastasis,0.9990749955177307,True
148,TCGA-FW-A5DY-06,Metastasis,6,TCGA-GN-A266-06,Metastasis,0.9988083243370056,True
148,TCGA-FW-A5DY-06,Metastasis,7,TCGA-EE-A2MS-06,Metastasis,0.9987759590148926,True
148,TCGA-FW-A5DY-06,Metastasis,8,TCGA-D3-A1Q7-06,Metastasis,0.9984723925590515,True
148,TCGA-FW-A5DY-06,Metastasis,9,TCGA-DA-A1HW-06,Metastasis,0.9983577728271484,True
149,TCGA-EE-A29H-06,Metastasis,0,TCGA-D3-A51F-06,Metastasis,0.9998775124549866,True
149,TCGA-EE-A29H-06,Metastasis,1,TCGA-ER-A19S-06,Metastasis,0.9997830986976624,True
149,TCGA-EE-A29H-06,Metastasis,2,TCGA-WE-A8ZY-06,Metastasis,0.9997011423110962,True
149,TCGA-EE-A29H-06,Metastasis,3,TCGA-OD-A75X-06,Metastasis,0.9996954798698425,True
149,TCGA-EE-A29H-06,Metastasis,4,TCGA-EE-A3JB-06,Metastasis,0.9996073246002197,True
149,TCGA-EE-A29H-06,Metastasis,5,TCGA-EE-A181-06,Metastasis,0.9994973540306091,True
149,TCGA-EE-A29H-06,Metastasis,6,TCGA-FS-A4F8-06,Metastasis,0.999435544013977,True
149,TCGA-EE-A29H-06,Metastasis,7,TCGA-DA-A95X-06,Metastasis,0.9994320273399353,True
149,TCGA-EE-A29H-06,Metastasis,8,TCGA-HR-A2OH-06,Metastasis,0.9993763566017151,True
149,TCGA-EE-A29H-06,Metastasis,9,TCGA-ER-A19W-06,Metastasis,0.9991939663887024,True
150,TCGA-ER-A2NE-06,Metastasis,0,TCGA-FW-A3TU-06,Metastasis,0.9999158978462219,True
150,TCGA-ER-A2NE-06,Metastasis,1,TCGA-D9-A6EA-06,Metastasis,0.9998569488525391,True
150,TCGA-ER-A2NE-06,Metastasis,2,TCGA-EE-A29C-06,Metastasis,0.999784529209137,True
150,TCGA-ER-A2NE-06,Metastasis,3,TCGA-DA-A1I4-06,Metastasis,0.9997819066047668,True
150,TCGA-ER-A2NE-06,Metastasis,4,TCGA-GN-A4U3-06,Metastasis,0.9997548460960388,True
150,TCGA-ER-A2NE-06,Metastasis,5,TCGA-YD-A89C-06,Metastasis,0.9996875524520874,True
150,TCGA-ER-A2NE-06,Metastasis,6,TCGA-GF-A769-01,Primary Tumor,0.9996142387390137,False
150,TCGA-ER-A2NE-06,Metastasis,7,TCGA-D3-A2JE-06,Metastasis,0.9995745420455933,True
150,TCGA-ER-A2NE-06,Metastasis,8,TCGA-GN-A264-06,Metastasis,0.9995285868644714,True
150,TCGA-ER-A2NE-06,Metastasis,9,TCGA-WE-AAA4-06,Metastasis,0.9995183348655701,True
151,TCGA-BF-A5EQ-01,Primary Tumor,0,TCGA-EE-A183-06,Metastasis,0.9999769926071167,False
151,TCGA-BF-A5EQ-01,Primary Tumor,1,TCGA-D3-A3MU-06,Metastasis,0.9998347163200378,False
151,TCGA-BF-A5EQ-01,Primary Tumor,2,TCGA-GF-A6C8-06,Metastasis,0.99978107213974,False
151,TCGA-BF-A5EQ-01,Primary Tumor,3,TCGA-EE-A184-06,Metastasis,0.9993273019790649,False
151,TCGA-BF-A5EQ-01,Primary Tumor,4,TCGA-RP-A6K9-06,Metastasis,0.9991849660873413,False
151,TCGA-BF-A5EQ-01,Primary Tumor,5,TCGA-YD-A9TB-06,Metastasis,0.9990035891532898,False
151,TCGA-BF-A5EQ-01,Primary Tumor,6,TCGA-ER-A19Q-06,Metastasis,0.9989173412322998,False
151,TCGA-BF-A5EQ-01,Primary Tumor,7,TCGA-DA-A95W-06,Metastasis,0.9988877177238464,False
151,TCGA-BF-A5EQ-01,Primary Tumor,8,TCGA-WE-A8K5-06,Metastasis,0.9986704587936401,False
151,TCGA-BF-A5EQ-01,Primary Tumor,9,TCGA-EE-A2MM-06,Metastasis,0.9986680150032043,False
152,TCGA-EB-A41B-01,Primary Tumor,0,TCGA-D3-A1QA-06,Metastasis,0.9999837875366211,False
152,TCGA-EB-A41B-01,Primary Tumor,1,TCGA-BF-A1PV-01,Primary Tumor,0.9999120235443115,True
152,TCGA-EB-A41B-01,Primary Tumor,2,TCGA-FS-A4FD-06,Metastasis,0.9999006986618042,False
152,TCGA-EB-A41B-01,Primary Tumor,3,TCGA-ER-A198-06,Metastasis,0.9998216032981873,False
152,TCGA-EB-A41B-01,Primary Tumor,4,TCGA-EE-A2MN-06,Metastasis,0.9998183250427246,False
152,TCGA-EB-A41B-01,Primary Tumor,5,TCGA-EE-A2A5-06,Metastasis,0.9997897744178772,False
152,TCGA-EB-A41B-01,Primary Tumor,6,TCGA-FR-A8YD-06,Metastasis,0.9997893571853638,False
152,TCGA-EB-A41B-01,Primary Tumor,7,TCGA-EE-A2GM-06,Metastasis,0.9997362494468689,False
152,TCGA-EB-A41B-01,Primary Tumor,8,TCGA-D3-A5GS-06,Metastasis,0.9997135400772095,False
152,TCGA-EB-A41B-01,Primary Tumor,9,TCGA-FW-A3R5-06,Metastasis,0.999637246131897,False
153,TCGA-EB-A6L9-06,Metastasis,0,TCGA-EE-A2GD-06,Metastasis,0.9998531937599182,True
153,TCGA-EB-A6L9-06,Metastasis,1,TCGA-FS-A1ZJ-06,Metastasis,0.999572217464447,True
153,TCGA-EB-A6L9-06,Metastasis,2,TCGA-D3-A51E-06,Metastasis,0.9995346069335938,True
153,TCGA-EB-A6L9-06,Metastasis,3,TCGA-EE-A2ML-06,Metastasis,0.999480128288269,True
153,TCGA-EB-A6L9-06,Metastasis,4,TCGA-ER-A19J-06,Metastasis,0.999348521232605,True
153,TCGA-EB-A6L9-06,Metastasis,5,TCGA-EE-A3AA-06,Metastasis,0.999272346496582,True
153,TCGA-EB-A6L9-06,Metastasis,6,TCGA-EB-A5UM-01,Primary Tumor,0.9989808201789856,False
153,TCGA-EB-A6L9-06,Metastasis,7,TCGA-EB-A3XB-01,Primary Tumor,0.9989697933197021,False
153,TCGA-EB-A6L9-06,Metastasis,8,TCGA-EE-A29P-06,Metastasis,0.9988628029823303,True
153,TCGA-EB-A6L9-06,Metastasis,9,TCGA-EE-A2MQ-06,Metastasis,0.9988512396812439,True
154,TCGA-D3-A2JN-06,Metastasis,0,TCGA-EE-A3AH-06,Metastasis,0.9998241662979126,True
154,TCGA-D3-A2JN-06,Metastasis,1,TCGA-FS-A1ZW-06,Metastasis,0.9994328618049622,True
154,TCGA-D3-A2JN-06,Metastasis,2,TCGA-FS-A1Z3-06,Metastasis,0.9992243051528931,True
154,TCGA-D3-A2JN-06,Metastasis,3,TCGA-D3-A3C8-06,Metastasis,0.9988196492195129,True
154,TCGA-D3-A2JN-06,Metastasis,4,TCGA-D3-A8GE-06,Metastasis,0.9987828731536865,True
154,TCGA-D3-A2JN-06,Metastasis,5,TCGA-D3-A3CB-06,Metastasis,0.998763918876648,True
154,TCGA-D3-A2JN-06,Metastasis,6,TCGA-EE-A3AG-06,Metastasis,0.9987202286720276,True
154,TCGA-D3-A2JN-06,Metastasis,7,TCGA-D3-A8GQ-06,Metastasis,0.9986750483512878,True
154,TCGA-D3-A2JN-06,Metastasis,8,TCGA-BF-AAP6-01,Primary Tumor,0.9985739588737488,False
154,TCGA-D3-A2JN-06,Metastasis,9,TCGA-D3-A3MV-06,Metastasis,0.9980960488319397,True
155,TCGA-W3-A828-06,Metastasis,0,TCGA-FR-A7U9-06,Metastasis,0.9995465278625488,True
155,TCGA-W3-A828-06,Metastasis,1,TCGA-EB-A5SE-01,Primary Tumor,0.9990487098693848,False
155,TCGA-W3-A828-06,Metastasis,2,TCGA-EE-A3AG-06,Metastasis,0.9988034963607788,True
155,TCGA-W3-A828-06,Metastasis,3,TCGA-FS-A1ZK-06,Metastasis,0.9987489581108093,True
155,TCGA-W3-A828-06,Metastasis,4,TCGA-BF-AAP6-01,Primary Tumor,0.998635470867157,False
155,TCGA-W3-A828-06,Metastasis,5,TCGA-EE-A3AD-06,Metastasis,0.9985984563827515,True
155,TCGA-W3-A828-06,Metastasis,6,TCGA-EB-A44O-01,Primary Tumor,0.9984242916107178,False
155,TCGA-W3-A828-06,Metastasis,7,TCGA-EE-A3JE-06,Metastasis,0.9984090924263,True
155,TCGA-W3-A828-06,Metastasis,8,TCGA-FW-A5DX-01,Primary Tumor,0.9983056783676147,False
155,TCGA-W3-A828-06,Metastasis,9,TCGA-D3-A3MV-06,Metastasis,0.9981997609138489,True
156,TCGA-EE-A29S-06,Metastasis,0,TCGA-EE-A29D-06,Metastasis,0.9999710321426392,True
156,TCGA-EE-A29S-06,Metastasis,1,TCGA-BF-A1PZ-01,Primary Tumor,0.9999671578407288,False
156,TCGA-EE-A29S-06,Metastasis,2,TCGA-DA-A95W-06,Metastasis,0.9999302625656128,True
156,TCGA-EE-A29S-06,Metastasis,3,TCGA-RP-A694-06,Metastasis,0.9999076128005981,True
156,TCGA-EE-A29S-06,Metastasis,4,TCGA-WE-A8K5-06,Metastasis,0.999901294708252,True
156,TCGA-EE-A29S-06,Metastasis,5,TCGA-EE-A3J7-06,Metastasis,0.9998945593833923,True
156,TCGA-EE-A29S-06,Metastasis,6,TCGA-YD-A9TB-06,Metastasis,0.9998193979263306,True
156,TCGA-EE-A29S-06,Metastasis,7,TCGA-RP-A6K9-06,Metastasis,0.9998174905776978,True
156,TCGA-EE-A29S-06,Metastasis,8,TCGA-FR-A3R1-01,Primary Tumor,0.9998032450675964,False
156,TCGA-EE-A29S-06,Metastasis,9,TCGA-W3-AA1Q-06,Metastasis,0.999799370765686,True
157,TCGA-XV-A9VZ-01,Primary Tumor,0,TCGA-D3-A51R-06,Metastasis,0.9997472763061523,False
157,TCGA-XV-A9VZ-01,Primary Tumor,1,TCGA-XV-AAZV-01,Primary Tumor,0.9992139935493469,True
157,TCGA-XV-A9VZ-01,Primary Tumor,2,TCGA-EB-A3XE-01,Primary Tumor,0.9992107152938843,True
157,TCGA-XV-A9VZ-01,Primary Tumor,3,TCGA-EB-A5FP-01,Primary Tumor,0.9987974762916565,True
157,TCGA-XV-A9VZ-01,Primary Tumor,4,TCGA-EB-A3HV-01,Primary Tumor,0.9987499713897705,True
157,TCGA-XV-A9VZ-01,Primary Tumor,5,TCGA-YG-AA3N-01,Primary Tumor,0.9963510632514954,True
157,TCGA-XV-A9VZ-01,Primary Tumor,6,TCGA-WE-A8ZQ-06,Metastasis,0.996324360370636,False
157,TCGA-XV-A9VZ-01,Primary Tumor,7,TCGA-EB-A3XC-01,Primary Tumor,0.9962664246559143,True
157,TCGA-XV-A9VZ-01,Primary Tumor,8,TCGA-GF-A2C7-01,Primary Tumor,0.9943353533744812,True
157,TCGA-XV-A9VZ-01,Primary Tumor,9,TCGA-DA-A1I8-06,Metastasis,0.9934978485107422,False
158,TCGA-YG-AA3O-06,Metastasis,0,TCGA-DA-A1I2-06,Metastasis,0.9990561604499817,True
158,TCGA-YG-AA3O-06,Metastasis,1,TCGA-FW-A3TV-06,Metastasis,0.9990033507347107,True
158,TCGA-YG-AA3O-06,Metastasis,2,TCGA-D3-A1Q3-06,Metastasis,0.9990031719207764,True
158,TCGA-YG-AA3O-06,Metastasis,3,TCGA-D9-A3Z4-01,Primary Tumor,0.9984745383262634,False
158,TCGA-YG-AA3O-06,Metastasis,4,TCGA-DA-A1I5-06,Metastasis,0.9983877539634705,True
158,TCGA-YG-AA3O-06,Metastasis,5,TCGA-WE-A8ZX-06,Metastasis,0.998152494430542,True
158,TCGA-YG-AA3O-06,Metastasis,6,TCGA-EE-A3AE-06,Metastasis,0.9980305433273315,True
158,TCGA-YG-AA3O-06,Metastasis,7,TCGA-EE-A3J5-06,Metastasis,0.9979487657546997,True
158,TCGA-YG-AA3O-06,Metastasis,8,TCGA-DA-A3F8-06,Metastasis,0.9979290962219238,True
158,TCGA-YG-AA3O-06,Metastasis,9,TCGA-FR-A3YN-06,Metastasis,0.9978285431861877,True
159,TCGA-DA-A3F2-06,Metastasis,0,TCGA-EE-A20C-06,Metastasis,0.9994431734085083,True
159,TCGA-DA-A3F2-06,Metastasis,1,TCGA-EE-A29E-06,Metastasis,0.9989263415336609,True
159,TCGA-DA-A3F2-06,Metastasis,2,TCGA-ER-A19T-01,Primary Tumor,0.9987952709197998,False
159,TCGA-DA-A3F2-06,Metastasis,3,TCGA-D3-A8GR-06,Metastasis,0.9987757802009583,True
159,TCGA-DA-A3F2-06,Metastasis,4,TCGA-EE-A3JA-06,Metastasis,0.9987053275108337,True
159,TCGA-DA-A3F2-06,Metastasis,5,TCGA-EE-A182-06,Metastasis,0.998681902885437,True
159,TCGA-DA-A3F2-06,Metastasis,6,TCGA-EB-A3Y7-01,Primary Tumor,0.9986394643783569,False
159,TCGA-DA-A3F2-06,Metastasis,7,TCGA-ER-A3EV-06,Metastasis,0.9986070394515991,True
159,TCGA-DA-A3F2-06,Metastasis,8,TCGA-EE-A185-06,Metastasis,0.9985666275024414,True
159,TCGA-DA-A3F2-06,Metastasis,9,TCGA-GN-A8LL-06,Metastasis,0.9985236525535583,True
160,TCGA-EB-A3XC-01,Primary Tumor,0,TCGA-EB-A57M-01,Primary Tumor,0.9981107115745544,True
160,TCGA-EB-A3XC-01,Primary Tumor,1,TCGA-XV-AAZV-01,Primary Tumor,0.9980757236480713,True
160,TCGA-EB-A3XC-01,Primary Tumor,2,TCGA-EB-A3XE-01,Primary Tumor,0.9977898001670837,True
160,TCGA-EB-A3XC-01,Primary Tumor,3,TCGA-GF-A2C7-01,Primary Tumor,0.9975352883338928,True
160,TCGA-EB-A3XC-01,Primary Tumor,4,TCGA-YG-AA3N-01,Primary Tumor,0.9973158240318298,True
160,TCGA-EB-A3XC-01,Primary Tumor,5,TCGA-D3-A51R-06,Metastasis,0.9966410994529724,False
160,TCGA-EB-A3XC-01,Primary Tumor,6,TCGA-XV-A9VZ-01,Primary Tumor,0.9962664246559143,True
160,TCGA-EB-A3XC-01,Primary Tumor,7,TCGA-WE-A8ZM-06,Metastasis,0.9962108731269836,False
160,TCGA-EB-A3XC-01,Primary Tumor,8,TCGA-EB-A5FP-01,Primary Tumor,0.9959354996681213,True
160,TCGA-EB-A3XC-01,Primary Tumor,9,TCGA-FS-A1ZB-06,Metastasis,0.9949555993080139,False
161,TCGA-LH-A9QB-06,Metastasis,0,TCGA-D3-A51K-06,Metastasis,0.9999753832817078,True
161,TCGA-LH-A9QB-06,Metastasis,1,TCGA-EE-A29A-06,Metastasis,0.9999083876609802,True
161,TCGA-LH-A9QB-06,Metastasis,2,TCGA-BF-AAP8-01,Primary Tumor,0.999874472618103,False
161,TCGA-LH-A9QB-06,Metastasis,3,TCGA-EE-A2GC-06,Metastasis,0.99982088804245,True
161,TCGA-LH-A9QB-06,Metastasis,4,TCGA-EE-A2GR-06,Metastasis,0.9997903108596802,True
161,TCGA-LH-A9QB-06,Metastasis,5,TCGA-D9-A6EC-06,Metastasis,0.9997857809066772,True
161,TCGA-LH-A9QB-06,Metastasis,6,TCGA-GN-A262-06,Metastasis,0.9997162818908691,True
161,TCGA-LH-A9QB-06,Metastasis,7,TCGA-D3-A3C1-06,Metastasis,0.9996113777160645,True
161,TCGA-LH-A9QB-06,Metastasis,8,TCGA-FS-A4FB-06,Metastasis,0.9995473027229309,True
161,TCGA-LH-A9QB-06,Metastasis,9,TCGA-GN-A263-01,Primary Tumor,0.9993795156478882,False
162,TCGA-D3-A2JC-06,Metastasis,0,TCGA-D3-A1Q7-06,Metastasis,0.9998207092285156,True
162,TCGA-D3-A2JC-06,Metastasis,1,TCGA-D3-A51J-06,Metastasis,0.9997962713241577,True
162,TCGA-D3-A2JC-06,Metastasis,2,TCGA-DA-A1HW-06,Metastasis,0.9995889663696289,True
162,TCGA-D3-A2JC-06,Metastasis,3,TCGA-W3-AA1R-06,Metastasis,0.9995121359825134,True
162,TCGA-D3-A2JC-06,Metastasis,4,TCGA-EE-A2GI-06,Metastasis,0.9993409514427185,True
162,TCGA-D3-A2JC-06,Metastasis,5,TCGA-D3-A3MR-06,Metastasis,0.9992507100105286,True
162,TCGA-D3-A2JC-06,Metastasis,6,TCGA-FW-A5DY-06,Metastasis,0.9990749955177307,True
162,TCGA-D3-A2JC-06,Metastasis,7,TCGA-ER-A42L-06,Metastasis,0.9989606142044067,True
162,TCGA-D3-A2JC-06,Metastasis,8,TCGA-WE-A8K1-06,Metastasis,0.9988547563552856,True
162,TCGA-D3-A2JC-06,Metastasis,9,TCGA-EE-A29M-06,Metastasis,0.9988290667533875,True
163,TCGA-WE-AA9Y-06,Metastasis,0,TCGA-WE-A8JZ-06,Metastasis,0.9998713731765747,True
163,TCGA-WE-AA9Y-06,Metastasis,1,TCGA-DA-A3F8-06,Metastasis,0.9998563528060913,True
163,TCGA-WE-AA9Y-06,Metastasis,2,TCGA-D3-A1Q4-06,Metastasis,0.9998371601104736,True
163,TCGA-WE-AA9Y-06,Metastasis,3,TCGA-D9-A3Z4-01,Primary Tumor,0.999627411365509,False
163,TCGA-WE-AA9Y-06,Metastasis,4,TCGA-3N-A9WC-06,Metastasis,0.9995702505111694,True
163,TCGA-WE-AA9Y-06,Metastasis,5,TCGA-3N-A9WD-06,Metastasis,0.999553918838501,True
163,TCGA-WE-AA9Y-06,Metastasis,6,TCGA-ER-A19M-06,Metastasis,0.9995193481445312,True
163,TCGA-WE-AA9Y-06,Metastasis,7,TCGA-D3-A8GO-06,Metastasis,0.9994510412216187,True
163,TCGA-WE-AA9Y-06,Metastasis,8,TCGA-EE-A2GU-06,Metastasis,0.9993911385536194,True
163,TCGA-WE-AA9Y-06,Metastasis,9,TCGA-D3-A1Q8-06,Metastasis,0.999255359172821,True
164,TCGA-WE-A8ZR-06,Metastasis,0,TCGA-EE-A2MH-06,Metastasis,0.998998761177063,True
164,TCGA-WE-A8ZR-06,Metastasis,1,TCGA-D3-A2JB-06,Metastasis,0.9980217218399048,True
164,TCGA-WE-A8ZR-06,Metastasis,2,TCGA-EB-A4IS-01,Primary Tumor,0.9979774951934814,False
164,TCGA-WE-A8ZR-06,Metastasis,3,TCGA-EE-A2GE-06,Metastasis,0.9974130392074585,True
164,TCGA-WE-A8ZR-06,Metastasis,4,TCGA-EE-A2MG-06,Metastasis,0.9944089651107788,True
164,TCGA-WE-A8ZR-06,Metastasis,5,TCGA-Z2-A8RT-06,Metastasis,0.9935930967330933,True
164,TCGA-WE-A8ZR-06,Metastasis,6,TCGA-DA-A1HV-06,Metastasis,0.9933317303657532,True
164,TCGA-WE-A8ZR-06,Metastasis,7,TCGA-D3-A8GD-06,Metastasis,0.9927575588226318,True
164,TCGA-WE-A8ZR-06,Metastasis,8,TCGA-EE-A29N-06,Metastasis,0.9926915168762207,True
164,TCGA-WE-A8ZR-06,Metastasis,9,TCGA-BF-AAP2-01,Primary Tumor,0.9919027090072632,False
165,TCGA-EB-A44N-01,Primary Tumor,0,031_N,Benign Nevus,0.9976885318756104,False
165,TCGA-EB-A44N-01,Primary Tumor,1,FKH-027-028_N,Benign Nevus,0.9783617854118347,False
165,TCGA-EB-A44N-01,Primary Tumor,2,TCGA-EE-A29G-06,Metastasis,0.9769604206085205,False
165,TCGA-EB-A44N-01,Primary Tumor,3,TCGA-EB-A299-01,Primary Tumor,0.9710322022438049,True
165,TCGA-EB-A44N-01,Primary Tumor,4,LE-047-LF-048_N,Benign Nevus,0.9602456092834473,False
165,TCGA-EB-A44N-01,Primary Tumor,5,LE-029-SE-030_N,Benign Nevus,0.9601740837097168,False
165,TCGA-EB-A44N-01,Primary Tumor,6,LE-081-TR-082_N,Benign Nevus,0.958074688911438,False
165,TCGA-EB-A44N-01,Primary Tumor,7,LE-061-TM-062_N,Benign Nevus,0.9565957188606262,False
165,TCGA-EB-A44N-01,Primary Tumor,8,BO-001-SH-002_N,Benign Nevus,0.9523234367370605,False
165,TCGA-EB-A44N-01,Primary Tumor,9,TCGA-EB-A4XL-01,Primary Tumor,0.9303500056266785,True
166,TCGA-EB-A24D-01,Primary Tumor,0,TCGA-ER-A2NH-06,Metastasis,0.9992882013320923,False
166,TCGA-EB-A24D-01,Primary Tumor,1,TCGA-D3-A51T-06,Metastasis,0.9990441203117371,False
166,TCGA-EB-A24D-01,Primary Tumor,2,TCGA-D3-A8GC-06,Metastasis,0.9988172054290771,False
166,TCGA-EB-A24D-01,Primary Tumor,3,TCGA-GN-A265-06,Metastasis,0.9979938268661499,False
166,TCGA-EB-A24D-01,Primary Tumor,4,TCGA-EE-A20B-06,Metastasis,0.9979111552238464,False
166,TCGA-EB-A24D-01,Primary Tumor,5,TCGA-ER-A19D-06,Metastasis,0.9977909922599792,False
166,TCGA-EB-A24D-01,Primary Tumor,6,TCGA-EE-A2MP-06,Metastasis,0.997732400894165,False
166,TCGA-EB-A24D-01,Primary Tumor,7,TCGA-EE-A2ME-06,Metastasis,0.9976724982261658,False
166,TCGA-EB-A24D-01,Primary Tumor,8,TCGA-EE-A2GS-06,Metastasis,0.9968248009681702,False
166,TCGA-EB-A24D-01,Primary Tumor,9,TCGA-ER-A2NF-01,Primary Tumor,0.9966465830802917,True
167,TCGA-D3-A3MO-06,Metastasis,0,TCGA-ER-A19K-01,Primary Tumor,0.9992527961730957,False
167,TCGA-D3-A3MO-06,Metastasis,1,TCGA-EB-A24C-01,Primary Tumor,0.9988518357276917,False
167,TCGA-D3-A3MO-06,Metastasis,2,TCGA-EE-A2M5-06,Metastasis,0.9987953305244446,True
167,TCGA-D3-A3MO-06,Metastasis,3,TCGA-DA-A1IC-06,Metastasis,0.9986626505851746,True
167,TCGA-D3-A3MO-06,Metastasis,4,TCGA-DA-A1I8-06,Metastasis,0.998620867729187,True
167,TCGA-D3-A3MO-06,Metastasis,5,TCGA-GN-A26A-06,Metastasis,0.9985020756721497,True
167,TCGA-D3-A3MO-06,Metastasis,6,TCGA-WE-A8ZQ-06,Metastasis,0.9977980256080627,True
167,TCGA-D3-A3MO-06,Metastasis,7,TCGA-EB-A1NK-01,Primary Tumor,0.9973328709602356,False
167,TCGA-D3-A3MO-06,Metastasis,8,TCGA-BF-A3DM-01,Primary Tumor,0.9971175193786621,False
167,TCGA-D3-A3MO-06,Metastasis,9,TCGA-EB-A44O-01,Primary Tumor,0.9970180988311768,False
168,TCGA-DA-A1I1-06,Metastasis,0,TCGA-BF-A1Q0-01,Primary Tumor,0.9998781681060791,False
168,TCGA-DA-A1I1-06,Metastasis,1,TCGA-EE-A3AC-06,Metastasis,0.9997265338897705,True
168,TCGA-DA-A1I1-06,Metastasis,2,TCGA-WE-AAA0-06,Metastasis,0.9995633959770203,True
168,TCGA-DA-A1I1-06,Metastasis,3,TCGA-EE-A29Q-06,Metastasis,0.9995090961456299,True
168,TCGA-DA-A1I1-06,Metastasis,4,TCGA-EE-A2MJ-06,Metastasis,0.9994168281555176,True
168,TCGA-DA-A1I1-06,Metastasis,5,TCGA-FS-A1Z0-06,Metastasis,0.9993984699249268,True
168,TCGA-DA-A1I1-06,Metastasis,6,TCGA-EE-A29M-06,Metastasis,0.9993916749954224,True
168,TCGA-DA-A1I1-06,Metastasis,7,TCGA-ER-A42L-06,Metastasis,0.9992613792419434,True
168,TCGA-DA-A1I1-06,Metastasis,8,TCGA-DA-A1I5-06,Metastasis,0.9990174770355225,True
168,TCGA-DA-A1I1-06,Metastasis,9,TCGA-WE-A8ZX-06,Metastasis,0.9986106753349304,True
169,TCGA-BF-AAOU-01,Primary Tumor,0,TCGA-D3-A51N-06,Metastasis,0.9999281167984009,False
169,TCGA-BF-AAOU-01,Primary Tumor,1,TCGA-EE-A3JH-06,Metastasis,0.9997655153274536,False
169,TCGA-BF-AAOU-01,Primary Tumor,2,TCGA-EB-A431-01,Primary Tumor,0.9997196793556213,True
169,TCGA-BF-AAOU-01,Primary Tumor,3,TCGA-D3-A3CC-06,Metastasis,0.9996330738067627,False
169,TCGA-BF-AAOU-01,Primary Tumor,4,TCGA-EB-A85J-01,Primary Tumor,0.999411940574646,True
169,TCGA-BF-AAOU-01,Primary Tumor,5,TCGA-D3-A2JO-06,Metastasis,0.9993874430656433,False
169,TCGA-BF-AAOU-01,Primary Tumor,6,TCGA-EB-A44Q-06,Metastasis,0.999384880065918,False
169,TCGA-BF-AAOU-01,Primary Tumor,7,TCGA-EB-A82B-01,Primary Tumor,0.9990584850311279,True
169,TCGA-BF-AAOU-01,Primary Tumor,8,TCGA-WE-A8K4-01,Primary Tumor,0.9990037083625793,True
169,TCGA-BF-AAOU-01,Primary Tumor,9,TCGA-EB-A44P-01,Primary Tumor,0.9989758729934692,True
170,TCGA-EE-A2GM-06,Metastasis,0,TCGA-ER-A198-06,Metastasis,0.9999655485153198,True
170,TCGA-EE-A2GM-06,Metastasis,1,TCGA-EE-A2MN-06,Metastasis,0.9999471306800842,True
170,TCGA-EE-A2GM-06,Metastasis,2,TCGA-FR-A8YD-06,Metastasis,0.9999169111251831,True
170,TCGA-EE-A2GM-06,Metastasis,3,TCGA-EE-A29X-06,Metastasis,0.9998547434806824,True
170,TCGA-EE-A2GM-06,Metastasis,4,TCGA-FS-A1ZP-06,Metastasis,0.9997871518135071,True
170,TCGA-EE-A2GM-06,Metastasis,5,TCGA-EB-A41B-01,Primary Tumor,0.9997362494468689,False
170,TCGA-EE-A2GM-06,Metastasis,6,TCGA-WE-AAA3-06,Metastasis,0.9996815919876099,True
170,TCGA-EE-A2GM-06,Metastasis,7,TCGA-D3-A2JG-06,Metastasis,0.9996191263198853,True
170,TCGA-EE-A2GM-06,Metastasis,8,TCGA-D3-A1QA-06,Metastasis,0.9996116757392883,True
170,TCGA-EE-A2GM-06,Metastasis,9,TCGA-GN-A267-06,Metastasis,0.9995304942131042,True
171,TCGA-D3-A8GM-06,Metastasis,0,TCGA-ER-A19W-06,Metastasis,0.9998946189880371,True
171,TCGA-D3-A8GM-06,Metastasis,1,TCGA-EE-A2GU-06,Metastasis,0.9995391368865967,True
171,TCGA-D3-A8GM-06,Metastasis,2,TCGA-FS-A1ZQ-06,Metastasis,0.9995364546775818,True
171,TCGA-D3-A8GM-06,Metastasis,3,TCGA-D3-A8GN-06,Metastasis,0.9995291233062744,True
171,TCGA-D3-A8GM-06,Metastasis,4,TCGA-3N-A9WC-06,Metastasis,0.9995142221450806,True
171,TCGA-D3-A8GM-06,Metastasis,5,TCGA-3N-A9WD-06,Metastasis,0.9995142221450806,True
171,TCGA-D3-A8GM-06,Metastasis,6,TCGA-OD-A75X-06,Metastasis,0.9994506239891052,True
171,TCGA-D3-A8GM-06,Metastasis,7,TCGA-D3-A1Q4-06,Metastasis,0.9994168281555176,True
171,TCGA-D3-A8GM-06,Metastasis,8,TCGA-D3-A1Q8-06,Metastasis,0.9993959665298462,True
171,TCGA-D3-A8GM-06,Metastasis,9,TCGA-ER-A19S-06,Metastasis,0.99937903881073,True
172,TCGA-DA-A95Z-06,Metastasis,0,TCGA-D3-A8GI-06,Metastasis,0.9999540448188782,True
172,TCGA-DA-A95Z-06,Metastasis,1,TCGA-BF-A5ER-01,Primary Tumor,0.9999269247055054,False
172,TCGA-DA-A95Z-06,Metastasis,2,TCGA-EB-A553-01,Primary Tumor,0.9998885989189148,False
172,TCGA-DA-A95Z-06,Metastasis,3,TCGA-XV-AB01-06,Metastasis,0.9998622536659241,True
172,TCGA-DA-A95Z-06,Metastasis,4,TCGA-ER-A194-01,Primary Tumor,0.9998478293418884,False
172,TCGA-DA-A95Z-06,Metastasis,5,TCGA-EE-A29B-06,Metastasis,0.9997860789299011,True
172,TCGA-DA-A95Z-06,Metastasis,6,TCGA-FS-A1ZU-06,Metastasis,0.9996904730796814,True
172,TCGA-DA-A95Z-06,Metastasis,7,TCGA-GN-A8LK-06,Metastasis,0.9995157718658447,True
172,TCGA-DA-A95Z-06,Metastasis,8,TCGA-D3-A5GT-01,Primary Tumor,0.9992115497589111,False
172,TCGA-DA-A95Z-06,Metastasis,9,TCGA-EE-A29E-06,Metastasis,0.9990825057029724,True
173,TCGA-ER-A2NC-06,Metastasis,0,TCGA-EE-A2MU-06,Metastasis,0.9999760389328003,True
173,TCGA-ER-A2NC-06,Metastasis,1,TCGA-EB-A3Y6-01,Primary Tumor,0.9999353289604187,False
173,TCGA-ER-A2NC-06,Metastasis,2,TCGA-DA-A3F3-06,Metastasis,0.999799370765686,True
173,TCGA-ER-A2NC-06,Metastasis,3,TCGA-D3-A3BZ-06,Metastasis,0.9997227787971497,True
173,TCGA-ER-A2NC-06,Metastasis,4,TCGA-WE-A8ZT-06,Metastasis,0.9997149705886841,True
173,TCGA-ER-A2NC-06,Metastasis,5,TCGA-D3-A3C3-06,Metastasis,0.9997023344039917,True
173,TCGA-ER-A2NC-06,Metastasis,6,TCGA-W3-AA1W-06,Metastasis,0.9996188879013062,True
173,TCGA-ER-A2NC-06,Metastasis,7,TCGA-EE-A2M6-06,Metastasis,0.9995112419128418,True
173,TCGA-ER-A2NC-06,Metastasis,8,TCGA-BF-A3DN-01,Primary Tumor,0.999412477016449,False
173,TCGA-ER-A2NC-06,Metastasis,9,TCGA-GN-A26C-01,Primary Tumor,0.9992339015007019,False
174,TCGA-ER-A19B-06,Metastasis,0,TCGA-D9-A3Z3-06,Metastasis,0.9997770190238953,True
174,TCGA-ER-A19B-06,Metastasis,1,TCGA-GF-A4EO-06,Metastasis,0.9997402429580688,True
174,TCGA-ER-A19B-06,Metastasis,2,TCGA-D3-A2JA-06,Metastasis,0.999637246131897,True
174,TCGA-ER-A19B-06,Metastasis,3,TCGA-EE-A2A0-06,Metastasis,0.9994831681251526,True
174,TCGA-ER-A19B-06,Metastasis,4,TCGA-GN-A8LN-01,Primary Tumor,0.999478280544281,False
174,TCGA-ER-A19B-06,Metastasis,5,TCGA-EE-A2M7-06,Metastasis,0.9994720816612244,True
174,TCGA-ER-A19B-06,Metastasis,6,TCGA-D3-A1Q9-06,Metastasis,0.9994155764579773,True
174,TCGA-ER-A19B-06,Metastasis,7,TCGA-D3-A5GN-06,Metastasis,0.9991294145584106,True
174,TCGA-ER-A19B-06,Metastasis,8,TCGA-ER-A2NG-06,Metastasis,0.9990997910499573,True
174,TCGA-ER-A19B-06,Metastasis,9,TCGA-D3-A8GS-06,Metastasis,0.9988337159156799,True
175,TCGA-EE-A2A0-06,Metastasis,0,TCGA-EE-A2M7-06,Metastasis,0.9998783469200134,True
175,TCGA-EE-A2A0-06,Metastasis,1,TCGA-D3-A8GS-06,Metastasis,0.9995958805084229,True
175,TCGA-EE-A2A0-06,Metastasis,2,TCGA-GF-A4EO-06,Metastasis,0.9995750784873962,True
175,TCGA-EE-A2A0-06,Metastasis,3,TCGA-ER-A19B-06,Metastasis,0.9994831681251526,True
175,TCGA-EE-A2A0-06,Metastasis,4,TCGA-D9-A3Z3-06,Metastasis,0.9992411136627197,True
175,TCGA-EE-A2A0-06,Metastasis,5,TCGA-D3-A2JA-06,Metastasis,0.9990980625152588,True
175,TCGA-EE-A2A0-06,Metastasis,6,TCGA-DA-A1HY-06,Metastasis,0.9989939332008362,True
175,TCGA-EE-A2A0-06,Metastasis,7,TCGA-BF-AAP7-01,Primary Tumor,0.9988870024681091,False
175,TCGA-EE-A2A0-06,Metastasis,8,TCGA-D3-A5GN-06,Metastasis,0.9985203742980957,True
175,TCGA-EE-A2A0-06,Metastasis,9,TCGA-GN-A8LN-01,Primary Tumor,0.9984990358352661,False
176,TCGA-EE-A20B-06,Metastasis,0,TCGA-GN-A265-06,Metastasis,0.9999169707298279,True
176,TCGA-EE-A20B-06,Metastasis,1,TCGA-D3-A8GC-06,Metastasis,0.9997774362564087,True
176,TCGA-EE-A20B-06,Metastasis,2,TCGA-DA-A95X-06,Metastasis,0.9997646808624268,True
176,TCGA-EE-A20B-06,Metastasis,3,TCGA-HR-A2OH-06,Metastasis,0.9997103214263916,True
176,TCGA-EE-A20B-06,Metastasis,4,TCGA-EE-A2MP-06,Metastasis,0.9996105432510376,True
176,TCGA-EE-A20B-06,Metastasis,5,TCGA-ER-A19D-06,Metastasis,0.99940425157547,True
176,TCGA-EE-A20B-06,Metastasis,6,TCGA-D3-A51T-06,Metastasis,0.9993494749069214,True
176,TCGA-EE-A20B-06,Metastasis,7,TCGA-EE-A3JB-06,Metastasis,0.9993394017219543,True
176,TCGA-EE-A20B-06,Metastasis,8,TCGA-FS-A4F8-06,Metastasis,0.9992167353630066,True
176,TCGA-EE-A20B-06,Metastasis,9,TCGA-WE-A8ZY-06,Metastasis,0.998893141746521,True
177,TCGA-EB-A5UL-06,Metastasis,0,TCGA-BF-AAP0-06,Metastasis,0.9997948408126831,True
177,TCGA-EB-A5UL-06,Metastasis,1,TCGA-GN-A4U8-06,Metastasis,0.9997759461402893,True
177,TCGA-EB-A5UL-06,Metastasis,2,TCGA-EE-A3J3-06,Metastasis,0.9991595149040222,True
177,TCGA-EB-A5UL-06,Metastasis,3,TCGA-GN-A9SD-06,Metastasis,0.9984945058822632,True
177,TCGA-EB-A5UL-06,Metastasis,4,TCGA-EE-A20F-06,Metastasis,0.997590959072113,True
177,TCGA-EB-A5UL-06,Metastasis,5,TCGA-EE-A2A2-06,Metastasis,0.9973945617675781,True
177,TCGA-EB-A5UL-06,Metastasis,6,TCGA-EE-A2GL-06,Metastasis,0.9971320629119873,True
177,TCGA-EB-A5UL-06,Metastasis,7,TCGA-D3-A3CF-06,Metastasis,0.996669590473175,True
177,TCGA-EB-A5UL-06,Metastasis,8,TCGA-D9-A1JX-06,Metastasis,0.996453583240509,True
177,TCGA-EB-A5UL-06,Metastasis,9,TCGA-EE-A2A6-06,Metastasis,0.9952378273010254,True
178,TCGA-ER-A196-01,Primary Tumor,0,TCGA-EB-A4OZ-01,Primary Tumor,0.9989950060844421,True
178,TCGA-ER-A196-01,Primary Tumor,1,TCGA-HR-A5NC-01,Primary Tumor,0.9971911311149597,True
178,TCGA-ER-A196-01,Primary Tumor,2,TCGA-EB-A5SF-01,Primary Tumor,0.9961950778961182,True
178,TCGA-ER-A196-01,Primary Tumor,3,TCGA-ER-A2NB-01,Primary Tumor,0.9959046244621277,True
178,TCGA-ER-A196-01,Primary Tumor,4,TCGA-EB-A4IQ-01,Primary Tumor,0.9882482886314392,True
178,TCGA-ER-A196-01,Primary Tumor,5,TCGA-EB-A3HV-01,Primary Tumor,0.9804969429969788,True
178,TCGA-ER-A196-01,Primary Tumor,6,TCGA-FS-A1ZC-06,Metastasis,0.9800751209259033,False
178,TCGA-ER-A196-01,Primary Tumor,7,TCGA-EE-A3J8-06,Metastasis,0.9786199927330017,False
178,TCGA-ER-A196-01,Primary Tumor,8,TCGA-BF-A9VF-01,Primary Tumor,0.9772881865501404,True
178,TCGA-ER-A196-01,Primary Tumor,9,TCGA-GF-A3OT-06,Metastasis,0.973965585231781,False
179,TCGA-FS-A1ZK-06,Metastasis,0,TCGA-EB-A44O-01,Primary Tumor,0.9999486207962036,False
179,TCGA-FS-A1ZK-06,Metastasis,1,TCGA-EE-A3JE-06,Metastasis,0.9996106624603271,True
179,TCGA-FS-A1ZK-06,Metastasis,2,TCGA-FW-A5DX-01,Primary Tumor,0.9995642304420471,False
179,TCGA-FS-A1ZK-06,Metastasis,3,TCGA-W3-A828-06,Metastasis,0.9987489581108093,True
179,TCGA-FS-A1ZK-06,Metastasis,4,TCGA-GN-A26A-06,Metastasis,0.9984480738639832,True
179,TCGA-FS-A1ZK-06,Metastasis,5,TCGA-BF-A5EO-01,Primary Tumor,0.9982539415359497,False
179,TCGA-FS-A1ZK-06,Metastasis,6,TCGA-EE-A3AD-06,Metastasis,0.9982469081878662,True
179,TCGA-FS-A1ZK-06,Metastasis,7,TCGA-FR-A7U9-06,Metastasis,0.9981921911239624,True
179,TCGA-FS-A1ZK-06,Metastasis,8,TCGA-FS-A1ZD-06,Metastasis,0.9977761507034302,True
179,TCGA-FS-A1ZK-06,Metastasis,9,TCGA-EB-A5SE-01,Primary Tumor,0.9974858164787292,False
180,TCGA-EE-A2MT-06,Metastasis,0,TCGA-EE-A2MK-06,Metastasis,0.9999488592147827,True
180,TCGA-EE-A2MT-06,Metastasis,1,TCGA-EE-A2MI-06,Metastasis,0.9999231100082397,True
180,TCGA-EE-A2MT-06,Metastasis,2,TCGA-D9-A1JW-06,Metastasis,0.9999141693115234,True
180,TCGA-EE-A2MT-06,Metastasis,3,TCGA-D3-A2JD-06,Metastasis,0.9998466372489929,True
180,TCGA-EE-A2MT-06,Metastasis,4,TCGA-EE-A3JI-06,Metastasis,0.9998077750205994,True
180,TCGA-EE-A2MT-06,Metastasis,5,TCGA-RP-A693-06,Metastasis,0.9997970461845398,True
180,TCGA-EE-A2MT-06,Metastasis,6,TCGA-D3-A5GS-06,Metastasis,0.9997648000717163,True
180,TCGA-EE-A2MT-06,Metastasis,7,TCGA-EE-A20I-06,Metastasis,0.9997572898864746,True
180,TCGA-EE-A2MT-06,Metastasis,8,TCGA-EE-A2A5-06,Metastasis,0.9997437000274658,True
180,TCGA-EE-A2MT-06,Metastasis,9,TCGA-FS-A1YX-06,Metastasis,0.9995349049568176,True
181,TCGA-OD-A75X-06,Metastasis,0,TCGA-ER-A19S-06,Metastasis,0.9999094009399414,True
181,TCGA-OD-A75X-06,Metastasis,1,TCGA-EE-A29H-06,Metastasis,0.9996954798698425,True
181,TCGA-OD-A75X-06,Metastasis,2,TCGA-D3-A51F-06,Metastasis,0.9996106624603271,True
181,TCGA-OD-A75X-06,Metastasis,3,TCGA-FS-A1Z0-06,Metastasis,0.9995027780532837,True
181,TCGA-OD-A75X-06,Metastasis,4,TCGA-D3-A8GM-06,Metastasis,0.9994506239891052,True
181,TCGA-OD-A75X-06,Metastasis,5,TCGA-EE-A3AC-06,Metastasis,0.9992876052856445,True
181,TCGA-OD-A75X-06,Metastasis,6,TCGA-WE-A8ZY-06,Metastasis,0.9992871284484863,True
181,TCGA-OD-A75X-06,Metastasis,7,TCGA-EE-A181-06,Metastasis,0.9992622137069702,True
181,TCGA-OD-A75X-06,Metastasis,8,TCGA-ER-A19W-06,Metastasis,0.99923175573349,True
181,TCGA-OD-A75X-06,Metastasis,9,TCGA-EE-A29M-06,Metastasis,0.999208390712738,True
182,TCGA-EE-A17Z-06,Metastasis,0,TCGA-D3-A3C6-06,Metastasis,0.999851644039154,True
182,TCGA-EE-A17Z-06,Metastasis,1,TCGA-GN-A4U7-06,Metastasis,0.9998032450675964,True
182,TCGA-EE-A17Z-06,Metastasis,2,TCGA-EB-A4P0-01,Primary Tumor,0.9996393322944641,False
182,TCGA-EE-A17Z-06,Metastasis,3,TCGA-ER-A19L-06,Metastasis,0.99961918592453,True
182,TCGA-EE-A17Z-06,Metastasis,4,TCGA-FR-A69P-06,Metastasis,0.9995993971824646,True
182,TCGA-EE-A17Z-06,Metastasis,5,TCGA-EE-A2GO-06,Metastasis,0.9995574355125427,True
182,TCGA-EE-A17Z-06,Metastasis,6,TCGA-EE-A2GT-06,Metastasis,0.9995546936988831,True
182,TCGA-EE-A17Z-06,Metastasis,7,TCGA-ER-A42H-01,Primary Tumor,0.9995397925376892,False
182,TCGA-EE-A17Z-06,Metastasis,8,TCGA-FS-A1ZE-06,Metastasis,0.9995383024215698,True
182,TCGA-EE-A17Z-06,Metastasis,9,TCGA-3N-A9WB-06,Metastasis,0.9992832541465759,True
183,TCGA-FR-A8YC-06,Metastasis,0,TCGA-ER-A19N-06,Metastasis,0.9999869465827942,True
183,TCGA-FR-A8YC-06,Metastasis,1,TCGA-EE-A3AA-06,Metastasis,0.9998621344566345,True
183,TCGA-FR-A8YC-06,Metastasis,2,TCGA-ER-A19G-06,Metastasis,0.9997277855873108,True
183,TCGA-FR-A8YC-06,Metastasis,3,TCGA-EB-A85J-01,Primary Tumor,0.9996688961982727,False
183,TCGA-FR-A8YC-06,Metastasis,4,TCGA-EB-A82B-01,Primary Tumor,0.9996141791343689,False
183,TCGA-FR-A8YC-06,Metastasis,5,TCGA-D3-A2J8-06,Metastasis,0.9995638132095337,True
183,TCGA-FR-A8YC-06,Metastasis,6,TCGA-ER-A19J-06,Metastasis,0.9995399117469788,True
183,TCGA-FR-A8YC-06,Metastasis,7,TCGA-EE-A2GH-06,Metastasis,0.9994486570358276,True
183,TCGA-FR-A8YC-06,Metastasis,8,TCGA-D3-A1QA-07,Metastasis,0.9993477463722229,True
183,TCGA-FR-A8YC-06,Metastasis,9,TCGA-EB-A3XB-01,Primary Tumor,0.9992835521697998,False
184,TCGA-GN-A265-06,Metastasis,0,TCGA-EE-A20B-06,Metastasis,0.9999169707298279,True
184,TCGA-GN-A265-06,Metastasis,1,TCGA-EE-A2MP-06,Metastasis,0.9998795390129089,True
184,TCGA-GN-A265-06,Metastasis,2,TCGA-D3-A8GC-06,Metastasis,0.9998601078987122,True
184,TCGA-GN-A265-06,Metastasis,3,TCGA-DA-A95X-06,Metastasis,0.9996204376220703,True
184,TCGA-GN-A265-06,Metastasis,4,TCGA-HR-A2OH-06,Metastasis,0.9995442628860474,True
184,TCGA-GN-A265-06,Metastasis,5,TCGA-EE-A3JB-06,Metastasis,0.9994975924491882,True
184,TCGA-GN-A265-06,Metastasis,6,TCGA-D3-A51T-06,Metastasis,0.9991302490234375,True
184,TCGA-GN-A265-06,Metastasis,7,TCGA-FS-A4F8-06,Metastasis,0.9989762306213379,True
184,TCGA-GN-A265-06,Metastasis,8,TCGA-ER-A19D-06,Metastasis,0.9989476799964905,True
184,TCGA-GN-A265-06,Metastasis,9,TCGA-EE-A29H-06,Metastasis,0.9987228512763977,True
185,TCGA-ER-A19Q-06,Metastasis,0,TCGA-EE-A2MM-06,Metastasis,0.9999833106994629,True
185,TCGA-ER-A19Q-06,Metastasis,1,TCGA-EE-A2GN-06,Metastasis,0.9999072551727295,True
185,TCGA-ER-A19Q-06,Metastasis,2,TCGA-WE-A8K5-06,Metastasis,0.9998153448104858,True
185,TCGA-ER-A19Q-06,Metastasis,3,TCGA-YD-A9TB-06,Metastasis,0.9997634291648865,True
185,TCGA-ER-A19Q-06,Metastasis,4,TCGA-EE-A3J7-06,Metastasis,0.999758243560791,True
185,TCGA-ER-A19Q-06,Metastasis,5,TCGA-WE-A8ZO-06,Metastasis,0.9997313022613525,True
185,TCGA-ER-A19Q-06,Metastasis,6,TCGA-D3-A5GU-06,Metastasis,0.999699056148529,True
185,TCGA-ER-A19Q-06,Metastasis,7,TCGA-D3-A2JF-06,Metastasis,0.9996809363365173,True
185,TCGA-ER-A19Q-06,Metastasis,8,TCGA-EE-A184-06,Metastasis,0.9996649622917175,True
185,TCGA-ER-A19Q-06,Metastasis,9,TCGA-DA-A95W-06,Metastasis,0.9995446801185608,True
186,TCGA-BF-A3DN-01,Primary Tumor,0,TCGA-EE-A2M6-06,Metastasis,0.9998424649238586,False
186,TCGA-BF-A3DN-01,Primary Tumor,1,TCGA-ER-A3ET-06,Metastasis,0.9998153448104858,False
186,TCGA-BF-A3DN-01,Primary Tumor,2,TCGA-D3-A2J7-06,Metastasis,0.9997748732566833,False
186,TCGA-BF-A3DN-01,Primary Tumor,3,TCGA-D9-A3Z1-06,Metastasis,0.9996368288993835,False
186,TCGA-BF-A3DN-01,Primary Tumor,4,TCGA-EE-A2MU-06,Metastasis,0.9995695948600769,False
186,TCGA-BF-A3DN-01,Primary Tumor,5,TCGA-RP-A693-06,Metastasis,0.9995560050010681,False
186,TCGA-BF-A3DN-01,Primary Tumor,6,TCGA-EB-A3Y6-01,Primary Tumor,0.9995355010032654,True
186,TCGA-BF-A3DN-01,Primary Tumor,7,TCGA-FR-A3R1-01,Primary Tumor,0.9994811415672302,True
186,TCGA-BF-A3DN-01,Primary Tumor,8,TCGA-WE-A8ZT-06,Metastasis,0.9994381070137024,False
186,TCGA-BF-A3DN-01,Primary Tumor,9,TCGA-ER-A2NC-06,Metastasis,0.999412477016449,False
187,TCGA-DA-A1HW-06,Metastasis,0,TCGA-EE-A2GI-06,Metastasis,0.9998140335083008,True
187,TCGA-DA-A1HW-06,Metastasis,1,TCGA-WE-A8K1-06,Metastasis,0.9997459650039673,True
187,TCGA-DA-A1HW-06,Metastasis,2,TCGA-D3-A2JC-06,Metastasis,0.9995889663696289,True
187,TCGA-DA-A1HW-06,Metastasis,3,TCGA-EE-A2A1-06,Metastasis,0.9994710087776184,True
187,TCGA-DA-A1HW-06,Metastasis,4,TCGA-FR-A44A-06,Metastasis,0.9993168711662292,True
187,TCGA-DA-A1HW-06,Metastasis,5,TCGA-D3-A1Q7-06,Metastasis,0.9991821050643921,True
187,TCGA-DA-A1HW-06,Metastasis,6,TCGA-D3-A51J-06,Metastasis,0.9991704225540161,True
187,TCGA-DA-A1HW-06,Metastasis,7,TCGA-D3-A8GJ-06,Metastasis,0.9991404414176941,True
187,TCGA-DA-A1HW-06,Metastasis,8,TCGA-D3-A8GB-06,Metastasis,0.9985964894294739,True
187,TCGA-DA-A1HW-06,Metastasis,9,TCGA-D3-A3MR-06,Metastasis,0.9985066652297974,True
188,TCGA-ER-A1A1-06,Metastasis,0,TCGA-EE-A2MC-06,Metastasis,0.9987059235572815,True
188,TCGA-ER-A1A1-06,Metastasis,1,TCGA-EE-A2GK-06,Metastasis,0.9933667182922363,True
188,TCGA-ER-A1A1-06,Metastasis,2,TCGA-EE-A2GB-06,Metastasis,0.9926509261131287,True
188,TCGA-ER-A1A1-06,Metastasis,3,TCGA-FR-A7UA-06,Metastasis,0.9925625920295715,True
188,TCGA-ER-A1A1-06,Metastasis,4,TCGA-ER-A19A-06,Metastasis,0.9909043312072754,True
188,TCGA-ER-A1A1-06,Metastasis,5,TCGA-EB-A44R-06,Metastasis,0.9898542761802673,True
188,TCGA-ER-A1A1-06,Metastasis,6,TCGA-FS-A1ZR-06,Metastasis,0.9893568754196167,True
188,TCGA-ER-A1A1-06,Metastasis,7,TCGA-BF-AAP1-01,Primary Tumor,0.9883735775947571,False
188,TCGA-ER-A1A1-06,Metastasis,8,TCGA-FS-A1ZA-06,Metastasis,0.9882717728614807,True
188,TCGA-ER-A1A1-06,Metastasis,9,TCGA-FW-A3I3-06,Metastasis,0.9868010878562927,True
189,TCGA-DA-A1I8-06,Metastasis,0,TCGA-GF-A2C7-01,Primary Tumor,0.9991258978843689,False
189,TCGA-DA-A1I8-06,Metastasis,1,TCGA-YG-AA3N-01,Primary Tumor,0.9990938901901245,False
189,TCGA-DA-A1I8-06,Metastasis,2,TCGA-WE-A8ZQ-06,Metastasis,0.9989574551582336,True
189,TCGA-DA-A1I8-06,Metastasis,3,TCGA-D3-A3MO-06,Metastasis,0.998620867729187,True
189,TCGA-DA-A1I8-06,Metastasis,4,TCGA-EB-A1NK-01,Primary Tumor,0.9983474612236023,False
189,TCGA-DA-A1I8-06,Metastasis,5,TCGA-ER-A19K-01,Primary Tumor,0.9982657432556152,False
189,TCGA-DA-A1I8-06,Metastasis,6,TCGA-FS-A1ZB-06,Metastasis,0.998195469379425,True
189,TCGA-DA-A1I8-06,Metastasis,7,TCGA-EB-A24C-01,Primary Tumor,0.9979708790779114,False
189,TCGA-DA-A1I8-06,Metastasis,8,TCGA-GN-A26A-06,Metastasis,0.9977745413780212,True
189,TCGA-DA-A1I8-06,Metastasis,9,TCGA-EB-A5FP-01,Primary Tumor,0.9976445436477661,False
190,TCGA-BF-AAP6-01,Primary Tumor,0,TCGA-D3-A3MV-06,Metastasis,0.999817967414856,False
190,TCGA-BF-AAP6-01,Primary Tumor,1,TCGA-FS-A1Z3-06,Metastasis,0.9996665716171265,False
190,TCGA-BF-AAP6-01,Primary Tumor,2,TCGA-EE-A3AG-06,Metastasis,0.9994875192642212,False
190,TCGA-BF-AAP6-01,Primary Tumor,3,TCGA-FS-A4F5-06,Metastasis,0.9993513822555542,False
190,TCGA-BF-AAP6-01,Primary Tumor,4,TCGA-FS-A1ZZ-06,Metastasis,0.9987144470214844,False
190,TCGA-BF-AAP6-01,Primary Tumor,5,TCGA-W3-A828-06,Metastasis,0.998635470867157,False
190,TCGA-BF-AAP6-01,Primary Tumor,6,TCGA-EE-A3AD-06,Metastasis,0.998583972454071,False
190,TCGA-BF-AAP6-01,Primary Tumor,7,TCGA-D3-A2JN-06,Metastasis,0.9985739588737488,False
190,TCGA-BF-AAP6-01,Primary Tumor,8,TCGA-EE-A3AH-06,Metastasis,0.998155951499939,False
190,TCGA-BF-AAP6-01,Primary Tumor,9,TCGA-D3-A3CB-06,Metastasis,0.9980075359344482,False
191,TCGA-EE-A3JI-06,Metastasis,0,TCGA-D3-A5GS-06,Metastasis,0.9999740123748779,True
191,TCGA-EE-A3JI-06,Metastasis,1,TCGA-EE-A20I-06,Metastasis,0.9999205470085144,True
191,TCGA-EE-A3JI-06,Metastasis,2,TCGA-EE-A2A5-06,Metastasis,0.9998995065689087,True
191,TCGA-EE-A3JI-06,Metastasis,3,TCGA-D9-A1JW-06,Metastasis,0.9998103380203247,True
191,TCGA-EE-A3JI-06,Metastasis,4,TCGA-EE-A2MT-06,Metastasis,0.9998077750205994,True
191,TCGA-EE-A3JI-06,Metastasis,5,TCGA-EE-A2MK-06,Metastasis,0.9997478723526001,True
191,TCGA-EE-A3JI-06,Metastasis,6,TCGA-EE-A2MI-06,Metastasis,0.9997463822364807,True
191,TCGA-EE-A3JI-06,Metastasis,7,TCGA-RP-A694-06,Metastasis,0.9996806979179382,True
191,TCGA-EE-A3JI-06,Metastasis,8,TCGA-D3-A1QA-06,Metastasis,0.9996744394302368,True
191,TCGA-EE-A3JI-06,Metastasis,9,TCGA-D3-A2JD-06,Metastasis,0.9996545910835266,True
192,TCGA-XV-A9W2-01,Primary Tumor,0,TCGA-XV-AAZW-01,Primary Tumor,0.9941655993461609,True
192,TCGA-XV-A9W2-01,Primary Tumor,1,TCGA-EB-A4IQ-01,Primary Tumor,0.9808409214019775,True
192,TCGA-XV-A9W2-01,Primary Tumor,2,TCGA-EB-A5VU-01,Primary Tumor,0.9799450635910034,True
192,TCGA-XV-A9W2-01,Primary Tumor,3,TCGA-EB-A57M-01,Primary Tumor,0.9797689318656921,True
192,TCGA-XV-A9W2-01,Primary Tumor,4,TCGA-XV-AAZV-01,Primary Tumor,0.9771192669868469,True
192,TCGA-XV-A9W2-01,Primary Tumor,5,TCGA-D3-A51R-06,Metastasis,0.9767646789550781,False
192,TCGA-XV-A9W2-01,Primary Tumor,6,TCGA-EB-A3XE-01,Primary Tumor,0.9759839773178101,True
192,TCGA-XV-A9W2-01,Primary Tumor,7,TCGA-EB-A3XC-01,Primary Tumor,0.9752647876739502,True
192,TCGA-XV-A9W2-01,Primary Tumor,8,TCGA-EB-A3HV-01,Primary Tumor,0.9742850661277771,True
192,TCGA-XV-A9W2-01,Primary Tumor,9,TCGA-XV-A9VZ-01,Primary Tumor,0.9735930562019348,True
193,TCGA-D3-A51F-06,Metastasis,0,TCGA-EE-A29H-06,Metastasis,0.9998775124549866,True
193,TCGA-D3-A51F-06,Metastasis,1,TCGA-ER-A19S-06,Metastasis,0.9998296499252319,True
193,TCGA-D3-A51F-06,Metastasis,2,TCGA-EE-A181-06,Metastasis,0.999818742275238,True
193,TCGA-D3-A51F-06,Metastasis,3,TCGA-WE-A8ZY-06,Metastasis,0.9997193217277527,True
193,TCGA-D3-A51F-06,Metastasis,4,TCGA-FS-A4F8-06,Metastasis,0.9997077584266663,True
193,TCGA-D3-A51F-06,Metastasis,5,TCGA-OD-A75X-06,Metastasis,0.9996106624603271,True
193,TCGA-D3-A51F-06,Metastasis,6,TCGA-HR-A2OH-06,Metastasis,0.999509871006012,True
193,TCGA-D3-A51F-06,Metastasis,7,TCGA-DA-A95X-06,Metastasis,0.9993743300437927,True
193,TCGA-D3-A51F-06,Metastasis,8,TCGA-EE-A29M-06,Metastasis,0.9993705749511719,True
193,TCGA-D3-A51F-06,Metastasis,9,TCGA-EE-A2MJ-06,Metastasis,0.9993481040000916,True
194,TCGA-IH-A3EA-01,Primary Tumor,0,TCGA-ER-A3ES-06,Metastasis,0.9998517036437988,False
194,TCGA-IH-A3EA-01,Primary Tumor,1,TCGA-D3-A2JK-06,Metastasis,0.9995207786560059,False
194,TCGA-IH-A3EA-01,Primary Tumor,2,TCGA-D3-A5GT-01,Primary Tumor,0.9989210367202759,True
194,TCGA-IH-A3EA-01,Primary Tumor,3,TCGA-ER-A194-01,Primary Tumor,0.9986740350723267,True
194,TCGA-IH-A3EA-01,Primary Tumor,4,TCGA-DA-A960-01,Primary Tumor,0.9985852837562561,True
194,TCGA-IH-A3EA-01,Primary Tumor,5,TCGA-D3-A8GI-06,Metastasis,0.9981294870376587,False
194,TCGA-IH-A3EA-01,Primary Tumor,6,TCGA-BF-A5ER-01,Primary Tumor,0.9980455636978149,True
194,TCGA-IH-A3EA-01,Primary Tumor,7,TCGA-DA-A95Z-06,Metastasis,0.9979506731033325,False
194,TCGA-IH-A3EA-01,Primary Tumor,8,TCGA-EB-A553-01,Primary Tumor,0.9972872138023376,True
194,TCGA-IH-A3EA-01,Primary Tumor,9,TCGA-XV-AB01-06,Metastasis,0.9969760179519653,False
195,TCGA-D3-A8GE-06,Metastasis,0,TCGA-D3-A3CB-06,Metastasis,0.9999082088470459,True
195,TCGA-D3-A8GE-06,Metastasis,1,TCGA-ER-A197-06,Metastasis,0.9997978806495667,True
195,TCGA-D3-A8GE-06,Metastasis,2,TCGA-EE-A3AH-06,Metastasis,0.9994089603424072,True
195,TCGA-D3-A8GE-06,Metastasis,3,TCGA-GF-A6C9-06,Metastasis,0.9992472529411316,True
195,TCGA-D3-A8GE-06,Metastasis,4,TCGA-FS-A1ZW-06,Metastasis,0.9992243051528931,True
195,TCGA-D3-A8GE-06,Metastasis,5,TCGA-EB-A3XB-01,Primary Tumor,0.9990312457084656,False
195,TCGA-D3-A8GE-06,Metastasis,6,TCGA-EB-A44P-01,Primary Tumor,0.9988719820976257,False
195,TCGA-D3-A8GE-06,Metastasis,7,TCGA-FS-A1Z3-06,Metastasis,0.9988165497779846,True
195,TCGA-D3-A8GE-06,Metastasis,8,TCGA-D3-A2JN-06,Metastasis,0.9987828731536865,True
195,TCGA-D3-A8GE-06,Metastasis,9,TCGA-EB-A82B-01,Primary Tumor,0.9985840916633606,False
196,TCGA-D3-A51J-06,Metastasis,0,TCGA-D3-A2JC-06,Metastasis,0.9997962713241577,True
196,TCGA-D3-A51J-06,Metastasis,1,TCGA-D3-A1Q7-06,Metastasis,0.9997892379760742,True
196,TCGA-D3-A51J-06,Metastasis,2,TCGA-W3-AA1R-06,Metastasis,0.9993870854377747,True
196,TCGA-D3-A51J-06,Metastasis,3,TCGA-FS-A4F8-06,Metastasis,0.9992335438728333,True
196,TCGA-D3-A51J-06,Metastasis,4,TCGA-D3-A3MR-06,Metastasis,0.9992181062698364,True
196,TCGA-D3-A51J-06,Metastasis,5,TCGA-FW-A5DY-06,Metastasis,0.9992067813873291,True
196,TCGA-D3-A51J-06,Metastasis,6,TCGA-DA-A1HW-06,Metastasis,0.9991704225540161,True
196,TCGA-D3-A51J-06,Metastasis,7,TCGA-EE-A181-06,Metastasis,0.9991655945777893,True
196,TCGA-D3-A51J-06,Metastasis,8,TCGA-ER-A42L-06,Metastasis,0.998843789100647,True
196,TCGA-D3-A51J-06,Metastasis,9,TCGA-EE-A29M-06,Metastasis,0.9988049268722534,True
197,TCGA-FR-A728-01,Primary Tumor,0,TCGA-D9-A149-06,Metastasis,0.9998361468315125,False
197,TCGA-FR-A728-01,Primary Tumor,1,TCGA-FS-A1YW-06,Metastasis,0.9998078942298889,False
197,TCGA-FR-A728-01,Primary Tumor,2,TCGA-EE-A3J5-06,Metastasis,0.9997462034225464,False
197,TCGA-FR-A728-01,Primary Tumor,3,TCGA-FR-A3YN-06,Metastasis,0.9997196197509766,False
197,TCGA-FR-A728-01,Primary Tumor,4,TCGA-D9-A148-06,Metastasis,0.999695360660553,False
197,TCGA-FR-A728-01,Primary Tumor,5,TCGA-D3-A2JP-06,Metastasis,0.9991794228553772,False
197,TCGA-FR-A728-01,Primary Tumor,6,TCGA-ER-A193-06,Metastasis,0.9990221858024597,False
197,TCGA-FR-A728-01,Primary Tumor,7,TCGA-Z2-AA3S-06,Metastasis,0.9988728761672974,False
197,TCGA-FR-A728-01,Primary Tumor,8,TCGA-EB-A41A-01,Primary Tumor,0.9985101222991943,True
197,TCGA-FR-A728-01,Primary Tumor,9,TCGA-GN-A26D-06,Metastasis,0.9981130957603455,False
198,TCGA-FW-A5DX-01,Primary Tumor,0,TCGA-EE-A3JE-06,Metastasis,0.9999399781227112,False
198,TCGA-FW-A5DX-01,Primary Tumor,1,TCGA-FS-A1ZK-06,Metastasis,0.9995642304420471,False
198,TCGA-FW-A5DX-01,Primary Tumor,2,TCGA-EB-A44O-01,Primary Tumor,0.9994465708732605,True
198,TCGA-FW-A5DX-01,Primary Tumor,3,TCGA-EE-A3AD-06,Metastasis,0.9991289377212524,False
198,TCGA-FW-A5DX-01,Primary Tumor,4,TCGA-DA-A95V-06,Metastasis,0.9988285303115845,False
198,TCGA-FW-A5DX-01,Primary Tumor,5,TCGA-ER-A42K-06,Metastasis,0.9984100461006165,False
198,TCGA-FW-A5DX-01,Primary Tumor,6,TCGA-W3-A828-06,Metastasis,0.9983056783676147,False
198,TCGA-FW-A5DX-01,Primary Tumor,7,TCGA-FS-A1ZF-06,Metastasis,0.9982835054397583,False
198,TCGA-FW-A5DX-01,Primary Tumor,8,TCGA-W3-AA1O-06,Metastasis,0.9982766509056091,False
198,TCGA-FW-A5DX-01,Primary Tumor,9,TCGA-BF-A5EO-01,Primary Tumor,0.9978169798851013,True
199,TCGA-FR-A8YE-06,Metastasis,0,TCGA-YD-A9TA-06,Metastasis,0.9889403581619263,True
199,TCGA-FR-A8YE-06,Metastasis,1,TCGA-DA-A1IB-06,Metastasis,0.9861863255500793,True
199,TCGA-FR-A8YE-06,Metastasis,2,TCGA-ER-A19P-06,Metastasis,0.9751518368721008,True
199,TCGA-FR-A8YE-06,Metastasis,3,LE-037-RG-038_N,Benign Nevus,0.9535736441612244,False
199,TCGA-FR-A8YE-06,Metastasis,4,TCGA-FR-A729-06,Metastasis,0.9519495964050293,True
199,TCGA-FR-A8YE-06,Metastasis,5,TCGA-EB-A6R0-01,Primary Tumor,0.9506908655166626,False
199,TCGA-FR-A8YE-06,Metastasis,6,TCGA-W3-A825-06,Metastasis,0.9458274841308594,True
199,TCGA-FR-A8YE-06,Metastasis,7,TCGA-D3-A5GR-06,Metastasis,0.9448050856590271,True
199,TCGA-FR-A8YE-06,Metastasis,8,TCGA-FS-A1ZH-06,Metastasis,0.9423599243164062,True
199,TCGA-FR-A8YE-06,Metastasis,9,TCGA-D3-A8GD-06,Metastasis,0.9341328740119934,True
200,TCGA-D9-A3Z1-06,Metastasis,0,TCGA-D3-A2J7-06,Metastasis,0.9999644756317139,True
200,TCGA-D9-A3Z1-06,Metastasis,1,TCGA-ER-A3ET-06,Metastasis,0.9997835159301758,True
200,TCGA-D9-A3Z1-06,Metastasis,2,TCGA-EE-A29T-06,Metastasis,0.9996686577796936,True
200,TCGA-D9-A3Z1-06,Metastasis,3,TCGA-BF-A3DN-01,Primary Tumor,0.9996368288993835,False
200,TCGA-D9-A3Z1-06,Metastasis,4,TCGA-EE-A2MK-06,Metastasis,0.9995399117469788,True
200,TCGA-D9-A3Z1-06,Metastasis,5,TCGA-EE-A2MT-06,Metastasis,0.9995306730270386,True
200,TCGA-D9-A3Z1-06,Metastasis,6,TCGA-RP-A693-06,Metastasis,0.9995077848434448,True
200,TCGA-D9-A3Z1-06,Metastasis,7,TCGA-EE-A2M6-06,Metastasis,0.9994580745697021,True
200,TCGA-D9-A3Z1-06,Metastasis,8,TCGA-EE-A2MI-06,Metastasis,0.9993895888328552,True
200,TCGA-D9-A3Z1-06,Metastasis,9,TCGA-FR-A2OS-01,Primary Tumor,0.9993189573287964,False
201,TCGA-EE-A182-06,Metastasis,0,TCGA-EE-A3JA-06,Metastasis,0.9997278451919556,True
201,TCGA-EE-A182-06,Metastasis,1,TCGA-EE-A185-06,Metastasis,0.9996790289878845,True
201,TCGA-EE-A182-06,Metastasis,2,TCGA-ER-A3EV-06,Metastasis,0.999625563621521,True
201,TCGA-EE-A182-06,Metastasis,3,TCGA-ER-A19T-01,Primary Tumor,0.9995916485786438,False
201,TCGA-EE-A182-06,Metastasis,4,TCGA-D3-A8GR-06,Metastasis,0.9992968440055847,True
201,TCGA-EE-A182-06,Metastasis,5,TCGA-GN-A8LL-06,Metastasis,0.9992638826370239,True
201,TCGA-EE-A182-06,Metastasis,6,TCGA-EE-A20C-06,Metastasis,0.9991515278816223,True
201,TCGA-EE-A182-06,Metastasis,7,TCGA-D9-A4Z5-01,Primary Tumor,0.9991005063056946,False
201,TCGA-EE-A182-06,Metastasis,8,TCGA-GN-A262-06,Metastasis,0.9989660978317261,True
201,TCGA-EE-A182-06,Metastasis,9,TCGA-D3-A5GL-06,Metastasis,0.9988416433334351,True
202,TCGA-BF-AAP8-01,Primary Tumor,0,TCGA-D9-A6EC-06,Metastasis,0.9999780058860779,False
202,TCGA-BF-AAP8-01,Primary Tumor,1,TCGA-D3-A51K-06,Metastasis,0.9999030232429504,False
202,TCGA-BF-AAP8-01,Primary Tumor,2,TCGA-EE-A2GC-06,Metastasis,0.9998763799667358,False
202,TCGA-BF-AAP8-01,Primary Tumor,3,TCGA-LH-A9QB-06,Metastasis,0.999874472618103,False
202,TCGA-BF-AAP8-01,Primary Tumor,4,TCGA-FS-A4FB-06,Metastasis,0.9997376203536987,False
202,TCGA-BF-AAP8-01,Primary Tumor,5,TCGA-EE-A2GO-06,Metastasis,0.9996903538703918,False
202,TCGA-BF-AAP8-01,Primary Tumor,6,TCGA-EE-A2GR-06,Metastasis,0.9996674060821533,False
202,TCGA-BF-AAP8-01,Primary Tumor,7,TCGA-EE-A29A-06,Metastasis,0.9996573328971863,False
202,TCGA-BF-AAP8-01,Primary Tumor,8,TCGA-D3-A3C1-06,Metastasis,0.9996177554130554,False
202,TCGA-BF-AAP8-01,Primary Tumor,9,TCGA-D3-A2J6-06,Metastasis,0.9995921850204468,False
203,TCGA-WE-A8K5-06,Metastasis,0,TCGA-EE-A3J7-06,Metastasis,0.9999719262123108,True
203,TCGA-WE-A8K5-06,Metastasis,1,TCGA-YD-A9TB-06,Metastasis,0.9999136924743652,True
203,TCGA-WE-A8K5-06,Metastasis,2,TCGA-EE-A29S-06,Metastasis,0.999901294708252,True
203,TCGA-WE-A8K5-06,Metastasis,3,TCGA-DA-A95W-06,Metastasis,0.9998928308486938,True
203,TCGA-WE-A8K5-06,Metastasis,4,TCGA-EE-A184-06,Metastasis,0.9998413324356079,True
203,TCGA-WE-A8K5-06,Metastasis,5,TCGA-EE-A2MM-06,Metastasis,0.999825119972229,True
203,TCGA-WE-A8K5-06,Metastasis,6,TCGA-BF-A1PZ-01,Primary Tumor,0.9998177289962769,False
203,TCGA-WE-A8K5-06,Metastasis,7,TCGA-ER-A19Q-06,Metastasis,0.9998153448104858,True
203,TCGA-WE-A8K5-06,Metastasis,8,TCGA-RP-A6K9-06,Metastasis,0.9997997283935547,True
203,TCGA-WE-A8K5-06,Metastasis,9,TCGA-EE-A29D-06,Metastasis,0.9997962713241577,True
204,TCGA-EB-A430-01,Primary Tumor,0,TCGA-WE-AAA3-06,Metastasis,0.9997979402542114,False
204,TCGA-EB-A430-01,Primary Tumor,1,TCGA-FW-A3R5-06,Metastasis,0.9997228384017944,False
204,TCGA-EB-A430-01,Primary Tumor,2,TCGA-EE-A29X-06,Metastasis,0.9994425177574158,False
204,TCGA-EB-A430-01,Primary Tumor,3,TCGA-W3-AA1Q-06,Metastasis,0.9992995858192444,False
204,TCGA-EB-A430-01,Primary Tumor,4,TCGA-RP-A6K9-06,Metastasis,0.9990267753601074,False
204,TCGA-EB-A430-01,Primary Tumor,5,TCGA-EE-A2GM-06,Metastasis,0.9990016222000122,False
204,TCGA-EB-A430-01,Primary Tumor,6,TCGA-EE-A2MN-06,Metastasis,0.9988728761672974,False
204,TCGA-EB-A430-01,Primary Tumor,7,TCGA-EE-A184-06,Metastasis,0.9988417029380798,False
204,TCGA-EB-A430-01,Primary Tumor,8,TCGA-EB-A41B-01,Primary Tumor,0.9988329410552979,True
204,TCGA-EB-A430-01,Primary Tumor,9,TCGA-RP-A694-06,Metastasis,0.9987967014312744,False
205,TCGA-EE-A3AG-06,Metastasis,0,TCGA-BF-AAP6-01,Primary Tumor,0.9994875192642212,False
205,TCGA-EE-A3AG-06,Metastasis,1,TCGA-FS-A1Z3-06,Metastasis,0.9989356994628906,True
205,TCGA-EE-A3AG-06,Metastasis,2,TCGA-W3-A828-06,Metastasis,0.9988034963607788,True
205,TCGA-EE-A3AG-06,Metastasis,3,TCGA-D3-A3MV-06,Metastasis,0.9987998008728027,True
205,TCGA-EE-A3AG-06,Metastasis,4,TCGA-D3-A3C8-06,Metastasis,0.9987391233444214,True
205,TCGA-EE-A3AG-06,Metastasis,5,TCGA-D3-A2JN-06,Metastasis,0.9987202286720276,True
205,TCGA-EE-A3AG-06,Metastasis,6,TCGA-EB-A5SE-01,Primary Tumor,0.9982879757881165,False
205,TCGA-EE-A3AG-06,Metastasis,7,TCGA-FR-A7U9-06,Metastasis,0.9982395172119141,True
205,TCGA-EE-A3AG-06,Metastasis,8,TCGA-D3-A8GQ-06,Metastasis,0.9982002377510071,True
205,TCGA-EE-A3AG-06,Metastasis,9,TCGA-FS-A4F5-06,Metastasis,0.9979289174079895,True
206,TCGA-D3-A2JP-06,Metastasis,0,TCGA-Z2-AA3S-06,Metastasis,0.9999480247497559,True
206,TCGA-D3-A2JP-06,Metastasis,1,TCGA-D9-A148-06,Metastasis,0.9998399615287781,True
206,TCGA-D3-A2JP-06,Metastasis,2,TCGA-FS-A1YW-06,Metastasis,0.9997566342353821,True
206,TCGA-D3-A2JP-06,Metastasis,3,TCGA-FR-A3YN-06,Metastasis,0.9995638728141785,True
206,TCGA-D3-A2JP-06,Metastasis,4,TCGA-FS-A1Z7-06,Metastasis,0.9994359612464905,True
206,TCGA-D3-A2JP-06,Metastasis,5,TCGA-EE-A3J5-06,Metastasis,0.999427855014801,True
206,TCGA-D3-A2JP-06,Metastasis,6,TCGA-BF-AAP4-01,Primary Tumor,0.9992051124572754,False
206,TCGA-D3-A2JP-06,Metastasis,7,TCGA-FR-A728-01,Primary Tumor,0.9991794228553772,False
206,TCGA-D3-A2JP-06,Metastasis,8,TCGA-D9-A149-06,Metastasis,0.9989299178123474,True
206,TCGA-D3-A2JP-06,Metastasis,9,TCGA-ER-A193-06,Metastasis,0.9987619519233704,True
207,TCGA-ER-A199-06,Metastasis,0,TCGA-EE-A2MQ-06,Metastasis,0.9998357892036438,True
207,TCGA-ER-A199-06,Metastasis,1,TCGA-D3-A2JF-06,Metastasis,0.9997912049293518,True
207,TCGA-ER-A199-06,Metastasis,2,TCGA-EB-A5UM-01,Primary Tumor,0.999692976474762,False
207,TCGA-ER-A199-06,Metastasis,3,TCGA-EE-A2MF-06,Metastasis,0.9996815919876099,True
207,TCGA-ER-A199-06,Metastasis,4,TCGA-EE-A2ML-06,Metastasis,0.9995755553245544,True
207,TCGA-ER-A199-06,Metastasis,5,TCGA-GN-A26D-06,Metastasis,0.9995312690734863,True
207,TCGA-ER-A199-06,Metastasis,6,TCGA-EB-A41A-01,Primary Tumor,0.999439001083374,False
207,TCGA-ER-A199-06,Metastasis,7,TCGA-EE-A2GN-06,Metastasis,0.9993776082992554,True
207,TCGA-ER-A199-06,Metastasis,8,TCGA-WE-A8ZO-06,Metastasis,0.9992596507072449,True
207,TCGA-ER-A199-06,Metastasis,9,TCGA-EE-A2MM-06,Metastasis,0.9992471933364868,True
208,TCGA-FS-A1YW-06,Metastasis,0,TCGA-D9-A148-06,Metastasis,0.9999541640281677,True
208,TCGA-FS-A1YW-06,Metastasis,1,TCGA-FR-A3YN-06,Metastasis,0.9999078512191772,True
208,TCGA-FS-A1YW-06,Metastasis,2,TCGA-EE-A3J5-06,Metastasis,0.9998636245727539,True
208,TCGA-FS-A1YW-06,Metastasis,3,TCGA-FR-A728-01,Primary Tumor,0.9998078942298889,False
208,TCGA-FS-A1YW-06,Metastasis,4,TCGA-D3-A2JP-06,Metastasis,0.9997566342353821,True
208,TCGA-FS-A1YW-06,Metastasis,5,TCGA-D9-A149-06,Metastasis,0.9996615052223206,True
208,TCGA-FS-A1YW-06,Metastasis,6,TCGA-Z2-AA3S-06,Metastasis,0.9996060729026794,True
208,TCGA-FS-A1YW-06,Metastasis,7,TCGA-ER-A193-06,Metastasis,0.9989537000656128,True
208,TCGA-FS-A1YW-06,Metastasis,8,TCGA-FS-A1Z7-06,Metastasis,0.9988062381744385,True
208,TCGA-FS-A1YW-06,Metastasis,9,TCGA-EB-A41A-01,Primary Tumor,0.9985726475715637,False
209,TCGA-D3-A2JE-06,Metastasis,0,TCGA-XV-AAZY-01,Primary Tumor,0.9999088644981384,False
209,TCGA-D3-A2JE-06,Metastasis,1,TCGA-W3-AA21-06,Metastasis,0.9998505711555481,True
209,TCGA-D3-A2JE-06,Metastasis,2,TCGA-DA-A95Y-06,Metastasis,0.9998376965522766,True
209,TCGA-D3-A2JE-06,Metastasis,3,TCGA-EE-A29C-06,Metastasis,0.9997977018356323,True
209,TCGA-D3-A2JE-06,Metastasis,4,TCGA-D3-A8GP-06,Metastasis,0.9997880458831787,True
209,TCGA-D3-A2JE-06,Metastasis,5,TCGA-EE-A29L-06,Metastasis,0.9996849894523621,True
209,TCGA-D3-A2JE-06,Metastasis,6,TCGA-QB-A6FS-06,Metastasis,0.9996685981750488,True
209,TCGA-D3-A2JE-06,Metastasis,7,TCGA-BF-A5EP-01,Primary Tumor,0.9996198415756226,False
209,TCGA-D3-A2JE-06,Metastasis,8,TCGA-ER-A2NE-06,Metastasis,0.9995745420455933,True
209,TCGA-D3-A2JE-06,Metastasis,9,TCGA-YD-A89C-06,Metastasis,0.9995447397232056,True
210,TCGA-D9-A6EA-06,Metastasis,0,TCGA-DA-A1I4-06,Metastasis,0.9999852776527405,True
210,TCGA-D9-A6EA-06,Metastasis,1,TCGA-FW-A3TU-06,Metastasis,0.999953031539917,True
210,TCGA-D9-A6EA-06,Metastasis,2,TCGA-ER-A2NE-06,Metastasis,0.9998569488525391,True
210,TCGA-D9-A6EA-06,Metastasis,3,TCGA-GN-A264-06,Metastasis,0.9998375773429871,True
210,TCGA-D9-A6EA-06,Metastasis,4,TCGA-GF-A769-01,Primary Tumor,0.9998258352279663,False
210,TCGA-D9-A6EA-06,Metastasis,5,TCGA-GN-A4U3-06,Metastasis,0.9997795820236206,True
210,TCGA-D9-A6EA-06,Metastasis,6,TCGA-ER-A2NF-06,Metastasis,0.9996764659881592,True
210,TCGA-D9-A6EA-06,Metastasis,7,TCGA-YD-A89C-06,Metastasis,0.9996641278266907,True
210,TCGA-D9-A6EA-06,Metastasis,8,TCGA-ER-A3PL-06,Metastasis,0.9996452331542969,True
210,TCGA-D9-A6EA-06,Metastasis,9,TCGA-FS-A4F2-06,Metastasis,0.9996132850646973,True
211,TCGA-ER-A19W-06,Metastasis,0,TCGA-D3-A8GM-06,Metastasis,0.9998946189880371,True
211,TCGA-ER-A19W-06,Metastasis,1,TCGA-EE-A2M8-06,Metastasis,0.9997168779373169,True
211,TCGA-ER-A19W-06,Metastasis,2,TCGA-D3-A8GN-06,Metastasis,0.9996533989906311,True
211,TCGA-ER-A19W-06,Metastasis,3,TCGA-FS-A1ZQ-06,Metastasis,0.9995844960212708,True
211,TCGA-ER-A19W-06,Metastasis,4,TCGA-ER-A2NG-06,Metastasis,0.9995698928833008,True
211,TCGA-ER-A19W-06,Metastasis,5,TCGA-EE-A2GU-06,Metastasis,0.9994916915893555,True
211,TCGA-ER-A19W-06,Metastasis,6,TCGA-D3-A1Q8-06,Metastasis,0.9993798136711121,True
211,TCGA-ER-A19W-06,Metastasis,7,TCGA-GN-A8LN-01,Primary Tumor,0.9992635250091553,False
211,TCGA-ER-A19W-06,Metastasis,8,TCGA-ER-A19S-06,Metastasis,0.9992544054985046,True
211,TCGA-ER-A19W-06,Metastasis,9,TCGA-OD-A75X-06,Metastasis,0.99923175573349,True
212,TCGA-D3-A8GS-06,Metastasis,0,TCGA-EE-A2A0-06,Metastasis,0.9995958805084229,True
212,TCGA-D3-A8GS-06,Metastasis,1,TCGA-GF-A4EO-06,Metastasis,0.9995277523994446,True
212,TCGA-D3-A8GS-06,Metastasis,2,TCGA-ER-A2NF-01,Primary Tumor,0.999434232711792,False
212,TCGA-D3-A8GS-06,Metastasis,3,TCGA-DA-A1HY-06,Metastasis,0.9993926882743835,True
212,TCGA-D3-A8GS-06,Metastasis,4,TCGA-EE-A2M7-06,Metastasis,0.9992580413818359,True
212,TCGA-D3-A8GS-06,Metastasis,5,TCGA-EE-A2ME-06,Metastasis,0.9988430738449097,True
212,TCGA-D3-A8GS-06,Metastasis,6,TCGA-ER-A19B-06,Metastasis,0.9988337159156799,True
212,TCGA-D3-A8GS-06,Metastasis,7,TCGA-BF-AAP7-01,Primary Tumor,0.9986771941184998,False
212,TCGA-D3-A8GS-06,Metastasis,8,TCGA-D3-A2JA-06,Metastasis,0.9984716176986694,True
212,TCGA-D3-A8GS-06,Metastasis,9,TCGA-D3-A5GN-06,Metastasis,0.9984537363052368,True
213,TCGA-EE-A3J3-06,Metastasis,0,TCGA-EB-A5UL-06,Metastasis,0.9991595149040222,True
213,TCGA-EE-A3J3-06,Metastasis,1,TCGA-GN-A4U8-06,Metastasis,0.998794674873352,True
213,TCGA-EE-A3J3-06,Metastasis,2,TCGA-BF-AAP0-06,Metastasis,0.9987128973007202,True
213,TCGA-EE-A3J3-06,Metastasis,3,TCGA-GN-A9SD-06,Metastasis,0.9962238073348999,True
213,TCGA-EE-A3J3-06,Metastasis,4,TCGA-EE-A2A2-06,Metastasis,0.9956192970275879,True
213,TCGA-EE-A3J3-06,Metastasis,5,TCGA-EE-A20F-06,Metastasis,0.9951801300048828,True
213,TCGA-EE-A3J3-06,Metastasis,6,TCGA-EE-A2GL-06,Metastasis,0.9950994253158569,True
213,TCGA-EE-A3J3-06,Metastasis,7,TCGA-EE-A2A6-06,Metastasis,0.9939208030700684,True
213,TCGA-EE-A3J3-06,Metastasis,8,TCGA-D3-A3CF-06,Metastasis,0.9938668012619019,True
213,TCGA-EE-A3J3-06,Metastasis,9,TCGA-D9-A1JX-06,Metastasis,0.993318498134613,True
214,TCGA-FS-A1ZW-06,Metastasis,0,TCGA-EE-A3AH-06,Metastasis,0.9996880292892456,True
214,TCGA-FS-A1ZW-06,Metastasis,1,TCGA-D3-A2JN-06,Metastasis,0.9994328618049622,True
214,TCGA-FS-A1ZW-06,Metastasis,2,TCGA-D3-A8GE-06,Metastasis,0.9992243051528931,True
214,TCGA-FS-A1ZW-06,Metastasis,3,TCGA-D3-A3CC-06,Metastasis,0.9991462230682373,True
214,TCGA-FS-A1ZW-06,Metastasis,4,TCGA-EB-A431-01,Primary Tumor,0.9990504384040833,False
214,TCGA-FS-A1ZW-06,Metastasis,5,TCGA-EE-A3JH-06,Metastasis,0.9989117383956909,True
214,TCGA-FS-A1ZW-06,Metastasis,6,TCGA-D3-A3CB-06,Metastasis,0.9988654851913452,True
214,TCGA-FS-A1ZW-06,Metastasis,7,TCGA-ER-A19E-06,Metastasis,0.9988390803337097,True
214,TCGA-FS-A1ZW-06,Metastasis,8,TCGA-ER-A197-06,Metastasis,0.9983747601509094,True
214,TCGA-FS-A1ZW-06,Metastasis,9,TCGA-EE-A3AB-06,Metastasis,0.9983133673667908,True
215,TCGA-D3-A1Q4-06,Metastasis,0,TCGA-WE-A8JZ-06,Metastasis,0.999920129776001,True
215,TCGA-D3-A1Q4-06,Metastasis,1,TCGA-ER-A19M-06,Metastasis,0.9998791217803955,True
215,TCGA-D3-A1Q4-06,Metastasis,2,TCGA-WE-AA9Y-06,Metastasis,0.9998371601104736,True
215,TCGA-D3-A1Q4-06,Metastasis,3,TCGA-3N-A9WD-06,Metastasis,0.9998288154602051,True
215,TCGA-D3-A1Q4-06,Metastasis,4,TCGA-D3-A8GO-06,Metastasis,0.9998190402984619,True
215,TCGA-D3-A1Q4-06,Metastasis,5,TCGA-3N-A9WC-06,Metastasis,0.9997768998146057,True
215,TCGA-D3-A1Q4-06,Metastasis,6,TCGA-D9-A3Z4-01,Primary Tumor,0.9997158646583557,False
215,TCGA-D3-A1Q4-06,Metastasis,7,TCGA-DA-A3F8-06,Metastasis,0.9996964335441589,True
215,TCGA-D3-A1Q4-06,Metastasis,8,TCGA-D3-A8GM-06,Metastasis,0.9994168281555176,True
215,TCGA-D3-A1Q4-06,Metastasis,9,TCGA-EE-A2GU-06,Metastasis,0.9994049072265625,True
216,TCGA-EE-A2M8-06,Metastasis,0,TCGA-ER-A2NG-06,Metastasis,0.999826967716217,True
216,TCGA-EE-A2M8-06,Metastasis,1,TCGA-D3-A5GN-06,Metastasis,0.9997799396514893,True
216,TCGA-EE-A2M8-06,Metastasis,2,TCGA-ER-A19W-06,Metastasis,0.9997168779373169,True
216,TCGA-EE-A2M8-06,Metastasis,3,TCGA-D3-A8GN-06,Metastasis,0.9994940161705017,True
216,TCGA-EE-A2M8-06,Metastasis,4,TCGA-D3-A2JA-06,Metastasis,0.999457061290741,True
216,TCGA-EE-A2M8-06,Metastasis,5,TCGA-GN-A8LN-01,Primary Tumor,0.9994475245475769,False
216,TCGA-EE-A2M8-06,Metastasis,6,TCGA-D3-A8GM-06,Metastasis,0.9993137717247009,True
216,TCGA-EE-A2M8-06,Metastasis,7,TCGA-EE-A3JB-06,Metastasis,0.9992953538894653,True
216,TCGA-EE-A2M8-06,Metastasis,8,TCGA-FS-A1ZQ-06,Metastasis,0.9992170929908752,True
216,TCGA-EE-A2M8-06,Metastasis,9,TCGA-D3-A1Q9-06,Metastasis,0.9990839958190918,True
217,TCGA-EE-A2M7-06,Metastasis,0,TCGA-EE-A2A0-06,Metastasis,0.9998783469200134,True
217,TCGA-EE-A2M7-06,Metastasis,1,TCGA-ER-A19B-06,Metastasis,0.9994720816612244,True
217,TCGA-EE-A2M7-06,Metastasis,2,TCGA-GF-A4EO-06,Metastasis,0.9993448853492737,True
217,TCGA-EE-A2M7-06,Metastasis,3,TCGA-D9-A3Z3-06,Metastasis,0.9992865324020386,True
217,TCGA-EE-A2M7-06,Metastasis,4,TCGA-D3-A8GS-06,Metastasis,0.9992580413818359,True
217,TCGA-EE-A2M7-06,Metastasis,5,TCGA-BF-AAP7-01,Primary Tumor,0.9992440342903137,False
217,TCGA-EE-A2M7-06,Metastasis,6,TCGA-DA-A1HY-06,Metastasis,0.9990240931510925,True
217,TCGA-EE-A2M7-06,Metastasis,7,TCGA-D3-A2JA-06,Metastasis,0.9987936019897461,True
217,TCGA-EE-A2M7-06,Metastasis,8,TCGA-GN-A8LN-01,Primary Tumor,0.9982415437698364,False
217,TCGA-EE-A2M7-06,Metastasis,9,TCGA-D3-A51N-06,Metastasis,0.9982194304466248,True
218,TCGA-ER-A198-06,Metastasis,0,TCGA-FR-A8YD-06,Metastasis,0.9999690651893616,True
218,TCGA-ER-A198-06,Metastasis,1,TCGA-EE-A2GM-06,Metastasis,0.9999655485153198,True
218,TCGA-ER-A198-06,Metastasis,2,TCGA-EE-A2MN-06,Metastasis,0.9999529123306274,True
218,TCGA-ER-A198-06,Metastasis,3,TCGA-FS-A1ZP-06,Metastasis,0.9998762011528015,True
218,TCGA-ER-A198-06,Metastasis,4,TCGA-EB-A41B-01,Primary Tumor,0.9998216032981873,False
218,TCGA-ER-A198-06,Metastasis,5,TCGA-EE-A29X-06,Metastasis,0.9997448325157166,True
218,TCGA-ER-A198-06,Metastasis,6,TCGA-D3-A2JG-06,Metastasis,0.999725878238678,True
218,TCGA-ER-A198-06,Metastasis,7,TCGA-D3-A1QA-06,Metastasis,0.9997246265411377,True
218,TCGA-ER-A198-06,Metastasis,8,TCGA-BF-A1PV-01,Primary Tumor,0.9996302723884583,False
218,TCGA-ER-A198-06,Metastasis,9,TCGA-FS-A4FD-06,Metastasis,0.9996286034584045,True
219,TCGA-EE-A3JD-06,Metastasis,0,TCGA-EE-A29W-06,Metastasis,0.999758780002594,True
219,TCGA-EE-A3JD-06,Metastasis,1,TCGA-FS-A4F0-06,Metastasis,0.9994212985038757,True
219,TCGA-EE-A3JD-06,Metastasis,2,TCGA-D3-A51G-06,Metastasis,0.9993399977684021,True
219,TCGA-EE-A3JD-06,Metastasis,3,TCGA-FS-A1ZD-06,Metastasis,0.9990365505218506,True
219,TCGA-EE-A3JD-06,Metastasis,4,TCGA-EB-A82C-01,Primary Tumor,0.9988412261009216,False
219,TCGA-EE-A3JD-06,Metastasis,5,TCGA-EE-A29V-06,Metastasis,0.9987253546714783,True
219,TCGA-EE-A3JD-06,Metastasis,6,TCGA-FS-A1ZE-06,Metastasis,0.9983510375022888,True
219,TCGA-EE-A3JD-06,Metastasis,7,TCGA-BF-A5EO-01,Primary Tumor,0.9983430504798889,False
219,TCGA-EE-A3JD-06,Metastasis,8,TCGA-EB-A5UN-06,Metastasis,0.9982380867004395,True
219,TCGA-EE-A3JD-06,Metastasis,9,TCGA-D9-A4Z6-06,Metastasis,0.9982208609580994,True
220,TCGA-BF-AAP4-01,Primary Tumor,0,TCGA-FS-A1Z7-06,Metastasis,0.9999579191207886,False
220,TCGA-BF-AAP4-01,Primary Tumor,1,TCGA-D3-A1QA-07,Metastasis,0.9998292326927185,False
220,TCGA-BF-AAP4-01,Primary Tumor,2,TCGA-Z2-AA3S-06,Metastasis,0.9995219707489014,False
220,TCGA-BF-AAP4-01,Primary Tumor,3,TCGA-D3-A2J8-06,Metastasis,0.9993791580200195,False
220,TCGA-BF-AAP4-01,Primary Tumor,4,TCGA-EE-A2GH-06,Metastasis,0.9992782473564148,False
220,TCGA-BF-AAP4-01,Primary Tumor,5,TCGA-D3-A2JP-06,Metastasis,0.9992051124572754,False
220,TCGA-BF-AAP4-01,Primary Tumor,6,TCGA-ER-A19G-06,Metastasis,0.9991681575775146,False
220,TCGA-BF-AAP4-01,Primary Tumor,7,TCGA-WE-AA9Y-06,Metastasis,0.9989562034606934,False
220,TCGA-BF-AAP4-01,Primary Tumor,8,TCGA-EE-A3AA-06,Metastasis,0.998795211315155,False
220,TCGA-BF-AAP4-01,Primary Tumor,9,TCGA-DA-A3F8-06,Metastasis,0.9987422823905945,False
221,TCGA-GN-A263-01,Primary Tumor,0,TCGA-D3-A3C1-06,Metastasis,0.9999343752861023,False
221,TCGA-GN-A263-01,Primary Tumor,1,TCGA-EE-A2GR-06,Metastasis,0.9998643398284912,False
221,TCGA-GN-A263-01,Primary Tumor,2,TCGA-YG-AA3P-06,Metastasis,0.9998480677604675,False
221,TCGA-GN-A263-01,Primary Tumor,3,TCGA-FR-A7U8-06,Metastasis,0.9998123645782471,False
221,TCGA-GN-A263-01,Primary Tumor,4,TCGA-BF-A1PU-01,Primary Tumor,0.9997771978378296,True
221,TCGA-GN-A263-01,Primary Tumor,5,TCGA-EB-A4OY-01,Primary Tumor,0.999681830406189,True
221,TCGA-GN-A263-01,Primary Tumor,6,TCGA-D3-A8GK-06,Metastasis,0.999563992023468,False
221,TCGA-GN-A263-01,Primary Tumor,7,TCGA-GN-A262-06,Metastasis,0.9994394779205322,False
221,TCGA-GN-A263-01,Primary Tumor,8,TCGA-LH-A9QB-06,Metastasis,0.9993795156478882,False
221,TCGA-GN-A263-01,Primary Tumor,9,TCGA-D3-A3ML-06,Metastasis,0.9993433356285095,False
222,TCGA-EE-A181-06,Metastasis,0,TCGA-D3-A51F-06,Metastasis,0.999818742275238,True
222,TCGA-EE-A181-06,Metastasis,1,TCGA-FS-A4F8-06,Metastasis,0.9997738599777222,True
222,TCGA-EE-A181-06,Metastasis,2,TCGA-EE-A2MJ-06,Metastasis,0.9997222423553467,True
222,TCGA-EE-A181-06,Metastasis,3,TCGA-EE-A29M-06,Metastasis,0.9996809363365173,True
222,TCGA-EE-A181-06,Metastasis,4,TCGA-WE-A8ZY-06,Metastasis,0.9996093511581421,True
222,TCGA-EE-A181-06,Metastasis,5,TCGA-ER-A42L-06,Metastasis,0.9996069669723511,True
222,TCGA-EE-A181-06,Metastasis,6,TCGA-W3-AA1R-06,Metastasis,0.9995564222335815,True
222,TCGA-EE-A181-06,Metastasis,7,TCGA-ER-A19S-06,Metastasis,0.9995370507240295,True
222,TCGA-EE-A181-06,Metastasis,8,TCGA-EE-A29H-06,Metastasis,0.9994973540306091,True
222,TCGA-EE-A181-06,Metastasis,9,TCGA-D3-A1Q7-06,Metastasis,0.9994633197784424,True
223,TCGA-DA-A3F3-06,Metastasis,0,TCGA-D3-A3C3-06,Metastasis,0.9998164772987366,True
223,TCGA-DA-A3F3-06,Metastasis,1,TCGA-ER-A2NC-06,Metastasis,0.999799370765686,True
223,TCGA-DA-A3F3-06,Metastasis,2,TCGA-D3-A3BZ-06,Metastasis,0.999764084815979,True
223,TCGA-DA-A3F3-06,Metastasis,3,TCGA-EB-A3Y6-01,Primary Tumor,0.9997422695159912,False
223,TCGA-DA-A3F3-06,Metastasis,4,TCGA-EE-A2MU-06,Metastasis,0.9997288584709167,True
223,TCGA-DA-A3F3-06,Metastasis,5,TCGA-EE-A29P-06,Metastasis,0.9996721148490906,True
223,TCGA-DA-A3F3-06,Metastasis,6,TCGA-W3-AA1W-06,Metastasis,0.9996562600135803,True
223,TCGA-DA-A3F3-06,Metastasis,7,TCGA-WE-A8ZT-06,Metastasis,0.9994722604751587,True
223,TCGA-DA-A3F3-06,Metastasis,8,TCGA-D3-A51E-06,Metastasis,0.9992232322692871,True
223,TCGA-DA-A3F3-06,Metastasis,9,TCGA-EE-A2ML-06,Metastasis,0.9991065859794617,True
224,TCGA-EB-A1NK-01,Primary Tumor,0,TCGA-FS-A1ZB-06,Metastasis,0.9990271329879761,False
224,TCGA-EB-A1NK-01,Primary Tumor,1,TCGA-GN-A26A-06,Metastasis,0.998951256275177,False
224,TCGA-EB-A1NK-01,Primary Tumor,2,TCGA-EB-A5SE-01,Primary Tumor,0.9984750151634216,True
224,TCGA-EB-A1NK-01,Primary Tumor,3,TCGA-DA-A1I8-06,Metastasis,0.9983474612236023,False
224,TCGA-EB-A1NK-01,Primary Tumor,4,TCGA-ER-A19K-01,Primary Tumor,0.9982107281684875,True
224,TCGA-EB-A1NK-01,Primary Tumor,5,TCGA-XV-A9W5-01,Primary Tumor,0.9980149269104004,True
224,TCGA-EB-A1NK-01,Primary Tumor,6,TCGA-FR-A7U9-06,Metastasis,0.9979875087738037,False
224,TCGA-EB-A1NK-01,Primary Tumor,7,TCGA-GF-A2C7-01,Primary Tumor,0.9973644614219666,True
224,TCGA-EB-A1NK-01,Primary Tumor,8,TCGA-D3-A3MO-06,Metastasis,0.9973328709602356,False
224,TCGA-EB-A1NK-01,Primary Tumor,9,TCGA-W3-AA1V-06,Metastasis,0.9968820810317993,False
225,TCGA-ER-A19P-06,Metastasis,0,TCGA-FR-A729-06,Metastasis,0.9959776997566223,True
225,TCGA-ER-A19P-06,Metastasis,1,TCGA-D3-A5GR-06,Metastasis,0.9935814142227173,True
225,TCGA-ER-A19P-06,Metastasis,2,TCGA-DA-A1IB-06,Metastasis,0.9910129308700562,True
225,TCGA-ER-A19P-06,Metastasis,3,TCGA-FS-A1ZH-06,Metastasis,0.9899784326553345,True
225,TCGA-ER-A19P-06,Metastasis,4,TCGA-D3-A8GD-06,Metastasis,0.9897657632827759,True
225,TCGA-ER-A19P-06,Metastasis,5,TCGA-W3-A825-06,Metastasis,0.9888079762458801,True
225,TCGA-ER-A19P-06,Metastasis,6,TCGA-Z2-A8RT-06,Metastasis,0.9820501804351807,True
225,TCGA-ER-A19P-06,Metastasis,7,TCGA-EE-A29N-06,Metastasis,0.9806755185127258,True
225,TCGA-ER-A19P-06,Metastasis,8,TCGA-D3-A2JB-06,Metastasis,0.97833251953125,True
225,TCGA-ER-A19P-06,Metastasis,9,TCGA-EB-A6R0-01,Primary Tumor,0.9760464429855347,False
226,TCGA-EE-A29G-06,Metastasis,0,LE-029-SE-030_N,Benign Nevus,0.981148362159729,False
226,TCGA-EE-A29G-06,Metastasis,1,TCGA-EB-A44N-01,Primary Tumor,0.9769604206085205,False
226,TCGA-EE-A29G-06,Metastasis,2,TCGA-EB-A299-01,Primary Tumor,0.9758157134056091,False
226,TCGA-EE-A29G-06,Metastasis,3,031_N,Benign Nevus,0.9699755311012268,False
226,TCGA-EE-A29G-06,Metastasis,4,TCGA-EB-A4XL-01,Primary Tumor,0.9699267148971558,False
226,TCGA-EE-A29G-06,Metastasis,5,TCGA-FR-A726-01,Primary Tumor,0.9674047827720642,False
226,TCGA-EE-A29G-06,Metastasis,6,018_N,Benign Nevus,0.9611929059028625,False
226,TCGA-EE-A29G-06,Metastasis,7,LE-117-RB-118_N,Benign Nevus,0.959046483039856,False
226,TCGA-EE-A29G-06,Metastasis,8,TCGA-EB-A6QY-01,Primary Tumor,0.9519341588020325,False
226,TCGA-EE-A29G-06,Metastasis,9,TCGA-GN-A4U5-01,Primary Tumor,0.9508591294288635,False
227,TCGA-BF-AAP7-01,Primary Tumor,0,TCGA-DA-A1HY-06,Metastasis,0.9996669888496399,False
227,TCGA-BF-AAP7-01,Primary Tumor,1,TCGA-EE-A2M7-06,Metastasis,0.9992440342903137,False
227,TCGA-BF-AAP7-01,Primary Tumor,2,TCGA-EE-A2A0-06,Metastasis,0.9988870024681091,False
227,TCGA-BF-AAP7-01,Primary Tumor,3,TCGA-ER-A2NF-01,Primary Tumor,0.9988309741020203,True
227,TCGA-BF-AAP7-01,Primary Tumor,4,TCGA-D3-A8GS-06,Metastasis,0.9986771941184998,False
227,TCGA-BF-AAP7-01,Primary Tumor,5,TCGA-GF-A4EO-06,Metastasis,0.9980084300041199,False
227,TCGA-BF-AAP7-01,Primary Tumor,6,TCGA-ER-A19B-06,Metastasis,0.9978920221328735,False
227,TCGA-BF-AAP7-01,Primary Tumor,7,TCGA-ER-A19E-06,Metastasis,0.9976022243499756,False
227,TCGA-BF-AAP7-01,Primary Tumor,8,TCGA-D9-A3Z3-06,Metastasis,0.9972422122955322,False
227,TCGA-BF-AAP7-01,Primary Tumor,9,TCGA-EE-A2ME-06,Metastasis,0.9971032738685608,False
228,TCGA-DA-A1I0-06,Metastasis,0,TCGA-ER-A19T-06,Metastasis,0.9999406337738037,True
228,TCGA-DA-A1I0-06,Metastasis,1,TCGA-FS-A4F4-06,Metastasis,0.9998887777328491,True
228,TCGA-DA-A1I0-06,Metastasis,2,TCGA-EB-A5SH-06,Metastasis,0.9998356699943542,True
228,TCGA-DA-A1I0-06,Metastasis,3,TCGA-FS-A1YY-06,Metastasis,0.9996653199195862,True
228,TCGA-DA-A1I0-06,Metastasis,4,TCGA-D3-A3ML-06,Metastasis,0.9996544718742371,True
228,TCGA-DA-A1I0-06,Metastasis,5,TCGA-EE-A3AF-06,Metastasis,0.9996516108512878,True
228,TCGA-DA-A1I0-06,Metastasis,6,TCGA-BF-A5ES-01,Primary Tumor,0.9995366930961609,False
228,TCGA-DA-A1I0-06,Metastasis,7,TCGA-EB-A5KH-06,Metastasis,0.9995355010032654,True
228,TCGA-DA-A1I0-06,Metastasis,8,TCGA-EE-A17X-06,Metastasis,0.9995077252388,True
228,TCGA-DA-A1I0-06,Metastasis,9,TCGA-EB-A4OY-01,Primary Tumor,0.9994270205497742,False
229,TCGA-FS-A1ZN-01,Primary Tumor,0,TCGA-GN-A4U5-01,Primary Tumor,0.9906182289123535,True
229,TCGA-FS-A1ZN-01,Primary Tumor,1,TCGA-FW-A3I3-06,Metastasis,0.9865456223487854,False
229,TCGA-FS-A1ZN-01,Primary Tumor,2,TCGA-D3-A1Q5-06,Metastasis,0.9855394959449768,False
229,TCGA-FS-A1ZN-01,Primary Tumor,3,TCGA-ER-A19A-06,Metastasis,0.9819398522377014,False
229,TCGA-FS-A1ZN-01,Primary Tumor,4,TCGA-FR-A726-01,Primary Tumor,0.9802929162979126,True
229,TCGA-FS-A1ZN-01,Primary Tumor,5,LE-117-RB-118_N,Benign Nevus,0.979335367679596,False
229,TCGA-FS-A1ZN-01,Primary Tumor,6,018_N,Benign Nevus,0.9781913757324219,False
229,TCGA-FS-A1ZN-01,Primary Tumor,7,TCGA-EB-A6QY-01,Primary Tumor,0.9727730751037598,True
229,TCGA-FS-A1ZN-01,Primary Tumor,8,TCGA-FR-A7UA-06,Metastasis,0.9718035459518433,False
229,TCGA-FS-A1ZN-01,Primary Tumor,9,TCGA-BF-A3DJ-01,Primary Tumor,0.9655622839927673,True
230,TCGA-GN-A9SD-06,Metastasis,0,TCGA-D3-A3CF-06,Metastasis,0.9996151328086853,True
230,TCGA-GN-A9SD-06,Metastasis,1,TCGA-EE-A2GL-06,Metastasis,0.9995914101600647,True
230,TCGA-GN-A9SD-06,Metastasis,2,TCGA-EE-A2A2-06,Metastasis,0.999517023563385,True
230,TCGA-GN-A9SD-06,Metastasis,3,TCGA-D9-A1JX-06,Metastasis,0.9994722604751587,True
230,TCGA-GN-A9SD-06,Metastasis,4,TCGA-GN-A4U8-06,Metastasis,0.9992519021034241,True
230,TCGA-GN-A9SD-06,Metastasis,5,TCGA-EB-A5UL-06,Metastasis,0.9984945058822632,True
230,TCGA-GN-A9SD-06,Metastasis,6,TCGA-EE-A2A6-06,Metastasis,0.9981046319007874,True
230,TCGA-GN-A9SD-06,Metastasis,7,TCGA-BF-AAP0-06,Metastasis,0.997739315032959,True
230,TCGA-GN-A9SD-06,Metastasis,8,TCGA-HR-A2OG-06,Metastasis,0.9976498484611511,True
230,TCGA-GN-A9SD-06,Metastasis,9,TCGA-FS-A1ZT-06,Metastasis,0.9975465536117554,True
231,TCGA-EE-A29T-06,Metastasis,0,TCGA-FS-A1ZF-06,Metastasis,0.9997825026512146,True
231,TCGA-EE-A29T-06,Metastasis,1,TCGA-ER-A42K-06,Metastasis,0.9997594356536865,True
231,TCGA-EE-A29T-06,Metastasis,2,TCGA-ER-A3ET-06,Metastasis,0.999758243560791,True
231,TCGA-EE-A29T-06,Metastasis,3,TCGA-D3-A2J7-06,Metastasis,0.9997485876083374,True
231,TCGA-EE-A29T-06,Metastasis,4,TCGA-D9-A3Z1-06,Metastasis,0.9996686577796936,True
231,TCGA-EE-A29T-06,Metastasis,5,TCGA-BF-A3DN-01,Primary Tumor,0.9992929697036743,False
231,TCGA-EE-A29T-06,Metastasis,6,TCGA-FR-A2OS-01,Primary Tumor,0.9992769956588745,False
231,TCGA-EE-A29T-06,Metastasis,7,TCGA-EE-A2M6-06,Metastasis,0.999214768409729,True
231,TCGA-EE-A29T-06,Metastasis,8,TCGA-ER-A19C-06,Metastasis,0.9991450309753418,True
231,TCGA-EE-A29T-06,Metastasis,9,TCGA-EB-A5SG-06,Metastasis,0.9988842606544495,True
232,TCGA-D9-A6E9-06,Metastasis,0,TCGA-QB-AA9O-06,Metastasis,0.9999500513076782,True
232,TCGA-D9-A6E9-06,Metastasis,1,TCGA-EE-A29R-06,Metastasis,0.9998875260353088,True
232,TCGA-D9-A6E9-06,Metastasis,2,TCGA-EB-A42Y-01,Primary Tumor,0.9998210668563843,False
232,TCGA-D9-A6E9-06,Metastasis,3,TCGA-GN-A264-06,Metastasis,0.9997888803482056,True
232,TCGA-D9-A6E9-06,Metastasis,4,TCGA-GF-A769-01,Primary Tumor,0.9996859431266785,False
232,TCGA-D9-A6E9-06,Metastasis,5,TCGA-EE-A2GJ-06,Metastasis,0.9995714426040649,True
232,TCGA-D9-A6E9-06,Metastasis,6,TCGA-ER-A3PL-06,Metastasis,0.9995714426040649,True
232,TCGA-D9-A6E9-06,Metastasis,7,TCGA-D3-A2JL-06,Metastasis,0.9995688199996948,True
232,TCGA-D9-A6E9-06,Metastasis,8,TCGA-EE-A17Y-06,Metastasis,0.9994370937347412,True
232,TCGA-D9-A6E9-06,Metastasis,9,TCGA-FS-A4F2-06,Metastasis,0.9993882775306702,True
233,TCGA-EB-A51B-01,Primary Tumor,0,TCGA-BF-A3DM-01,Primary Tumor,0.9994211792945862,True
233,TCGA-EB-A51B-01,Primary Tumor,1,TCGA-FS-A4F0-06,Metastasis,0.9990575909614563,False
233,TCGA-EB-A51B-01,Primary Tumor,2,TCGA-D3-A8GL-06,Metastasis,0.9990389943122864,False
233,TCGA-EB-A51B-01,Primary Tumor,3,TCGA-BF-AAOX-01,Primary Tumor,0.9988816380500793,True
233,TCGA-EB-A51B-01,Primary Tumor,4,TCGA-EE-A29W-06,Metastasis,0.9981311559677124,False
233,TCGA-EB-A51B-01,Primary Tumor,5,TCGA-EE-A3JD-06,Metastasis,0.9980756640434265,False
233,TCGA-EB-A51B-01,Primary Tumor,6,TCGA-DA-A1IC-06,Metastasis,0.997986376285553,False
233,TCGA-EB-A51B-01,Primary Tumor,7,TCGA-FS-A1ZC-06,Metastasis,0.9977927207946777,False
233,TCGA-EB-A51B-01,Primary Tumor,8,TCGA-EE-A2M5-06,Metastasis,0.9972540736198425,False
233,TCGA-EB-A51B-01,Primary Tumor,9,TCGA-GF-A3OT-06,Metastasis,0.9971715211868286,False
234,TCGA-BF-A1Q0-01,Primary Tumor,0,TCGA-DA-A1I1-06,Metastasis,0.9998781681060791,False
234,TCGA-BF-A1Q0-01,Primary Tumor,1,TCGA-EE-A29Q-06,Metastasis,0.9997767210006714,False
234,TCGA-BF-A1Q0-01,Primary Tumor,2,TCGA-WE-AAA0-06,Metastasis,0.9993959665298462,False
234,TCGA-BF-A1Q0-01,Primary Tumor,3,TCGA-EE-A3AC-06,Metastasis,0.9993483424186707,False
234,TCGA-BF-A1Q0-01,Primary Tumor,4,TCGA-EE-A29M-06,Metastasis,0.9992403388023376,False
234,TCGA-BF-A1Q0-01,Primary Tumor,5,TCGA-ER-A42L-06,Metastasis,0.999160885810852,False
234,TCGA-BF-A1Q0-01,Primary Tumor,6,TCGA-EE-A2MJ-06,Metastasis,0.9991437792778015,False
234,TCGA-BF-A1Q0-01,Primary Tumor,7,TCGA-FS-A1Z0-06,Metastasis,0.9988107085227966,False
234,TCGA-BF-A1Q0-01,Primary Tumor,8,TCGA-D3-A8GJ-06,Metastasis,0.9987974762916565,False
234,TCGA-BF-A1Q0-01,Primary Tumor,9,TCGA-EE-A2GI-06,Metastasis,0.9985779523849487,False
235,TCGA-EE-A2GH-06,Metastasis,0,TCGA-D3-A2J8-06,Metastasis,0.9999808073043823,True
235,TCGA-EE-A2GH-06,Metastasis,1,TCGA-ER-A19G-06,Metastasis,0.9998825788497925,True
235,TCGA-EE-A2GH-06,Metastasis,2,TCGA-D3-A1QA-07,Metastasis,0.9997208118438721,True
235,TCGA-EE-A2GH-06,Metastasis,3,TCGA-ER-A19N-06,Metastasis,0.9994502067565918,True
235,TCGA-EE-A2GH-06,Metastasis,4,TCGA-FR-A8YC-06,Metastasis,0.9994486570358276,True
235,TCGA-EE-A2GH-06,Metastasis,5,TCGA-EE-A3AA-06,Metastasis,0.9993430376052856,True
235,TCGA-EE-A2GH-06,Metastasis,6,TCGA-BF-AAP4-01,Primary Tumor,0.9992782473564148,False
235,TCGA-EE-A2GH-06,Metastasis,7,TCGA-EE-A2MD-06,Metastasis,0.9991928339004517,True
235,TCGA-EE-A2GH-06,Metastasis,8,TCGA-WE-A8K4-01,Primary Tumor,0.999170184135437,False
235,TCGA-EE-A2GH-06,Metastasis,9,TCGA-EB-A44Q-06,Metastasis,0.9991613626480103,True
236,TCGA-D3-A1Q6-06,Metastasis,0,TCGA-BF-A1PX-01,Primary Tumor,0.9998372197151184,False
236,TCGA-D3-A1Q6-06,Metastasis,1,TCGA-BF-A3DJ-01,Primary Tumor,0.9988754391670227,False
236,TCGA-D3-A1Q6-06,Metastasis,2,TCGA-FS-A4FC-06,Metastasis,0.995211660861969,True
236,TCGA-D3-A1Q6-06,Metastasis,3,TCGA-GN-A4U9-06,Metastasis,0.9918674826622009,True
236,TCGA-D3-A1Q6-06,Metastasis,4,TCGA-EB-A5VV-06,Metastasis,0.9881494641304016,True
236,TCGA-D3-A1Q6-06,Metastasis,5,TCGA-EB-A5VU-01,Primary Tumor,0.9851436018943787,False
236,TCGA-D3-A1Q6-06,Metastasis,6,TCGA-FW-A3I3-06,Metastasis,0.9825071692466736,True
236,TCGA-D3-A1Q6-06,Metastasis,7,TCGA-EE-A20H-06,Metastasis,0.9819332957267761,True
236,TCGA-D3-A1Q6-06,Metastasis,8,TCGA-FR-A7UA-06,Metastasis,0.9807713627815247,True
236,TCGA-D3-A1Q6-06,Metastasis,9,TCGA-ER-A2NF-01,Primary Tumor,0.9804325699806213,False
237,TCGA-D3-A3CF-06,Metastasis,0,TCGA-D9-A1JX-06,Metastasis,0.9999027252197266,True
237,TCGA-D3-A3CF-06,Metastasis,1,TCGA-EE-A2GL-06,Metastasis,0.9997605085372925,True
237,TCGA-D3-A3CF-06,Metastasis,2,TCGA-EE-A2A2-06,Metastasis,0.9996495246887207,True
237,TCGA-D3-A3CF-06,Metastasis,3,TCGA-GN-A9SD-06,Metastasis,0.9996151328086853,True
237,TCGA-D3-A3CF-06,Metastasis,4,TCGA-FS-A1ZT-06,Metastasis,0.9989233613014221,True
237,TCGA-D3-A3CF-06,Metastasis,5,TCGA-EE-A2A6-06,Metastasis,0.998507022857666,True
237,TCGA-D3-A3CF-06,Metastasis,6,TCGA-WE-A8K1-06,Metastasis,0.9982938170433044,True
237,TCGA-D3-A3CF-06,Metastasis,7,TCGA-GN-A4U8-06,Metastasis,0.9979480504989624,True
237,TCGA-D3-A3CF-06,Metastasis,8,TCGA-HR-A2OG-06,Metastasis,0.9978446364402771,True
237,TCGA-D3-A3CF-06,Metastasis,9,TCGA-D3-A8GB-06,Metastasis,0.99774569272995,True
238,TCGA-EE-A3JA-06,Metastasis,0,TCGA-ER-A19T-01,Primary Tumor,0.9999195337295532,False
238,TCGA-EE-A3JA-06,Metastasis,1,TCGA-ER-A3EV-06,Metastasis,0.9998696446418762,True
238,TCGA-EE-A3JA-06,Metastasis,2,TCGA-EE-A182-06,Metastasis,0.9997278451919556,True
238,TCGA-EE-A3JA-06,Metastasis,3,TCGA-EE-A185-06,Metastasis,0.9992024898529053,True
238,TCGA-EE-A3JA-06,Metastasis,4,TCGA-EB-A3XF-01,Primary Tumor,0.9987584948539734,False
238,TCGA-EE-A3JA-06,Metastasis,5,TCGA-D3-A8GR-06,Metastasis,0.9987229108810425,True
238,TCGA-EE-A3JA-06,Metastasis,6,TCGA-DA-A3F2-06,Metastasis,0.9987053275108337,True
238,TCGA-EE-A3JA-06,Metastasis,7,TCGA-EE-A20C-06,Metastasis,0.9986681938171387,True
238,TCGA-EE-A3JA-06,Metastasis,8,TCGA-GN-A8LL-06,Metastasis,0.9985288381576538,True
238,TCGA-EE-A3JA-06,Metastasis,9,TCGA-GN-A262-06,Metastasis,0.9984310269355774,True
239,TCGA-GN-A4U5-01,Primary Tumor,0,TCGA-EB-A6QY-01,Primary Tumor,0.9937563538551331,True
239,TCGA-GN-A4U5-01,Primary Tumor,1,TCGA-FS-A1ZN-01,Primary Tumor,0.9906182289123535,True
239,TCGA-GN-A4U5-01,Primary Tumor,2,TCGA-FR-A726-01,Primary Tumor,0.989827573299408,True
239,TCGA-GN-A4U5-01,Primary Tumor,3,TCGA-D3-A1Q5-06,Metastasis,0.9839363098144531,False
239,TCGA-GN-A4U5-01,Primary Tumor,4,LE-117-RB-118_N,Benign Nevus,0.9822074770927429,False
239,TCGA-GN-A4U5-01,Primary Tumor,5,018_N,Benign Nevus,0.9821180701255798,False
239,TCGA-GN-A4U5-01,Primary Tumor,6,TCGA-EB-A550-01,Primary Tumor,0.9605433344841003,True
239,TCGA-GN-A4U5-01,Primary Tumor,7,TCGA-FW-A3I3-06,Metastasis,0.955653727054596,False
239,TCGA-GN-A4U5-01,Primary Tumor,8,TCGA-EE-A29G-06,Metastasis,0.9508591294288635,False
239,TCGA-GN-A4U5-01,Primary Tumor,9,TCGA-ER-A19A-06,Metastasis,0.9480241537094116,False
240,TCGA-WE-A8ZN-06,Metastasis,0,TCGA-EE-A3AF-06,Metastasis,0.9999268651008606,True
240,TCGA-WE-A8ZN-06,Metastasis,1,TCGA-EE-A17X-06,Metastasis,0.9998288750648499,True
240,TCGA-WE-A8ZN-06,Metastasis,2,TCGA-EB-A97M-01,Primary Tumor,0.9998143911361694,False
240,TCGA-WE-A8ZN-06,Metastasis,3,TCGA-ER-A2ND-06,Metastasis,0.9997721910476685,True
240,TCGA-WE-A8ZN-06,Metastasis,4,TCGA-FS-A1YY-06,Metastasis,0.9996902346611023,True
240,TCGA-WE-A8ZN-06,Metastasis,5,TCGA-EE-A180-06,Metastasis,0.9995397329330444,True
240,TCGA-WE-A8ZN-06,Metastasis,6,TCGA-D3-A5GO-06,Metastasis,0.9994606971740723,True
240,TCGA-WE-A8ZN-06,Metastasis,7,TCGA-W3-AA21-06,Metastasis,0.9993049502372742,True
240,TCGA-WE-A8ZN-06,Metastasis,8,TCGA-DA-A1I0-06,Metastasis,0.9992868900299072,True
240,TCGA-WE-A8ZN-06,Metastasis,9,TCGA-GN-A268-06,Metastasis,0.9992867708206177,True
241,TCGA-W3-AA1V-06,Metastasis,0,TCGA-XV-A9W5-01,Primary Tumor,0.9996144771575928,False
241,TCGA-W3-AA1V-06,Metastasis,1,TCGA-WE-A8ZM-06,Metastasis,0.9990629553794861,True
241,TCGA-W3-AA1V-06,Metastasis,2,TCGA-FS-A1ZB-06,Metastasis,0.9990243315696716,True
241,TCGA-W3-AA1V-06,Metastasis,3,TCGA-GF-A2C7-01,Primary Tumor,0.9978382587432861,False
241,TCGA-W3-AA1V-06,Metastasis,4,TCGA-EB-A5SE-01,Primary Tumor,0.9973823428153992,False
241,TCGA-W3-AA1V-06,Metastasis,5,TCGA-EE-A20H-06,Metastasis,0.9972236752510071,True
241,TCGA-W3-AA1V-06,Metastasis,6,TCGA-EB-A1NK-01,Primary Tumor,0.9968820810317993,False
241,TCGA-W3-AA1V-06,Metastasis,7,TCGA-DA-A1I8-06,Metastasis,0.9960195422172546,True
241,TCGA-W3-AA1V-06,Metastasis,8,TCGA-GN-A26A-06,Metastasis,0.9959941506385803,True
241,TCGA-W3-AA1V-06,Metastasis,9,TCGA-FR-A7U9-06,Metastasis,0.9957517385482788,True
242,TCGA-EB-A550-01,Primary Tumor,0,TCGA-EB-A3XD-01,Primary Tumor,0.9912387728691101,True
242,TCGA-EB-A550-01,Primary Tumor,1,TCGA-EB-A6QY-01,Primary Tumor,0.9838299751281738,True
242,TCGA-EB-A550-01,Primary Tumor,2,010_N,Benign Nevus,0.9698435664176941,False
242,TCGA-EB-A550-01,Primary Tumor,3,TCGA-D3-A1Q5-06,Metastasis,0.9693299531936646,False
242,TCGA-EB-A550-01,Primary Tumor,4,TCGA-GN-A4U5-01,Primary Tumor,0.9605433344841003,True
242,TCGA-EB-A550-01,Primary Tumor,5,TCGA-FS-A1ZN-01,Primary Tumor,0.9314115047454834,True
242,TCGA-EB-A550-01,Primary Tumor,6,TCGA-XV-A9W2-01,Primary Tumor,0.9214528203010559,True
242,TCGA-EB-A550-01,Primary Tumor,7,TCGA-EB-A299-01,Primary Tumor,0.9191568493843079,True
242,TCGA-EB-A550-01,Primary Tumor,8,TCGA-FR-A726-01,Primary Tumor,0.9180080890655518,True
242,TCGA-EB-A550-01,Primary Tumor,9,TCGA-EB-A5VU-01,Primary Tumor,0.9148905873298645,True
243,TCGA-D3-A1QB-06,Metastasis,0,TCGA-EE-A17Y-06,Metastasis,0.9997633099555969,True
243,TCGA-D3-A1QB-06,Metastasis,1,TCGA-DA-A95V-06,Metastasis,0.9997536540031433,True
243,TCGA-D3-A1QB-06,Metastasis,2,TCGA-EB-A6QZ-01,Primary Tumor,0.9997389316558838,False
243,TCGA-D3-A1QB-06,Metastasis,3,TCGA-D9-A4Z6-06,Metastasis,0.9996606111526489,True
243,TCGA-D3-A1QB-06,Metastasis,4,TCGA-D9-A1X3-06,Metastasis,0.9995658993721008,True
243,TCGA-D3-A1QB-06,Metastasis,5,TCGA-DA-A3F5-06,Metastasis,0.999561071395874,True
243,TCGA-D3-A1QB-06,Metastasis,6,TCGA-W3-AA1O-06,Metastasis,0.9993902444839478,True
243,TCGA-D3-A1QB-06,Metastasis,7,TCGA-EB-A5SG-06,Metastasis,0.9991474747657776,True
243,TCGA-D3-A1QB-06,Metastasis,8,TCGA-EE-A29R-06,Metastasis,0.9991450905799866,True
243,TCGA-D3-A1QB-06,Metastasis,9,TCGA-EB-A82C-01,Primary Tumor,0.9990039467811584,False
244,TCGA-FS-A1Z0-06,Metastasis,0,TCGA-EE-A3AC-06,Metastasis,0.9999018311500549,True
244,TCGA-FS-A1Z0-06,Metastasis,1,TCGA-WE-A8ZX-06,Metastasis,0.9996821284294128,True
244,TCGA-FS-A1Z0-06,Metastasis,2,TCGA-OD-A75X-06,Metastasis,0.9995027780532837,True
244,TCGA-FS-A1Z0-06,Metastasis,3,TCGA-D3-A8GO-06,Metastasis,0.9994499683380127,True
244,TCGA-FS-A1Z0-06,Metastasis,4,TCGA-ER-A19M-06,Metastasis,0.9994015097618103,True
244,TCGA-FS-A1Z0-06,Metastasis,5,TCGA-DA-A1I5-06,Metastasis,0.9994006752967834,True
244,TCGA-FS-A1Z0-06,Metastasis,6,TCGA-DA-A1I1-06,Metastasis,0.9993984699249268,True
244,TCGA-FS-A1Z0-06,Metastasis,7,TCGA-ER-A19S-06,Metastasis,0.9993904829025269,True
244,TCGA-FS-A1Z0-06,Metastasis,8,TCGA-WE-AAA0-06,Metastasis,0.9993542432785034,True
244,TCGA-FS-A1Z0-06,Metastasis,9,TCGA-EE-A2MJ-06,Metastasis,0.9990960359573364,True
245,TCGA-D3-A2JG-06,Metastasis,0,TCGA-FS-A1ZP-06,Metastasis,0.999954342842102,True
245,TCGA-D3-A2JG-06,Metastasis,1,TCGA-GN-A267-06,Metastasis,0.9997737407684326,True
245,TCGA-D3-A2JG-06,Metastasis,2,TCGA-FR-A8YD-06,Metastasis,0.9997708201408386,True
245,TCGA-D3-A2JG-06,Metastasis,3,TCGA-ER-A198-06,Metastasis,0.999725878238678,True
245,TCGA-D3-A2JG-06,Metastasis,4,TCGA-EB-A42Z-01,Primary Tumor,0.9996923804283142,False
245,TCGA-D3-A2JG-06,Metastasis,5,TCGA-EE-A2GM-06,Metastasis,0.9996191263198853,True
245,TCGA-D3-A2JG-06,Metastasis,6,TCGA-RP-A695-06,Metastasis,0.9995743632316589,True
245,TCGA-D3-A2JG-06,Metastasis,7,TCGA-EE-A2MN-06,Metastasis,0.9995597004890442,True
245,TCGA-D3-A2JG-06,Metastasis,8,TCGA-D3-A2JL-06,Metastasis,0.999305784702301,True
245,TCGA-D3-A2JG-06,Metastasis,9,TCGA-EB-A41B-01,Primary Tumor,0.9992988109588623,False
246,TCGA-GN-A26A-06,Metastasis,0,TCGA-EB-A5SE-01,Primary Tumor,0.9991183280944824,False
246,TCGA-GN-A26A-06,Metastasis,1,TCGA-EB-A1NK-01,Primary Tumor,0.998951256275177,False
246,TCGA-GN-A26A-06,Metastasis,2,TCGA-FR-A7U9-06,Metastasis,0.9988582730293274,True
246,TCGA-GN-A26A-06,Metastasis,3,TCGA-EB-A44O-01,Primary Tumor,0.9985308051109314,False
246,TCGA-GN-A26A-06,Metastasis,4,TCGA-D3-A3MO-06,Metastasis,0.9985020756721497,True
246,TCGA-GN-A26A-06,Metastasis,5,TCGA-FS-A1ZK-06,Metastasis,0.9984480738639832,True
246,TCGA-GN-A26A-06,Metastasis,6,TCGA-ER-A19K-01,Primary Tumor,0.9980288147926331,False
246,TCGA-GN-A26A-06,Metastasis,7,TCGA-W3-A828-06,Metastasis,0.9980232119560242,True
246,TCGA-GN-A26A-06,Metastasis,8,TCGA-XV-A9W5-01,Primary Tumor,0.997883677482605,False
246,TCGA-GN-A26A-06,Metastasis,9,TCGA-DA-A1I8-06,Metastasis,0.9977745413780212,True
247,TCGA-GN-A8LK-06,Metastasis,0,TCGA-FS-A1ZU-06,Metastasis,0.999958336353302,True
247,TCGA-GN-A8LK-06,Metastasis,1,TCGA-D3-A1Q1-06,Metastasis,0.9998929500579834,True
247,TCGA-GN-A8LK-06,Metastasis,2,TCGA-EB-A3Y7-01,Primary Tumor,0.9998595714569092,False
247,TCGA-GN-A8LK-06,Metastasis,3,TCGA-EE-A29E-06,Metastasis,0.9998365640640259,True
247,TCGA-GN-A8LK-06,Metastasis,4,TCGA-EB-A553-01,Primary Tumor,0.9997426867485046,False
247,TCGA-GN-A8LK-06,Metastasis,5,TCGA-XV-AB01-06,Metastasis,0.9997065663337708,True
247,TCGA-GN-A8LK-06,Metastasis,6,TCGA-BF-A5ER-01,Primary Tumor,0.9996464848518372,False
247,TCGA-GN-A8LK-06,Metastasis,7,TCGA-EE-A29B-06,Metastasis,0.9996244311332703,True
247,TCGA-GN-A8LK-06,Metastasis,8,TCGA-DA-A1IA-06,Metastasis,0.999567449092865,True
247,TCGA-GN-A8LK-06,Metastasis,9,TCGA-FR-A3YO-06,Metastasis,0.9995552897453308,True
248,TCGA-FR-A44A-06,Metastasis,0,TCGA-D3-A8GB-06,Metastasis,0.9997734427452087,True
248,TCGA-FR-A44A-06,Metastasis,1,TCGA-EE-A2A1-06,Metastasis,0.999739408493042,True
248,TCGA-FR-A44A-06,Metastasis,2,TCGA-WE-A8K1-06,Metastasis,0.9997256398200989,True
248,TCGA-FR-A44A-06,Metastasis,3,TCGA-EE-A2GI-06,Metastasis,0.9993271231651306,True
248,TCGA-FR-A44A-06,Metastasis,4,TCGA-DA-A1HW-06,Metastasis,0.9993168711662292,True
248,TCGA-FR-A44A-06,Metastasis,5,TCGA-D3-A8GJ-06,Metastasis,0.9992772340774536,True
248,TCGA-FR-A44A-06,Metastasis,6,TCGA-EE-A2A6-06,Metastasis,0.9987661242485046,True
248,TCGA-FR-A44A-06,Metastasis,7,TCGA-D3-A2JC-06,Metastasis,0.9979204535484314,True
248,TCGA-FR-A44A-06,Metastasis,8,TCGA-EE-A2GL-06,Metastasis,0.9979000687599182,True
248,TCGA-FR-A44A-06,Metastasis,9,TCGA-D3-A3CF-06,Metastasis,0.9975222945213318,True
249,TCGA-FS-A4F9-06,Metastasis,0,TCGA-GN-A268-06,Metastasis,0.9999145865440369,True
249,TCGA-FS-A4F9-06,Metastasis,1,TCGA-D3-A5GO-06,Metastasis,0.9999141693115234,True
249,TCGA-FS-A4F9-06,Metastasis,2,TCGA-Z2-AA3V-06,Metastasis,0.9999070167541504,True
249,TCGA-FS-A4F9-06,Metastasis,3,TCGA-BF-A5EP-01,Primary Tumor,0.99990314245224,False
249,TCGA-FS-A4F9-06,Metastasis,4,TCGA-D3-A8GV-06,Metastasis,0.9998854398727417,True
249,TCGA-FS-A4F9-06,Metastasis,5,TCGA-EE-A29L-06,Metastasis,0.9998836517333984,True
249,TCGA-FS-A4F9-06,Metastasis,6,TCGA-QB-A6FS-06,Metastasis,0.9998451471328735,True
249,TCGA-FS-A4F9-06,Metastasis,7,TCGA-D3-A8GP-06,Metastasis,0.9998257160186768,True
249,TCGA-FS-A4F9-06,Metastasis,8,TCGA-EE-A180-06,Metastasis,0.999783456325531,True
249,TCGA-FS-A4F9-06,Metastasis,9,TCGA-D3-A2J6-06,Metastasis,0.9997830986976624,True
250,TCGA-D3-A3BZ-06,Metastasis,0,TCGA-W3-AA1W-06,Metastasis,0.9999552369117737,True
250,TCGA-D3-A3BZ-06,Metastasis,1,TCGA-DA-A3F3-06,Metastasis,0.999764084815979,True
250,TCGA-D3-A3BZ-06,Metastasis,2,TCGA-ER-A2NC-06,Metastasis,0.9997227787971497,True
250,TCGA-D3-A3BZ-06,Metastasis,3,TCGA-EB-A3Y6-01,Primary Tumor,0.9997150897979736,False
250,TCGA-D3-A3BZ-06,Metastasis,4,TCGA-EE-A2MU-06,Metastasis,0.9996973872184753,True
250,TCGA-D3-A3BZ-06,Metastasis,5,TCGA-D3-A3C3-06,Metastasis,0.9996644854545593,True
250,TCGA-D3-A3BZ-06,Metastasis,6,TCGA-EE-A29P-06,Metastasis,0.9995425939559937,True
250,TCGA-D3-A3BZ-06,Metastasis,7,TCGA-GN-A26C-01,Primary Tumor,0.9995394349098206,False
250,TCGA-D3-A3BZ-06,Metastasis,8,TCGA-GF-A6C9-06,Metastasis,0.9991157650947571,True
250,TCGA-D3-A3BZ-06,Metastasis,9,TCGA-WE-A8ZT-06,Metastasis,0.9990936517715454,True
251,TCGA-D3-A5GL-06,Metastasis,0,TCGA-D9-A6EG-06,Metastasis,0.9999625086784363,True
251,TCGA-D3-A5GL-06,Metastasis,1,TCGA-D3-A8GR-06,Metastasis,0.99992835521698,True
251,TCGA-D3-A5GL-06,Metastasis,2,TCGA-RP-A690-06,Metastasis,0.9999145269393921,True
251,TCGA-D3-A5GL-06,Metastasis,3,TCGA-D9-A4Z5-01,Primary Tumor,0.9998701214790344,False
251,TCGA-D3-A5GL-06,Metastasis,4,TCGA-GN-A8LL-06,Metastasis,0.9998632073402405,True
251,TCGA-D3-A5GL-06,Metastasis,5,TCGA-EB-A3Y7-01,Primary Tumor,0.9997400641441345,False
251,TCGA-D3-A5GL-06,Metastasis,6,TCGA-EE-A185-06,Metastasis,0.9997028112411499,True
251,TCGA-D3-A5GL-06,Metastasis,7,TCGA-D3-A1Q1-06,Metastasis,0.9997009038925171,True
251,TCGA-D3-A5GL-06,Metastasis,8,TCGA-EE-A29E-06,Metastasis,0.9996623992919922,True
251,TCGA-D3-A5GL-06,Metastasis,9,TCGA-EE-A20C-06,Metastasis,0.9996616244316101,True
252,TCGA-D3-A8GO-06,Metastasis,0,TCGA-ER-A19M-06,Metastasis,0.9999723434448242,True
252,TCGA-D3-A8GO-06,Metastasis,1,TCGA-WE-A8ZX-06,Metastasis,0.9998430013656616,True
252,TCGA-D3-A8GO-06,Metastasis,2,TCGA-D3-A1Q4-06,Metastasis,0.9998190402984619,True
252,TCGA-D3-A8GO-06,Metastasis,3,TCGA-D9-A3Z4-01,Primary Tumor,0.9998048543930054,False
252,TCGA-D3-A8GO-06,Metastasis,4,TCGA-3N-A9WC-06,Metastasis,0.999717116355896,True
252,TCGA-D3-A8GO-06,Metastasis,5,TCGA-3N-A9WD-06,Metastasis,0.9996479153633118,True
252,TCGA-D3-A8GO-06,Metastasis,6,TCGA-WE-A8JZ-06,Metastasis,0.9995952248573303,True
252,TCGA-D3-A8GO-06,Metastasis,7,TCGA-DA-A3F8-06,Metastasis,0.9995401501655579,True
252,TCGA-D3-A8GO-06,Metastasis,8,TCGA-WE-AA9Y-06,Metastasis,0.9994510412216187,True
252,TCGA-D3-A8GO-06,Metastasis,9,TCGA-FS-A1Z0-06,Metastasis,0.9994499683380127,True
253,TCGA-BF-A1PX-01,Primary Tumor,0,TCGA-D3-A1Q6-06,Metastasis,0.9998372197151184,False
253,TCGA-BF-A1PX-01,Primary Tumor,1,TCGA-BF-A3DJ-01,Primary Tumor,0.9994024038314819,True
253,TCGA-BF-A1PX-01,Primary Tumor,2,TCGA-FS-A4FC-06,Metastasis,0.9966531991958618,False
253,TCGA-BF-A1PX-01,Primary Tumor,3,TCGA-GN-A4U9-06,Metastasis,0.9916449785232544,False
253,TCGA-BF-A1PX-01,Primary Tumor,4,TCGA-EB-A5VV-06,Metastasis,0.9881448745727539,False
253,TCGA-BF-A1PX-01,Primary Tumor,5,TCGA-FW-A3I3-06,Metastasis,0.984001100063324,False
253,TCGA-BF-A1PX-01,Primary Tumor,6,TCGA-FR-A7UA-06,Metastasis,0.9833045601844788,False
253,TCGA-BF-A1PX-01,Primary Tumor,7,TCGA-ER-A2NF-01,Primary Tumor,0.9827606081962585,True
253,TCGA-BF-A1PX-01,Primary Tumor,8,TCGA-ER-A19A-06,Metastasis,0.9823639988899231,False
253,TCGA-BF-A1PX-01,Primary Tumor,9,TCGA-EE-A2ME-06,Metastasis,0.9822211861610413,False
254,TCGA-EE-A2GT-06,Metastasis,0,TCGA-D3-A3C6-06,Metastasis,0.9998776316642761,True
254,TCGA-EE-A2GT-06,Metastasis,1,TCGA-ER-A42H-01,Primary Tumor,0.9998716115951538,False
254,TCGA-EE-A2GT-06,Metastasis,2,TCGA-EB-A4P0-01,Primary Tumor,0.9998519420623779,False
254,TCGA-EE-A2GT-06,Metastasis,3,TCGA-GN-A4U7-06,Metastasis,0.9998512864112854,True
254,TCGA-EE-A2GT-06,Metastasis,4,TCGA-3N-A9WB-06,Metastasis,0.9998490810394287,True
254,TCGA-EE-A2GT-06,Metastasis,5,TCGA-Z2-AA3V-06,Metastasis,0.9998396635055542,True
254,TCGA-EE-A2GT-06,Metastasis,6,TCGA-BF-A5EP-01,Primary Tumor,0.9997273683547974,False
254,TCGA-EE-A2GT-06,Metastasis,7,TCGA-EE-A29L-06,Metastasis,0.9997196197509766,True
254,TCGA-EE-A2GT-06,Metastasis,8,TCGA-QB-A6FS-06,Metastasis,0.9996187090873718,True
254,TCGA-EE-A2GT-06,Metastasis,9,TCGA-FS-A4F9-06,Metastasis,0.9996085166931152,True
255,TCGA-EE-A2GE-06,Metastasis,0,TCGA-EE-A2MG-06,Metastasis,0.9987270832061768,True
255,TCGA-EE-A2GE-06,Metastasis,1,TCGA-EE-A2MH-06,Metastasis,0.9978904724121094,True
255,TCGA-EE-A2GE-06,Metastasis,2,TCGA-DA-A1HV-06,Metastasis,0.9974175691604614,True
255,TCGA-EE-A2GE-06,Metastasis,3,TCGA-WE-A8ZR-06,Metastasis,0.9974130392074585,True
255,TCGA-EE-A2GE-06,Metastasis,4,TCGA-EB-A4IS-01,Primary Tumor,0.9954491257667542,False
255,TCGA-EE-A2GE-06,Metastasis,5,TCGA-EE-A20F-06,Metastasis,0.9949049949645996,True
255,TCGA-EE-A2GE-06,Metastasis,6,TCGA-FS-A1Z4-06,Metastasis,0.9947705268859863,True
255,TCGA-EE-A2GE-06,Metastasis,7,TCGA-BF-AAP0-06,Metastasis,0.9941809773445129,True
255,TCGA-EE-A2GE-06,Metastasis,8,TCGA-D3-A3CE-06,Metastasis,0.9933871626853943,True
255,TCGA-EE-A2GE-06,Metastasis,9,TCGA-D3-A2JB-06,Metastasis,0.9932398796081543,True
256,TCGA-GF-A4EO-06,Metastasis,0,TCGA-ER-A19B-06,Metastasis,0.9997402429580688,True
256,TCGA-GF-A4EO-06,Metastasis,1,TCGA-EE-A2A0-06,Metastasis,0.9995750784873962,True
256,TCGA-GF-A4EO-06,Metastasis,2,TCGA-D3-A8GS-06,Metastasis,0.9995277523994446,True
256,TCGA-GF-A4EO-06,Metastasis,3,TCGA-D3-A2JA-06,Metastasis,0.9995266199111938,True
256,TCGA-GF-A4EO-06,Metastasis,4,TCGA-D3-A5GN-06,Metastasis,0.9994271397590637,True
256,TCGA-GF-A4EO-06,Metastasis,5,TCGA-EE-A2M7-06,Metastasis,0.9993448853492737,True
256,TCGA-GF-A4EO-06,Metastasis,6,TCGA-D9-A3Z3-06,Metastasis,0.9992126822471619,True
256,TCGA-GF-A4EO-06,Metastasis,7,TCGA-GN-A8LN-01,Primary Tumor,0.9991127252578735,False
256,TCGA-GF-A4EO-06,Metastasis,8,TCGA-ER-A2NG-06,Metastasis,0.9990991353988647,True
256,TCGA-GF-A4EO-06,Metastasis,9,TCGA-D3-A1Q9-06,Metastasis,0.998919665813446,True
257,TCGA-FW-A3TV-06,Metastasis,0,TCGA-DA-A1I2-06,Metastasis,0.9999721646308899,True
257,TCGA-FW-A3TV-06,Metastasis,1,TCGA-EE-A3AE-06,Metastasis,0.9996331334114075,True
257,TCGA-FW-A3TV-06,Metastasis,2,TCGA-DA-A1I5-06,Metastasis,0.9995124340057373,True
257,TCGA-FW-A3TV-06,Metastasis,3,TCGA-WE-AAA0-06,Metastasis,0.9993883371353149,True
257,TCGA-FW-A3TV-06,Metastasis,4,TCGA-YG-AA3O-06,Metastasis,0.9990033507347107,True
257,TCGA-FW-A3TV-06,Metastasis,5,TCGA-WE-A8ZX-06,Metastasis,0.9989206790924072,True
257,TCGA-FW-A3TV-06,Metastasis,6,TCGA-EE-A3AC-06,Metastasis,0.9986161589622498,True
257,TCGA-FW-A3TV-06,Metastasis,7,TCGA-DA-A1I1-06,Metastasis,0.9984347820281982,True
257,TCGA-FW-A3TV-06,Metastasis,8,TCGA-FS-A1Z0-06,Metastasis,0.9984238743782043,True
257,TCGA-FW-A3TV-06,Metastasis,9,TCGA-D9-A3Z4-01,Primary Tumor,0.9981122612953186,False
258,TCGA-ER-A42K-06,Metastasis,0,TCGA-EE-A29T-06,Metastasis,0.9997594356536865,True
258,TCGA-ER-A42K-06,Metastasis,1,TCGA-FS-A1ZF-06,Metastasis,0.9997566342353821,True
258,TCGA-ER-A42K-06,Metastasis,2,TCGA-W3-AA1O-06,Metastasis,0.9995019435882568,True
258,TCGA-ER-A42K-06,Metastasis,3,TCGA-EB-A5SG-06,Metastasis,0.9992871880531311,True
258,TCGA-ER-A42K-06,Metastasis,4,TCGA-FR-A2OS-01,Primary Tumor,0.9992175102233887,False
258,TCGA-ER-A42K-06,Metastasis,5,TCGA-D3-A2J7-06,Metastasis,0.9991710186004639,True
258,TCGA-ER-A42K-06,Metastasis,6,TCGA-D9-A3Z1-06,Metastasis,0.9991703033447266,True
258,TCGA-ER-A42K-06,Metastasis,7,TCGA-ER-A3ET-06,Metastasis,0.9991080164909363,True
258,TCGA-ER-A42K-06,Metastasis,8,TCGA-ER-A19C-06,Metastasis,0.9990865588188171,True
258,TCGA-ER-A42K-06,Metastasis,9,TCGA-D3-A3C7-06,Metastasis,0.998986542224884,True
259,TCGA-DA-A960-01,Primary Tumor,0,TCGA-D3-A2JK-06,Metastasis,0.9997324347496033,False
259,TCGA-DA-A960-01,Primary Tumor,1,TCGA-ER-A3ES-06,Metastasis,0.9992556571960449,False
259,TCGA-DA-A960-01,Primary Tumor,2,TCGA-IH-A3EA-01,Primary Tumor,0.9985852837562561,True
259,TCGA-DA-A960-01,Primary Tumor,3,TCGA-D3-A5GT-01,Primary Tumor,0.9974274039268494,True
259,TCGA-DA-A960-01,Primary Tumor,4,TCGA-ER-A194-01,Primary Tumor,0.9959074854850769,True
259,TCGA-DA-A960-01,Primary Tumor,5,TCGA-D3-A8GI-06,Metastasis,0.9944666624069214,False
259,TCGA-DA-A960-01,Primary Tumor,6,TCGA-DA-A95Z-06,Metastasis,0.9943679571151733,False
259,TCGA-DA-A960-01,Primary Tumor,7,TCGA-BF-A5ER-01,Primary Tumor,0.9941053986549377,True
259,TCGA-DA-A960-01,Primary Tumor,8,TCGA-EB-A553-01,Primary Tumor,0.9931744933128357,True
259,TCGA-DA-A960-01,Primary Tumor,9,TCGA-XV-AB01-06,Metastasis,0.9928977489471436,False
260,TCGA-EE-A2GP-06,Metastasis,0,TCGA-EE-A2MS-06,Metastasis,0.9996517300605774,True
260,TCGA-EE-A2GP-06,Metastasis,1,TCGA-D3-A3MR-06,Metastasis,0.9995619058609009,True
260,TCGA-EE-A2GP-06,Metastasis,2,TCGA-GN-A266-06,Metastasis,0.9995137453079224,True
260,TCGA-EE-A2GP-06,Metastasis,3,TCGA-FS-A1ZT-06,Metastasis,0.9994729161262512,True
260,TCGA-EE-A2GP-06,Metastasis,4,TCGA-EE-A2GS-06,Metastasis,0.9994707107543945,True
260,TCGA-EE-A2GP-06,Metastasis,5,TCGA-FW-A5DY-06,Metastasis,0.9994592070579529,True
260,TCGA-EE-A2GP-06,Metastasis,6,TCGA-EE-A2MR-06,Metastasis,0.9987948536872864,True
260,TCGA-EE-A2GP-06,Metastasis,7,TCGA-ER-A19D-06,Metastasis,0.998640239238739,True
260,TCGA-EE-A2GP-06,Metastasis,8,TCGA-D3-A2JH-06,Metastasis,0.9982023239135742,True
260,TCGA-EE-A2GP-06,Metastasis,9,TCGA-D3-A2JC-06,Metastasis,0.9979557991027832,True
261,TCGA-FS-A1ZE-06,Metastasis,0,TCGA-EE-A29V-06,Metastasis,0.9998881816864014,True
261,TCGA-FS-A1ZE-06,Metastasis,1,TCGA-EB-A5UN-06,Metastasis,0.9997363090515137,True
261,TCGA-FS-A1ZE-06,Metastasis,2,TCGA-ER-A19L-06,Metastasis,0.9997105598449707,True
261,TCGA-FS-A1ZE-06,Metastasis,3,TCGA-D3-A51G-06,Metastasis,0.9997046589851379,True
261,TCGA-FS-A1ZE-06,Metastasis,4,TCGA-DA-A1I7-06,Metastasis,0.9996334314346313,True
261,TCGA-FS-A1ZE-06,Metastasis,5,TCGA-EE-A17Z-06,Metastasis,0.9995383024215698,True
261,TCGA-FS-A1ZE-06,Metastasis,6,TCGA-WE-A8K6-06,Metastasis,0.9995301961898804,True
261,TCGA-FS-A1ZE-06,Metastasis,7,TCGA-FR-A69P-06,Metastasis,0.999275803565979,True
261,TCGA-FS-A1ZE-06,Metastasis,8,TCGA-ER-A2NF-06,Metastasis,0.999266505241394,True
261,TCGA-FS-A1ZE-06,Metastasis,9,TCGA-D3-A3C6-06,Metastasis,0.999097466468811,True
262,TCGA-D9-A6EC-06,Metastasis,0,TCGA-BF-AAP8-01,Primary Tumor,0.9999780058860779,False
262,TCGA-D9-A6EC-06,Metastasis,1,TCGA-EE-A2GC-06,Metastasis,0.9998849034309387,True
262,TCGA-D9-A6EC-06,Metastasis,2,TCGA-D3-A51K-06,Metastasis,0.9998316168785095,True
262,TCGA-D9-A6EC-06,Metastasis,3,TCGA-EE-A2GO-06,Metastasis,0.99981689453125,True
262,TCGA-D9-A6EC-06,Metastasis,4,TCGA-LH-A9QB-06,Metastasis,0.9997857809066772,True
262,TCGA-D9-A6EC-06,Metastasis,5,TCGA-FS-A4FB-06,Metastasis,0.9997686147689819,True
262,TCGA-D9-A6EC-06,Metastasis,6,TCGA-D3-A2J6-06,Metastasis,0.9996480345726013,True
262,TCGA-D9-A6EC-06,Metastasis,7,TCGA-EE-A29A-06,Metastasis,0.9995158910751343,True
262,TCGA-D9-A6EC-06,Metastasis,8,TCGA-EE-A2GR-06,Metastasis,0.9995020627975464,True
262,TCGA-D9-A6EC-06,Metastasis,9,TCGA-D3-A3C1-06,Metastasis,0.99946528673172,True
263,TCGA-EB-A97M-01,Primary Tumor,0,TCGA-WE-A8ZN-06,Metastasis,0.9998143911361694,False
263,TCGA-EB-A97M-01,Primary Tumor,1,TCGA-W3-AA21-06,Metastasis,0.9996593594551086,False
263,TCGA-EB-A97M-01,Primary Tumor,2,TCGA-EE-A3AF-06,Metastasis,0.9995743632316589,False
263,TCGA-EB-A97M-01,Primary Tumor,3,TCGA-DA-A95Y-06,Metastasis,0.9995732307434082,False
263,TCGA-EB-A97M-01,Primary Tumor,4,TCGA-EE-A3J4-06,Metastasis,0.9995614886283875,False
263,TCGA-EB-A97M-01,Primary Tumor,5,TCGA-ER-A2ND-06,Metastasis,0.999515950679779,False
263,TCGA-EB-A97M-01,Primary Tumor,6,TCGA-EE-A180-06,Metastasis,0.9994751811027527,False
263,TCGA-EB-A97M-01,Primary Tumor,7,TCGA-EE-A17X-06,Metastasis,0.9993715882301331,False
263,TCGA-EB-A97M-01,Primary Tumor,8,TCGA-D3-A5GO-06,Metastasis,0.9993178248405457,False
263,TCGA-EB-A97M-01,Primary Tumor,9,TCGA-D3-A8GP-06,Metastasis,0.9992237687110901,False
264,TCGA-D9-A6EG-06,Metastasis,0,TCGA-RP-A690-06,Metastasis,0.9999788403511047,True
264,TCGA-D9-A6EG-06,Metastasis,1,TCGA-D3-A5GL-06,Metastasis,0.9999625086784363,True
264,TCGA-D9-A6EG-06,Metastasis,2,TCGA-D9-A4Z5-01,Primary Tumor,0.9999293088912964,False
264,TCGA-D9-A6EG-06,Metastasis,3,TCGA-GN-A8LL-06,Metastasis,0.9999067187309265,True
264,TCGA-D9-A6EG-06,Metastasis,4,TCGA-D3-A8GR-06,Metastasis,0.9998916983604431,True
264,TCGA-D9-A6EG-06,Metastasis,5,TCGA-D3-A1Q1-06,Metastasis,0.9997910261154175,True
264,TCGA-D9-A6EG-06,Metastasis,6,TCGA-EB-A3Y7-01,Primary Tumor,0.9997569918632507,False
264,TCGA-D9-A6EG-06,Metastasis,7,TCGA-D3-A8GK-06,Metastasis,0.9997473955154419,True
264,TCGA-D9-A6EG-06,Metastasis,8,TCGA-ER-A19O-06,Metastasis,0.9996868968009949,True
264,TCGA-D9-A6EG-06,Metastasis,9,TCGA-EE-A185-06,Metastasis,0.9996731877326965,True
265,TCGA-EE-A185-06,Metastasis,0,TCGA-D3-A8GR-06,Metastasis,0.9998819231987,True
265,TCGA-EE-A185-06,Metastasis,1,TCGA-GN-A8LL-06,Metastasis,0.9998666048049927,True
265,TCGA-EE-A185-06,Metastasis,2,TCGA-D9-A4Z5-01,Primary Tumor,0.9998086094856262,False
265,TCGA-EE-A185-06,Metastasis,3,TCGA-D3-A5GL-06,Metastasis,0.9997028112411499,True
265,TCGA-EE-A185-06,Metastasis,4,TCGA-EE-A182-06,Metastasis,0.9996790289878845,True
265,TCGA-EE-A185-06,Metastasis,5,TCGA-D9-A6EG-06,Metastasis,0.9996731877326965,True
265,TCGA-EE-A185-06,Metastasis,6,TCGA-RP-A690-06,Metastasis,0.9996545910835266,True
265,TCGA-EE-A185-06,Metastasis,7,TCGA-EE-A20C-06,Metastasis,0.9995899200439453,True
265,TCGA-EE-A185-06,Metastasis,8,TCGA-BF-A1PU-01,Primary Tumor,0.9993603825569153,False
265,TCGA-EE-A185-06,Metastasis,9,TCGA-GN-A262-06,Metastasis,0.9993064403533936,True
266,TCGA-DA-A1I7-06,Metastasis,0,TCGA-EB-A5UN-06,Metastasis,0.9998822808265686,True
266,TCGA-DA-A1I7-06,Metastasis,1,TCGA-EE-A29V-06,Metastasis,0.9997434616088867,True
266,TCGA-DA-A1I7-06,Metastasis,2,TCGA-WE-A8K6-06,Metastasis,0.9997429251670837,True
266,TCGA-DA-A1I7-06,Metastasis,3,TCGA-DA-A3F5-06,Metastasis,0.9996569752693176,True
266,TCGA-DA-A1I7-06,Metastasis,4,TCGA-FS-A1ZE-06,Metastasis,0.9996334314346313,True
266,TCGA-DA-A1I7-06,Metastasis,5,TCGA-D3-A51G-06,Metastasis,0.9996106624603271,True
266,TCGA-DA-A1I7-06,Metastasis,6,TCGA-EB-A82C-01,Primary Tumor,0.9995722770690918,False
266,TCGA-DA-A1I7-06,Metastasis,7,TCGA-D9-A4Z6-06,Metastasis,0.9995315670967102,True
266,TCGA-DA-A1I7-06,Metastasis,8,TCGA-ER-A19L-06,Metastasis,0.9994710683822632,True
266,TCGA-DA-A1I7-06,Metastasis,9,TCGA-EB-A6QZ-01,Primary Tumor,0.9992378950119019,False
267,TCGA-EB-A5VU-01,Primary Tumor,0,TCGA-EB-A57M-01,Primary Tumor,0.9884461760520935,True
267,TCGA-EB-A5VU-01,Primary Tumor,1,TCGA-D3-A1Q6-06,Metastasis,0.9851436018943787,False
267,TCGA-EB-A5VU-01,Primary Tumor,2,TCGA-BF-A1PX-01,Primary Tumor,0.9822201728820801,True
267,TCGA-EB-A5VU-01,Primary Tumor,3,TCGA-XV-A9W2-01,Primary Tumor,0.9799450635910034,True
267,TCGA-EB-A5VU-01,Primary Tumor,4,TCGA-BF-A3DJ-01,Primary Tumor,0.9779381155967712,True
267,TCGA-EB-A5VU-01,Primary Tumor,5,TCGA-EB-A3XC-01,Primary Tumor,0.9776657223701477,True
267,TCGA-EB-A5VU-01,Primary Tumor,6,TCGA-GN-A4U9-06,Metastasis,0.9757027626037598,False
267,TCGA-EB-A5VU-01,Primary Tumor,7,TCGA-D3-A1Q5-06,Metastasis,0.9740917086601257,False
267,TCGA-EB-A5VU-01,Primary Tumor,8,TCGA-WE-A8ZM-06,Metastasis,0.9735956788063049,False
267,TCGA-EB-A5VU-01,Primary Tumor,9,TCGA-EE-A20H-06,Metastasis,0.9722574949264526,False
268,TCGA-GF-A6C9-06,Metastasis,0,TCGA-ER-A197-06,Metastasis,0.9996721744537354,True
268,TCGA-GF-A6C9-06,Metastasis,1,TCGA-D3-A3CB-06,Metastasis,0.9995366334915161,True
268,TCGA-GF-A6C9-06,Metastasis,2,TCGA-D3-A3C3-06,Metastasis,0.9994390606880188,True
268,TCGA-GF-A6C9-06,Metastasis,3,TCGA-EE-A29P-06,Metastasis,0.999414324760437,True
268,TCGA-GF-A6C9-06,Metastasis,4,TCGA-W3-AA1W-06,Metastasis,0.9993982315063477,True
268,TCGA-GF-A6C9-06,Metastasis,5,TCGA-D3-A8GE-06,Metastasis,0.9992472529411316,True
268,TCGA-GF-A6C9-06,Metastasis,6,TCGA-FS-A4F5-06,Metastasis,0.9991973638534546,True
268,TCGA-GF-A6C9-06,Metastasis,7,TCGA-GN-A26C-01,Primary Tumor,0.9991952180862427,False
268,TCGA-GF-A6C9-06,Metastasis,8,TCGA-D3-A3BZ-06,Metastasis,0.9991157650947571,True
268,TCGA-GF-A6C9-06,Metastasis,9,TCGA-D3-A51E-06,Metastasis,0.9989007711410522,True
269,TCGA-EE-A3AH-06,Metastasis,0,TCGA-D3-A2JN-06,Metastasis,0.9998241662979126,True
269,TCGA-EE-A3AH-06,Metastasis,1,TCGA-FS-A1ZW-06,Metastasis,0.9996880292892456,True
269,TCGA-EE-A3AH-06,Metastasis,2,TCGA-D3-A8GE-06,Metastasis,0.9994089603424072,True
269,TCGA-EE-A3AH-06,Metastasis,3,TCGA-D3-A3CB-06,Metastasis,0.9993228316307068,True
269,TCGA-EE-A3AH-06,Metastasis,4,TCGA-FS-A1Z3-06,Metastasis,0.9991679787635803,True
269,TCGA-EE-A3AH-06,Metastasis,5,TCGA-ER-A197-06,Metastasis,0.9987369179725647,True
269,TCGA-EE-A3AH-06,Metastasis,6,TCGA-FS-A4F5-06,Metastasis,0.9982277750968933,True
269,TCGA-EE-A3AH-06,Metastasis,7,TCGA-BF-AAP6-01,Primary Tumor,0.998155951499939,False
269,TCGA-EE-A3AH-06,Metastasis,8,TCGA-D3-A3CC-06,Metastasis,0.998128354549408,True
269,TCGA-EE-A3AH-06,Metastasis,9,TCGA-D3-A3MV-06,Metastasis,0.9979695081710815,True
270,TCGA-EB-A5SH-06,Metastasis,0,TCGA-ER-A19T-06,Metastasis,0.9999266862869263,True
270,TCGA-EB-A5SH-06,Metastasis,1,TCGA-FS-A4F4-06,Metastasis,0.9999099373817444,True
270,TCGA-EB-A5SH-06,Metastasis,2,TCGA-D3-A3ML-06,Metastasis,0.9998618960380554,True
270,TCGA-EB-A5SH-06,Metastasis,3,TCGA-DA-A1I0-06,Metastasis,0.9998356699943542,True
270,TCGA-EB-A5SH-06,Metastasis,4,TCGA-EB-A4OY-01,Primary Tumor,0.9998094439506531,False
270,TCGA-EB-A5SH-06,Metastasis,5,TCGA-FS-A1YY-06,Metastasis,0.9996804594993591,True
270,TCGA-EB-A5SH-06,Metastasis,6,TCGA-FR-A7U8-06,Metastasis,0.9995982646942139,True
270,TCGA-EB-A5SH-06,Metastasis,7,TCGA-D9-A4Z3-01,Primary Tumor,0.9995478391647339,False
270,TCGA-EB-A5SH-06,Metastasis,8,TCGA-EB-A5KH-06,Metastasis,0.9995426535606384,True
270,TCGA-EB-A5SH-06,Metastasis,9,TCGA-BF-A5ES-01,Primary Tumor,0.9995318055152893,False
271,TCGA-D3-A3C1-06,Metastasis,0,TCGA-GN-A263-01,Primary Tumor,0.9999343752861023,False
271,TCGA-D3-A3C1-06,Metastasis,1,TCGA-EE-A2GR-06,Metastasis,0.9999266862869263,True
271,TCGA-D3-A3C1-06,Metastasis,2,TCGA-FR-A7U8-06,Metastasis,0.999813437461853,True
271,TCGA-D3-A3C1-06,Metastasis,3,TCGA-EB-A4OY-01,Primary Tumor,0.9996396899223328,False
271,TCGA-D3-A3C1-06,Metastasis,4,TCGA-BF-AAP8-01,Primary Tumor,0.9996177554130554,False
271,TCGA-D3-A3C1-06,Metastasis,5,TCGA-LH-A9QB-06,Metastasis,0.9996113777160645,True
271,TCGA-D3-A3C1-06,Metastasis,6,TCGA-YG-AA3P-06,Metastasis,0.9996055364608765,True
271,TCGA-D3-A3C1-06,Metastasis,7,TCGA-BF-A1PU-01,Primary Tumor,0.9995269179344177,False
271,TCGA-D3-A3C1-06,Metastasis,8,TCGA-D3-A51K-06,Metastasis,0.9995033144950867,True
271,TCGA-D3-A3C1-06,Metastasis,9,TCGA-D9-A6EC-06,Metastasis,0.99946528673172,True
272,TCGA-D9-A3Z4-01,Primary Tumor,0,TCGA-D3-A8GO-06,Metastasis,0.9998048543930054,False
272,TCGA-D9-A3Z4-01,Primary Tumor,1,TCGA-ER-A19M-06,Metastasis,0.9997786283493042,False
272,TCGA-D9-A3Z4-01,Primary Tumor,2,TCGA-DA-A3F8-06,Metastasis,0.9997780919075012,False
272,TCGA-D9-A3Z4-01,Primary Tumor,3,TCGA-D3-A1Q4-06,Metastasis,0.9997158646583557,False
272,TCGA-D9-A3Z4-01,Primary Tumor,4,TCGA-WE-AA9Y-06,Metastasis,0.999627411365509,False
272,TCGA-D9-A3Z4-01,Primary Tumor,5,TCGA-WE-A8ZX-06,Metastasis,0.9996057748794556,False
272,TCGA-D9-A3Z4-01,Primary Tumor,6,TCGA-WE-A8JZ-06,Metastasis,0.9995787143707275,False
272,TCGA-D9-A3Z4-01,Primary Tumor,7,TCGA-D3-A1Q3-06,Metastasis,0.9995626211166382,False
272,TCGA-D9-A3Z4-01,Primary Tumor,8,TCGA-3N-A9WD-06,Metastasis,0.9994628429412842,False
272,TCGA-D9-A3Z4-01,Primary Tumor,9,TCGA-3N-A9WC-06,Metastasis,0.9994122385978699,False
273,TCGA-EE-A2A6-06,Metastasis,0,TCGA-D3-A8GB-06,Metastasis,0.9994314312934875,True
273,TCGA-EE-A2A6-06,Metastasis,1,TCGA-EE-A2GL-06,Metastasis,0.9993610978126526,True
273,TCGA-EE-A2A6-06,Metastasis,2,TCGA-EE-A2A2-06,Metastasis,0.999016284942627,True
273,TCGA-EE-A2A6-06,Metastasis,3,TCGA-FR-A44A-06,Metastasis,0.9987661242485046,True
273,TCGA-EE-A2A6-06,Metastasis,4,TCGA-D3-A3CF-06,Metastasis,0.998507022857666,True
273,TCGA-EE-A2A6-06,Metastasis,5,TCGA-WE-A8K1-06,Metastasis,0.9982883930206299,True
273,TCGA-EE-A2A6-06,Metastasis,6,TCGA-GN-A9SD-06,Metastasis,0.9981046319007874,True
273,TCGA-EE-A2A6-06,Metastasis,7,TCGA-D9-A1JX-06,Metastasis,0.9977178573608398,True
273,TCGA-EE-A2A6-06,Metastasis,8,TCGA-EE-A2A1-06,Metastasis,0.9975400567054749,True
273,TCGA-EE-A2A6-06,Metastasis,9,TCGA-GN-A4U8-06,Metastasis,0.9970154762268066,True
274,TCGA-FS-A1ZH-06,Metastasis,0,TCGA-W3-A825-06,Metastasis,0.9993368983268738,True
274,TCGA-FS-A1ZH-06,Metastasis,1,TCGA-D3-A5GR-06,Metastasis,0.9978557825088501,True
274,TCGA-FS-A1ZH-06,Metastasis,2,TCGA-D3-A8GD-06,Metastasis,0.9965932369232178,True
274,TCGA-FS-A1ZH-06,Metastasis,3,TCGA-D3-A2JB-06,Metastasis,0.996493935585022,True
274,TCGA-FS-A1ZH-06,Metastasis,4,TCGA-FR-A729-06,Metastasis,0.9958203434944153,True
274,TCGA-FS-A1ZH-06,Metastasis,5,TCGA-BF-AAP2-01,Primary Tumor,0.9951127767562866,False
274,TCGA-FS-A1ZH-06,Metastasis,6,TCGA-EB-A4IS-01,Primary Tumor,0.9949532151222229,False
274,TCGA-FS-A1ZH-06,Metastasis,7,TCGA-ER-A19P-06,Metastasis,0.9899784326553345,True
274,TCGA-FS-A1ZH-06,Metastasis,8,TCGA-Z2-A8RT-06,Metastasis,0.9899018406867981,True
274,TCGA-FS-A1ZH-06,Metastasis,9,TCGA-WE-A8ZR-06,Metastasis,0.9895324110984802,True
275,TCGA-D3-A5GN-06,Metastasis,0,TCGA-ER-A2NG-06,Metastasis,0.9998683333396912,True
275,TCGA-D3-A5GN-06,Metastasis,1,TCGA-EE-A2M8-06,Metastasis,0.9997799396514893,True
275,TCGA-D3-A5GN-06,Metastasis,2,TCGA-D3-A2JA-06,Metastasis,0.9997367858886719,True
275,TCGA-D3-A5GN-06,Metastasis,3,TCGA-GN-A8LN-01,Primary Tumor,0.9995614290237427,False
275,TCGA-D3-A5GN-06,Metastasis,4,TCGA-GF-A4EO-06,Metastasis,0.9994271397590637,True
275,TCGA-D3-A5GN-06,Metastasis,5,TCGA-D3-A8GN-06,Metastasis,0.9993786811828613,True
275,TCGA-D3-A5GN-06,Metastasis,6,TCGA-EE-A2MP-06,Metastasis,0.999321460723877,True
275,TCGA-D3-A5GN-06,Metastasis,7,TCGA-D3-A1Q9-06,Metastasis,0.9992956519126892,True
275,TCGA-D3-A5GN-06,Metastasis,8,TCGA-EE-A3JB-06,Metastasis,0.9992721676826477,True
275,TCGA-D3-A5GN-06,Metastasis,9,TCGA-ER-A19W-06,Metastasis,0.9991682171821594,True
276,TCGA-FS-A1ZP-06,Metastasis,0,TCGA-D3-A2JG-06,Metastasis,0.999954342842102,True
276,TCGA-FS-A1ZP-06,Metastasis,1,TCGA-ER-A198-06,Metastasis,0.9998762011528015,True
276,TCGA-FS-A1ZP-06,Metastasis,2,TCGA-FR-A8YD-06,Metastasis,0.9998663067817688,True
276,TCGA-FS-A1ZP-06,Metastasis,3,TCGA-EE-A2GM-06,Metastasis,0.9997871518135071,True
276,TCGA-FS-A1ZP-06,Metastasis,4,TCGA-EE-A2MN-06,Metastasis,0.9997863173484802,True
276,TCGA-FS-A1ZP-06,Metastasis,5,TCGA-GN-A267-06,Metastasis,0.999692976474762,True
276,TCGA-FS-A1ZP-06,Metastasis,6,TCGA-EB-A41B-01,Primary Tumor,0.9995523691177368,False
276,TCGA-FS-A1ZP-06,Metastasis,7,TCGA-FS-A4FD-06,Metastasis,0.9994881749153137,True
276,TCGA-FS-A1ZP-06,Metastasis,8,TCGA-EB-A42Z-01,Primary Tumor,0.9994814395904541,False
276,TCGA-FS-A1ZP-06,Metastasis,9,TCGA-BF-A1PV-01,Primary Tumor,0.999447226524353,False
277,TCGA-EB-A44P-01,Primary Tumor,0,TCGA-EB-A82B-01,Primary Tumor,0.9995702505111694,True
277,TCGA-EB-A44P-01,Primary Tumor,1,TCGA-EB-A85J-01,Primary Tumor,0.9994479417800903,True
277,TCGA-EB-A44P-01,Primary Tumor,2,TCGA-EE-A3JH-06,Metastasis,0.9994206428527832,False
277,TCGA-EB-A44P-01,Primary Tumor,3,TCGA-EB-A3XB-01,Primary Tumor,0.9993482828140259,True
277,TCGA-EB-A44P-01,Primary Tumor,4,TCGA-EB-A431-01,Primary Tumor,0.9993271827697754,True
277,TCGA-EB-A44P-01,Primary Tumor,5,TCGA-FR-A8YC-06,Metastasis,0.9992274641990662,False
277,TCGA-EB-A44P-01,Primary Tumor,6,TCGA-ER-A19N-06,Metastasis,0.9991178512573242,False
277,TCGA-EB-A44P-01,Primary Tumor,7,TCGA-D3-A51N-06,Metastasis,0.9990780353546143,False
277,TCGA-EB-A44P-01,Primary Tumor,8,TCGA-ER-A19J-06,Metastasis,0.999043881893158,False
277,TCGA-EB-A44P-01,Primary Tumor,9,TCGA-BF-AAOU-01,Primary Tumor,0.9989758729934692,True
278,TCGA-ER-A2NH-06,Metastasis,0,TCGA-D3-A51T-06,Metastasis,0.9993649125099182,True
278,TCGA-ER-A2NH-06,Metastasis,1,TCGA-EB-A24D-01,Primary Tumor,0.9992882013320923,False
278,TCGA-ER-A2NH-06,Metastasis,2,TCGA-ER-A19D-06,Metastasis,0.9984295964241028,True
278,TCGA-ER-A2NH-06,Metastasis,3,TCGA-D3-A8GC-06,Metastasis,0.9982394576072693,True
278,TCGA-ER-A2NH-06,Metastasis,4,TCGA-EE-A2MR-06,Metastasis,0.9978187084197998,True
278,TCGA-ER-A2NH-06,Metastasis,5,TCGA-EE-A20B-06,Metastasis,0.9977402687072754,True
278,TCGA-ER-A2NH-06,Metastasis,6,TCGA-EE-A2GS-06,Metastasis,0.9976990818977356,True
278,TCGA-ER-A2NH-06,Metastasis,7,TCGA-GN-A265-06,Metastasis,0.9975566864013672,True
278,TCGA-ER-A2NH-06,Metastasis,8,TCGA-GN-A266-06,Metastasis,0.997471809387207,True
278,TCGA-ER-A2NH-06,Metastasis,9,TCGA-FW-A5DY-06,Metastasis,0.9970547556877136,True
279,TCGA-W3-A825-06,Metastasis,0,TCGA-FS-A1ZH-06,Metastasis,0.9993368983268738,True
279,TCGA-W3-A825-06,Metastasis,1,TCGA-BF-AAP2-01,Primary Tumor,0.9955259561538696,False
279,TCGA-W3-A825-06,Metastasis,2,TCGA-D3-A5GR-06,Metastasis,0.995235800743103,True
279,TCGA-W3-A825-06,Metastasis,3,TCGA-D3-A2JB-06,Metastasis,0.9940736293792725,True
279,TCGA-W3-A825-06,Metastasis,4,TCGA-D3-A8GD-06,Metastasis,0.9929987192153931,True
279,TCGA-W3-A825-06,Metastasis,5,TCGA-FR-A729-06,Metastasis,0.9928604960441589,True
279,TCGA-W3-A825-06,Metastasis,6,TCGA-EB-A4IS-01,Primary Tumor,0.9928072690963745,False
279,TCGA-W3-A825-06,Metastasis,7,TCGA-EB-A6R0-01,Primary Tumor,0.992328941822052,False
279,TCGA-W3-A825-06,Metastasis,8,TCGA-ER-A19P-06,Metastasis,0.9888079762458801,True
279,TCGA-W3-A825-06,Metastasis,9,TCGA-WE-A8ZR-06,Metastasis,0.9853698015213013,True
280,TCGA-ER-A2NG-06,Metastasis,0,TCGA-D3-A5GN-06,Metastasis,0.9998683333396912,True
280,TCGA-ER-A2NG-06,Metastasis,1,TCGA-EE-A2M8-06,Metastasis,0.999826967716217,True
280,TCGA-ER-A2NG-06,Metastasis,2,TCGA-GN-A8LN-01,Primary Tumor,0.9998157024383545,False
280,TCGA-ER-A2NG-06,Metastasis,3,TCGA-D3-A8GN-06,Metastasis,0.9998064637184143,True
280,TCGA-ER-A2NG-06,Metastasis,4,TCGA-D3-A2JA-06,Metastasis,0.9997853636741638,True
280,TCGA-ER-A2NG-06,Metastasis,5,TCGA-D3-A1Q9-06,Metastasis,0.9996669888496399,True
280,TCGA-ER-A2NG-06,Metastasis,6,TCGA-FS-A1ZQ-06,Metastasis,0.9995929598808289,True
280,TCGA-ER-A2NG-06,Metastasis,7,TCGA-ER-A19W-06,Metastasis,0.9995698928833008,True
280,TCGA-ER-A2NG-06,Metastasis,8,TCGA-D3-A8GM-06,Metastasis,0.9992014169692993,True
280,TCGA-ER-A2NG-06,Metastasis,9,TCGA-D3-A1Q8-06,Metastasis,0.9991632699966431,True
281,TCGA-EB-A42Z-01,Primary Tumor,0,TCGA-RP-A695-06,Metastasis,0.9999794960021973,False
281,TCGA-EB-A42Z-01,Primary Tumor,1,TCGA-ER-A19F-06,Metastasis,0.9997850060462952,False
281,TCGA-EB-A42Z-01,Primary Tumor,2,TCGA-D3-A2JG-06,Metastasis,0.9996923804283142,False
281,TCGA-EB-A42Z-01,Primary Tumor,3,TCGA-WE-AAA4-06,Metastasis,0.9996335506439209,False
281,TCGA-EB-A42Z-01,Primary Tumor,4,TCGA-EB-A85I-01,Primary Tumor,0.9996168613433838,True
281,TCGA-EB-A42Z-01,Primary Tumor,5,TCGA-FS-A4F2-06,Metastasis,0.9995876550674438,False
281,TCGA-EB-A42Z-01,Primary Tumor,6,TCGA-D3-A2JL-06,Metastasis,0.999575674533844,False
281,TCGA-EB-A42Z-01,Primary Tumor,7,TCGA-FS-A1ZP-06,Metastasis,0.9994814395904541,False
281,TCGA-EB-A42Z-01,Primary Tumor,8,TCGA-GN-A267-06,Metastasis,0.9994410276412964,False
281,TCGA-EB-A42Z-01,Primary Tumor,9,TCGA-ER-A3PL-06,Metastasis,0.9994234442710876,False
282,TCGA-D3-A8GB-06,Metastasis,0,TCGA-FR-A44A-06,Metastasis,0.9997734427452087,True
282,TCGA-D3-A8GB-06,Metastasis,1,TCGA-EE-A2A6-06,Metastasis,0.9994314312934875,True
282,TCGA-D3-A8GB-06,Metastasis,2,TCGA-WE-A8K1-06,Metastasis,0.9993132948875427,True
282,TCGA-D3-A8GB-06,Metastasis,3,TCGA-EE-A2A1-06,Metastasis,0.9992955923080444,True
282,TCGA-D3-A8GB-06,Metastasis,4,TCGA-D3-A8GJ-06,Metastasis,0.9987365007400513,True
282,TCGA-D3-A8GB-06,Metastasis,5,TCGA-DA-A1HW-06,Metastasis,0.9985964894294739,True
282,TCGA-D3-A8GB-06,Metastasis,6,TCGA-EE-A2GI-06,Metastasis,0.9985774159431458,True
282,TCGA-D3-A8GB-06,Metastasis,7,TCGA-EE-A2GL-06,Metastasis,0.9984051585197449,True
282,TCGA-D3-A8GB-06,Metastasis,8,TCGA-EE-A2A2-06,Metastasis,0.997967004776001,True
282,TCGA-D3-A8GB-06,Metastasis,9,TCGA-D3-A3CF-06,Metastasis,0.99774569272995,True
283,TCGA-EE-A2MK-06,Metastasis,0,TCGA-EE-A2MT-06,Metastasis,0.9999488592147827,True
283,TCGA-EE-A2MK-06,Metastasis,1,TCGA-RP-A693-06,Metastasis,0.9999228715896606,True
283,TCGA-EE-A2MK-06,Metastasis,2,TCGA-EE-A2MI-06,Metastasis,0.9997629523277283,True
283,TCGA-EE-A2MK-06,Metastasis,3,TCGA-D9-A1JW-06,Metastasis,0.9997592568397522,True
283,TCGA-EE-A2MK-06,Metastasis,4,TCGA-EE-A3JI-06,Metastasis,0.9997478723526001,True
283,TCGA-EE-A2MK-06,Metastasis,5,TCGA-EE-A20I-06,Metastasis,0.9997298121452332,True
283,TCGA-EE-A2MK-06,Metastasis,6,TCGA-FR-A3R1-01,Primary Tumor,0.9997132420539856,False
283,TCGA-EE-A2MK-06,Metastasis,7,TCGA-D3-A2JD-06,Metastasis,0.9996538162231445,True
283,TCGA-EE-A2MK-06,Metastasis,8,TCGA-D3-A5GS-06,Metastasis,0.9996415972709656,True
283,TCGA-EE-A2MK-06,Metastasis,9,TCGA-EE-A29D-06,Metastasis,0.9996221661567688,True
284,TCGA-D3-A2JK-06,Metastasis,0,TCGA-ER-A3ES-06,Metastasis,0.999839723110199,True
284,TCGA-D3-A2JK-06,Metastasis,1,TCGA-DA-A960-01,Primary Tumor,0.9997324347496033,False
284,TCGA-D3-A2JK-06,Metastasis,2,TCGA-IH-A3EA-01,Primary Tumor,0.9995207786560059,False
284,TCGA-D3-A2JK-06,Metastasis,3,TCGA-D3-A5GT-01,Primary Tumor,0.9984035491943359,False
284,TCGA-D3-A2JK-06,Metastasis,4,TCGA-ER-A194-01,Primary Tumor,0.9974300861358643,False
284,TCGA-D3-A2JK-06,Metastasis,5,TCGA-D3-A8GI-06,Metastasis,0.99637371301651,True
284,TCGA-D3-A2JK-06,Metastasis,6,TCGA-DA-A95Z-06,Metastasis,0.9962294697761536,True
284,TCGA-D3-A2JK-06,Metastasis,7,TCGA-BF-A5ER-01,Primary Tumor,0.996127188205719,False
284,TCGA-D3-A2JK-06,Metastasis,8,TCGA-EB-A553-01,Primary Tumor,0.99525386095047,False
284,TCGA-D3-A2JK-06,Metastasis,9,TCGA-XV-AB01-06,Metastasis,0.9950001239776611,True
285,TCGA-D3-A8GI-06,Metastasis,0,TCGA-BF-A5ER-01,Primary Tumor,0.9999754428863525,False
285,TCGA-D3-A8GI-06,Metastasis,1,TCGA-DA-A95Z-06,Metastasis,0.9999540448188782,True
285,TCGA-D3-A8GI-06,Metastasis,2,TCGA-EB-A553-01,Primary Tumor,0.9999110698699951,False
285,TCGA-D3-A8GI-06,Metastasis,3,TCGA-ER-A194-01,Primary Tumor,0.9998561143875122,False
285,TCGA-D3-A8GI-06,Metastasis,4,TCGA-XV-AB01-06,Metastasis,0.9998481869697571,True
285,TCGA-D3-A8GI-06,Metastasis,5,TCGA-EE-A29B-06,Metastasis,0.9997217059135437,True
285,TCGA-D3-A8GI-06,Metastasis,6,TCGA-FS-A1ZU-06,Metastasis,0.9997156262397766,True
285,TCGA-D3-A8GI-06,Metastasis,7,TCGA-GN-A8LK-06,Metastasis,0.9995249509811401,True
285,TCGA-D3-A8GI-06,Metastasis,8,TCGA-EE-A29E-06,Metastasis,0.9992315173149109,True
285,TCGA-D3-A8GI-06,Metastasis,9,TCGA-D3-A5GT-01,Primary Tumor,0.9991562366485596,False
286,TCGA-EB-A42Y-01,Primary Tumor,0,TCGA-ER-A3PL-06,Metastasis,0.9998915791511536,False
286,TCGA-EB-A42Y-01,Primary Tumor,1,TCGA-D3-A2JL-06,Metastasis,0.9998537302017212,False
286,TCGA-EB-A42Y-01,Primary Tumor,2,TCGA-QB-AA9O-06,Metastasis,0.9998424053192139,False
286,TCGA-EB-A42Y-01,Primary Tumor,3,TCGA-D9-A6E9-06,Metastasis,0.9998210668563843,False
286,TCGA-EB-A42Y-01,Primary Tumor,4,TCGA-GN-A264-06,Metastasis,0.9998138546943665,False
286,TCGA-EB-A42Y-01,Primary Tumor,5,TCGA-FS-A4F2-06,Metastasis,0.9997267127037048,False
286,TCGA-EB-A42Y-01,Primary Tumor,6,TCGA-EE-A29R-06,Metastasis,0.9997023344039917,False
286,TCGA-EB-A42Y-01,Primary Tumor,7,TCGA-EB-A85I-01,Primary Tumor,0.9996529221534729,True
286,TCGA-EB-A42Y-01,Primary Tumor,8,TCGA-GN-A4U3-06,Metastasis,0.9995695948600769,False
286,TCGA-EB-A42Y-01,Primary Tumor,9,TCGA-EE-A2GJ-06,Metastasis,0.9995546340942383,False
287,TCGA-D3-A2JA-06,Metastasis,0,TCGA-GN-A8LN-01,Primary Tumor,0.9998814463615417,False
287,TCGA-D3-A2JA-06,Metastasis,1,TCGA-ER-A2NG-06,Metastasis,0.9997853636741638,True
287,TCGA-D3-A2JA-06,Metastasis,2,TCGA-D3-A5GN-06,Metastasis,0.9997367858886719,True
287,TCGA-D3-A2JA-06,Metastasis,3,TCGA-ER-A19B-06,Metastasis,0.999637246131897,True
287,TCGA-D3-A2JA-06,Metastasis,4,TCGA-D9-A3Z3-06,Metastasis,0.9996357560157776,True
287,TCGA-D3-A2JA-06,Metastasis,5,TCGA-D3-A1Q9-06,Metastasis,0.9996345043182373,True
287,TCGA-D3-A2JA-06,Metastasis,6,TCGA-GF-A4EO-06,Metastasis,0.9995266199111938,True
287,TCGA-D3-A2JA-06,Metastasis,7,TCGA-D3-A8GN-06,Metastasis,0.9994884729385376,True
287,TCGA-D3-A2JA-06,Metastasis,8,TCGA-EE-A2M8-06,Metastasis,0.999457061290741,True
287,TCGA-D3-A2JA-06,Metastasis,9,TCGA-FS-A1ZQ-06,Metastasis,0.9992498159408569,True
288,TCGA-WE-A8ZQ-06,Metastasis,0,TCGA-EB-A5FP-01,Primary Tumor,0.9992562532424927,False
288,TCGA-WE-A8ZQ-06,Metastasis,1,TCGA-DA-A1I8-06,Metastasis,0.9989574551582336,True
288,TCGA-WE-A8ZQ-06,Metastasis,2,TCGA-YG-AA3N-01,Primary Tumor,0.9985652565956116,False
288,TCGA-WE-A8ZQ-06,Metastasis,3,TCGA-EB-A24C-01,Primary Tumor,0.9984415769577026,False
288,TCGA-WE-A8ZQ-06,Metastasis,4,TCGA-D3-A3MO-06,Metastasis,0.9977980256080627,True
288,TCGA-WE-A8ZQ-06,Metastasis,5,TCGA-GF-A2C7-01,Primary Tumor,0.9974772334098816,False
288,TCGA-WE-A8ZQ-06,Metastasis,6,TCGA-ER-A19K-01,Primary Tumor,0.9972040057182312,False
288,TCGA-WE-A8ZQ-06,Metastasis,7,TCGA-XV-A9VZ-01,Primary Tumor,0.996324360370636,False
288,TCGA-WE-A8ZQ-06,Metastasis,8,TCGA-DA-A1IC-06,Metastasis,0.9959864616394043,True
288,TCGA-WE-A8ZQ-06,Metastasis,9,TCGA-EE-A2M5-06,Metastasis,0.995922863483429,True
289,TCGA-DA-A1I2-06,Metastasis,0,TCGA-FW-A3TV-06,Metastasis,0.9999721646308899,True
289,TCGA-DA-A1I2-06,Metastasis,1,TCGA-EE-A3AE-06,Metastasis,0.9995635747909546,True
289,TCGA-DA-A1I2-06,Metastasis,2,TCGA-WE-AAA0-06,Metastasis,0.9993280172348022,True
289,TCGA-DA-A1I2-06,Metastasis,3,TCGA-DA-A1I5-06,Metastasis,0.999296247959137,True
289,TCGA-DA-A1I2-06,Metastasis,4,TCGA-YG-AA3O-06,Metastasis,0.9990561604499817,True
289,TCGA-DA-A1I2-06,Metastasis,5,TCGA-WE-A8ZX-06,Metastasis,0.9987406134605408,True
289,TCGA-DA-A1I2-06,Metastasis,6,TCGA-EE-A3AC-06,Metastasis,0.9984171390533447,True
289,TCGA-DA-A1I2-06,Metastasis,7,TCGA-DA-A1I1-06,Metastasis,0.998186469078064,True
289,TCGA-DA-A1I2-06,Metastasis,8,TCGA-FS-A1Z0-06,Metastasis,0.9981840252876282,True
289,TCGA-DA-A1I2-06,Metastasis,9,TCGA-D9-A3Z4-01,Primary Tumor,0.99800044298172,False
290,TCGA-GF-A2C7-01,Primary Tumor,0,TCGA-YG-AA3N-01,Primary Tumor,0.9993383288383484,True
290,TCGA-GF-A2C7-01,Primary Tumor,1,TCGA-DA-A1I8-06,Metastasis,0.9991258978843689,False
290,TCGA-GF-A2C7-01,Primary Tumor,2,TCGA-FS-A1ZB-06,Metastasis,0.9989596009254456,False
290,TCGA-GF-A2C7-01,Primary Tumor,3,TCGA-XV-A9W5-01,Primary Tumor,0.998352587223053,True
290,TCGA-GF-A2C7-01,Primary Tumor,4,TCGA-WE-A8ZM-06,Metastasis,0.9982408285140991,False
290,TCGA-GF-A2C7-01,Primary Tumor,5,TCGA-W3-AA1V-06,Metastasis,0.9978382587432861,False
290,TCGA-GF-A2C7-01,Primary Tumor,6,TCGA-EB-A3XC-01,Primary Tumor,0.9975352883338928,True
290,TCGA-GF-A2C7-01,Primary Tumor,7,TCGA-WE-A8ZQ-06,Metastasis,0.9974772334098816,False
290,TCGA-GF-A2C7-01,Primary Tumor,8,TCGA-EB-A1NK-01,Primary Tumor,0.9973644614219666,True
290,TCGA-GF-A2C7-01,Primary Tumor,9,TCGA-EB-A5FP-01,Primary Tumor,0.9972388744354248,True
291,TCGA-EE-A2ML-06,Metastasis,0,TCGA-FS-A1ZJ-06,Metastasis,0.999760627746582,True
291,TCGA-EE-A2ML-06,Metastasis,1,TCGA-EE-A2MQ-06,Metastasis,0.9997264742851257,True
291,TCGA-EE-A2ML-06,Metastasis,2,TCGA-D3-A51E-06,Metastasis,0.9996795058250427,True
291,TCGA-EE-A2ML-06,Metastasis,3,TCGA-EB-A5UM-01,Primary Tumor,0.9996373057365417,False
291,TCGA-EE-A2ML-06,Metastasis,4,TCGA-ER-A199-06,Metastasis,0.9995755553245544,True
291,TCGA-EE-A2ML-06,Metastasis,5,TCGA-EB-A6L9-06,Metastasis,0.999480128288269,True
291,TCGA-EE-A2ML-06,Metastasis,6,TCGA-EE-A2GD-06,Metastasis,0.9994130730628967,True
291,TCGA-EE-A2ML-06,Metastasis,7,TCGA-EE-A29P-06,Metastasis,0.9993433356285095,True
291,TCGA-EE-A2ML-06,Metastasis,8,TCGA-GN-A26D-06,Metastasis,0.9992642998695374,True
291,TCGA-EE-A2ML-06,Metastasis,9,TCGA-DA-A3F3-06,Metastasis,0.9991065859794617,True
292,TCGA-EE-A29R-06,Metastasis,0,TCGA-D9-A6E9-06,Metastasis,0.9998875260353088,True
292,TCGA-EE-A29R-06,Metastasis,1,TCGA-QB-AA9O-06,Metastasis,0.9998572468757629,True
292,TCGA-EE-A29R-06,Metastasis,2,TCGA-EB-A42Y-01,Primary Tumor,0.9997023344039917,False
292,TCGA-EE-A29R-06,Metastasis,3,TCGA-EE-A17Y-06,Metastasis,0.9996870160102844,True
292,TCGA-EE-A29R-06,Metastasis,4,TCGA-GN-A264-06,Metastasis,0.9996523261070251,True
292,TCGA-EE-A29R-06,Metastasis,5,TCGA-GF-A769-01,Primary Tumor,0.9995221495628357,False
292,TCGA-EE-A29R-06,Metastasis,6,TCGA-D9-A1X3-06,Metastasis,0.9994798302650452,True
292,TCGA-EE-A29R-06,Metastasis,7,TCGA-EE-A2GJ-06,Metastasis,0.9993987679481506,True
292,TCGA-EE-A29R-06,Metastasis,8,TCGA-DA-A3F5-06,Metastasis,0.9993851184844971,True
292,TCGA-EE-A29R-06,Metastasis,9,TCGA-ER-A3PL-06,Metastasis,0.9993835091590881,True
293,TCGA-EB-A4OY-01,Primary Tumor,0,TCGA-FR-A7U8-06,Metastasis,0.9999560713768005,False
293,TCGA-EB-A4OY-01,Primary Tumor,1,TCGA-D3-A3ML-06,Metastasis,0.9999313354492188,False
293,TCGA-EB-A4OY-01,Primary Tumor,2,TCGA-EB-A5SH-06,Metastasis,0.9998094439506531,False
293,TCGA-EB-A4OY-01,Primary Tumor,3,TCGA-GN-A263-01,Primary Tumor,0.999681830406189,True
293,TCGA-EB-A4OY-01,Primary Tumor,4,TCGA-FS-A1YY-06,Metastasis,0.9996702671051025,False
293,TCGA-EB-A4OY-01,Primary Tumor,5,TCGA-D3-A3C1-06,Metastasis,0.9996396899223328,False
293,TCGA-EB-A4OY-01,Primary Tumor,6,TCGA-YG-AA3P-06,Metastasis,0.9995293021202087,False
293,TCGA-EB-A4OY-01,Primary Tumor,7,TCGA-ER-A19T-06,Metastasis,0.9995163083076477,False
293,TCGA-EB-A4OY-01,Primary Tumor,8,TCGA-FS-A4F4-06,Metastasis,0.9995079636573792,False
293,TCGA-EB-A4OY-01,Primary Tumor,9,TCGA-EE-A2GR-06,Metastasis,0.9994809031486511,False
294,TCGA-EE-A20C-06,Metastasis,0,TCGA-EE-A29E-06,Metastasis,0.9998365640640259,True
294,TCGA-EE-A20C-06,Metastasis,1,TCGA-D3-A8GR-06,Metastasis,0.9998313784599304,True
294,TCGA-EE-A20C-06,Metastasis,2,TCGA-EB-A3Y7-01,Primary Tumor,0.999732494354248,False
294,TCGA-EE-A20C-06,Metastasis,3,TCGA-GN-A8LL-06,Metastasis,0.9997320771217346,True
294,TCGA-EE-A20C-06,Metastasis,4,TCGA-D9-A4Z5-01,Primary Tumor,0.9996640682220459,False
294,TCGA-EE-A20C-06,Metastasis,5,TCGA-D3-A5GL-06,Metastasis,0.9996616244316101,True
294,TCGA-EE-A20C-06,Metastasis,6,TCGA-EE-A185-06,Metastasis,0.9995899200439453,True
294,TCGA-EE-A20C-06,Metastasis,7,TCGA-D9-A6EG-06,Metastasis,0.9995795488357544,True
294,TCGA-EE-A20C-06,Metastasis,8,TCGA-RP-A690-06,Metastasis,0.9995310306549072,True
294,TCGA-EE-A20C-06,Metastasis,9,TCGA-DA-A3F2-06,Metastasis,0.9994431734085083,True
295,TCGA-EE-A2MG-06,Metastasis,0,TCGA-DA-A1HV-06,Metastasis,0.9996525645256042,True
295,TCGA-EE-A2MG-06,Metastasis,1,TCGA-EE-A2GE-06,Metastasis,0.9987270832061768,True
295,TCGA-EE-A2MG-06,Metastasis,2,TCGA-FS-A1Z4-06,Metastasis,0.9979625344276428,True
295,TCGA-EE-A2MG-06,Metastasis,3,TCGA-FS-A1ZR-06,Metastasis,0.9966862201690674,True
295,TCGA-EE-A2MG-06,Metastasis,4,TCGA-FS-A1ZA-06,Metastasis,0.9964155554771423,True
295,TCGA-EE-A2MG-06,Metastasis,5,TCGA-D3-A3CE-06,Metastasis,0.9955164194107056,True
295,TCGA-EE-A2MG-06,Metastasis,6,TCGA-FS-A1ZM-06,Metastasis,0.9951545596122742,True
295,TCGA-EE-A2MG-06,Metastasis,7,TCGA-EB-A4IS-01,Primary Tumor,0.9950942397117615,False
295,TCGA-EE-A2MG-06,Metastasis,8,TCGA-EE-A20F-06,Metastasis,0.9950073957443237,True
295,TCGA-EE-A2MG-06,Metastasis,9,TCGA-WE-A8ZR-06,Metastasis,0.9944089651107788,True
296,TCGA-YG-AA3N-01,Primary Tumor,0,TCGA-GF-A2C7-01,Primary Tumor,0.9993383288383484,True
296,TCGA-YG-AA3N-01,Primary Tumor,1,TCGA-DA-A1I8-06,Metastasis,0.9990938901901245,False
296,TCGA-YG-AA3N-01,Primary Tumor,2,TCGA-EB-A5FP-01,Primary Tumor,0.9987837076187134,True
296,TCGA-YG-AA3N-01,Primary Tumor,3,TCGA-WE-A8ZQ-06,Metastasis,0.9985652565956116,False
296,TCGA-YG-AA3N-01,Primary Tumor,4,TCGA-FS-A1ZB-06,Metastasis,0.9978252053260803,False
296,TCGA-YG-AA3N-01,Primary Tumor,5,TCGA-EB-A3XC-01,Primary Tumor,0.9973158240318298,True
296,TCGA-YG-AA3N-01,Primary Tumor,6,TCGA-EB-A3XE-01,Primary Tumor,0.9971193075180054,True
296,TCGA-YG-AA3N-01,Primary Tumor,7,TCGA-XV-AAZV-01,Primary Tumor,0.9969189763069153,True
296,TCGA-YG-AA3N-01,Primary Tumor,8,TCGA-EB-A1NK-01,Primary Tumor,0.9968652725219727,True
296,TCGA-YG-AA3N-01,Primary Tumor,9,TCGA-EB-A24C-01,Primary Tumor,0.9964655041694641,True
297,TCGA-EB-A5SF-01,Primary Tumor,0,TCGA-ER-A2NB-01,Primary Tumor,0.9992876052856445,True
297,TCGA-EB-A5SF-01,Primary Tumor,1,TCGA-EB-A4OZ-01,Primary Tumor,0.9963659644126892,True
297,TCGA-EB-A5SF-01,Primary Tumor,2,TCGA-ER-A196-01,Primary Tumor,0.9961950778961182,True
297,TCGA-EB-A5SF-01,Primary Tumor,3,TCGA-HR-A5NC-01,Primary Tumor,0.9893068075180054,True
297,TCGA-EB-A5SF-01,Primary Tumor,4,TCGA-EE-A3J8-06,Metastasis,0.9770603775978088,False
297,TCGA-EB-A5SF-01,Primary Tumor,5,TCGA-EB-A4IQ-01,Primary Tumor,0.9751201272010803,True
297,TCGA-EB-A5SF-01,Primary Tumor,6,TCGA-BF-A9VF-01,Primary Tumor,0.9673938155174255,True
297,TCGA-EB-A5SF-01,Primary Tumor,7,TCGA-FS-A1ZC-06,Metastasis,0.9656155705451965,False
297,TCGA-EB-A5SF-01,Primary Tumor,8,TCGA-GF-A3OT-06,Metastasis,0.9618116021156311,False
297,TCGA-EB-A5SF-01,Primary Tumor,9,TCGA-EB-A3HV-01,Primary Tumor,0.9596968293190002,True
298,TCGA-EB-A82C-01,Primary Tumor,0,TCGA-D9-A4Z6-06,Metastasis,0.9997928738594055,False
298,TCGA-EB-A82C-01,Primary Tumor,1,TCGA-DA-A1I7-06,Metastasis,0.9995722770690918,False
298,TCGA-EB-A82C-01,Primary Tumor,2,TCGA-FS-A1ZD-06,Metastasis,0.9995241761207581,False
298,TCGA-EB-A82C-01,Primary Tumor,3,TCGA-D3-A51G-06,Metastasis,0.9994571208953857,False
298,TCGA-EB-A82C-01,Primary Tumor,4,TCGA-EB-A5UN-06,Metastasis,0.9994004964828491,False
298,TCGA-EB-A82C-01,Primary Tumor,5,TCGA-DA-A3F5-06,Metastasis,0.9992796182632446,False
298,TCGA-EB-A82C-01,Primary Tumor,6,TCGA-EE-A29V-06,Metastasis,0.9992256164550781,False
298,TCGA-EB-A82C-01,Primary Tumor,7,TCGA-EB-A6QZ-01,Primary Tumor,0.9992144703865051,True
298,TCGA-EB-A82C-01,Primary Tumor,8,TCGA-EE-A29W-06,Metastasis,0.99918532371521,False
298,TCGA-EB-A82C-01,Primary Tumor,9,TCGA-BF-A5EO-01,Primary Tumor,0.9990113377571106,True
299,TCGA-D3-A51N-06,Metastasis,0,TCGA-BF-AAOU-01,Primary Tumor,0.9999281167984009,False
299,TCGA-D3-A51N-06,Metastasis,1,TCGA-D3-A2JO-06,Metastasis,0.9997000694274902,True
299,TCGA-D3-A51N-06,Metastasis,2,TCGA-EB-A44Q-06,Metastasis,0.9996683597564697,True
299,TCGA-D3-A51N-06,Metastasis,3,TCGA-EE-A3JH-06,Metastasis,0.999615490436554,True
299,TCGA-D3-A51N-06,Metastasis,4,TCGA-EB-A431-01,Primary Tumor,0.9995422959327698,False
299,TCGA-D3-A51N-06,Metastasis,5,TCGA-EB-A85J-01,Primary Tumor,0.9994610548019409,False
299,TCGA-D3-A51N-06,Metastasis,6,TCGA-WE-A8K4-01,Primary Tumor,0.999357283115387,False
299,TCGA-D3-A51N-06,Metastasis,7,TCGA-D3-A3CC-06,Metastasis,0.9993165135383606,True
299,TCGA-D3-A51N-06,Metastasis,8,TCGA-D9-A3Z3-06,Metastasis,0.9991894364356995,True
299,TCGA-D3-A51N-06,Metastasis,9,TCGA-EB-A44P-01,Primary Tumor,0.9990780353546143,False
300,TCGA-EE-A17Y-06,Metastasis,0,TCGA-D9-A1X3-06,Metastasis,0.9999046921730042,True
300,TCGA-EE-A17Y-06,Metastasis,1,TCGA-D3-A1QB-06,Metastasis,0.9997633099555969,True
300,TCGA-EE-A17Y-06,Metastasis,2,TCGA-EE-A29R-06,Metastasis,0.9996870160102844,True
300,TCGA-EE-A17Y-06,Metastasis,3,TCGA-DA-A95V-06,Metastasis,0.9995548725128174,True
300,TCGA-EE-A17Y-06,Metastasis,4,TCGA-EB-A5SG-06,Metastasis,0.9995462894439697,True
300,TCGA-EE-A17Y-06,Metastasis,5,TCGA-W3-AA1O-06,Metastasis,0.9995378851890564,True
300,TCGA-EE-A17Y-06,Metastasis,6,TCGA-DA-A3F5-06,Metastasis,0.9994891285896301,True
300,TCGA-EE-A17Y-06,Metastasis,7,TCGA-EB-A6QZ-01,Primary Tumor,0.9994871616363525,False
300,TCGA-EE-A17Y-06,Metastasis,8,TCGA-QB-AA9O-06,Metastasis,0.9994646906852722,True
300,TCGA-EE-A17Y-06,Metastasis,9,TCGA-D9-A6E9-06,Metastasis,0.9994370937347412,True
301,TCGA-EE-A29B-06,Metastasis,0,TCGA-XV-AB01-06,Metastasis,0.9999699592590332,True
301,TCGA-EE-A29B-06,Metastasis,1,TCGA-EB-A553-01,Primary Tumor,0.9998868107795715,False
301,TCGA-EE-A29B-06,Metastasis,2,TCGA-DA-A95Z-06,Metastasis,0.9997860789299011,True
301,TCGA-EE-A29B-06,Metastasis,3,TCGA-FS-A1ZU-06,Metastasis,0.999782383441925,True
301,TCGA-EE-A29B-06,Metastasis,4,TCGA-D3-A8GI-06,Metastasis,0.9997217059135437,True
301,TCGA-EE-A29B-06,Metastasis,5,TCGA-BF-A5ER-01,Primary Tumor,0.9996632933616638,False
301,TCGA-EE-A29B-06,Metastasis,6,TCGA-BF-A3DL-01,Primary Tumor,0.9996485710144043,False
301,TCGA-EE-A29B-06,Metastasis,7,TCGA-GN-A8LK-06,Metastasis,0.9996244311332703,True
301,TCGA-EE-A29B-06,Metastasis,8,TCGA-FS-A1ZY-06,Metastasis,0.9995962381362915,True
301,TCGA-EE-A29B-06,Metastasis,9,TCGA-ER-A194-01,Primary Tumor,0.9994704723358154,False
302,TCGA-D3-A8GJ-06,Metastasis,0,TCGA-EE-A2A1-06,Metastasis,0.9997422099113464,True
302,TCGA-D3-A8GJ-06,Metastasis,1,TCGA-EE-A2GI-06,Metastasis,0.9995786547660828,True
302,TCGA-D3-A8GJ-06,Metastasis,2,TCGA-FR-A44A-06,Metastasis,0.9992772340774536,True
302,TCGA-D3-A8GJ-06,Metastasis,3,TCGA-DA-A1HW-06,Metastasis,0.9991404414176941,True
302,TCGA-D3-A8GJ-06,Metastasis,4,TCGA-WE-A8K1-06,Metastasis,0.9988171458244324,True
302,TCGA-D3-A8GJ-06,Metastasis,5,TCGA-BF-A1Q0-01,Primary Tumor,0.9987974762916565,False
302,TCGA-D3-A8GJ-06,Metastasis,6,TCGA-EE-A29Q-06,Metastasis,0.9987558722496033,True
302,TCGA-D3-A8GJ-06,Metastasis,7,TCGA-D3-A8GB-06,Metastasis,0.9987365007400513,True
302,TCGA-D3-A8GJ-06,Metastasis,8,TCGA-DA-A1I1-06,Metastasis,0.9981682896614075,True
302,TCGA-D3-A8GJ-06,Metastasis,9,TCGA-D3-A2JC-06,Metastasis,0.9980751276016235,True
303,TCGA-EB-A82B-01,Primary Tumor,0,TCGA-EB-A85J-01,Primary Tumor,0.9998914003372192,True
303,TCGA-EB-A82B-01,Primary Tumor,1,TCGA-ER-A19N-06,Metastasis,0.999617874622345,False
303,TCGA-EB-A82B-01,Primary Tumor,2,TCGA-FR-A8YC-06,Metastasis,0.9996141791343689,False
303,TCGA-EB-A82B-01,Primary Tumor,3,TCGA-EB-A3XB-01,Primary Tumor,0.9995784759521484,True
303,TCGA-EB-A82B-01,Primary Tumor,4,TCGA-EB-A44P-01,Primary Tumor,0.9995702505111694,True
303,TCGA-EB-A82B-01,Primary Tumor,5,TCGA-ER-A19J-06,Metastasis,0.999554455280304,False
303,TCGA-EB-A82B-01,Primary Tumor,6,TCGA-EE-A3JH-06,Metastasis,0.9991905689239502,False
303,TCGA-EB-A82B-01,Primary Tumor,7,TCGA-EE-A3AA-06,Metastasis,0.9991862773895264,False
303,TCGA-EB-A82B-01,Primary Tumor,8,TCGA-BF-AAOU-01,Primary Tumor,0.9990584850311279,True
303,TCGA-EB-A82B-01,Primary Tumor,9,TCGA-EB-A431-01,Primary Tumor,0.9990473389625549,True
304,TCGA-FR-A7UA-06,Metastasis,0,TCGA-ER-A19A-06,Metastasis,0.9987969994544983,True
304,TCGA-FR-A7UA-06,Metastasis,1,TCGA-FW-A3I3-06,Metastasis,0.9971533417701721,True
304,TCGA-FR-A7UA-06,Metastasis,2,TCGA-EB-A44R-06,Metastasis,0.9948462247848511,True
304,TCGA-FR-A7UA-06,Metastasis,3,TCGA-ER-A1A1-06,Metastasis,0.9925625920295715,True
304,TCGA-FR-A7UA-06,Metastasis,4,TCGA-BF-AAP1-01,Primary Tumor,0.9916763305664062,False
304,TCGA-FR-A7UA-06,Metastasis,5,TCGA-EE-A2GK-06,Metastasis,0.991233766078949,True
304,TCGA-FR-A7UA-06,Metastasis,6,TCGA-FS-A4FC-06,Metastasis,0.9908847212791443,True
304,TCGA-FR-A7UA-06,Metastasis,7,TCGA-BF-A3DJ-01,Primary Tumor,0.9888802766799927,False
304,TCGA-FR-A7UA-06,Metastasis,8,TCGA-EE-A2MC-06,Metastasis,0.9879981279373169,True
304,TCGA-FR-A7UA-06,Metastasis,9,TCGA-EE-A2GB-06,Metastasis,0.9878173470497131,True
305,TCGA-D3-A51R-06,Metastasis,0,TCGA-XV-A9VZ-01,Primary Tumor,0.9997472763061523,False
305,TCGA-D3-A51R-06,Metastasis,1,TCGA-XV-AAZV-01,Primary Tumor,0.9990959763526917,False
305,TCGA-D3-A51R-06,Metastasis,2,TCGA-EB-A3XE-01,Primary Tumor,0.9989067912101746,False
305,TCGA-D3-A51R-06,Metastasis,3,TCGA-EB-A3HV-01,Primary Tumor,0.9981170296669006,False
305,TCGA-D3-A51R-06,Metastasis,4,TCGA-EB-A5FP-01,Primary Tumor,0.9979092478752136,False
305,TCGA-D3-A51R-06,Metastasis,5,TCGA-EB-A3XC-01,Primary Tumor,0.9966410994529724,False
305,TCGA-D3-A51R-06,Metastasis,6,TCGA-YG-AA3N-01,Primary Tumor,0.9954045414924622,False
305,TCGA-D3-A51R-06,Metastasis,7,TCGA-WE-A8ZQ-06,Metastasis,0.9951106905937195,True
305,TCGA-D3-A51R-06,Metastasis,8,TCGA-GF-A2C7-01,Primary Tumor,0.9937565922737122,False
305,TCGA-D3-A51R-06,Metastasis,9,TCGA-DA-A1I8-06,Metastasis,0.9922333359718323,True
306,TCGA-RP-A6K9-06,Metastasis,0,TCGA-EE-A184-06,Metastasis,0.9999779462814331,True
306,TCGA-RP-A6K9-06,Metastasis,1,TCGA-DA-A95W-06,Metastasis,0.9999279975891113,True
306,TCGA-RP-A6K9-06,Metastasis,2,TCGA-W3-AA1Q-06,Metastasis,0.9998397827148438,True
306,TCGA-RP-A6K9-06,Metastasis,3,TCGA-YD-A9TB-06,Metastasis,0.9998378753662109,True
306,TCGA-RP-A6K9-06,Metastasis,4,TCGA-BF-A1PZ-01,Primary Tumor,0.9998230934143066,False
306,TCGA-RP-A6K9-06,Metastasis,5,TCGA-EE-A29S-06,Metastasis,0.9998174905776978,True
306,TCGA-RP-A6K9-06,Metastasis,6,TCGA-WE-A8K5-06,Metastasis,0.9997997283935547,True
306,TCGA-RP-A6K9-06,Metastasis,7,TCGA-RP-A694-06,Metastasis,0.9997432231903076,True
306,TCGA-RP-A6K9-06,Metastasis,8,TCGA-EE-A3J7-06,Metastasis,0.9997289180755615,True
306,TCGA-RP-A6K9-06,Metastasis,9,TCGA-EE-A29D-06,Metastasis,0.9996765851974487,True
307,TCGA-EE-A3AD-06,Metastasis,0,TCGA-FS-A1ZZ-06,Metastasis,0.9994435906410217,True
307,TCGA-EE-A3AD-06,Metastasis,1,TCGA-FS-A1ZF-06,Metastasis,0.9991889595985413,True
307,TCGA-EE-A3AD-06,Metastasis,2,TCGA-EE-A3JE-06,Metastasis,0.9991804957389832,True
307,TCGA-EE-A3AD-06,Metastasis,3,TCGA-FW-A5DX-01,Primary Tumor,0.9991289377212524,False
307,TCGA-EE-A3AD-06,Metastasis,4,TCGA-D3-A3MV-06,Metastasis,0.9989635348320007,True
307,TCGA-EE-A3AD-06,Metastasis,5,TCGA-ER-A42K-06,Metastasis,0.9987691044807434,True
307,TCGA-EE-A3AD-06,Metastasis,6,TCGA-W3-A828-06,Metastasis,0.9985984563827515,True
307,TCGA-EE-A3AD-06,Metastasis,7,TCGA-BF-AAP6-01,Primary Tumor,0.998583972454071,False
307,TCGA-EE-A3AD-06,Metastasis,8,TCGA-FS-A4F5-06,Metastasis,0.9985460638999939,True
307,TCGA-EE-A3AD-06,Metastasis,9,TCGA-EE-A29T-06,Metastasis,0.9983534812927246,True
308,TCGA-EE-A2GL-06,Metastasis,0,TCGA-EE-A2A2-06,Metastasis,0.999849796295166,True
308,TCGA-EE-A2GL-06,Metastasis,1,TCGA-D3-A3CF-06,Metastasis,0.9997605085372925,True
308,TCGA-EE-A2GL-06,Metastasis,2,TCGA-GN-A9SD-06,Metastasis,0.9995914101600647,True
308,TCGA-EE-A2GL-06,Metastasis,3,TCGA-D9-A1JX-06,Metastasis,0.9994075298309326,True
308,TCGA-EE-A2GL-06,Metastasis,4,TCGA-EE-A2A6-06,Metastasis,0.9993610978126526,True
308,TCGA-EE-A2GL-06,Metastasis,5,TCGA-GN-A4U8-06,Metastasis,0.9984361529350281,True
308,TCGA-EE-A2GL-06,Metastasis,6,TCGA-D3-A8GB-06,Metastasis,0.9984051585197449,True
308,TCGA-EE-A2GL-06,Metastasis,7,TCGA-WE-A8K1-06,Metastasis,0.9981814622879028,True
308,TCGA-EE-A2GL-06,Metastasis,8,TCGA-FR-A44A-06,Metastasis,0.9979000687599182,True
308,TCGA-EE-A2GL-06,Metastasis,9,TCGA-FS-A1ZT-06,Metastasis,0.9978247880935669,True
309,TCGA-EE-A29N-06,Metastasis,0,TCGA-Z2-A8RT-06,Metastasis,0.9998869895935059,True
309,TCGA-EE-A29N-06,Metastasis,1,TCGA-D3-A8GD-06,Metastasis,0.9967512488365173,True
309,TCGA-EE-A29N-06,Metastasis,2,TCGA-D3-A5GR-06,Metastasis,0.9944035410881042,True
309,TCGA-EE-A29N-06,Metastasis,3,TCGA-FR-A729-06,Metastasis,0.9930161237716675,True
309,TCGA-EE-A29N-06,Metastasis,4,TCGA-WE-A8ZR-06,Metastasis,0.9926915168762207,True
309,TCGA-EE-A29N-06,Metastasis,5,TCGA-D3-A2JB-06,Metastasis,0.9925574064254761,True
309,TCGA-EE-A29N-06,Metastasis,6,TCGA-EE-A2MH-06,Metastasis,0.9905850887298584,True
309,TCGA-EE-A29N-06,Metastasis,7,TCGA-EB-A4IS-01,Primary Tumor,0.988614559173584,False
309,TCGA-EE-A29N-06,Metastasis,8,TCGA-FS-A1ZH-06,Metastasis,0.9880208373069763,True
309,TCGA-EE-A29N-06,Metastasis,9,TCGA-W3-A825-06,Metastasis,0.9821709394454956,True
310,TCGA-GF-A769-01,Primary Tumor,0,TCGA-GN-A264-06,Metastasis,0.9998968839645386,False
310,TCGA-GF-A769-01,Primary Tumor,1,TCGA-D9-A6EA-06,Metastasis,0.9998258352279663,False
310,TCGA-GF-A769-01,Primary Tumor,2,TCGA-DA-A1I4-06,Metastasis,0.9997990727424622,False
310,TCGA-GF-A769-01,Primary Tumor,3,TCGA-ER-A2NF-06,Metastasis,0.9997477531433105,False
310,TCGA-GF-A769-01,Primary Tumor,4,TCGA-D9-A6E9-06,Metastasis,0.9996859431266785,False
310,TCGA-GF-A769-01,Primary Tumor,5,TCGA-GN-A4U3-06,Metastasis,0.9996355772018433,False
310,TCGA-GF-A769-01,Primary Tumor,6,TCGA-FW-A3TU-06,Metastasis,0.9996306300163269,False
310,TCGA-GF-A769-01,Primary Tumor,7,TCGA-ER-A2NE-06,Metastasis,0.9996142387390137,False
310,TCGA-GF-A769-01,Primary Tumor,8,TCGA-QB-AA9O-06,Metastasis,0.9995653033256531,False
310,TCGA-GF-A769-01,Primary Tumor,9,TCGA-ER-A3PL-06,Metastasis,0.9995373487472534,False
311,TCGA-D3-A2JB-06,Metastasis,0,TCGA-EB-A4IS-01,Primary Tumor,0.9993159174919128,False
311,TCGA-D3-A2JB-06,Metastasis,1,TCGA-WE-A8ZR-06,Metastasis,0.9980217218399048,True
311,TCGA-D3-A2JB-06,Metastasis,2,TCGA-BF-AAP2-01,Primary Tumor,0.9966029524803162,False
311,TCGA-D3-A2JB-06,Metastasis,3,TCGA-FS-A1ZH-06,Metastasis,0.996493935585022,True
311,TCGA-D3-A2JB-06,Metastasis,4,TCGA-D3-A8GD-06,Metastasis,0.9963392019271851,True
311,TCGA-D3-A2JB-06,Metastasis,5,TCGA-D3-A5GR-06,Metastasis,0.9949884414672852,True
311,TCGA-D3-A2JB-06,Metastasis,6,TCGA-EE-A2MH-06,Metastasis,0.99448162317276,True
311,TCGA-D3-A2JB-06,Metastasis,7,TCGA-W3-A825-06,Metastasis,0.9940736293792725,True
311,TCGA-D3-A2JB-06,Metastasis,8,TCGA-Z2-A8RT-06,Metastasis,0.9938738346099854,True
311,TCGA-D3-A2JB-06,Metastasis,9,TCGA-EE-A2GE-06,Metastasis,0.9932398796081543,True
312,TCGA-HR-A2OG-06,Metastasis,0,TCGA-ER-A19H-06,Metastasis,0.9999070167541504,True
312,TCGA-HR-A2OG-06,Metastasis,1,TCGA-D3-A2JH-06,Metastasis,0.9996737241744995,True
312,TCGA-HR-A2OG-06,Metastasis,2,TCGA-ER-A195-06,Metastasis,0.9995668530464172,True
312,TCGA-HR-A2OG-06,Metastasis,3,TCGA-EE-A2MS-06,Metastasis,0.9990286231040955,True
312,TCGA-HR-A2OG-06,Metastasis,4,TCGA-D3-A2J9-06,Metastasis,0.9987239241600037,True
312,TCGA-HR-A2OG-06,Metastasis,5,TCGA-D9-A1JX-06,Metastasis,0.9986205101013184,True
312,TCGA-HR-A2OG-06,Metastasis,6,TCGA-GN-A266-06,Metastasis,0.9983810186386108,True
312,TCGA-HR-A2OG-06,Metastasis,7,TCGA-FS-A1ZT-06,Metastasis,0.9983574748039246,True
312,TCGA-HR-A2OG-06,Metastasis,8,TCGA-EB-A551-01,Primary Tumor,0.9983205795288086,False
312,TCGA-HR-A2OG-06,Metastasis,9,TCGA-D3-A3CE-06,Metastasis,0.9982802867889404,True
313,TCGA-DA-A1IB-06,Metastasis,0,TCGA-YD-A9TA-06,Metastasis,0.9950700998306274,True
313,TCGA-DA-A1IB-06,Metastasis,1,TCGA-ER-A19P-06,Metastasis,0.9910129308700562,True
313,TCGA-DA-A1IB-06,Metastasis,2,TCGA-EB-A6R0-01,Primary Tumor,0.9884588718414307,False
313,TCGA-DA-A1IB-06,Metastasis,3,TCGA-FR-A8YE-06,Metastasis,0.9861863255500793,True
313,TCGA-DA-A1IB-06,Metastasis,4,TCGA-W3-A825-06,Metastasis,0.9847581386566162,True
313,TCGA-DA-A1IB-06,Metastasis,5,TCGA-FS-A1ZH-06,Metastasis,0.9811868071556091,True
313,TCGA-DA-A1IB-06,Metastasis,6,TCGA-FR-A729-06,Metastasis,0.9798035025596619,True
313,TCGA-DA-A1IB-06,Metastasis,7,TCGA-D3-A5GR-06,Metastasis,0.9778702855110168,True
313,TCGA-DA-A1IB-06,Metastasis,8,TCGA-D3-A8GD-06,Metastasis,0.9704056978225708,True
313,TCGA-DA-A1IB-06,Metastasis,9,LE-037-RG-038_N,Benign Nevus,0.9702740907669067,False
314,TCGA-D3-A51E-06,Metastasis,0,TCGA-EE-A29P-06,Metastasis,0.9998089075088501,True
314,TCGA-D3-A51E-06,Metastasis,1,TCGA-EE-A2ML-06,Metastasis,0.9996795058250427,True
314,TCGA-D3-A51E-06,Metastasis,2,TCGA-EE-A2GD-06,Metastasis,0.9995966553688049,True
314,TCGA-D3-A51E-06,Metastasis,3,TCGA-EB-A6L9-06,Metastasis,0.9995346069335938,True
314,TCGA-D3-A51E-06,Metastasis,4,TCGA-FS-A1ZJ-06,Metastasis,0.9994944334030151,True
314,TCGA-D3-A51E-06,Metastasis,5,TCGA-ER-A19J-06,Metastasis,0.9993025660514832,True
314,TCGA-D3-A51E-06,Metastasis,6,TCGA-EB-A3XB-01,Primary Tumor,0.9992340207099915,False
314,TCGA-D3-A51E-06,Metastasis,7,TCGA-DA-A3F3-06,Metastasis,0.9992232322692871,True
314,TCGA-D3-A51E-06,Metastasis,8,TCGA-EE-A2MQ-06,Metastasis,0.9991096258163452,True
314,TCGA-D3-A51E-06,Metastasis,9,TCGA-D3-A3C3-06,Metastasis,0.9990436434745789,True
315,TCGA-D3-A5GT-01,Primary Tumor,0,TCGA-ER-A194-01,Primary Tumor,0.9997071027755737,True
315,TCGA-D3-A5GT-01,Primary Tumor,1,TCGA-DA-A95Z-06,Metastasis,0.9992115497589111,False
315,TCGA-D3-A5GT-01,Primary Tumor,2,TCGA-D3-A8GI-06,Metastasis,0.9991562366485596,False
315,TCGA-D3-A5GT-01,Primary Tumor,3,TCGA-IH-A3EA-01,Primary Tumor,0.9989210367202759,True
315,TCGA-D3-A5GT-01,Primary Tumor,4,TCGA-BF-A5ER-01,Primary Tumor,0.9989204406738281,True
315,TCGA-D3-A5GT-01,Primary Tumor,5,TCGA-EB-A553-01,Primary Tumor,0.9987421035766602,True
315,TCGA-D3-A5GT-01,Primary Tumor,6,TCGA-XV-AB01-06,Metastasis,0.9987132549285889,False
315,TCGA-D3-A5GT-01,Primary Tumor,7,TCGA-EE-A29B-06,Metastasis,0.9986344575881958,False
315,TCGA-D3-A5GT-01,Primary Tumor,8,TCGA-D3-A2JK-06,Metastasis,0.9984035491943359,False
315,TCGA-D3-A5GT-01,Primary Tumor,9,TCGA-ER-A3ES-06,Metastasis,0.9984022974967957,False
316,TCGA-HR-A2OH-06,Metastasis,0,TCGA-DA-A95X-06,Metastasis,0.9998834133148193,True
316,TCGA-HR-A2OH-06,Metastasis,1,TCGA-FS-A4F8-06,Metastasis,0.9998529553413391,True
316,TCGA-HR-A2OH-06,Metastasis,2,TCGA-EE-A20B-06,Metastasis,0.9997103214263916,True
316,TCGA-HR-A2OH-06,Metastasis,3,TCGA-GN-A265-06,Metastasis,0.9995442628860474,True
316,TCGA-HR-A2OH-06,Metastasis,4,TCGA-WE-A8ZY-06,Metastasis,0.999542772769928,True
316,TCGA-HR-A2OH-06,Metastasis,5,TCGA-D3-A51F-06,Metastasis,0.999509871006012,True
316,TCGA-HR-A2OH-06,Metastasis,6,TCGA-EE-A3JB-06,Metastasis,0.9994199275970459,True
316,TCGA-HR-A2OH-06,Metastasis,7,TCGA-EE-A29H-06,Metastasis,0.9993763566017151,True
316,TCGA-HR-A2OH-06,Metastasis,8,TCGA-EE-A181-06,Metastasis,0.9993583559989929,True
316,TCGA-HR-A2OH-06,Metastasis,9,TCGA-EE-A2MP-06,Metastasis,0.9992122650146484,True
317,TCGA-ER-A19N-06,Metastasis,0,TCGA-FR-A8YC-06,Metastasis,0.9999869465827942,True
317,TCGA-ER-A19N-06,Metastasis,1,TCGA-EE-A3AA-06,Metastasis,0.999856173992157,True
317,TCGA-ER-A19N-06,Metastasis,2,TCGA-ER-A19G-06,Metastasis,0.9997538924217224,True
317,TCGA-ER-A19N-06,Metastasis,3,TCGA-EB-A85J-01,Primary Tumor,0.9996721744537354,False
317,TCGA-ER-A19N-06,Metastasis,4,TCGA-EB-A82B-01,Primary Tumor,0.999617874622345,False
317,TCGA-ER-A19N-06,Metastasis,5,TCGA-D3-A2J8-06,Metastasis,0.9995840191841125,True
317,TCGA-ER-A19N-06,Metastasis,6,TCGA-ER-A19J-06,Metastasis,0.9995600581169128,True
317,TCGA-ER-A19N-06,Metastasis,7,TCGA-EE-A2GH-06,Metastasis,0.9994502067565918,True
317,TCGA-ER-A19N-06,Metastasis,8,TCGA-D3-A1QA-07,Metastasis,0.9994065165519714,True
317,TCGA-ER-A19N-06,Metastasis,9,TCGA-EB-A3XB-01,Primary Tumor,0.9992715716362,False
318,TCGA-BF-A5EP-01,Primary Tumor,0,TCGA-EE-A29L-06,Metastasis,0.9999804496765137,False
318,TCGA-BF-A5EP-01,Primary Tumor,1,TCGA-QB-A6FS-06,Metastasis,0.9999626874923706,False
318,TCGA-BF-A5EP-01,Primary Tumor,2,TCGA-D3-A8GP-06,Metastasis,0.9999301433563232,False
318,TCGA-BF-A5EP-01,Primary Tumor,3,TCGA-GN-A268-06,Metastasis,0.99991774559021,False
318,TCGA-BF-A5EP-01,Primary Tumor,4,TCGA-FS-A4F9-06,Metastasis,0.99990314245224,False
318,TCGA-BF-A5EP-01,Primary Tumor,5,TCGA-Z2-AA3V-06,Metastasis,0.9998622536659241,False
318,TCGA-BF-A5EP-01,Primary Tumor,6,TCGA-D3-A5GO-06,Metastasis,0.999839186668396,False
318,TCGA-BF-A5EP-01,Primary Tumor,7,TCGA-EE-A180-06,Metastasis,0.9998067021369934,False
318,TCGA-BF-A5EP-01,Primary Tumor,8,TCGA-3N-A9WB-06,Metastasis,0.9997846484184265,False
318,TCGA-BF-A5EP-01,Primary Tumor,9,TCGA-ER-A42H-01,Primary Tumor,0.9997703433036804,True
319,TCGA-D3-A2JO-06,Metastasis,0,TCGA-EB-A44Q-06,Metastasis,0.9999610185623169,True
319,TCGA-D3-A2JO-06,Metastasis,1,TCGA-WE-A8K4-01,Primary Tumor,0.9998797178268433,False
319,TCGA-D3-A2JO-06,Metastasis,2,TCGA-D3-A51N-06,Metastasis,0.9997000694274902,True
319,TCGA-D3-A2JO-06,Metastasis,3,TCGA-D9-A3Z3-06,Metastasis,0.9995077848434448,True
319,TCGA-D3-A2JO-06,Metastasis,4,TCGA-BF-AAOU-01,Primary Tumor,0.9993874430656433,False
319,TCGA-D3-A2JO-06,Metastasis,5,TCGA-EE-A2MD-06,Metastasis,0.9993810653686523,True
319,TCGA-D3-A2JO-06,Metastasis,6,TCGA-EB-A85J-01,Primary Tumor,0.9990938901901245,False
319,TCGA-D3-A2JO-06,Metastasis,7,TCGA-ER-A19G-06,Metastasis,0.9990935921669006,True
319,TCGA-D3-A2JO-06,Metastasis,8,TCGA-EE-A2GH-06,Metastasis,0.9990438222885132,True
319,TCGA-D3-A2JO-06,Metastasis,9,TCGA-D3-A1Q8-06,Metastasis,0.9989660978317261,True
320,TCGA-EE-A29W-06,Metastasis,0,TCGA-EE-A3JD-06,Metastasis,0.999758780002594,True
320,TCGA-EE-A29W-06,Metastasis,1,TCGA-FS-A1ZD-06,Metastasis,0.9995614886283875,True
320,TCGA-EE-A29W-06,Metastasis,2,TCGA-D3-A51G-06,Metastasis,0.9993160963058472,True
320,TCGA-EE-A29W-06,Metastasis,3,TCGA-FS-A4F0-06,Metastasis,0.9991961121559143,True
320,TCGA-EE-A29W-06,Metastasis,4,TCGA-EB-A82C-01,Primary Tumor,0.99918532371521,False
320,TCGA-EE-A29W-06,Metastasis,5,TCGA-BF-A5EO-01,Primary Tumor,0.9991557002067566,False
320,TCGA-EE-A29W-06,Metastasis,6,TCGA-EE-A29V-06,Metastasis,0.9987192153930664,True
320,TCGA-EE-A29W-06,Metastasis,7,TCGA-D9-A4Z6-06,Metastasis,0.9983534216880798,True
320,TCGA-EE-A29W-06,Metastasis,8,TCGA-DA-A1I7-06,Metastasis,0.9983392357826233,True
320,TCGA-EE-A29W-06,Metastasis,9,TCGA-DA-A1IC-06,Metastasis,0.9982621073722839,True
321,TCGA-EB-A5UN-06,Metastasis,0,TCGA-DA-A1I7-06,Metastasis,0.9998822808265686,True
321,TCGA-EB-A5UN-06,Metastasis,1,TCGA-WE-A8K6-06,Metastasis,0.999854564666748,True
321,TCGA-EB-A5UN-06,Metastasis,2,TCGA-DA-A3F5-06,Metastasis,0.9997628927230835,True
321,TCGA-EB-A5UN-06,Metastasis,3,TCGA-FS-A1ZE-06,Metastasis,0.9997363090515137,True
321,TCGA-EB-A5UN-06,Metastasis,4,TCGA-EE-A29V-06,Metastasis,0.9996816515922546,True
321,TCGA-EB-A5UN-06,Metastasis,5,TCGA-ER-A19L-06,Metastasis,0.9996620416641235,True
321,TCGA-EB-A5UN-06,Metastasis,6,TCGA-D3-A51G-06,Metastasis,0.9995541572570801,True
321,TCGA-EB-A5UN-06,Metastasis,7,TCGA-D9-A4Z6-06,Metastasis,0.9995522499084473,True
321,TCGA-EB-A5UN-06,Metastasis,8,TCGA-ER-A2NF-06,Metastasis,0.9995182752609253,True
321,TCGA-EB-A5UN-06,Metastasis,9,TCGA-EB-A6QZ-01,Primary Tumor,0.999512791633606,False
322,TCGA-EE-A2GC-06,Metastasis,0,TCGA-D3-A51K-06,Metastasis,0.9998905062675476,True
322,TCGA-EE-A2GC-06,Metastasis,1,TCGA-D9-A6EC-06,Metastasis,0.9998849034309387,True
322,TCGA-EE-A2GC-06,Metastasis,2,TCGA-BF-AAP8-01,Primary Tumor,0.9998763799667358,False
322,TCGA-EE-A2GC-06,Metastasis,3,TCGA-LH-A9QB-06,Metastasis,0.99982088804245,True
322,TCGA-EE-A2GC-06,Metastasis,4,TCGA-EE-A2GO-06,Metastasis,0.9996687173843384,True
322,TCGA-EE-A2GC-06,Metastasis,5,TCGA-EE-A29A-06,Metastasis,0.9996424317359924,True
322,TCGA-EE-A2GC-06,Metastasis,6,TCGA-FS-A4FB-06,Metastasis,0.9996383190155029,True
322,TCGA-EE-A2GC-06,Metastasis,7,TCGA-EE-A2GR-06,Metastasis,0.999374270439148,True
322,TCGA-EE-A2GC-06,Metastasis,8,TCGA-D3-A2J6-06,Metastasis,0.9993237853050232,True
322,TCGA-EE-A2GC-06,Metastasis,9,TCGA-D3-A3C1-06,Metastasis,0.9991634488105774,True
323,TCGA-D3-A5GS-06,Metastasis,0,TCGA-EE-A3JI-06,Metastasis,0.9999740123748779,True
323,TCGA-D3-A5GS-06,Metastasis,1,TCGA-EE-A2A5-06,Metastasis,0.9999623894691467,True
323,TCGA-D3-A5GS-06,Metastasis,2,TCGA-EE-A20I-06,Metastasis,0.9998695850372314,True
323,TCGA-D3-A5GS-06,Metastasis,3,TCGA-D9-A1JW-06,Metastasis,0.9998457431793213,True
323,TCGA-D3-A5GS-06,Metastasis,4,TCGA-D3-A1QA-06,Metastasis,0.9998093247413635,True
323,TCGA-D3-A5GS-06,Metastasis,5,TCGA-EE-A2MI-06,Metastasis,0.9997805953025818,True
323,TCGA-D3-A5GS-06,Metastasis,6,TCGA-EE-A2MT-06,Metastasis,0.9997648000717163,True
323,TCGA-D3-A5GS-06,Metastasis,7,TCGA-BF-A1PV-01,Primary Tumor,0.9997355937957764,False
323,TCGA-D3-A5GS-06,Metastasis,8,TCGA-D3-A2JD-06,Metastasis,0.9997197389602661,True
323,TCGA-D3-A5GS-06,Metastasis,9,TCGA-EB-A41B-01,Primary Tumor,0.9997135400772095,False
324,TCGA-D3-A8GV-06,Metastasis,0,TCGA-D3-A2J6-06,Metastasis,0.9999194145202637,True
324,TCGA-D3-A8GV-06,Metastasis,1,TCGA-FS-A4F9-06,Metastasis,0.9998854398727417,True
324,TCGA-D3-A8GV-06,Metastasis,2,TCGA-D3-A5GO-06,Metastasis,0.9998509883880615,True
324,TCGA-D3-A8GV-06,Metastasis,3,TCGA-GN-A268-06,Metastasis,0.9998306632041931,True
324,TCGA-D3-A8GV-06,Metastasis,4,TCGA-Z2-AA3V-06,Metastasis,0.9998179078102112,True
324,TCGA-D3-A8GV-06,Metastasis,5,TCGA-ER-A2ND-06,Metastasis,0.9997518658638,True
324,TCGA-D3-A8GV-06,Metastasis,6,TCGA-EE-A180-06,Metastasis,0.9997164011001587,True
324,TCGA-D3-A8GV-06,Metastasis,7,TCGA-FS-A4FB-06,Metastasis,0.9996662735939026,True
324,TCGA-D3-A8GV-06,Metastasis,8,TCGA-BF-A5EP-01,Primary Tumor,0.9996536374092102,False
324,TCGA-D3-A8GV-06,Metastasis,9,TCGA-QB-A6FS-06,Metastasis,0.9996434450149536,True
325,TCGA-ER-A2NF-06,Metastasis,0,TCGA-WE-A8K6-06,Metastasis,0.9998334050178528,True
325,TCGA-ER-A2NF-06,Metastasis,1,TCGA-ER-A19L-06,Metastasis,0.9998292922973633,True
325,TCGA-ER-A2NF-06,Metastasis,2,TCGA-FR-A69P-06,Metastasis,0.9997668862342834,True
325,TCGA-ER-A2NF-06,Metastasis,3,TCGA-GF-A769-01,Primary Tumor,0.9997477531433105,False
325,TCGA-ER-A2NF-06,Metastasis,4,TCGA-DA-A1I4-06,Metastasis,0.9997012615203857,True
325,TCGA-ER-A2NF-06,Metastasis,5,TCGA-D9-A6EA-06,Metastasis,0.9996764659881592,True
325,TCGA-ER-A2NF-06,Metastasis,6,TCGA-FW-A3TU-06,Metastasis,0.9995531439781189,True
325,TCGA-ER-A2NF-06,Metastasis,7,TCGA-DA-A3F5-06,Metastasis,0.9995191693305969,True
325,TCGA-ER-A2NF-06,Metastasis,8,TCGA-EB-A5UN-06,Metastasis,0.9995182752609253,True
325,TCGA-ER-A2NF-06,Metastasis,9,TCGA-GN-A264-06,Metastasis,0.999492883682251,True
326,TCGA-ER-A2NF-01,Primary Tumor,0,TCGA-DA-A1HY-06,Metastasis,0.9996992945671082,False
326,TCGA-ER-A2NF-01,Primary Tumor,1,TCGA-EE-A2ME-06,Metastasis,0.9995070099830627,False
326,TCGA-ER-A2NF-01,Primary Tumor,2,TCGA-D3-A8GS-06,Metastasis,0.999434232711792,False
326,TCGA-ER-A2NF-01,Primary Tumor,3,TCGA-BF-AAP7-01,Primary Tumor,0.9988309741020203,True
326,TCGA-ER-A2NF-01,Primary Tumor,4,TCGA-EE-A2A0-06,Metastasis,0.9984186887741089,False
326,TCGA-ER-A2NF-01,Primary Tumor,5,TCGA-GF-A4EO-06,Metastasis,0.998236358165741,False
326,TCGA-ER-A2NF-01,Primary Tumor,6,TCGA-EE-A2M7-06,Metastasis,0.9981774091720581,False
326,TCGA-ER-A2NF-01,Primary Tumor,7,TCGA-ER-A19B-06,Metastasis,0.9971472024917603,False
326,TCGA-ER-A2NF-01,Primary Tumor,8,TCGA-EB-A24D-01,Primary Tumor,0.9966465830802917,True
326,TCGA-ER-A2NF-01,Primary Tumor,9,TCGA-EE-A2MP-06,Metastasis,0.9963299632072449,False
327,TCGA-FR-A2OS-01,Primary Tumor,0,TCGA-ER-A19C-06,Metastasis,0.999826967716217,False
327,TCGA-FR-A2OS-01,Primary Tumor,1,TCGA-D3-A3C7-06,Metastasis,0.9996213912963867,False
327,TCGA-FR-A2OS-01,Primary Tumor,2,TCGA-EB-A5SG-06,Metastasis,0.9996135234832764,False
327,TCGA-FR-A2OS-01,Primary Tumor,3,TCGA-FS-A1YX-06,Metastasis,0.9994876384735107,False
327,TCGA-FR-A2OS-01,Primary Tumor,4,TCGA-D9-A1X3-06,Metastasis,0.9994093179702759,False
327,TCGA-FR-A2OS-01,Primary Tumor,5,TCGA-W3-AA1O-06,Metastasis,0.9993330240249634,False
327,TCGA-FR-A2OS-01,Primary Tumor,6,TCGA-D9-A3Z1-06,Metastasis,0.9993189573287964,False
327,TCGA-FR-A2OS-01,Primary Tumor,7,TCGA-EE-A29T-06,Metastasis,0.9992769956588745,False
327,TCGA-FR-A2OS-01,Primary Tumor,8,TCGA-D3-A2JD-06,Metastasis,0.9992298483848572,False
327,TCGA-FR-A2OS-01,Primary Tumor,9,TCGA-EE-A2MI-06,Metastasis,0.9992285370826721,False
328,TCGA-EE-A29E-06,Metastasis,0,TCGA-EB-A3Y7-01,Primary Tumor,0.9999470710754395,False
328,TCGA-EE-A29E-06,Metastasis,1,TCGA-EE-A20C-06,Metastasis,0.9998365640640259,True
328,TCGA-EE-A29E-06,Metastasis,2,TCGA-GN-A8LK-06,Metastasis,0.9998365640640259,True
328,TCGA-EE-A29E-06,Metastasis,3,TCGA-D3-A1Q1-06,Metastasis,0.9997920989990234,True
328,TCGA-EE-A29E-06,Metastasis,4,TCGA-FS-A1ZU-06,Metastasis,0.9997543096542358,True
328,TCGA-EE-A29E-06,Metastasis,5,TCGA-D3-A8GR-06,Metastasis,0.9996930360794067,True
328,TCGA-EE-A29E-06,Metastasis,6,TCGA-GN-A8LL-06,Metastasis,0.9996710419654846,True
328,TCGA-EE-A29E-06,Metastasis,7,TCGA-D9-A4Z5-01,Primary Tumor,0.9996708631515503,False
328,TCGA-EE-A29E-06,Metastasis,8,TCGA-D9-A6EG-06,Metastasis,0.9996678829193115,True
328,TCGA-EE-A29E-06,Metastasis,9,TCGA-D3-A5GL-06,Metastasis,0.9996623992919922,True
329,TCGA-BF-A3DM-01,Primary Tumor,0,TCGA-EB-A51B-01,Primary Tumor,0.9994211792945862,True
329,TCGA-BF-A3DM-01,Primary Tumor,1,TCGA-DA-A1IC-06,Metastasis,0.9991329908370972,False
329,TCGA-BF-A3DM-01,Primary Tumor,2,TCGA-EB-A24C-01,Primary Tumor,0.9989376664161682,True
329,TCGA-BF-A3DM-01,Primary Tumor,3,TCGA-EE-A2M5-06,Metastasis,0.9986611604690552,False
329,TCGA-BF-A3DM-01,Primary Tumor,4,TCGA-ER-A19K-01,Primary Tumor,0.997714102268219,True
329,TCGA-BF-A3DM-01,Primary Tumor,5,TCGA-FS-A1ZC-06,Metastasis,0.9976197481155396,False
329,TCGA-BF-A3DM-01,Primary Tumor,6,TCGA-FS-A4F0-06,Metastasis,0.9975831508636475,False
329,TCGA-BF-A3DM-01,Primary Tumor,7,TCGA-EE-A29W-06,Metastasis,0.9974812269210815,False
329,TCGA-BF-A3DM-01,Primary Tumor,8,TCGA-D3-A8GL-06,Metastasis,0.9971834421157837,False
329,TCGA-BF-A3DM-01,Primary Tumor,9,TCGA-D3-A3MO-06,Metastasis,0.9971175193786621,False
330,TCGA-ER-A193-06,Metastasis,0,TCGA-EB-A41A-01,Primary Tumor,0.9998696446418762,False
330,TCGA-ER-A193-06,Metastasis,1,TCGA-GN-A26D-06,Metastasis,0.9997860789299011,True
330,TCGA-ER-A193-06,Metastasis,2,TCGA-EE-A2MF-06,Metastasis,0.9996193647384644,True
330,TCGA-ER-A193-06,Metastasis,3,TCGA-GN-A4U4-06,Metastasis,0.9996009469032288,True
330,TCGA-ER-A193-06,Metastasis,4,TCGA-EB-A5UM-01,Primary Tumor,0.9995463490486145,False
330,TCGA-ER-A193-06,Metastasis,5,TCGA-D9-A148-06,Metastasis,0.9991956949234009,True
330,TCGA-ER-A193-06,Metastasis,6,TCGA-EE-A2MQ-06,Metastasis,0.9990371465682983,True
330,TCGA-ER-A193-06,Metastasis,7,TCGA-FR-A728-01,Primary Tumor,0.9990221858024597,False
330,TCGA-ER-A193-06,Metastasis,8,TCGA-FS-A1YW-06,Metastasis,0.9989537000656128,True
330,TCGA-ER-A193-06,Metastasis,9,TCGA-ER-A199-06,Metastasis,0.9989108443260193,True
331,TCGA-ER-A19O-06,Metastasis,0,TCGA-D3-A8GK-06,Metastasis,0.9999521970748901,True
331,TCGA-ER-A19O-06,Metastasis,1,TCGA-FR-A3YO-06,Metastasis,0.999821126461029,True
331,TCGA-ER-A19O-06,Metastasis,2,TCGA-DA-A1IA-06,Metastasis,0.9998128414154053,True
331,TCGA-ER-A19O-06,Metastasis,3,TCGA-D9-A4Z3-01,Primary Tumor,0.999782383441925,False
331,TCGA-ER-A19O-06,Metastasis,4,TCGA-YG-AA3P-06,Metastasis,0.9997674822807312,True
331,TCGA-ER-A19O-06,Metastasis,5,TCGA-RP-A690-06,Metastasis,0.9997555017471313,True
331,TCGA-ER-A19O-06,Metastasis,6,TCGA-D3-A1Q1-06,Metastasis,0.9997084140777588,True
331,TCGA-ER-A19O-06,Metastasis,7,TCGA-D9-A6EG-06,Metastasis,0.9996868968009949,True
331,TCGA-ER-A19O-06,Metastasis,8,TCGA-BF-A1PU-01,Primary Tumor,0.9996456503868103,False
331,TCGA-ER-A19O-06,Metastasis,9,TCGA-FS-A1ZG-06,Metastasis,0.9995937943458557,True
332,TCGA-D9-A4Z5-01,Primary Tumor,0,TCGA-GN-A8LL-06,Metastasis,0.999988317489624,False
332,TCGA-D9-A4Z5-01,Primary Tumor,1,TCGA-RP-A690-06,Metastasis,0.9999570250511169,False
332,TCGA-D9-A4Z5-01,Primary Tumor,2,TCGA-D9-A6EG-06,Metastasis,0.9999293088912964,False
332,TCGA-D9-A4Z5-01,Primary Tumor,3,TCGA-D3-A8GR-06,Metastasis,0.9999229311943054,False
332,TCGA-D9-A4Z5-01,Primary Tumor,4,TCGA-D3-A5GL-06,Metastasis,0.9998701214790344,False
332,TCGA-D9-A4Z5-01,Primary Tumor,5,TCGA-EE-A185-06,Metastasis,0.9998086094856262,False
332,TCGA-D9-A4Z5-01,Primary Tumor,6,TCGA-EB-A3Y7-01,Primary Tumor,0.9997615218162537,True
332,TCGA-D9-A4Z5-01,Primary Tumor,7,TCGA-D3-A1Q1-06,Metastasis,0.9996830821037292,False
332,TCGA-D9-A4Z5-01,Primary Tumor,8,TCGA-EE-A29E-06,Metastasis,0.9996708631515503,False
332,TCGA-D9-A4Z5-01,Primary Tumor,9,TCGA-EE-A20C-06,Metastasis,0.9996640682220459,False
333,TCGA-EB-A5UM-01,Primary Tumor,0,TCGA-EB-A41A-01,Primary Tumor,0.9998669028282166,True
333,TCGA-EB-A5UM-01,Primary Tumor,1,TCGA-GN-A26D-06,Metastasis,0.9998518824577332,False
333,TCGA-EB-A5UM-01,Primary Tumor,2,TCGA-EE-A2MQ-06,Metastasis,0.9997390508651733,False
333,TCGA-EB-A5UM-01,Primary Tumor,3,TCGA-ER-A199-06,Metastasis,0.999692976474762,False
333,TCGA-EB-A5UM-01,Primary Tumor,4,TCGA-EE-A2MF-06,Metastasis,0.99965500831604,False
333,TCGA-EB-A5UM-01,Primary Tumor,5,TCGA-EE-A2ML-06,Metastasis,0.9996373057365417,False
333,TCGA-EB-A5UM-01,Primary Tumor,6,TCGA-FS-A1ZJ-06,Metastasis,0.9995613694190979,False
333,TCGA-EB-A5UM-01,Primary Tumor,7,TCGA-ER-A193-06,Metastasis,0.9995463490486145,False
333,TCGA-EB-A5UM-01,Primary Tumor,8,TCGA-D3-A2JF-06,Metastasis,0.9990608096122742,False
333,TCGA-EB-A5UM-01,Primary Tumor,9,TCGA-GN-A4U4-06,Metastasis,0.9990040063858032,False
334,TCGA-EE-A2A1-06,Metastasis,0,TCGA-EE-A2GI-06,Metastasis,0.9997838735580444,True
334,TCGA-EE-A2A1-06,Metastasis,1,TCGA-D3-A8GJ-06,Metastasis,0.9997422099113464,True
334,TCGA-EE-A2A1-06,Metastasis,2,TCGA-FR-A44A-06,Metastasis,0.999739408493042,True
334,TCGA-EE-A2A1-06,Metastasis,3,TCGA-DA-A1HW-06,Metastasis,0.9994710087776184,True
334,TCGA-EE-A2A1-06,Metastasis,4,TCGA-WE-A8K1-06,Metastasis,0.9994379878044128,True
334,TCGA-EE-A2A1-06,Metastasis,5,TCGA-D3-A8GB-06,Metastasis,0.9992955923080444,True
334,TCGA-EE-A2A1-06,Metastasis,6,TCGA-D3-A2JC-06,Metastasis,0.9984436631202698,True
334,TCGA-EE-A2A1-06,Metastasis,7,TCGA-EE-A29Q-06,Metastasis,0.998442530632019,True
334,TCGA-EE-A2A1-06,Metastasis,8,TCGA-BF-A1Q0-01,Primary Tumor,0.9982057809829712,False
334,TCGA-EE-A2A1-06,Metastasis,9,TCGA-D3-A1Q7-06,Metastasis,0.998070240020752,True
335,TCGA-ER-A197-06,Metastasis,0,TCGA-D3-A3CB-06,Metastasis,0.9998169541358948,True
335,TCGA-ER-A197-06,Metastasis,1,TCGA-D3-A8GE-06,Metastasis,0.9997978806495667,True
335,TCGA-ER-A197-06,Metastasis,2,TCGA-GF-A6C9-06,Metastasis,0.9996721744537354,True
335,TCGA-ER-A197-06,Metastasis,3,TCGA-EB-A3XB-01,Primary Tumor,0.9994124174118042,False
335,TCGA-ER-A197-06,Metastasis,4,TCGA-ER-A19J-06,Metastasis,0.9988932013511658,True
335,TCGA-ER-A197-06,Metastasis,5,TCGA-EE-A29P-06,Metastasis,0.998868465423584,True
335,TCGA-ER-A197-06,Metastasis,6,TCGA-EE-A3AH-06,Metastasis,0.9987369179725647,True
335,TCGA-ER-A197-06,Metastasis,7,TCGA-EB-A82B-01,Primary Tumor,0.9986998438835144,False
335,TCGA-ER-A197-06,Metastasis,8,TCGA-EB-A44P-01,Primary Tumor,0.9986674189567566,False
335,TCGA-ER-A197-06,Metastasis,9,TCGA-D3-A51E-06,Metastasis,0.9986087679862976,True
336,TCGA-BF-A1PV-01,Primary Tumor,0,TCGA-FS-A4FD-06,Metastasis,0.9999514818191528,False
336,TCGA-BF-A1PV-01,Primary Tumor,1,TCGA-EB-A41B-01,Primary Tumor,0.9999120235443115,True
336,TCGA-BF-A1PV-01,Primary Tumor,2,TCGA-D3-A1QA-06,Metastasis,0.9999039173126221,False
336,TCGA-BF-A1PV-01,Primary Tumor,3,TCGA-EE-A2A5-06,Metastasis,0.9998631477355957,False
336,TCGA-BF-A1PV-01,Primary Tumor,4,TCGA-D3-A5GS-06,Metastasis,0.9997355937957764,False
336,TCGA-BF-A1PV-01,Primary Tumor,5,TCGA-D3-A2JD-06,Metastasis,0.9997075796127319,False
336,TCGA-BF-A1PV-01,Primary Tumor,6,TCGA-D9-A1JW-06,Metastasis,0.9997010231018066,False
336,TCGA-BF-A1PV-01,Primary Tumor,7,TCGA-EE-A2MN-06,Metastasis,0.9996821880340576,False
336,TCGA-BF-A1PV-01,Primary Tumor,8,TCGA-ER-A198-06,Metastasis,0.9996302723884583,False
336,TCGA-BF-A1PV-01,Primary Tumor,9,TCGA-EE-A3JI-06,Metastasis,0.999588668346405,False
337,TCGA-D9-A1X3-06,Metastasis,0,TCGA-EE-A17Y-06,Metastasis,0.9999046921730042,True
337,TCGA-D9-A1X3-06,Metastasis,1,TCGA-EB-A5SG-06,Metastasis,0.9997425079345703,True
337,TCGA-D9-A1X3-06,Metastasis,2,TCGA-W3-AA1O-06,Metastasis,0.9996246695518494,True
337,TCGA-D9-A1X3-06,Metastasis,3,TCGA-D3-A1QB-06,Metastasis,0.9995658993721008,True
337,TCGA-D9-A1X3-06,Metastasis,4,TCGA-EE-A29R-06,Metastasis,0.9994798302650452,True
337,TCGA-D9-A1X3-06,Metastasis,5,TCGA-D3-A3C7-06,Metastasis,0.9994794130325317,True
337,TCGA-D9-A1X3-06,Metastasis,6,TCGA-DA-A95V-06,Metastasis,0.9994598031044006,True
337,TCGA-D9-A1X3-06,Metastasis,7,TCGA-QB-AA9O-06,Metastasis,0.9994378685951233,True
337,TCGA-D9-A1X3-06,Metastasis,8,TCGA-FR-A2OS-01,Primary Tumor,0.9994093179702759,False
337,TCGA-D9-A1X3-06,Metastasis,9,TCGA-ER-A19C-06,Metastasis,0.9993593096733093,True
338,TCGA-BF-A1PU-01,Primary Tumor,0,TCGA-YG-AA3P-06,Metastasis,0.9998342990875244,False
338,TCGA-BF-A1PU-01,Primary Tumor,1,TCGA-D3-A8GK-06,Metastasis,0.9998294711112976,False
338,TCGA-BF-A1PU-01,Primary Tumor,2,TCGA-GN-A263-01,Primary Tumor,0.9997771978378296,True
338,TCGA-BF-A1PU-01,Primary Tumor,3,TCGA-ER-A19O-06,Metastasis,0.9996456503868103,False
338,TCGA-BF-A1PU-01,Primary Tumor,4,TCGA-EE-A2GR-06,Metastasis,0.9996181130409241,False
338,TCGA-BF-A1PU-01,Primary Tumor,5,TCGA-RP-A690-06,Metastasis,0.9996138215065002,False
338,TCGA-BF-A1PU-01,Primary Tumor,6,TCGA-D9-A6EG-06,Metastasis,0.9995931386947632,False
338,TCGA-BF-A1PU-01,Primary Tumor,7,TCGA-D3-A3C1-06,Metastasis,0.9995269179344177,False
338,TCGA-BF-A1PU-01,Primary Tumor,8,TCGA-D3-A5GL-06,Metastasis,0.9995027780532837,False
338,TCGA-BF-A1PU-01,Primary Tumor,9,TCGA-D9-A4Z5-01,Primary Tumor,0.999495267868042,True
339,TCGA-EE-A29C-06,Metastasis,0,TCGA-ER-A42H-01,Primary Tumor,0.9998506307601929,False
339,TCGA-EE-A29C-06,Metastasis,1,TCGA-EB-A4P0-01,Primary Tumor,0.9998250603675842,False
339,TCGA-EE-A29C-06,Metastasis,2,TCGA-EE-A29L-06,Metastasis,0.9998194575309753,True
339,TCGA-EE-A29C-06,Metastasis,3,TCGA-D3-A2JE-06,Metastasis,0.9997977018356323,True
339,TCGA-EE-A29C-06,Metastasis,4,TCGA-ER-A2NE-06,Metastasis,0.999784529209137,True
339,TCGA-EE-A29C-06,Metastasis,5,TCGA-FW-A3TU-06,Metastasis,0.9997799396514893,True
339,TCGA-EE-A29C-06,Metastasis,6,TCGA-BF-A5EP-01,Primary Tumor,0.9997320771217346,False
339,TCGA-EE-A29C-06,Metastasis,7,TCGA-D3-A8GP-06,Metastasis,0.9997158050537109,True
339,TCGA-EE-A29C-06,Metastasis,8,TCGA-QB-A6FS-06,Metastasis,0.9996625781059265,True
339,TCGA-EE-A29C-06,Metastasis,9,TCGA-FR-A69P-06,Metastasis,0.9996009469032288,True
340,TCGA-EE-A3J7-06,Metastasis,0,TCGA-WE-A8K5-06,Metastasis,0.9999719262123108,True
340,TCGA-EE-A3J7-06,Metastasis,1,TCGA-YD-A9TB-06,Metastasis,0.9999383091926575,True
340,TCGA-EE-A3J7-06,Metastasis,2,TCGA-EE-A29S-06,Metastasis,0.9998945593833923,True
340,TCGA-EE-A3J7-06,Metastasis,3,TCGA-DA-A95W-06,Metastasis,0.9998932480812073,True
340,TCGA-EE-A3J7-06,Metastasis,4,TCGA-EE-A29D-06,Metastasis,0.9997990131378174,True
340,TCGA-EE-A3J7-06,Metastasis,5,TCGA-EE-A184-06,Metastasis,0.9997758269309998,True
340,TCGA-EE-A3J7-06,Metastasis,6,TCGA-BF-A1PZ-01,Primary Tumor,0.9997660517692566,False
340,TCGA-EE-A3J7-06,Metastasis,7,TCGA-EE-A2MM-06,Metastasis,0.9997633099555969,True
340,TCGA-EE-A3J7-06,Metastasis,8,TCGA-ER-A19Q-06,Metastasis,0.999758243560791,True
340,TCGA-EE-A3J7-06,Metastasis,9,TCGA-WE-A8ZO-06,Metastasis,0.999752938747406,True
341,TCGA-RP-A690-06,Metastasis,0,TCGA-D9-A6EG-06,Metastasis,0.9999788403511047,True
341,TCGA-RP-A690-06,Metastasis,1,TCGA-D9-A4Z5-01,Primary Tumor,0.9999570250511169,False
341,TCGA-RP-A690-06,Metastasis,2,TCGA-GN-A8LL-06,Metastasis,0.9999146461486816,True
341,TCGA-RP-A690-06,Metastasis,3,TCGA-D3-A5GL-06,Metastasis,0.9999145269393921,True
341,TCGA-RP-A690-06,Metastasis,4,TCGA-D3-A8GR-06,Metastasis,0.9998577833175659,True
341,TCGA-RP-A690-06,Metastasis,5,TCGA-D3-A1Q1-06,Metastasis,0.9998156428337097,True
341,TCGA-RP-A690-06,Metastasis,6,TCGA-D3-A8GK-06,Metastasis,0.9997970461845398,True
341,TCGA-RP-A690-06,Metastasis,7,TCGA-EB-A3Y7-01,Primary Tumor,0.9997883439064026,False
341,TCGA-RP-A690-06,Metastasis,8,TCGA-ER-A19O-06,Metastasis,0.9997555017471313,True
341,TCGA-RP-A690-06,Metastasis,9,TCGA-EE-A29E-06,Metastasis,0.9996569752693176,True
342,TCGA-D3-A3CB-06,Metastasis,0,TCGA-D3-A8GE-06,Metastasis,0.9999082088470459,True
342,TCGA-D3-A3CB-06,Metastasis,1,TCGA-ER-A197-06,Metastasis,0.9998169541358948,True
342,TCGA-D3-A3CB-06,Metastasis,2,TCGA-GF-A6C9-06,Metastasis,0.9995366334915161,True
342,TCGA-D3-A3CB-06,Metastasis,3,TCGA-EE-A3AH-06,Metastasis,0.9993228316307068,True
342,TCGA-D3-A3CB-06,Metastasis,4,TCGA-FS-A1Z3-06,Metastasis,0.9992226362228394,True
342,TCGA-D3-A3CB-06,Metastasis,5,TCGA-FS-A4F5-06,Metastasis,0.9990910291671753,True
342,TCGA-D3-A3CB-06,Metastasis,6,TCGA-FS-A1ZW-06,Metastasis,0.9988654851913452,True
342,TCGA-D3-A3CB-06,Metastasis,7,TCGA-EB-A3XB-01,Primary Tumor,0.9987656474113464,False
342,TCGA-D3-A3CB-06,Metastasis,8,TCGA-D3-A2JN-06,Metastasis,0.998763918876648,True
342,TCGA-D3-A3CB-06,Metastasis,9,TCGA-D3-A3MV-06,Metastasis,0.998372495174408,True
343,TCGA-ER-A3ES-06,Metastasis,0,TCGA-IH-A3EA-01,Primary Tumor,0.9998517036437988,False
343,TCGA-ER-A3ES-06,Metastasis,1,TCGA-D3-A2JK-06,Metastasis,0.999839723110199,True
343,TCGA-ER-A3ES-06,Metastasis,2,TCGA-DA-A960-01,Primary Tumor,0.9992556571960449,False
343,TCGA-ER-A3ES-06,Metastasis,3,TCGA-D3-A5GT-01,Primary Tumor,0.9984022974967957,False
343,TCGA-ER-A3ES-06,Metastasis,4,TCGA-ER-A194-01,Primary Tumor,0.9977959990501404,False
343,TCGA-ER-A3ES-06,Metastasis,5,TCGA-D3-A8GI-06,Metastasis,0.9969958662986755,True
343,TCGA-ER-A3ES-06,Metastasis,6,TCGA-BF-A5ER-01,Primary Tumor,0.9968611001968384,False
343,TCGA-ER-A3ES-06,Metastasis,7,TCGA-DA-A95Z-06,Metastasis,0.9968153834342957,True
343,TCGA-ER-A3ES-06,Metastasis,8,TCGA-EB-A553-01,Primary Tumor,0.9959535598754883,False
343,TCGA-ER-A3ES-06,Metastasis,9,TCGA-XV-AB01-06,Metastasis,0.9956093430519104,True
344,TCGA-GN-A264-06,Metastasis,0,TCGA-GF-A769-01,Primary Tumor,0.9998968839645386,False
344,TCGA-GN-A264-06,Metastasis,1,TCGA-ER-A3PL-06,Metastasis,0.999854326248169,True
344,TCGA-GN-A264-06,Metastasis,2,TCGA-D9-A6EA-06,Metastasis,0.9998375773429871,True
344,TCGA-GN-A264-06,Metastasis,3,TCGA-DA-A1I4-06,Metastasis,0.9998337030410767,True
344,TCGA-GN-A264-06,Metastasis,4,TCGA-EB-A42Y-01,Primary Tumor,0.9998138546943665,False
344,TCGA-GN-A264-06,Metastasis,5,TCGA-D9-A6E9-06,Metastasis,0.9997888803482056,True
344,TCGA-GN-A264-06,Metastasis,6,TCGA-GN-A4U3-06,Metastasis,0.9997851848602295,True
344,TCGA-GN-A264-06,Metastasis,7,TCGA-FS-A4F2-06,Metastasis,0.999754786491394,True
344,TCGA-GN-A264-06,Metastasis,8,TCGA-QB-AA9O-06,Metastasis,0.999712347984314,True
344,TCGA-GN-A264-06,Metastasis,9,TCGA-EB-A85I-01,Primary Tumor,0.9996915459632874,False
345,TCGA-D3-A1Q8-06,Metastasis,0,TCGA-EE-A2GU-06,Metastasis,0.9999568462371826,True
345,TCGA-D3-A1Q8-06,Metastasis,1,TCGA-EE-A2MD-06,Metastasis,0.9999167323112488,True
345,TCGA-D3-A1Q8-06,Metastasis,2,TCGA-FS-A1ZQ-06,Metastasis,0.9997799396514893,True
345,TCGA-D3-A1Q8-06,Metastasis,3,TCGA-D3-A8GN-06,Metastasis,0.9996470808982849,True
345,TCGA-D3-A1Q8-06,Metastasis,4,TCGA-GN-A8LN-01,Primary Tumor,0.9994286298751831,False
345,TCGA-D3-A1Q8-06,Metastasis,5,TCGA-WE-A8JZ-06,Metastasis,0.9994251132011414,True
345,TCGA-D3-A1Q8-06,Metastasis,6,TCGA-D3-A1Q9-06,Metastasis,0.9993971586227417,True
345,TCGA-D3-A1Q8-06,Metastasis,7,TCGA-D3-A8GM-06,Metastasis,0.9993959665298462,True
345,TCGA-D3-A1Q8-06,Metastasis,8,TCGA-WE-A8K4-01,Primary Tumor,0.9993916153907776,False
345,TCGA-D3-A1Q8-06,Metastasis,9,TCGA-ER-A19W-06,Metastasis,0.9993798136711121,True
346,TCGA-3N-A9WC-06,Metastasis,0,TCGA-D3-A1Q4-06,Metastasis,0.9997768998146057,True
346,TCGA-3N-A9WC-06,Metastasis,1,TCGA-ER-A19M-06,Metastasis,0.9997233748435974,True
346,TCGA-3N-A9WC-06,Metastasis,2,TCGA-D3-A8GO-06,Metastasis,0.999717116355896,True
346,TCGA-3N-A9WC-06,Metastasis,3,TCGA-WE-A8JZ-06,Metastasis,0.999584972858429,True
346,TCGA-3N-A9WC-06,Metastasis,4,TCGA-DA-A3F8-06,Metastasis,0.9995816349983215,True
346,TCGA-3N-A9WC-06,Metastasis,5,TCGA-WE-AA9Y-06,Metastasis,0.9995702505111694,True
346,TCGA-3N-A9WC-06,Metastasis,6,TCGA-D3-A8GM-06,Metastasis,0.9995142221450806,True
346,TCGA-3N-A9WC-06,Metastasis,7,TCGA-3N-A9WD-06,Metastasis,0.9994902014732361,True
346,TCGA-3N-A9WC-06,Metastasis,8,TCGA-D9-A3Z4-01,Primary Tumor,0.9994122385978699,False
346,TCGA-3N-A9WC-06,Metastasis,9,TCGA-WE-A8ZX-06,Metastasis,0.9993853569030762,True
347,TCGA-FS-A1YX-06,Metastasis,0,TCGA-ER-A19C-06,Metastasis,0.9998767375946045,True
347,TCGA-FS-A1YX-06,Metastasis,1,TCGA-D3-A3C7-06,Metastasis,0.999849796295166,True
347,TCGA-FS-A1YX-06,Metastasis,2,TCGA-D3-A2JD-06,Metastasis,0.999800980091095,True
347,TCGA-FS-A1YX-06,Metastasis,3,TCGA-EE-A2MI-06,Metastasis,0.9997972249984741,True
347,TCGA-FS-A1YX-06,Metastasis,4,TCGA-D9-A1JW-06,Metastasis,0.9997240900993347,True
347,TCGA-FS-A1YX-06,Metastasis,5,TCGA-EE-A2GJ-06,Metastasis,0.9995945692062378,True
347,TCGA-FS-A1YX-06,Metastasis,6,TCGA-EE-A2A5-06,Metastasis,0.9995529055595398,True
347,TCGA-FS-A1YX-06,Metastasis,7,TCGA-EE-A2MT-06,Metastasis,0.9995349049568176,True
347,TCGA-FS-A1YX-06,Metastasis,8,TCGA-FS-A4FD-06,Metastasis,0.9995238780975342,True
347,TCGA-FS-A1YX-06,Metastasis,9,TCGA-FR-A2OS-01,Primary Tumor,0.9994876384735107,False
348,TCGA-EE-A2GU-06,Metastasis,0,TCGA-D3-A1Q8-06,Metastasis,0.9999568462371826,True
348,TCGA-EE-A2GU-06,Metastasis,1,TCGA-EE-A2MD-06,Metastasis,0.999793291091919,True
348,TCGA-EE-A2GU-06,Metastasis,2,TCGA-FS-A1ZQ-06,Metastasis,0.9996904730796814,True
348,TCGA-EE-A2GU-06,Metastasis,3,TCGA-D3-A8GN-06,Metastasis,0.9995678067207336,True
348,TCGA-EE-A2GU-06,Metastasis,4,TCGA-D3-A8GM-06,Metastasis,0.9995391368865967,True
348,TCGA-EE-A2GU-06,Metastasis,5,TCGA-WE-A8JZ-06,Metastasis,0.9995283484458923,True
348,TCGA-EE-A2GU-06,Metastasis,6,TCGA-ER-A19W-06,Metastasis,0.9994916915893555,True
348,TCGA-EE-A2GU-06,Metastasis,7,TCGA-D3-A1Q4-06,Metastasis,0.9994049072265625,True
348,TCGA-EE-A2GU-06,Metastasis,8,TCGA-WE-AA9Y-06,Metastasis,0.9993911385536194,True
348,TCGA-EE-A2GU-06,Metastasis,9,TCGA-3N-A9WC-06,Metastasis,0.99934321641922,True
349,TCGA-WE-A8ZT-06,Metastasis,0,TCGA-D3-A5GU-06,Metastasis,0.9998419284820557,True
349,TCGA-WE-A8ZT-06,Metastasis,1,TCGA-WE-A8ZO-06,Metastasis,0.9997825622558594,True
349,TCGA-WE-A8ZT-06,Metastasis,2,TCGA-EE-A2MU-06,Metastasis,0.9997814893722534,True
349,TCGA-WE-A8ZT-06,Metastasis,3,TCGA-EB-A3Y6-01,Primary Tumor,0.9997800588607788,False
349,TCGA-WE-A8ZT-06,Metastasis,4,TCGA-ER-A2NC-06,Metastasis,0.9997149705886841,True
349,TCGA-WE-A8ZT-06,Metastasis,5,TCGA-EE-A2M6-06,Metastasis,0.9996972680091858,True
349,TCGA-WE-A8ZT-06,Metastasis,6,TCGA-FR-A3R1-01,Primary Tumor,0.9995561838150024,False
349,TCGA-WE-A8ZT-06,Metastasis,7,TCGA-DA-A3F3-06,Metastasis,0.9994722604751587,True
349,TCGA-WE-A8ZT-06,Metastasis,8,TCGA-BF-A3DN-01,Primary Tumor,0.9994381070137024,False
349,TCGA-WE-A8ZT-06,Metastasis,9,TCGA-D3-A2JF-06,Metastasis,0.9993763566017151,True
350,TCGA-W3-AA1O-06,Metastasis,0,TCGA-EB-A5SG-06,Metastasis,0.9998412728309631,True
350,TCGA-W3-AA1O-06,Metastasis,1,TCGA-DA-A95V-06,Metastasis,0.999763548374176,True
350,TCGA-W3-AA1O-06,Metastasis,2,TCGA-D9-A1X3-06,Metastasis,0.9996246695518494,True
350,TCGA-W3-AA1O-06,Metastasis,3,TCGA-EE-A17Y-06,Metastasis,0.9995378851890564,True
350,TCGA-W3-AA1O-06,Metastasis,4,TCGA-ER-A42K-06,Metastasis,0.9995019435882568,True
350,TCGA-W3-AA1O-06,Metastasis,5,TCGA-D3-A3C7-06,Metastasis,0.9994813203811646,True
350,TCGA-W3-AA1O-06,Metastasis,6,TCGA-D3-A1QB-06,Metastasis,0.9993902444839478,True
350,TCGA-W3-AA1O-06,Metastasis,7,TCGA-ER-A19C-06,Metastasis,0.9993428587913513,True
350,TCGA-W3-AA1O-06,Metastasis,8,TCGA-FR-A2OS-01,Primary Tumor,0.9993330240249634,False
350,TCGA-W3-AA1O-06,Metastasis,9,TCGA-EE-A29T-06,Metastasis,0.9988592863082886,True
351,TCGA-GN-A8LL-06,Metastasis,0,TCGA-D9-A4Z5-01,Primary Tumor,0.999988317489624,False
351,TCGA-GN-A8LL-06,Metastasis,1,TCGA-D3-A8GR-06,Metastasis,0.9999529123306274,True
351,TCGA-GN-A8LL-06,Metastasis,2,TCGA-RP-A690-06,Metastasis,0.9999146461486816,True
351,TCGA-GN-A8LL-06,Metastasis,3,TCGA-D9-A6EG-06,Metastasis,0.9999067187309265,True
351,TCGA-GN-A8LL-06,Metastasis,4,TCGA-EE-A185-06,Metastasis,0.9998666048049927,True
351,TCGA-GN-A8LL-06,Metastasis,5,TCGA-D3-A5GL-06,Metastasis,0.9998632073402405,True
351,TCGA-GN-A8LL-06,Metastasis,6,TCGA-EE-A20C-06,Metastasis,0.9997320771217346,True
351,TCGA-GN-A8LL-06,Metastasis,7,TCGA-EB-A3Y7-01,Primary Tumor,0.9997217655181885,False
351,TCGA-GN-A8LL-06,Metastasis,8,TCGA-EE-A29E-06,Metastasis,0.9996710419654846,True
351,TCGA-GN-A8LL-06,Metastasis,9,TCGA-D3-A1Q1-06,Metastasis,0.9996033310890198,True
352,TCGA-D3-A8GL-06,Metastasis,0,TCGA-BF-AAOX-01,Primary Tumor,0.9998173117637634,False
352,TCGA-D3-A8GL-06,Metastasis,1,TCGA-EB-A3XF-01,Primary Tumor,0.9993579387664795,False
352,TCGA-D3-A8GL-06,Metastasis,2,TCGA-EB-A51B-01,Primary Tumor,0.9990389943122864,False
352,TCGA-D3-A8GL-06,Metastasis,3,TCGA-GF-A3OT-06,Metastasis,0.998944103717804,True
352,TCGA-D3-A8GL-06,Metastasis,4,TCGA-FS-A4F0-06,Metastasis,0.9988265633583069,True
352,TCGA-D3-A8GL-06,Metastasis,5,TCGA-FS-A1ZS-06,Metastasis,0.9987495541572571,True
352,TCGA-D3-A8GL-06,Metastasis,6,TCGA-BF-A9VF-01,Primary Tumor,0.9982061982154846,False
352,TCGA-D3-A8GL-06,Metastasis,7,TCGA-FS-A1ZC-06,Metastasis,0.9975163340568542,True
352,TCGA-D3-A8GL-06,Metastasis,8,TCGA-BF-A3DM-01,Primary Tumor,0.9971834421157837,False
352,TCGA-D3-A8GL-06,Metastasis,9,TCGA-ER-A3EV-06,Metastasis,0.9969274997711182,True
353,TCGA-EB-A553-01,Primary Tumor,0,TCGA-XV-AB01-06,Metastasis,0.9999454617500305,False
353,TCGA-EB-A553-01,Primary Tumor,1,TCGA-D3-A8GI-06,Metastasis,0.9999110698699951,False
353,TCGA-EB-A553-01,Primary Tumor,2,TCGA-FS-A1ZU-06,Metastasis,0.999902069568634,False
353,TCGA-EB-A553-01,Primary Tumor,3,TCGA-BF-A5ER-01,Primary Tumor,0.9998958706855774,True
353,TCGA-EB-A553-01,Primary Tumor,4,TCGA-DA-A95Z-06,Metastasis,0.9998885989189148,False
353,TCGA-EB-A553-01,Primary Tumor,5,TCGA-EE-A29B-06,Metastasis,0.9998868107795715,False
353,TCGA-EB-A553-01,Primary Tumor,6,TCGA-GN-A8LK-06,Metastasis,0.9997426867485046,False
353,TCGA-EB-A553-01,Primary Tumor,7,TCGA-ER-A194-01,Primary Tumor,0.9996309280395508,True
353,TCGA-EB-A553-01,Primary Tumor,8,TCGA-EE-A29E-06,Metastasis,0.999435544013977,False
353,TCGA-EB-A553-01,Primary Tumor,9,TCGA-D3-A1Q1-06,Metastasis,0.9994152188301086,False
354,TCGA-FR-A69P-06,Metastasis,0,TCGA-ER-A19L-06,Metastasis,0.9998800754547119,True
354,TCGA-FR-A69P-06,Metastasis,1,TCGA-EB-A4P0-01,Primary Tumor,0.9997915625572205,False
354,TCGA-FR-A69P-06,Metastasis,2,TCGA-ER-A2NF-06,Metastasis,0.9997668862342834,True
354,TCGA-FR-A69P-06,Metastasis,3,TCGA-ER-A42H-01,Primary Tumor,0.9997081756591797,False
354,TCGA-FR-A69P-06,Metastasis,4,TCGA-D3-A3C6-06,Metastasis,0.9996321797370911,True
354,TCGA-FR-A69P-06,Metastasis,5,TCGA-FW-A3TU-06,Metastasis,0.999613344669342,True
354,TCGA-FR-A69P-06,Metastasis,6,TCGA-EE-A29C-06,Metastasis,0.9996009469032288,True
354,TCGA-FR-A69P-06,Metastasis,7,TCGA-EE-A17Z-06,Metastasis,0.9995993971824646,True
354,TCGA-FR-A69P-06,Metastasis,8,TCGA-DA-A1I4-06,Metastasis,0.9995961785316467,True
354,TCGA-FR-A69P-06,Metastasis,9,TCGA-D9-A6EA-06,Metastasis,0.9995566606521606,True
355,TCGA-GN-A8LN-01,Primary Tumor,0,TCGA-D3-A2JA-06,Metastasis,0.9998814463615417,False
355,TCGA-GN-A8LN-01,Primary Tumor,1,TCGA-D3-A1Q9-06,Metastasis,0.9998769164085388,False
355,TCGA-GN-A8LN-01,Primary Tumor,2,TCGA-ER-A2NG-06,Metastasis,0.9998157024383545,False
355,TCGA-GN-A8LN-01,Primary Tumor,3,TCGA-D3-A8GN-06,Metastasis,0.9997742176055908,False
355,TCGA-GN-A8LN-01,Primary Tumor,4,TCGA-FS-A1ZQ-06,Metastasis,0.9996764063835144,False
355,TCGA-GN-A8LN-01,Primary Tumor,5,TCGA-D9-A3Z3-06,Metastasis,0.9995840191841125,False
355,TCGA-GN-A8LN-01,Primary Tumor,6,TCGA-EE-A2MD-06,Metastasis,0.9995665550231934,False
355,TCGA-GN-A8LN-01,Primary Tumor,7,TCGA-D3-A5GN-06,Metastasis,0.9995614290237427,False
355,TCGA-GN-A8LN-01,Primary Tumor,8,TCGA-ER-A19B-06,Metastasis,0.999478280544281,False
355,TCGA-GN-A8LN-01,Primary Tumor,9,TCGA-EE-A2M8-06,Metastasis,0.9994475245475769,False
356,TCGA-EE-A180-06,Metastasis,0,TCGA-GN-A268-06,Metastasis,0.9999572038650513,True
356,TCGA-EE-A180-06,Metastasis,1,TCGA-D3-A5GO-06,Metastasis,0.9999386668205261,True
356,TCGA-EE-A180-06,Metastasis,2,TCGA-ER-A2ND-06,Metastasis,0.9999086260795593,True
356,TCGA-EE-A180-06,Metastasis,3,TCGA-QB-A6FS-06,Metastasis,0.9999047517776489,True
356,TCGA-EE-A180-06,Metastasis,4,TCGA-D3-A8GP-06,Metastasis,0.9998773336410522,True
356,TCGA-EE-A180-06,Metastasis,5,TCGA-BF-A5EP-01,Primary Tumor,0.9998067021369934,False
356,TCGA-EE-A180-06,Metastasis,6,TCGA-FS-A4F9-06,Metastasis,0.999783456325531,True
356,TCGA-EE-A180-06,Metastasis,7,TCGA-EE-A29L-06,Metastasis,0.9997169971466064,True
356,TCGA-EE-A180-06,Metastasis,8,TCGA-D3-A8GV-06,Metastasis,0.9997164011001587,True
356,TCGA-EE-A180-06,Metastasis,9,TCGA-W3-AA21-06,Metastasis,0.9996330142021179,True
357,TCGA-EB-A57M-01,Primary Tumor,0,TCGA-EB-A3XC-01,Primary Tumor,0.9981107115745544,True
357,TCGA-EB-A57M-01,Primary Tumor,1,TCGA-WE-A8ZM-06,Metastasis,0.9948596954345703,False
357,TCGA-EB-A57M-01,Primary Tumor,2,TCGA-XV-AAZV-01,Primary Tumor,0.9935445785522461,True
357,TCGA-EB-A57M-01,Primary Tumor,3,TCGA-GF-A2C7-01,Primary Tumor,0.9932103753089905,True
357,TCGA-EB-A57M-01,Primary Tumor,4,TCGA-EB-A3XE-01,Primary Tumor,0.9929290413856506,True
357,TCGA-EB-A57M-01,Primary Tumor,5,TCGA-W3-AA1V-06,Metastasis,0.9919844269752502,False
357,TCGA-EB-A57M-01,Primary Tumor,6,TCGA-D3-A51R-06,Metastasis,0.9917198419570923,False
357,TCGA-EB-A57M-01,Primary Tumor,7,TCGA-YG-AA3N-01,Primary Tumor,0.9915979504585266,True
357,TCGA-EB-A57M-01,Primary Tumor,8,TCGA-FS-A1ZB-06,Metastasis,0.9908853769302368,False
357,TCGA-EB-A57M-01,Primary Tumor,9,TCGA-XV-A9VZ-01,Primary Tumor,0.990425705909729,True
358,TCGA-DA-A3F5-06,Metastasis,0,TCGA-WE-A8K6-06,Metastasis,0.9998400211334229,True
358,TCGA-DA-A3F5-06,Metastasis,1,TCGA-EB-A6QZ-01,Primary Tumor,0.9998313188552856,False
358,TCGA-DA-A3F5-06,Metastasis,2,TCGA-EB-A5UN-06,Metastasis,0.9997628927230835,True
358,TCGA-DA-A3F5-06,Metastasis,3,TCGA-D9-A4Z6-06,Metastasis,0.9996969699859619,True
358,TCGA-DA-A3F5-06,Metastasis,4,TCGA-DA-A1I7-06,Metastasis,0.9996569752693176,True
358,TCGA-DA-A3F5-06,Metastasis,5,TCGA-D3-A1QB-06,Metastasis,0.999561071395874,True
358,TCGA-DA-A3F5-06,Metastasis,6,TCGA-ER-A2NF-06,Metastasis,0.9995191693305969,True
358,TCGA-DA-A3F5-06,Metastasis,7,TCGA-EE-A17Y-06,Metastasis,0.9994891285896301,True
358,TCGA-DA-A3F5-06,Metastasis,8,TCGA-EE-A29R-06,Metastasis,0.9993851184844971,True
358,TCGA-DA-A3F5-06,Metastasis,9,TCGA-ER-A19L-06,Metastasis,0.9993122816085815,True
359,TCGA-EE-A3AE-06,Metastasis,0,TCGA-FW-A3TV-06,Metastasis,0.9996331334114075,True
359,TCGA-EE-A3AE-06,Metastasis,1,TCGA-DA-A1I2-06,Metastasis,0.9995635747909546,True
359,TCGA-EE-A3AE-06,Metastasis,2,TCGA-DA-A1I5-06,Metastasis,0.9989038705825806,True
359,TCGA-EE-A3AE-06,Metastasis,3,TCGA-WE-AAA0-06,Metastasis,0.9988154768943787,True
359,TCGA-EE-A3AE-06,Metastasis,4,TCGA-DA-A1I1-06,Metastasis,0.9981561303138733,True
359,TCGA-EE-A3AE-06,Metastasis,5,TCGA-BF-A1Q0-01,Primary Tumor,0.9980706572532654,False
359,TCGA-EE-A3AE-06,Metastasis,6,TCGA-YG-AA3O-06,Metastasis,0.9980305433273315,True
359,TCGA-EE-A3AE-06,Metastasis,7,TCGA-EE-A3AC-06,Metastasis,0.9977438449859619,True
359,TCGA-EE-A3AE-06,Metastasis,8,TCGA-WE-A8ZX-06,Metastasis,0.9976528286933899,True
359,TCGA-EE-A3AE-06,Metastasis,9,TCGA-EE-A29Q-06,Metastasis,0.9975380897521973,True
360,TCGA-EB-A5FP-01,Primary Tumor,0,TCGA-WE-A8ZQ-06,Metastasis,0.9992562532424927,False
360,TCGA-EB-A5FP-01,Primary Tumor,1,TCGA-XV-A9VZ-01,Primary Tumor,0.9987974762916565,True
360,TCGA-EB-A5FP-01,Primary Tumor,2,TCGA-YG-AA3N-01,Primary Tumor,0.9987837076187134,True
360,TCGA-EB-A5FP-01,Primary Tumor,3,TCGA-EB-A3XE-01,Primary Tumor,0.998065710067749,True
360,TCGA-EB-A5FP-01,Primary Tumor,4,TCGA-D3-A51R-06,Metastasis,0.9979092478752136,False
360,TCGA-EB-A5FP-01,Primary Tumor,5,TCGA-XV-AAZV-01,Primary Tumor,0.9978768229484558,True
360,TCGA-EB-A5FP-01,Primary Tumor,6,TCGA-DA-A1I8-06,Metastasis,0.9976445436477661,False
360,TCGA-EB-A5FP-01,Primary Tumor,7,TCGA-GF-A2C7-01,Primary Tumor,0.9972388744354248,True
360,TCGA-EB-A5FP-01,Primary Tumor,8,TCGA-EB-A3HV-01,Primary Tumor,0.9968628883361816,True
360,TCGA-EB-A5FP-01,Primary Tumor,9,TCGA-EB-A24C-01,Primary Tumor,0.9963446855545044,True
361,TCGA-EE-A183-06,Metastasis,0,TCGA-BF-A5EQ-01,Primary Tumor,0.9999769926071167,False
361,TCGA-EE-A183-06,Metastasis,1,TCGA-D3-A3MU-06,Metastasis,0.9998401403427124,True
361,TCGA-EE-A183-06,Metastasis,2,TCGA-GF-A6C8-06,Metastasis,0.9997779130935669,True
361,TCGA-EE-A183-06,Metastasis,3,TCGA-EE-A184-06,Metastasis,0.9993177652359009,True
361,TCGA-EE-A183-06,Metastasis,4,TCGA-RP-A6K9-06,Metastasis,0.9991438388824463,True
361,TCGA-EE-A183-06,Metastasis,5,TCGA-YD-A9TB-06,Metastasis,0.9990630149841309,True
361,TCGA-EE-A183-06,Metastasis,6,TCGA-ER-A19Q-06,Metastasis,0.9990265369415283,True
361,TCGA-EE-A183-06,Metastasis,7,TCGA-DA-A95W-06,Metastasis,0.9989069104194641,True
361,TCGA-EE-A183-06,Metastasis,8,TCGA-EE-A2MM-06,Metastasis,0.9987871646881104,True
361,TCGA-EE-A183-06,Metastasis,9,TCGA-WE-A8K5-06,Metastasis,0.9987324476242065,True
362,TCGA-DA-A3F8-06,Metastasis,0,TCGA-WE-AA9Y-06,Metastasis,0.9998563528060913,True
362,TCGA-DA-A3F8-06,Metastasis,1,TCGA-D9-A3Z4-01,Primary Tumor,0.9997780919075012,False
362,TCGA-DA-A3F8-06,Metastasis,2,TCGA-D3-A1Q3-06,Metastasis,0.9997035264968872,True
362,TCGA-DA-A3F8-06,Metastasis,3,TCGA-D3-A1Q4-06,Metastasis,0.9996964335441589,True
362,TCGA-DA-A3F8-06,Metastasis,4,TCGA-WE-A8JZ-06,Metastasis,0.9995898008346558,True
362,TCGA-DA-A3F8-06,Metastasis,5,TCGA-3N-A9WC-06,Metastasis,0.9995816349983215,True
362,TCGA-DA-A3F8-06,Metastasis,6,TCGA-D3-A8GO-06,Metastasis,0.9995401501655579,True
362,TCGA-DA-A3F8-06,Metastasis,7,TCGA-ER-A19M-06,Metastasis,0.9995045065879822,True
362,TCGA-DA-A3F8-06,Metastasis,8,TCGA-3N-A9WD-06,Metastasis,0.9992222785949707,True
362,TCGA-DA-A3F8-06,Metastasis,9,TCGA-WE-A8ZX-06,Metastasis,0.9991627931594849,True
363,TCGA-D3-A2J6-06,Metastasis,0,TCGA-D3-A8GV-06,Metastasis,0.9999194145202637,True
363,TCGA-D3-A2J6-06,Metastasis,1,TCGA-FS-A4FB-06,Metastasis,0.9998875260353088,True
363,TCGA-D3-A2J6-06,Metastasis,2,TCGA-Z2-AA3V-06,Metastasis,0.9998388290405273,True
363,TCGA-D3-A2J6-06,Metastasis,3,TCGA-FS-A4F9-06,Metastasis,0.9997830986976624,True
363,TCGA-D3-A2J6-06,Metastasis,4,TCGA-EE-A2GO-06,Metastasis,0.9997581839561462,True
363,TCGA-D3-A2J6-06,Metastasis,5,TCGA-3N-A9WB-06,Metastasis,0.9996498227119446,True
363,TCGA-D3-A2J6-06,Metastasis,6,TCGA-D9-A6EC-06,Metastasis,0.9996480345726013,True
363,TCGA-D3-A2J6-06,Metastasis,7,TCGA-GN-A268-06,Metastasis,0.9996203184127808,True
363,TCGA-D3-A2J6-06,Metastasis,8,TCGA-D3-A5GO-06,Metastasis,0.9995976686477661,True
363,TCGA-D3-A2J6-06,Metastasis,9,TCGA-BF-AAP8-01,Primary Tumor,0.9995921850204468,False
364,TCGA-ER-A42L-06,Metastasis,0,TCGA-EE-A29M-06,Metastasis,0.9999716877937317,True
364,TCGA-ER-A42L-06,Metastasis,1,TCGA-W3-AA1R-06,Metastasis,0.9997191429138184,True
364,TCGA-ER-A42L-06,Metastasis,2,TCGA-EE-A2MJ-06,Metastasis,0.9997027516365051,True
364,TCGA-ER-A42L-06,Metastasis,3,TCGA-EE-A181-06,Metastasis,0.9996069669723511,True
364,TCGA-ER-A42L-06,Metastasis,4,TCGA-D3-A1Q7-06,Metastasis,0.9995503425598145,True
364,TCGA-ER-A42L-06,Metastasis,5,TCGA-WE-A8ZY-06,Metastasis,0.9995304942131042,True
364,TCGA-ER-A42L-06,Metastasis,6,TCGA-D3-A51F-06,Metastasis,0.9993090033531189,True
364,TCGA-ER-A42L-06,Metastasis,7,TCGA-DA-A1I1-06,Metastasis,0.9992613792419434,True
364,TCGA-ER-A42L-06,Metastasis,8,TCGA-ER-A19S-06,Metastasis,0.9992383718490601,True
364,TCGA-ER-A42L-06,Metastasis,9,TCGA-BF-A1Q0-01,Primary Tumor,0.999160885810852,False
365,TCGA-WE-A8ZM-06,Metastasis,0,TCGA-W3-AA1V-06,Metastasis,0.9990629553794861,True
365,TCGA-WE-A8ZM-06,Metastasis,1,TCGA-XV-A9W5-01,Primary Tumor,0.9986902475357056,False
365,TCGA-WE-A8ZM-06,Metastasis,2,TCGA-GF-A2C7-01,Primary Tumor,0.9982408285140991,False
365,TCGA-WE-A8ZM-06,Metastasis,3,TCGA-FS-A1ZB-06,Metastasis,0.9975886344909668,True
365,TCGA-WE-A8ZM-06,Metastasis,4,TCGA-EB-A3XC-01,Primary Tumor,0.9962108731269836,False
365,TCGA-WE-A8ZM-06,Metastasis,5,TCGA-EE-A20H-06,Metastasis,0.9958868026733398,True
365,TCGA-WE-A8ZM-06,Metastasis,6,TCGA-DA-A1I8-06,Metastasis,0.9957858920097351,True
365,TCGA-WE-A8ZM-06,Metastasis,7,TCGA-YG-AA3N-01,Primary Tumor,0.9955365657806396,False
365,TCGA-WE-A8ZM-06,Metastasis,8,TCGA-EB-A57M-01,Primary Tumor,0.9948596954345703,False
365,TCGA-WE-A8ZM-06,Metastasis,9,TCGA-EB-A1NK-01,Primary Tumor,0.9943320751190186,False
366,TCGA-EE-A20F-06,Metastasis,0,TCGA-D3-A3CE-06,Metastasis,0.9991261959075928,True
366,TCGA-EE-A20F-06,Metastasis,1,TCGA-D3-A2J9-06,Metastasis,0.9984855651855469,True
366,TCGA-EE-A20F-06,Metastasis,2,TCGA-BF-AAP0-06,Metastasis,0.9982255101203918,True
366,TCGA-EE-A20F-06,Metastasis,3,TCGA-ER-A19H-06,Metastasis,0.9978855848312378,True
366,TCGA-EE-A20F-06,Metastasis,4,TCGA-HR-A2OG-06,Metastasis,0.9976118206977844,True
366,TCGA-EE-A20F-06,Metastasis,5,TCGA-EB-A5UL-06,Metastasis,0.997590959072113,True
366,TCGA-EE-A20F-06,Metastasis,6,TCGA-ER-A195-06,Metastasis,0.9971715807914734,True
366,TCGA-EE-A20F-06,Metastasis,7,TCGA-FS-A1Z4-06,Metastasis,0.9970278143882751,True
366,TCGA-EE-A20F-06,Metastasis,8,TCGA-GN-A4U8-06,Metastasis,0.9969613552093506,True
366,TCGA-EE-A20F-06,Metastasis,9,TCGA-D3-A2JH-06,Metastasis,0.9965710639953613,True
367,TCGA-FW-A3I3-06,Metastasis,0,TCGA-ER-A19A-06,Metastasis,0.999459981918335,True
367,TCGA-FW-A3I3-06,Metastasis,1,TCGA-FR-A7UA-06,Metastasis,0.9971533417701721,True
367,TCGA-FW-A3I3-06,Metastasis,2,TCGA-BF-A3DJ-01,Primary Tumor,0.9893734455108643,False
367,TCGA-FW-A3I3-06,Metastasis,3,TCGA-ER-A1A1-06,Metastasis,0.9868010878562927,True
367,TCGA-FW-A3I3-06,Metastasis,4,TCGA-FS-A1ZN-01,Primary Tumor,0.9865456223487854,False
367,TCGA-FW-A3I3-06,Metastasis,5,TCGA-FS-A4FC-06,Metastasis,0.9865277409553528,True
367,TCGA-FW-A3I3-06,Metastasis,6,TCGA-EB-A44R-06,Metastasis,0.9846076369285583,True
367,TCGA-FW-A3I3-06,Metastasis,7,TCGA-EE-A2MC-06,Metastasis,0.9843082427978516,True
367,TCGA-FW-A3I3-06,Metastasis,8,TCGA-BF-A1PX-01,Primary Tumor,0.984001100063324,False
367,TCGA-FW-A3I3-06,Metastasis,9,TCGA-D3-A1Q6-06,Metastasis,0.9825071692466736,True
368,TCGA-YD-A9TA-06,Metastasis,0,TCGA-DA-A1IB-06,Metastasis,0.9950700998306274,True
368,TCGA-YD-A9TA-06,Metastasis,1,TCGA-FR-A8YE-06,Metastasis,0.9889403581619263,True
368,TCGA-YD-A9TA-06,Metastasis,2,LE-037-RG-038_N,Benign Nevus,0.9856292605400085,False
368,TCGA-YD-A9TA-06,Metastasis,3,TCGA-EB-A6R0-01,Primary Tumor,0.9804307222366333,False
368,TCGA-YD-A9TA-06,Metastasis,4,TCGA-ER-A19P-06,Metastasis,0.9741387367248535,True
368,TCGA-YD-A9TA-06,Metastasis,5,TCGA-EB-A4XL-01,Primary Tumor,0.9712913632392883,False
368,TCGA-YD-A9TA-06,Metastasis,6,TCGA-W3-A825-06,Metastasis,0.9658076763153076,True
368,TCGA-YD-A9TA-06,Metastasis,7,TCGA-FS-A1ZH-06,Metastasis,0.9591290354728699,True
368,TCGA-YD-A9TA-06,Metastasis,8,TCGA-FR-A729-06,Metastasis,0.9553883075714111,True
368,TCGA-YD-A9TA-06,Metastasis,9,LE-029-SE-030_N,Benign Nevus,0.9552858471870422,False
369,TCGA-EB-A6QY-01,Primary Tumor,0,TCGA-GN-A4U5-01,Primary Tumor,0.9937563538551331,True
369,TCGA-EB-A6QY-01,Primary Tumor,1,TCGA-EB-A550-01,Primary Tumor,0.9838299751281738,True
369,TCGA-EB-A6QY-01,Primary Tumor,2,TCGA-D3-A1Q5-06,Metastasis,0.9815360307693481,False
369,TCGA-EB-A6QY-01,Primary Tumor,3,TCGA-FR-A726-01,Primary Tumor,0.9737342000007629,True
369,TCGA-EB-A6QY-01,Primary Tumor,4,TCGA-FS-A1ZN-01,Primary Tumor,0.9727730751037598,True
369,TCGA-EB-A6QY-01,Primary Tumor,5,TCGA-EB-A3XD-01,Primary Tumor,0.9660075306892395,True
369,TCGA-EB-A6QY-01,Primary Tumor,6,018_N,Benign Nevus,0.9611469507217407,False
369,TCGA-EB-A6QY-01,Primary Tumor,7,LE-117-RB-118_N,Benign Nevus,0.9605167508125305,False
369,TCGA-EB-A6QY-01,Primary Tumor,8,010_N,Benign Nevus,0.9549458026885986,False
369,TCGA-EB-A6QY-01,Primary Tumor,9,TCGA-EE-A29G-06,Metastasis,0.9519341588020325,False
370,TCGA-WE-A8ZY-06,Metastasis,0,TCGA-D3-A51F-06,Metastasis,0.9997193217277527,True
370,TCGA-WE-A8ZY-06,Metastasis,1,TCGA-W3-AA1R-06,Metastasis,0.9997026920318604,True
370,TCGA-WE-A8ZY-06,Metastasis,2,TCGA-EE-A29H-06,Metastasis,0.9997011423110962,True
370,TCGA-WE-A8ZY-06,Metastasis,3,TCGA-DA-A95X-06,Metastasis,0.9996549487113953,True
370,TCGA-WE-A8ZY-06,Metastasis,4,TCGA-EE-A181-06,Metastasis,0.9996093511581421,True
370,TCGA-WE-A8ZY-06,Metastasis,5,TCGA-FS-A4F8-06,Metastasis,0.9995840191841125,True
370,TCGA-WE-A8ZY-06,Metastasis,6,TCGA-HR-A2OH-06,Metastasis,0.999542772769928,True
370,TCGA-WE-A8ZY-06,Metastasis,7,TCGA-ER-A42L-06,Metastasis,0.9995304942131042,True
370,TCGA-WE-A8ZY-06,Metastasis,8,TCGA-EE-A29M-06,Metastasis,0.9994402527809143,True
370,TCGA-WE-A8ZY-06,Metastasis,9,TCGA-ER-A19S-06,Metastasis,0.9994400143623352,True
371,TCGA-D3-A1Q1-06,Metastasis,0,TCGA-GN-A8LK-06,Metastasis,0.9998929500579834,True
371,TCGA-D3-A1Q1-06,Metastasis,1,TCGA-EB-A3Y7-01,Primary Tumor,0.999890148639679,False
371,TCGA-D3-A1Q1-06,Metastasis,2,TCGA-RP-A690-06,Metastasis,0.9998156428337097,True
371,TCGA-D3-A1Q1-06,Metastasis,3,TCGA-FR-A3YO-06,Metastasis,0.9998070597648621,True
371,TCGA-D3-A1Q1-06,Metastasis,4,TCGA-EE-A29E-06,Metastasis,0.9997920989990234,True
371,TCGA-D3-A1Q1-06,Metastasis,5,TCGA-D9-A6EG-06,Metastasis,0.9997910261154175,True
371,TCGA-D3-A1Q1-06,Metastasis,6,TCGA-DA-A1IA-06,Metastasis,0.9997887015342712,True
371,TCGA-D3-A1Q1-06,Metastasis,7,TCGA-FS-A1ZU-06,Metastasis,0.9997857809066772,True
371,TCGA-D3-A1Q1-06,Metastasis,8,TCGA-ER-A19O-06,Metastasis,0.9997084140777588,True
371,TCGA-D3-A1Q1-06,Metastasis,9,TCGA-D3-A5GL-06,Metastasis,0.9997009038925171,True
372,TCGA-D3-A8GR-06,Metastasis,0,TCGA-GN-A8LL-06,Metastasis,0.9999529123306274,True
372,TCGA-D3-A8GR-06,Metastasis,1,TCGA-D3-A5GL-06,Metastasis,0.99992835521698,True
372,TCGA-D3-A8GR-06,Metastasis,2,TCGA-D9-A4Z5-01,Primary Tumor,0.9999229311943054,False
372,TCGA-D3-A8GR-06,Metastasis,3,TCGA-D9-A6EG-06,Metastasis,0.9998916983604431,True
372,TCGA-D3-A8GR-06,Metastasis,4,TCGA-EE-A185-06,Metastasis,0.9998819231987,True
372,TCGA-D3-A8GR-06,Metastasis,5,TCGA-RP-A690-06,Metastasis,0.9998577833175659,True
372,TCGA-D3-A8GR-06,Metastasis,6,TCGA-EE-A20C-06,Metastasis,0.9998313784599304,True
372,TCGA-D3-A8GR-06,Metastasis,7,TCGA-EB-A3Y7-01,Primary Tumor,0.9997175931930542,False
372,TCGA-D3-A8GR-06,Metastasis,8,TCGA-EE-A29E-06,Metastasis,0.9996930360794067,True
372,TCGA-D3-A8GR-06,Metastasis,9,TCGA-D3-A1Q1-06,Metastasis,0.9995425939559937,True
373,TCGA-EE-A20I-06,Metastasis,0,TCGA-EE-A3JI-06,Metastasis,0.9999205470085144,True
373,TCGA-EE-A20I-06,Metastasis,1,TCGA-D3-A5GS-06,Metastasis,0.9998695850372314,True
373,TCGA-EE-A20I-06,Metastasis,2,TCGA-EE-A2MT-06,Metastasis,0.9997572898864746,True
373,TCGA-EE-A20I-06,Metastasis,3,TCGA-EE-A29D-06,Metastasis,0.9997328519821167,True
373,TCGA-EE-A20I-06,Metastasis,4,TCGA-EE-A2MK-06,Metastasis,0.9997298121452332,True
373,TCGA-EE-A20I-06,Metastasis,5,TCGA-EE-A2MI-06,Metastasis,0.9997185468673706,True
373,TCGA-EE-A20I-06,Metastasis,6,TCGA-EE-A2A5-06,Metastasis,0.9997183084487915,True
373,TCGA-EE-A20I-06,Metastasis,7,TCGA-RP-A693-06,Metastasis,0.9996916651725769,True
373,TCGA-EE-A20I-06,Metastasis,8,TCGA-BF-A1PZ-01,Primary Tumor,0.9996743202209473,False
373,TCGA-EE-A20I-06,Metastasis,9,TCGA-D9-A1JW-06,Metastasis,0.9996545314788818,True
374,TCGA-DA-A95V-06,Metastasis,0,TCGA-W3-AA1O-06,Metastasis,0.999763548374176,True
374,TCGA-DA-A95V-06,Metastasis,1,TCGA-D3-A1QB-06,Metastasis,0.9997536540031433,True
374,TCGA-DA-A95V-06,Metastasis,2,TCGA-EE-A17Y-06,Metastasis,0.9995548725128174,True
374,TCGA-DA-A95V-06,Metastasis,3,TCGA-D9-A1X3-06,Metastasis,0.9994598031044006,True
374,TCGA-DA-A95V-06,Metastasis,4,TCGA-EB-A5SG-06,Metastasis,0.9993364810943604,True
374,TCGA-DA-A95V-06,Metastasis,5,TCGA-D9-A4Z6-06,Metastasis,0.9992544054985046,True
374,TCGA-DA-A95V-06,Metastasis,6,TCGA-EB-A6QZ-01,Primary Tumor,0.9990873336791992,False
374,TCGA-DA-A95V-06,Metastasis,7,TCGA-ER-A42K-06,Metastasis,0.9989111423492432,True
374,TCGA-DA-A95V-06,Metastasis,8,TCGA-DA-A3F5-06,Metastasis,0.9989040493965149,True
374,TCGA-DA-A95V-06,Metastasis,9,TCGA-FW-A5DX-01,Primary Tumor,0.9988285303115845,False
375,TCGA-EE-A3JB-06,Metastasis,0,TCGA-DA-A95X-06,Metastasis,0.999643862247467,True
375,TCGA-EE-A3JB-06,Metastasis,1,TCGA-EE-A29H-06,Metastasis,0.9996073246002197,True
375,TCGA-EE-A3JB-06,Metastasis,2,TCGA-EE-A2MP-06,Metastasis,0.9995639324188232,True
375,TCGA-EE-A3JB-06,Metastasis,3,TCGA-GN-A265-06,Metastasis,0.9994975924491882,True
375,TCGA-EE-A3JB-06,Metastasis,4,TCGA-HR-A2OH-06,Metastasis,0.9994199275970459,True
375,TCGA-EE-A3JB-06,Metastasis,5,TCGA-EE-A20B-06,Metastasis,0.9993394017219543,True
375,TCGA-EE-A3JB-06,Metastasis,6,TCGA-D3-A51F-06,Metastasis,0.9992955923080444,True
375,TCGA-EE-A3JB-06,Metastasis,7,TCGA-EE-A2M8-06,Metastasis,0.9992953538894653,True
375,TCGA-EE-A3JB-06,Metastasis,8,TCGA-WE-A8ZY-06,Metastasis,0.999273955821991,True
375,TCGA-EE-A3JB-06,Metastasis,9,TCGA-D3-A5GN-06,Metastasis,0.9992721676826477,True
376,TCGA-ER-A19F-06,Metastasis,0,TCGA-EB-A85I-01,Primary Tumor,0.999958336353302,False
376,TCGA-ER-A19F-06,Metastasis,1,TCGA-WE-AAA4-06,Metastasis,0.9999533891677856,True
376,TCGA-ER-A19F-06,Metastasis,2,TCGA-FS-A4F2-06,Metastasis,0.9999212622642517,True
376,TCGA-ER-A19F-06,Metastasis,3,TCGA-YD-A89C-06,Metastasis,0.9998717308044434,True
376,TCGA-ER-A19F-06,Metastasis,4,TCGA-RP-A695-06,Metastasis,0.9998344779014587,True
376,TCGA-ER-A19F-06,Metastasis,5,TCGA-GN-A4U3-06,Metastasis,0.9998319149017334,True
376,TCGA-ER-A19F-06,Metastasis,6,TCGA-ER-A3PL-06,Metastasis,0.9997996687889099,True
376,TCGA-ER-A19F-06,Metastasis,7,TCGA-EB-A42Z-01,Primary Tumor,0.9997850060462952,False
376,TCGA-ER-A19F-06,Metastasis,8,TCGA-D3-A2JL-06,Metastasis,0.9996448159217834,True
376,TCGA-ER-A19F-06,Metastasis,9,TCGA-EB-A42Y-01,Primary Tumor,0.9994726181030273,False
377,TCGA-EB-A4XL-01,Primary Tumor,0,LE-037-RG-038_N,Benign Nevus,0.9965213537216187,False
377,TCGA-EB-A4XL-01,Primary Tumor,1,LE-029-SE-030_N,Benign Nevus,0.994423508644104,False
377,TCGA-EB-A4XL-01,Primary Tumor,2,018_N,Benign Nevus,0.9827215075492859,False
377,TCGA-EB-A4XL-01,Primary Tumor,3,LE-117-RB-118_N,Benign Nevus,0.9820641875267029,False
377,TCGA-EB-A4XL-01,Primary Tumor,4,TCGA-FR-A726-01,Primary Tumor,0.9774320721626282,True
377,TCGA-EB-A4XL-01,Primary Tumor,5,TCGA-YD-A9TA-06,Metastasis,0.9712913632392883,False
377,TCGA-EB-A4XL-01,Primary Tumor,6,TCGA-EE-A29G-06,Metastasis,0.9699267148971558,False
377,TCGA-EB-A4XL-01,Primary Tumor,7,TCGA-EB-A6R0-01,Primary Tumor,0.9564484357833862,True
377,TCGA-EB-A4XL-01,Primary Tumor,8,LE-081-TR-082_N,Benign Nevus,0.9547139406204224,False
377,TCGA-EB-A4XL-01,Primary Tumor,9,TCGA-DA-A1IB-06,Metastasis,0.9504594802856445,False
378,TCGA-FS-A1ZM-06,Metastasis,0,TCGA-FS-A1ZA-06,Metastasis,0.9994737505912781,True
378,TCGA-FS-A1ZM-06,Metastasis,1,TCGA-FS-A1Z4-06,Metastasis,0.9992997050285339,True
378,TCGA-FS-A1ZM-06,Metastasis,2,TCGA-D3-A2J9-06,Metastasis,0.9983579516410828,True
378,TCGA-FS-A1ZM-06,Metastasis,3,TCGA-D3-A3CE-06,Metastasis,0.9982859492301941,True
378,TCGA-FS-A1ZM-06,Metastasis,4,TCGA-EE-A2GB-06,Metastasis,0.998185396194458,True
378,TCGA-FS-A1ZM-06,Metastasis,5,TCGA-EB-A551-01,Primary Tumor,0.9979472756385803,False
378,TCGA-FS-A1ZM-06,Metastasis,6,TCGA-ER-A195-06,Metastasis,0.9970625042915344,True
378,TCGA-FS-A1ZM-06,Metastasis,7,TCGA-EE-A2GK-06,Metastasis,0.996989905834198,True
378,TCGA-FS-A1ZM-06,Metastasis,8,TCGA-ER-A19H-06,Metastasis,0.9962987303733826,True
378,TCGA-FS-A1ZM-06,Metastasis,9,TCGA-EE-A20F-06,Metastasis,0.9956663846969604,True
379,TCGA-EE-A2MR-06,Metastasis,0,TCGA-GN-A266-06,Metastasis,0.9997444152832031,True
379,TCGA-EE-A2MR-06,Metastasis,1,TCGA-EE-A2GS-06,Metastasis,0.9993675947189331,True
379,TCGA-EE-A2MR-06,Metastasis,2,TCGA-EE-A2MS-06,Metastasis,0.9992907047271729,True
379,TCGA-EE-A2MR-06,Metastasis,3,TCGA-D3-A2JH-06,Metastasis,0.9988968968391418,True
379,TCGA-EE-A2MR-06,Metastasis,4,TCGA-EE-A2GP-06,Metastasis,0.9987948536872864,True
379,TCGA-EE-A2MR-06,Metastasis,5,TCGA-EB-A551-01,Primary Tumor,0.9987289905548096,False
379,TCGA-EE-A2MR-06,Metastasis,6,TCGA-ER-A195-06,Metastasis,0.9984602332115173,True
379,TCGA-EE-A2MR-06,Metastasis,7,TCGA-ER-A19H-06,Metastasis,0.9979497194290161,True
379,TCGA-EE-A2MR-06,Metastasis,8,TCGA-HR-A2OG-06,Metastasis,0.9979414343833923,True
379,TCGA-EE-A2MR-06,Metastasis,9,TCGA-ER-A2NH-06,Metastasis,0.9978187084197998,True
380,TCGA-D3-A1Q5-06,Metastasis,0,TCGA-FS-A1ZN-01,Primary Tumor,0.9855394959449768,False
380,TCGA-D3-A1Q5-06,Metastasis,1,TCGA-GN-A4U5-01,Primary Tumor,0.9839363098144531,False
380,TCGA-D3-A1Q5-06,Metastasis,2,TCGA-EB-A6QY-01,Primary Tumor,0.9815360307693481,False
380,TCGA-D3-A1Q5-06,Metastasis,3,TCGA-EB-A3XD-01,Primary Tumor,0.9752378463745117,False
380,TCGA-D3-A1Q5-06,Metastasis,4,TCGA-EB-A5VU-01,Primary Tumor,0.9740917086601257,False
380,TCGA-D3-A1Q5-06,Metastasis,5,TCGA-EB-A550-01,Primary Tumor,0.9693299531936646,False
380,TCGA-D3-A1Q5-06,Metastasis,6,TCGA-FW-A3I3-06,Metastasis,0.9612668752670288,True
380,TCGA-D3-A1Q5-06,Metastasis,7,TCGA-D3-A1Q6-06,Metastasis,0.9550599455833435,True
380,TCGA-D3-A1Q5-06,Metastasis,8,TCGA-BF-A3DJ-01,Primary Tumor,0.9540674090385437,False
380,TCGA-D3-A1Q5-06,Metastasis,9,TCGA-FR-A726-01,Primary Tumor,0.9535967111587524,False
381,TCGA-EE-A3JE-06,Metastasis,0,TCGA-FW-A5DX-01,Primary Tumor,0.9999399781227112,False
381,TCGA-EE-A3JE-06,Metastasis,1,TCGA-FS-A1ZK-06,Metastasis,0.9996106624603271,True
381,TCGA-EE-A3JE-06,Metastasis,2,TCGA-EB-A44O-01,Primary Tumor,0.9995427131652832,False
381,TCGA-EE-A3JE-06,Metastasis,3,TCGA-EE-A3AD-06,Metastasis,0.9991804957389832,True
381,TCGA-EE-A3JE-06,Metastasis,4,TCGA-DA-A95V-06,Metastasis,0.9985125660896301,True
381,TCGA-EE-A3JE-06,Metastasis,5,TCGA-W3-A828-06,Metastasis,0.9984090924263,True
381,TCGA-EE-A3JE-06,Metastasis,6,TCGA-ER-A42K-06,Metastasis,0.9981767535209656,True
381,TCGA-EE-A3JE-06,Metastasis,7,TCGA-FS-A1ZF-06,Metastasis,0.9980648159980774,True
381,TCGA-EE-A3JE-06,Metastasis,8,TCGA-W3-AA1O-06,Metastasis,0.9979270100593567,True
381,TCGA-EE-A3JE-06,Metastasis,9,TCGA-BF-A5EO-01,Primary Tumor,0.99754399061203,False
382,TCGA-FS-A1ZY-06,Metastasis,0,TCGA-BF-A3DL-01,Primary Tumor,0.9999840259552002,False
382,TCGA-FS-A1ZY-06,Metastasis,1,TCGA-DA-A1IA-06,Metastasis,0.9998514652252197,True
382,TCGA-FS-A1ZY-06,Metastasis,2,TCGA-FR-A3YO-06,Metastasis,0.9997934103012085,True
382,TCGA-FS-A1ZY-06,Metastasis,3,TCGA-EE-A29B-06,Metastasis,0.9995962381362915,True
382,TCGA-FS-A1ZY-06,Metastasis,4,TCGA-FS-A1ZG-06,Metastasis,0.9994953274726868,True
382,TCGA-FS-A1ZY-06,Metastasis,5,TCGA-D3-A1Q1-06,Metastasis,0.9994445443153381,True
382,TCGA-FS-A1ZY-06,Metastasis,6,TCGA-XV-AB01-06,Metastasis,0.9994240999221802,True
382,TCGA-FS-A1ZY-06,Metastasis,7,TCGA-FS-A1ZU-06,Metastasis,0.9993816018104553,True
382,TCGA-FS-A1ZY-06,Metastasis,8,TCGA-ER-A19O-06,Metastasis,0.9993698596954346,True
382,TCGA-FS-A1ZY-06,Metastasis,9,TCGA-GN-A8LK-06,Metastasis,0.9993454813957214,True
383,TCGA-EB-A4IQ-01,Primary Tumor,0,TCGA-XV-AAZW-01,Primary Tumor,0.9953802227973938,True
383,TCGA-EB-A4IQ-01,Primary Tumor,1,TCGA-EB-A3HV-01,Primary Tumor,0.9889041781425476,True
383,TCGA-EB-A4IQ-01,Primary Tumor,2,TCGA-ER-A196-01,Primary Tumor,0.9882482886314392,True
383,TCGA-EB-A4IQ-01,Primary Tumor,3,TCGA-HR-A5NC-01,Primary Tumor,0.9848136305809021,True
383,TCGA-EB-A4IQ-01,Primary Tumor,4,TCGA-D3-A51R-06,Metastasis,0.9839847087860107,False
383,TCGA-EB-A4IQ-01,Primary Tumor,5,TCGA-XV-A9VZ-01,Primary Tumor,0.9836540818214417,True
383,TCGA-EB-A4IQ-01,Primary Tumor,6,TCGA-EB-A3XE-01,Primary Tumor,0.9826697707176208,True
383,TCGA-EB-A4IQ-01,Primary Tumor,7,TCGA-XV-AAZV-01,Primary Tumor,0.9826687574386597,True
383,TCGA-EB-A4IQ-01,Primary Tumor,8,TCGA-EB-A4OZ-01,Primary Tumor,0.9812371730804443,True
383,TCGA-EB-A4IQ-01,Primary Tumor,9,TCGA-XV-A9W2-01,Primary Tumor,0.9808409214019775,True
384,TCGA-QB-A6FS-06,Metastasis,0,TCGA-D3-A8GP-06,Metastasis,0.9999692440032959,True
384,TCGA-QB-A6FS-06,Metastasis,1,TCGA-BF-A5EP-01,Primary Tumor,0.9999626874923706,False
384,TCGA-QB-A6FS-06,Metastasis,2,TCGA-GN-A268-06,Metastasis,0.999956488609314,True
384,TCGA-QB-A6FS-06,Metastasis,3,TCGA-EE-A29L-06,Metastasis,0.9999197721481323,True
384,TCGA-QB-A6FS-06,Metastasis,4,TCGA-EE-A180-06,Metastasis,0.9999047517776489,True
384,TCGA-QB-A6FS-06,Metastasis,5,TCGA-D3-A5GO-06,Metastasis,0.9998812675476074,True
384,TCGA-QB-A6FS-06,Metastasis,6,TCGA-FS-A4F9-06,Metastasis,0.9998451471328735,True
384,TCGA-QB-A6FS-06,Metastasis,7,TCGA-Z2-AA3V-06,Metastasis,0.9997801184654236,True
384,TCGA-QB-A6FS-06,Metastasis,8,TCGA-3N-A9WB-06,Metastasis,0.9996765851974487,True
384,TCGA-QB-A6FS-06,Metastasis,9,TCGA-D3-A2JE-06,Metastasis,0.9996685981750488,True
385,TCGA-FR-A729-06,Metastasis,0,TCGA-D3-A5GR-06,Metastasis,0.999379575252533,True
385,TCGA-FR-A729-06,Metastasis,1,TCGA-D3-A8GD-06,Metastasis,0.9984455704689026,True
385,TCGA-FR-A729-06,Metastasis,2,TCGA-ER-A19P-06,Metastasis,0.9959776997566223,True
385,TCGA-FR-A729-06,Metastasis,3,TCGA-FS-A1ZH-06,Metastasis,0.9958203434944153,True
385,TCGA-FR-A729-06,Metastasis,4,TCGA-Z2-A8RT-06,Metastasis,0.9941615462303162,True
385,TCGA-FR-A729-06,Metastasis,5,TCGA-EE-A29N-06,Metastasis,0.9930161237716675,True
385,TCGA-FR-A729-06,Metastasis,6,TCGA-W3-A825-06,Metastasis,0.9928604960441589,True
385,TCGA-FR-A729-06,Metastasis,7,TCGA-D3-A2JB-06,Metastasis,0.9911854863166809,True
385,TCGA-FR-A729-06,Metastasis,8,TCGA-EB-A4IS-01,Primary Tumor,0.987391471862793,False
385,TCGA-FR-A729-06,Metastasis,9,TCGA-WE-A8ZR-06,Metastasis,0.9846647381782532,True
386,TCGA-ER-A19J-06,Metastasis,0,TCGA-EB-A3XB-01,Primary Tumor,0.9998947978019714,False
386,TCGA-ER-A19J-06,Metastasis,1,TCGA-ER-A19N-06,Metastasis,0.9995600581169128,True
386,TCGA-ER-A19J-06,Metastasis,2,TCGA-EB-A82B-01,Primary Tumor,0.999554455280304,False
386,TCGA-ER-A19J-06,Metastasis,3,TCGA-EE-A3AA-06,Metastasis,0.9995510578155518,True
386,TCGA-ER-A19J-06,Metastasis,4,TCGA-FR-A8YC-06,Metastasis,0.9995399117469788,True
386,TCGA-ER-A19J-06,Metastasis,5,TCGA-EE-A2GD-06,Metastasis,0.9994401335716248,True
386,TCGA-ER-A19J-06,Metastasis,6,TCGA-EB-A6L9-06,Metastasis,0.999348521232605,True
386,TCGA-ER-A19J-06,Metastasis,7,TCGA-D3-A51E-06,Metastasis,0.9993025660514832,True
386,TCGA-ER-A19J-06,Metastasis,8,TCGA-EB-A85J-01,Primary Tumor,0.9991861581802368,False
386,TCGA-ER-A19J-06,Metastasis,9,TCGA-EB-A44P-01,Primary Tumor,0.999043881893158,False
387,TCGA-FS-A1Z7-06,Metastasis,0,TCGA-BF-AAP4-01,Primary Tumor,0.9999579191207886,False
387,TCGA-FS-A1Z7-06,Metastasis,1,TCGA-Z2-AA3S-06,Metastasis,0.9996961355209351,True
387,TCGA-FS-A1Z7-06,Metastasis,2,TCGA-D3-A1QA-07,Metastasis,0.9996531009674072,True
387,TCGA-FS-A1Z7-06,Metastasis,3,TCGA-D3-A2JP-06,Metastasis,0.9994359612464905,True
387,TCGA-FS-A1Z7-06,Metastasis,4,TCGA-D3-A2J8-06,Metastasis,0.999038815498352,True
387,TCGA-FS-A1Z7-06,Metastasis,5,TCGA-EE-A2GH-06,Metastasis,0.9989163875579834,True
387,TCGA-FS-A1Z7-06,Metastasis,6,TCGA-D9-A148-06,Metastasis,0.9988726377487183,True
387,TCGA-FS-A1Z7-06,Metastasis,7,TCGA-FR-A3YN-06,Metastasis,0.998820424079895,True
387,TCGA-FS-A1Z7-06,Metastasis,8,TCGA-FS-A1YW-06,Metastasis,0.9988062381744385,True
387,TCGA-FS-A1Z7-06,Metastasis,9,TCGA-ER-A19G-06,Metastasis,0.9987925291061401,True
388,TCGA-GN-A266-06,Metastasis,0,TCGA-EE-A2MS-06,Metastasis,0.9998160004615784,True
388,TCGA-GN-A266-06,Metastasis,1,TCGA-EE-A2MR-06,Metastasis,0.9997444152832031,True
388,TCGA-GN-A266-06,Metastasis,2,TCGA-EE-A2GP-06,Metastasis,0.9995137453079224,True
388,TCGA-GN-A266-06,Metastasis,3,TCGA-EE-A2GS-06,Metastasis,0.9994243383407593,True
388,TCGA-GN-A266-06,Metastasis,4,TCGA-D3-A2JH-06,Metastasis,0.9989587664604187,True
388,TCGA-GN-A266-06,Metastasis,5,TCGA-FS-A1ZT-06,Metastasis,0.9989577531814575,True
388,TCGA-GN-A266-06,Metastasis,6,TCGA-FW-A5DY-06,Metastasis,0.9988083243370056,True
388,TCGA-GN-A266-06,Metastasis,7,TCGA-D3-A3MR-06,Metastasis,0.9987187385559082,True
388,TCGA-GN-A266-06,Metastasis,8,TCGA-HR-A2OG-06,Metastasis,0.9983810186386108,True
388,TCGA-GN-A266-06,Metastasis,9,TCGA-ER-A195-06,Metastasis,0.9983266592025757,True
389,TCGA-RP-A693-06,Metastasis,0,TCGA-EE-A2MK-06,Metastasis,0.9999228715896606,True
389,TCGA-RP-A693-06,Metastasis,1,TCGA-FR-A3R1-01,Primary Tumor,0.9999173879623413,False
389,TCGA-RP-A693-06,Metastasis,2,TCGA-EE-A2MT-06,Metastasis,0.9997970461845398,True
389,TCGA-RP-A693-06,Metastasis,3,TCGA-EE-A29D-06,Metastasis,0.9997599720954895,True
389,TCGA-RP-A693-06,Metastasis,4,TCGA-EE-A20I-06,Metastasis,0.9996916651725769,True
389,TCGA-RP-A693-06,Metastasis,5,TCGA-EE-A2M6-06,Metastasis,0.9996523857116699,True
389,TCGA-RP-A693-06,Metastasis,6,TCGA-EE-A29S-06,Metastasis,0.9996153116226196,True
389,TCGA-RP-A693-06,Metastasis,7,TCGA-RP-A694-06,Metastasis,0.9996143579483032,True
389,TCGA-RP-A693-06,Metastasis,8,TCGA-EE-A3JI-06,Metastasis,0.9996002316474915,True
389,TCGA-RP-A693-06,Metastasis,9,TCGA-BF-A3DN-01,Primary Tumor,0.9995560050010681,False
390,TCGA-EE-A3JH-06,Metastasis,0,TCGA-EB-A431-01,Primary Tumor,0.9999865889549255,False
390,TCGA-EE-A3JH-06,Metastasis,1,TCGA-D3-A3CC-06,Metastasis,0.999873697757721,True
390,TCGA-EE-A3JH-06,Metastasis,2,TCGA-BF-AAOU-01,Primary Tumor,0.9997655153274536,False
390,TCGA-EE-A3JH-06,Metastasis,3,TCGA-D3-A51N-06,Metastasis,0.999615490436554,True
390,TCGA-EE-A3JH-06,Metastasis,4,TCGA-EB-A44P-01,Primary Tumor,0.9994206428527832,False
390,TCGA-EE-A3JH-06,Metastasis,5,TCGA-EB-A85J-01,Primary Tumor,0.9992935061454773,False
390,TCGA-EE-A3JH-06,Metastasis,6,TCGA-EB-A82B-01,Primary Tumor,0.9991905689239502,False
390,TCGA-EE-A3JH-06,Metastasis,7,TCGA-FS-A1ZW-06,Metastasis,0.9989117383956909,True
390,TCGA-EE-A3JH-06,Metastasis,8,TCGA-D3-A2JO-06,Metastasis,0.9987204074859619,True
390,TCGA-EE-A3JH-06,Metastasis,9,TCGA-EB-A44Q-06,Metastasis,0.9987190961837769,True
391,TCGA-D3-A1QA-06,Metastasis,0,TCGA-EB-A41B-01,Primary Tumor,0.9999837875366211,False
391,TCGA-D3-A1QA-06,Metastasis,1,TCGA-FS-A4FD-06,Metastasis,0.9999167919158936,True
391,TCGA-D3-A1QA-06,Metastasis,2,TCGA-BF-A1PV-01,Primary Tumor,0.9999039173126221,False
391,TCGA-D3-A1QA-06,Metastasis,3,TCGA-EE-A2A5-06,Metastasis,0.9998636245727539,True
391,TCGA-D3-A1QA-06,Metastasis,4,TCGA-D3-A5GS-06,Metastasis,0.9998093247413635,True
391,TCGA-D3-A1QA-06,Metastasis,5,TCGA-ER-A198-06,Metastasis,0.9997246265411377,True
391,TCGA-D3-A1QA-06,Metastasis,6,TCGA-FR-A8YD-06,Metastasis,0.9997089505195618,True
391,TCGA-D3-A1QA-06,Metastasis,7,TCGA-EE-A2MN-06,Metastasis,0.9997035264968872,True
391,TCGA-D3-A1QA-06,Metastasis,8,TCGA-EE-A3JI-06,Metastasis,0.9996744394302368,True
391,TCGA-D3-A1QA-06,Metastasis,9,TCGA-FW-A3R5-06,Metastasis,0.9996277093887329,True
392,TCGA-D3-A1QA-07,Metastasis,0,TCGA-BF-AAP4-01,Primary Tumor,0.9998292326927185,False
392,TCGA-D3-A1QA-07,Metastasis,1,TCGA-D3-A2J8-06,Metastasis,0.9998059868812561,True
392,TCGA-D3-A1QA-07,Metastasis,2,TCGA-EE-A2GH-06,Metastasis,0.9997208118438721,True
392,TCGA-D3-A1QA-07,Metastasis,3,TCGA-ER-A19G-06,Metastasis,0.9996886849403381,True
392,TCGA-D3-A1QA-07,Metastasis,4,TCGA-FS-A1Z7-06,Metastasis,0.9996531009674072,True
392,TCGA-D3-A1QA-07,Metastasis,5,TCGA-EE-A3AA-06,Metastasis,0.9994779229164124,True
392,TCGA-D3-A1QA-07,Metastasis,6,TCGA-ER-A19N-06,Metastasis,0.9994065165519714,True
392,TCGA-D3-A1QA-07,Metastasis,7,TCGA-FR-A8YC-06,Metastasis,0.9993477463722229,True
392,TCGA-D3-A1QA-07,Metastasis,8,TCGA-Z2-AA3S-06,Metastasis,0.9991254806518555,True
392,TCGA-D3-A1QA-07,Metastasis,9,TCGA-WE-AA9Y-06,Metastasis,0.9987605214118958,True
393,TCGA-DA-A95Y-06,Metastasis,0,TCGA-W3-AA21-06,Metastasis,0.9999568462371826,True
393,TCGA-DA-A95Y-06,Metastasis,1,TCGA-XV-AAZY-01,Primary Tumor,0.9998771548271179,False
393,TCGA-DA-A95Y-06,Metastasis,2,TCGA-D3-A2JE-06,Metastasis,0.9998376965522766,True
393,TCGA-DA-A95Y-06,Metastasis,3,TCGA-EE-A3J4-06,Metastasis,0.9998154640197754,True
393,TCGA-DA-A95Y-06,Metastasis,4,TCGA-EB-A97M-01,Primary Tumor,0.9995732307434082,False
393,TCGA-DA-A95Y-06,Metastasis,5,TCGA-D3-A8GP-06,Metastasis,0.9995574951171875,True
393,TCGA-DA-A95Y-06,Metastasis,6,TCGA-EE-A180-06,Metastasis,0.9993849396705627,True
393,TCGA-DA-A95Y-06,Metastasis,7,TCGA-QB-A6FS-06,Metastasis,0.9993770122528076,True
393,TCGA-DA-A95Y-06,Metastasis,8,TCGA-D3-A5GO-06,Metastasis,0.9992949962615967,True
393,TCGA-DA-A95Y-06,Metastasis,9,TCGA-EE-A29C-06,Metastasis,0.9992796182632446,True
394,TCGA-EE-A2MD-06,Metastasis,0,TCGA-D3-A1Q8-06,Metastasis,0.9999167323112488,True
394,TCGA-EE-A2MD-06,Metastasis,1,TCGA-EE-A2GU-06,Metastasis,0.999793291091919,True
394,TCGA-EE-A2MD-06,Metastasis,2,TCGA-FS-A1ZQ-06,Metastasis,0.9997564554214478,True
394,TCGA-EE-A2MD-06,Metastasis,3,TCGA-WE-A8K4-01,Primary Tumor,0.9996903538703918,False
394,TCGA-EE-A2MD-06,Metastasis,4,TCGA-D3-A8GN-06,Metastasis,0.9996237754821777,True
394,TCGA-EE-A2MD-06,Metastasis,5,TCGA-D3-A1Q9-06,Metastasis,0.999592125415802,True
394,TCGA-EE-A2MD-06,Metastasis,6,TCGA-GN-A8LN-01,Primary Tumor,0.9995665550231934,False
394,TCGA-EE-A2MD-06,Metastasis,7,TCGA-EB-A44Q-06,Metastasis,0.9994222521781921,True
394,TCGA-EE-A2MD-06,Metastasis,8,TCGA-D3-A2JO-06,Metastasis,0.9993810653686523,True
394,TCGA-EE-A2MD-06,Metastasis,9,TCGA-EE-A2GH-06,Metastasis,0.9991928339004517,True
395,TCGA-EB-A3Y7-01,Primary Tumor,0,TCGA-EE-A29E-06,Metastasis,0.9999470710754395,False
395,TCGA-EB-A3Y7-01,Primary Tumor,1,TCGA-D3-A1Q1-06,Metastasis,0.999890148639679,False
395,TCGA-EB-A3Y7-01,Primary Tumor,2,TCGA-GN-A8LK-06,Metastasis,0.9998595714569092,False
395,TCGA-EB-A3Y7-01,Primary Tumor,3,TCGA-RP-A690-06,Metastasis,0.9997883439064026,False
395,TCGA-EB-A3Y7-01,Primary Tumor,4,TCGA-D9-A4Z5-01,Primary Tumor,0.9997615218162537,True
395,TCGA-EB-A3Y7-01,Primary Tumor,5,TCGA-D9-A6EG-06,Metastasis,0.9997569918632507,False
395,TCGA-EB-A3Y7-01,Primary Tumor,6,TCGA-FS-A1ZU-06,Metastasis,0.9997427463531494,False
395,TCGA-EB-A3Y7-01,Primary Tumor,7,TCGA-D3-A5GL-06,Metastasis,0.9997400641441345,False
395,TCGA-EB-A3Y7-01,Primary Tumor,8,TCGA-EE-A20C-06,Metastasis,0.999732494354248,False
395,TCGA-EB-A3Y7-01,Primary Tumor,9,TCGA-GN-A8LL-06,Metastasis,0.9997217655181885,False
396,TCGA-FR-A726-01,Primary Tumor,0,LE-117-RB-118_N,Benign Nevus,0.9949616193771362,False
396,TCGA-FR-A726-01,Primary Tumor,1,018_N,Benign Nevus,0.9949020147323608,False
396,TCGA-FR-A726-01,Primary Tumor,2,TCGA-GN-A4U5-01,Primary Tumor,0.989827573299408,True
396,TCGA-FR-A726-01,Primary Tumor,3,TCGA-FS-A1ZN-01,Primary Tumor,0.9802929162979126,True
396,TCGA-FR-A726-01,Primary Tumor,4,TCGA-EB-A4XL-01,Primary Tumor,0.9774320721626282,True
396,TCGA-FR-A726-01,Primary Tumor,5,TCGA-EB-A6QY-01,Primary Tumor,0.9737342000007629,True
396,TCGA-FR-A726-01,Primary Tumor,6,TCGA-EE-A29G-06,Metastasis,0.9674047827720642,False
396,TCGA-FR-A726-01,Primary Tumor,7,LE-037-RG-038_N,Benign Nevus,0.9649572372436523,False
396,TCGA-FR-A726-01,Primary Tumor,8,LE-029-SE-030_N,Benign Nevus,0.9630829095840454,False
396,TCGA-FR-A726-01,Primary Tumor,9,TCGA-D3-A1Q5-06,Metastasis,0.9535967111587524,False
397,TCGA-EE-A2MQ-06,Metastasis,0,TCGA-ER-A199-06,Metastasis,0.9998357892036438,True
397,TCGA-EE-A2MQ-06,Metastasis,1,TCGA-EB-A5UM-01,Primary Tumor,0.9997390508651733,False
397,TCGA-EE-A2MQ-06,Metastasis,2,TCGA-EE-A2ML-06,Metastasis,0.9997264742851257,True
397,TCGA-EE-A2MQ-06,Metastasis,3,TCGA-FS-A1ZJ-06,Metastasis,0.9997183084487915,True
397,TCGA-EE-A2MQ-06,Metastasis,4,TCGA-GN-A26D-06,Metastasis,0.999716579914093,True
397,TCGA-EE-A2MQ-06,Metastasis,5,TCGA-EE-A2MF-06,Metastasis,0.99953693151474,True
397,TCGA-EE-A2MQ-06,Metastasis,6,TCGA-D3-A2JF-06,Metastasis,0.9994444251060486,True
397,TCGA-EE-A2MQ-06,Metastasis,7,TCGA-EB-A41A-01,Primary Tumor,0.9994441270828247,False
397,TCGA-EE-A2MQ-06,Metastasis,8,TCGA-D3-A51E-06,Metastasis,0.9991096258163452,True
397,TCGA-EE-A2MQ-06,Metastasis,9,TCGA-EE-A2GN-06,Metastasis,0.9990687966346741,True
398,TCGA-D3-A2J8-06,Metastasis,0,TCGA-EE-A2GH-06,Metastasis,0.9999808073043823,True
398,TCGA-D3-A2J8-06,Metastasis,1,TCGA-ER-A19G-06,Metastasis,0.9999408721923828,True
398,TCGA-D3-A2J8-06,Metastasis,2,TCGA-D3-A1QA-07,Metastasis,0.9998059868812561,True
398,TCGA-D3-A2J8-06,Metastasis,3,TCGA-ER-A19N-06,Metastasis,0.9995840191841125,True
398,TCGA-D3-A2J8-06,Metastasis,4,TCGA-FR-A8YC-06,Metastasis,0.9995638132095337,True
398,TCGA-D3-A2J8-06,Metastasis,5,TCGA-EE-A3AA-06,Metastasis,0.9994767904281616,True
398,TCGA-D3-A2J8-06,Metastasis,6,TCGA-BF-AAP4-01,Primary Tumor,0.9993791580200195,False
398,TCGA-D3-A2J8-06,Metastasis,7,TCGA-EB-A44Q-06,Metastasis,0.9990947246551514,True
398,TCGA-D3-A2J8-06,Metastasis,8,TCGA-WE-A8K4-01,Primary Tumor,0.9990612864494324,False
398,TCGA-D3-A2J8-06,Metastasis,9,TCGA-FS-A1Z7-06,Metastasis,0.999038815498352,True
399,TCGA-BF-A3DJ-01,Primary Tumor,0,TCGA-BF-A1PX-01,Primary Tumor,0.9994024038314819,True
399,TCGA-BF-A3DJ-01,Primary Tumor,1,TCGA-D3-A1Q6-06,Metastasis,0.9988754391670227,False
399,TCGA-BF-A3DJ-01,Primary Tumor,2,TCGA-FS-A4FC-06,Metastasis,0.997763991355896,False
399,TCGA-BF-A3DJ-01,Primary Tumor,3,TCGA-FW-A3I3-06,Metastasis,0.9893734455108643,False
399,TCGA-BF-A3DJ-01,Primary Tumor,4,TCGA-FR-A7UA-06,Metastasis,0.9888802766799927,False
399,TCGA-BF-A3DJ-01,Primary Tumor,5,TCGA-ER-A19A-06,Metastasis,0.9881826043128967,False
399,TCGA-BF-A3DJ-01,Primary Tumor,6,TCGA-GN-A4U9-06,Metastasis,0.9872618317604065,False
399,TCGA-BF-A3DJ-01,Primary Tumor,7,TCGA-EB-A5VV-06,Metastasis,0.9832471013069153,False
399,TCGA-BF-A3DJ-01,Primary Tumor,8,TCGA-EE-A2ME-06,Metastasis,0.9819574952125549,False
399,TCGA-BF-A3DJ-01,Primary Tumor,9,TCGA-ER-A2NF-01,Primary Tumor,0.9817182421684265,True
400,TCGA-D9-A148-06,Metastasis,0,TCGA-FS-A1YW-06,Metastasis,0.9999541640281677,True
400,TCGA-D9-A148-06,Metastasis,1,TCGA-D3-A2JP-06,Metastasis,0.9998399615287781,True
400,TCGA-D9-A148-06,Metastasis,2,TCGA-FR-A3YN-06,Metastasis,0.9997584819793701,True
400,TCGA-D9-A148-06,Metastasis,3,TCGA-FR-A728-01,Primary Tumor,0.999695360660553,False
400,TCGA-D9-A148-06,Metastasis,4,TCGA-EE-A3J5-06,Metastasis,0.9996764063835144,True
400,TCGA-D9-A148-06,Metastasis,5,TCGA-Z2-AA3S-06,Metastasis,0.9996665120124817,True
400,TCGA-D9-A148-06,Metastasis,6,TCGA-D9-A149-06,Metastasis,0.9994034171104431,True
400,TCGA-D9-A148-06,Metastasis,7,TCGA-ER-A193-06,Metastasis,0.9991956949234009,True
400,TCGA-D9-A148-06,Metastasis,8,TCGA-FS-A1Z7-06,Metastasis,0.9988726377487183,True
400,TCGA-D9-A148-06,Metastasis,9,TCGA-EB-A41A-01,Primary Tumor,0.9988643527030945,False
401,TCGA-EB-A6R0-01,Primary Tumor,0,TCGA-W3-A825-06,Metastasis,0.992328941822052,False
401,TCGA-EB-A6R0-01,Primary Tumor,1,TCGA-DA-A1IB-06,Metastasis,0.9884588718414307,False
401,TCGA-EB-A6R0-01,Primary Tumor,2,TCGA-FS-A1ZH-06,Metastasis,0.9873103499412537,False
401,TCGA-EB-A6R0-01,Primary Tumor,3,TCGA-BF-AAP2-01,Primary Tumor,0.9860696792602539,True
401,TCGA-EB-A6R0-01,Primary Tumor,4,TCGA-EE-A2MC-06,Metastasis,0.982277512550354,False
401,TCGA-EB-A6R0-01,Primary Tumor,5,TCGA-YD-A9TA-06,Metastasis,0.9804307222366333,False
401,TCGA-EB-A6R0-01,Primary Tumor,6,TCGA-D3-A5GR-06,Metastasis,0.9767409563064575,False
401,TCGA-EB-A6R0-01,Primary Tumor,7,TCGA-ER-A19P-06,Metastasis,0.9760464429855347,False
401,TCGA-EB-A6R0-01,Primary Tumor,8,TCGA-D3-A2JB-06,Metastasis,0.9755643010139465,False
401,TCGA-EB-A6R0-01,Primary Tumor,9,TCGA-EB-A4IS-01,Primary Tumor,0.9755333065986633,True
402,TCGA-D3-A51K-06,Metastasis,0,TCGA-LH-A9QB-06,Metastasis,0.9999753832817078,True
402,TCGA-D3-A51K-06,Metastasis,1,TCGA-EE-A29A-06,Metastasis,0.9999101758003235,True
402,TCGA-D3-A51K-06,Metastasis,2,TCGA-BF-AAP8-01,Primary Tumor,0.9999030232429504,False
402,TCGA-D3-A51K-06,Metastasis,3,TCGA-EE-A2GC-06,Metastasis,0.9998905062675476,True
402,TCGA-D3-A51K-06,Metastasis,4,TCGA-D9-A6EC-06,Metastasis,0.9998316168785095,True
402,TCGA-D3-A51K-06,Metastasis,5,TCGA-EE-A2GR-06,Metastasis,0.9996788501739502,True
402,TCGA-D3-A51K-06,Metastasis,6,TCGA-GN-A262-06,Metastasis,0.9996001720428467,True
402,TCGA-D3-A51K-06,Metastasis,7,TCGA-D3-A3C1-06,Metastasis,0.9995033144950867,True
402,TCGA-D3-A51K-06,Metastasis,8,TCGA-FS-A4FB-06,Metastasis,0.9994935989379883,True
402,TCGA-D3-A51K-06,Metastasis,9,TCGA-EE-A2GO-06,Metastasis,0.9993873834609985,True
403,TCGA-FR-A7U8-06,Metastasis,0,TCGA-EB-A4OY-01,Primary Tumor,0.9999560713768005,False
403,TCGA-FR-A7U8-06,Metastasis,1,TCGA-D3-A3ML-06,Metastasis,0.9998188018798828,True
403,TCGA-FR-A7U8-06,Metastasis,2,TCGA-D3-A3C1-06,Metastasis,0.999813437461853,True
403,TCGA-FR-A7U8-06,Metastasis,3,TCGA-GN-A263-01,Primary Tumor,0.9998123645782471,False
403,TCGA-FR-A7U8-06,Metastasis,4,TCGA-EE-A2GR-06,Metastasis,0.9997110366821289,True
403,TCGA-FR-A7U8-06,Metastasis,5,TCGA-EB-A5SH-06,Metastasis,0.9995982646942139,True
403,TCGA-FR-A7U8-06,Metastasis,6,TCGA-YG-AA3P-06,Metastasis,0.9995570182800293,True
403,TCGA-FR-A7U8-06,Metastasis,7,TCGA-FS-A1YY-06,Metastasis,0.9995005130767822,True
403,TCGA-FR-A7U8-06,Metastasis,8,TCGA-D3-A2J6-06,Metastasis,0.9994419813156128,True
403,TCGA-FR-A7U8-06,Metastasis,9,TCGA-BF-A1PU-01,Primary Tumor,0.9994240999221802,False
404,TCGA-Z2-A8RT-06,Metastasis,0,TCGA-EE-A29N-06,Metastasis,0.9998869895935059,True
404,TCGA-Z2-A8RT-06,Metastasis,1,TCGA-D3-A8GD-06,Metastasis,0.9977427124977112,True
404,TCGA-Z2-A8RT-06,Metastasis,2,TCGA-D3-A5GR-06,Metastasis,0.9955671429634094,True
404,TCGA-Z2-A8RT-06,Metastasis,3,TCGA-FR-A729-06,Metastasis,0.9941615462303162,True
404,TCGA-Z2-A8RT-06,Metastasis,4,TCGA-D3-A2JB-06,Metastasis,0.9938738346099854,True
404,TCGA-Z2-A8RT-06,Metastasis,5,TCGA-WE-A8ZR-06,Metastasis,0.9935930967330933,True
404,TCGA-Z2-A8RT-06,Metastasis,6,TCGA-EE-A2MH-06,Metastasis,0.9911991357803345,True
404,TCGA-Z2-A8RT-06,Metastasis,7,TCGA-EB-A4IS-01,Primary Tumor,0.9903052449226379,False
404,TCGA-Z2-A8RT-06,Metastasis,8,TCGA-FS-A1ZH-06,Metastasis,0.9899018406867981,True
404,TCGA-Z2-A8RT-06,Metastasis,9,TCGA-W3-A825-06,Metastasis,0.9843887686729431,True
405,TCGA-EB-A44R-06,Metastasis,0,TCGA-BF-AAP1-01,Primary Tumor,0.9995672106742859,False
405,TCGA-EB-A44R-06,Metastasis,1,TCGA-EE-A2GK-06,Metastasis,0.9981886148452759,True
405,TCGA-EB-A44R-06,Metastasis,2,TCGA-EE-A2GB-06,Metastasis,0.9960765838623047,True
405,TCGA-EB-A44R-06,Metastasis,3,TCGA-FR-A7UA-06,Metastasis,0.9948462247848511,True
405,TCGA-EB-A44R-06,Metastasis,4,TCGA-EB-A551-01,Primary Tumor,0.9932760000228882,False
405,TCGA-EB-A44R-06,Metastasis,5,TCGA-FS-A1ZM-06,Metastasis,0.9928209185600281,True
405,TCGA-EB-A44R-06,Metastasis,6,TCGA-FS-A1ZA-06,Metastasis,0.9915197491645813,True
405,TCGA-EB-A44R-06,Metastasis,7,TCGA-EE-A2MR-06,Metastasis,0.9911267161369324,True
405,TCGA-EB-A44R-06,Metastasis,8,TCGA-FS-A4FC-06,Metastasis,0.9899114966392517,True
405,TCGA-EB-A44R-06,Metastasis,9,TCGA-ER-A1A1-06,Metastasis,0.9898542761802673,True
406,TCGA-FS-A1ZG-06,Metastasis,0,TCGA-D9-A4Z3-01,Primary Tumor,0.9999274611473083,False
406,TCGA-FS-A1ZG-06,Metastasis,1,TCGA-BF-A5ES-01,Primary Tumor,0.999873161315918,False
406,TCGA-FS-A1ZG-06,Metastasis,2,TCGA-EB-A5KH-06,Metastasis,0.9998664259910583,True
406,TCGA-FS-A1ZG-06,Metastasis,3,TCGA-FS-A4F4-06,Metastasis,0.9996455907821655,True
406,TCGA-FS-A1ZG-06,Metastasis,4,TCGA-FR-A3YO-06,Metastasis,0.9996182918548584,True
406,TCGA-FS-A1ZG-06,Metastasis,5,TCGA-DA-A1IA-06,Metastasis,0.999609649181366,True
406,TCGA-FS-A1ZG-06,Metastasis,6,TCGA-ER-A19O-06,Metastasis,0.9995937943458557,True
406,TCGA-FS-A1ZG-06,Metastasis,7,TCGA-FS-A1ZY-06,Metastasis,0.9994953274726868,True
406,TCGA-FS-A1ZG-06,Metastasis,8,TCGA-ER-A19T-06,Metastasis,0.9994463324546814,True
406,TCGA-FS-A1ZG-06,Metastasis,9,TCGA-EB-A5SH-06,Metastasis,0.9994412064552307,True
407,TCGA-YG-AA3P-06,Metastasis,0,TCGA-D3-A8GK-06,Metastasis,0.9999014139175415,True
407,TCGA-YG-AA3P-06,Metastasis,1,TCGA-GN-A263-01,Primary Tumor,0.9998480677604675,False
407,TCGA-YG-AA3P-06,Metastasis,2,TCGA-BF-A1PU-01,Primary Tumor,0.9998342990875244,False
407,TCGA-YG-AA3P-06,Metastasis,3,TCGA-ER-A19O-06,Metastasis,0.9997674822807312,True
407,TCGA-YG-AA3P-06,Metastasis,4,TCGA-D9-A4Z3-01,Primary Tumor,0.9997012615203857,False
407,TCGA-YG-AA3P-06,Metastasis,5,TCGA-D3-A3C1-06,Metastasis,0.9996055364608765,True
407,TCGA-YG-AA3P-06,Metastasis,6,TCGA-FR-A7U8-06,Metastasis,0.9995570182800293,True
407,TCGA-YG-AA3P-06,Metastasis,7,TCGA-EB-A4OY-01,Primary Tumor,0.9995293021202087,False
407,TCGA-YG-AA3P-06,Metastasis,8,TCGA-RP-A690-06,Metastasis,0.9995238780975342,True
407,TCGA-YG-AA3P-06,Metastasis,9,TCGA-EE-A2GR-06,Metastasis,0.9994938373565674,True
408,TCGA-FS-A1ZS-06,Metastasis,0,TCGA-EB-A3XF-01,Primary Tumor,0.9993353486061096,False
408,TCGA-FS-A1ZS-06,Metastasis,1,TCGA-EE-A29A-06,Metastasis,0.999049723148346,True
408,TCGA-FS-A1ZS-06,Metastasis,2,TCGA-BF-AAOX-01,Primary Tumor,0.9989600777626038,False
408,TCGA-FS-A1ZS-06,Metastasis,3,TCGA-D3-A51K-06,Metastasis,0.9988650679588318,True
408,TCGA-FS-A1ZS-06,Metastasis,4,TCGA-D3-A8GL-06,Metastasis,0.9987495541572571,True
408,TCGA-FS-A1ZS-06,Metastasis,5,TCGA-EE-A2GC-06,Metastasis,0.9986788630485535,True
408,TCGA-FS-A1ZS-06,Metastasis,6,TCGA-LH-A9QB-06,Metastasis,0.9986218214035034,True
408,TCGA-FS-A1ZS-06,Metastasis,7,TCGA-GN-A262-06,Metastasis,0.9984577894210815,True
408,TCGA-FS-A1ZS-06,Metastasis,8,TCGA-BF-AAP8-01,Primary Tumor,0.9984148740768433,False
408,TCGA-FS-A1ZS-06,Metastasis,9,TCGA-D9-A6EC-06,Metastasis,0.9983541369438171,True
409,TCGA-EB-A4P0-01,Primary Tumor,0,TCGA-ER-A42H-01,Primary Tumor,0.9999840259552002,True
409,TCGA-EB-A4P0-01,Primary Tumor,1,TCGA-D3-A3C6-06,Metastasis,0.9998983144760132,False
409,TCGA-EB-A4P0-01,Primary Tumor,2,TCGA-GN-A4U7-06,Metastasis,0.9998771548271179,False
409,TCGA-EB-A4P0-01,Primary Tumor,3,TCGA-EE-A2GT-06,Metastasis,0.9998519420623779,False
409,TCGA-EB-A4P0-01,Primary Tumor,4,TCGA-EE-A29C-06,Metastasis,0.9998250603675842,False
409,TCGA-EB-A4P0-01,Primary Tumor,5,TCGA-FR-A69P-06,Metastasis,0.9997915625572205,False
409,TCGA-EB-A4P0-01,Primary Tumor,6,TCGA-EE-A29L-06,Metastasis,0.999782383441925,False
409,TCGA-EB-A4P0-01,Primary Tumor,7,TCGA-BF-A5EP-01,Primary Tumor,0.9997031688690186,True
409,TCGA-EB-A4P0-01,Primary Tumor,8,TCGA-Z2-AA3V-06,Metastasis,0.9996485114097595,False
409,TCGA-EB-A4P0-01,Primary Tumor,9,TCGA-3N-A9WB-06,Metastasis,0.9996429085731506,False
410,TCGA-EE-A2GB-06,Metastasis,0,TCGA-EE-A2GK-06,Metastasis,0.9989328384399414,True
410,TCGA-EE-A2GB-06,Metastasis,1,TCGA-FS-A1ZA-06,Metastasis,0.9984967708587646,True
410,TCGA-EE-A2GB-06,Metastasis,2,TCGA-FS-A1ZM-06,Metastasis,0.998185396194458,True
410,TCGA-EE-A2GB-06,Metastasis,3,TCGA-BF-AAP1-01,Primary Tumor,0.997340738773346,False
410,TCGA-EE-A2GB-06,Metastasis,4,TCGA-EB-A44R-06,Metastasis,0.9960765838623047,True
410,TCGA-EE-A2GB-06,Metastasis,5,TCGA-FS-A1Z4-06,Metastasis,0.9960412383079529,True
410,TCGA-EE-A2GB-06,Metastasis,6,TCGA-FS-A1ZR-06,Metastasis,0.9958024621009827,True
410,TCGA-EE-A2GB-06,Metastasis,7,TCGA-EB-A551-01,Primary Tumor,0.9945616722106934,False
410,TCGA-EE-A2GB-06,Metastasis,8,TCGA-D3-A2J9-06,Metastasis,0.9932820200920105,True
410,TCGA-EE-A2GB-06,Metastasis,9,TCGA-D3-A3CE-06,Metastasis,0.9930420517921448,True
411,TCGA-D3-A3CC-06,Metastasis,0,TCGA-EB-A431-01,Primary Tumor,0.9999047517776489,False
411,TCGA-D3-A3CC-06,Metastasis,1,TCGA-EE-A3JH-06,Metastasis,0.999873697757721,True
411,TCGA-D3-A3CC-06,Metastasis,2,TCGA-BF-AAOU-01,Primary Tumor,0.9996330738067627,False
411,TCGA-D3-A3CC-06,Metastasis,3,TCGA-D3-A51N-06,Metastasis,0.9993165135383606,True
411,TCGA-D3-A3CC-06,Metastasis,4,TCGA-FS-A1ZW-06,Metastasis,0.9991462230682373,True
411,TCGA-D3-A3CC-06,Metastasis,5,TCGA-EB-A85J-01,Primary Tumor,0.9990294575691223,False
411,TCGA-D3-A3CC-06,Metastasis,6,TCGA-EB-A82B-01,Primary Tumor,0.9989680647850037,False
411,TCGA-D3-A3CC-06,Metastasis,7,TCGA-EB-A44P-01,Primary Tumor,0.9989495873451233,False
411,TCGA-D3-A3CC-06,Metastasis,8,TCGA-ER-A19E-06,Metastasis,0.9987452626228333,True
411,TCGA-D3-A3CC-06,Metastasis,9,TCGA-D3-A8GE-06,Metastasis,0.9983119368553162,True
412,TCGA-BF-A3DL-01,Primary Tumor,0,TCGA-FS-A1ZY-06,Metastasis,0.9999840259552002,False
412,TCGA-BF-A3DL-01,Primary Tumor,1,TCGA-DA-A1IA-06,Metastasis,0.9998018741607666,False
412,TCGA-BF-A3DL-01,Primary Tumor,2,TCGA-FR-A3YO-06,Metastasis,0.9997658729553223,False
412,TCGA-BF-A3DL-01,Primary Tumor,3,TCGA-EE-A29B-06,Metastasis,0.9996485710144043,False
412,TCGA-BF-A3DL-01,Primary Tumor,4,TCGA-XV-AB01-06,Metastasis,0.9994804263114929,False
412,TCGA-BF-A3DL-01,Primary Tumor,5,TCGA-FS-A1ZG-06,Metastasis,0.9994271993637085,False
412,TCGA-BF-A3DL-01,Primary Tumor,6,TCGA-FS-A1ZU-06,Metastasis,0.9993950724601746,False
412,TCGA-BF-A3DL-01,Primary Tumor,7,TCGA-D3-A1Q1-06,Metastasis,0.9993941187858582,False
412,TCGA-BF-A3DL-01,Primary Tumor,8,TCGA-GN-A8LK-06,Metastasis,0.9993143081665039,False
412,TCGA-BF-A3DL-01,Primary Tumor,9,TCGA-EB-A553-01,Primary Tumor,0.9992988109588623,True
413,TCGA-FS-A1Z3-06,Metastasis,0,TCGA-BF-AAP6-01,Primary Tumor,0.9996665716171265,False
413,TCGA-FS-A1Z3-06,Metastasis,1,TCGA-FS-A4F5-06,Metastasis,0.9996470212936401,True
413,TCGA-FS-A1Z3-06,Metastasis,2,TCGA-D3-A3MV-06,Metastasis,0.9996176362037659,True
413,TCGA-FS-A1Z3-06,Metastasis,3,TCGA-D3-A2JN-06,Metastasis,0.9992243051528931,True
413,TCGA-FS-A1Z3-06,Metastasis,4,TCGA-D3-A3CB-06,Metastasis,0.9992226362228394,True
413,TCGA-FS-A1Z3-06,Metastasis,5,TCGA-EE-A3AH-06,Metastasis,0.9991679787635803,True
413,TCGA-FS-A1Z3-06,Metastasis,6,TCGA-EE-A3AG-06,Metastasis,0.9989356994628906,True
413,TCGA-FS-A1Z3-06,Metastasis,7,TCGA-D3-A8GE-06,Metastasis,0.9988165497779846,True
413,TCGA-FS-A1Z3-06,Metastasis,8,TCGA-FS-A1ZZ-06,Metastasis,0.9985655546188354,True
413,TCGA-FS-A1Z3-06,Metastasis,9,TCGA-GF-A6C9-06,Metastasis,0.9985553622245789,True
414,TCGA-D9-A1JX-06,Metastasis,0,TCGA-D3-A3CF-06,Metastasis,0.9999027252197266,True
414,TCGA-D9-A1JX-06,Metastasis,1,TCGA-GN-A9SD-06,Metastasis,0.9994722604751587,True
414,TCGA-D9-A1JX-06,Metastasis,2,TCGA-EE-A2GL-06,Metastasis,0.9994075298309326,True
414,TCGA-D9-A1JX-06,Metastasis,3,TCGA-EE-A2A2-06,Metastasis,0.9993943572044373,True
414,TCGA-D9-A1JX-06,Metastasis,4,TCGA-FS-A1ZT-06,Metastasis,0.9992655515670776,True
414,TCGA-D9-A1JX-06,Metastasis,5,TCGA-HR-A2OG-06,Metastasis,0.9986205101013184,True
414,TCGA-D9-A1JX-06,Metastasis,6,TCGA-EE-A2MS-06,Metastasis,0.9983199238777161,True
414,TCGA-D9-A1JX-06,Metastasis,7,TCGA-ER-A19H-06,Metastasis,0.9979411959648132,True
414,TCGA-D9-A1JX-06,Metastasis,8,TCGA-WE-A8K1-06,Metastasis,0.9979218244552612,True
414,TCGA-D9-A1JX-06,Metastasis,9,TCGA-D3-A2JH-06,Metastasis,0.9977678656578064,True
415,TCGA-ER-A195-06,Metastasis,0,TCGA-ER-A19H-06,Metastasis,0.9997784495353699,True
415,TCGA-ER-A195-06,Metastasis,1,TCGA-D3-A2JH-06,Metastasis,0.9996655583381653,True
415,TCGA-ER-A195-06,Metastasis,2,TCGA-HR-A2OG-06,Metastasis,0.9995668530464172,True
415,TCGA-ER-A195-06,Metastasis,3,TCGA-EB-A551-01,Primary Tumor,0.9994603991508484,False
415,TCGA-ER-A195-06,Metastasis,4,TCGA-D3-A2J9-06,Metastasis,0.9993914365768433,True
415,TCGA-ER-A195-06,Metastasis,5,TCGA-D3-A3CE-06,Metastasis,0.9988217353820801,True
415,TCGA-ER-A195-06,Metastasis,6,TCGA-EE-A2MS-06,Metastasis,0.9985347986221313,True
415,TCGA-ER-A195-06,Metastasis,7,TCGA-EE-A2MR-06,Metastasis,0.9984602332115173,True
415,TCGA-ER-A195-06,Metastasis,8,TCGA-GN-A266-06,Metastasis,0.9983266592025757,True
415,TCGA-ER-A195-06,Metastasis,9,TCGA-EE-A20F-06,Metastasis,0.9971715807914734,True
416,TCGA-D3-A2JL-06,Metastasis,0,TCGA-EB-A42Y-01,Primary Tumor,0.9998537302017212,False
416,TCGA-D3-A2JL-06,Metastasis,1,TCGA-ER-A3PL-06,Metastasis,0.9998044371604919,True
416,TCGA-D3-A2JL-06,Metastasis,2,TCGA-FS-A4F2-06,Metastasis,0.9997982382774353,True
416,TCGA-D3-A2JL-06,Metastasis,3,TCGA-EB-A85I-01,Primary Tumor,0.9997187852859497,False
416,TCGA-D3-A2JL-06,Metastasis,4,TCGA-QB-AA9O-06,Metastasis,0.9996483325958252,True
416,TCGA-D3-A2JL-06,Metastasis,5,TCGA-ER-A19F-06,Metastasis,0.9996448159217834,True
416,TCGA-D3-A2JL-06,Metastasis,6,TCGA-GN-A4U3-06,Metastasis,0.9996111392974854,True
416,TCGA-D3-A2JL-06,Metastasis,7,TCGA-GN-A264-06,Metastasis,0.9995874762535095,True
416,TCGA-D3-A2JL-06,Metastasis,8,TCGA-EB-A42Z-01,Primary Tumor,0.999575674533844,False
416,TCGA-D3-A2JL-06,Metastasis,9,TCGA-D9-A6E9-06,Metastasis,0.9995688199996948,True
417,TCGA-EE-A2MH-06,Metastasis,0,TCGA-WE-A8ZR-06,Metastasis,0.998998761177063,True
417,TCGA-EE-A2MH-06,Metastasis,1,TCGA-EE-A2GE-06,Metastasis,0.9978904724121094,True
417,TCGA-EE-A2MH-06,Metastasis,2,TCGA-EB-A4IS-01,Primary Tumor,0.9948123097419739,False
417,TCGA-EE-A2MH-06,Metastasis,3,TCGA-D3-A2JB-06,Metastasis,0.99448162317276,True
417,TCGA-EE-A2MH-06,Metastasis,4,TCGA-EE-A2MG-06,Metastasis,0.9939844608306885,True
417,TCGA-EE-A2MH-06,Metastasis,5,TCGA-DA-A1HV-06,Metastasis,0.9920907616615295,True
417,TCGA-EE-A2MH-06,Metastasis,6,TCGA-Z2-A8RT-06,Metastasis,0.9911991357803345,True
417,TCGA-EE-A2MH-06,Metastasis,7,TCGA-BF-AAP0-06,Metastasis,0.9906362891197205,True
417,TCGA-EE-A2MH-06,Metastasis,8,TCGA-EE-A29N-06,Metastasis,0.9905850887298584,True
417,TCGA-EE-A2MH-06,Metastasis,9,TCGA-EE-A3J3-06,Metastasis,0.9895210862159729,True
418,TCGA-D3-A8GN-06,Metastasis,0,TCGA-FS-A1ZQ-06,Metastasis,0.9999411702156067,True
418,TCGA-D3-A8GN-06,Metastasis,1,TCGA-D3-A1Q9-06,Metastasis,0.9998128414154053,True
418,TCGA-D3-A8GN-06,Metastasis,2,TCGA-ER-A2NG-06,Metastasis,0.9998064637184143,True
418,TCGA-D3-A8GN-06,Metastasis,3,TCGA-GN-A8LN-01,Primary Tumor,0.9997742176055908,False
418,TCGA-D3-A8GN-06,Metastasis,4,TCGA-ER-A19W-06,Metastasis,0.9996533989906311,True
418,TCGA-D3-A8GN-06,Metastasis,5,TCGA-D3-A1Q8-06,Metastasis,0.9996470808982849,True
418,TCGA-D3-A8GN-06,Metastasis,6,TCGA-EE-A2MD-06,Metastasis,0.9996237754821777,True
418,TCGA-D3-A8GN-06,Metastasis,7,TCGA-EE-A2GU-06,Metastasis,0.9995678067207336,True
418,TCGA-D3-A8GN-06,Metastasis,8,TCGA-D3-A8GM-06,Metastasis,0.9995291233062744,True
418,TCGA-D3-A8GN-06,Metastasis,9,TCGA-EE-A2M8-06,Metastasis,0.9994940161705017,True
419,TCGA-EE-A2M6-06,Metastasis,0,TCGA-BF-A3DN-01,Primary Tumor,0.9998424649238586,False
419,TCGA-EE-A2M6-06,Metastasis,1,TCGA-ER-A3ET-06,Metastasis,0.9998094439506531,True
419,TCGA-EE-A2M6-06,Metastasis,2,TCGA-WE-A8ZT-06,Metastasis,0.9996972680091858,True
419,TCGA-EE-A2M6-06,Metastasis,3,TCGA-FR-A3R1-01,Primary Tumor,0.9996819496154785,False
419,TCGA-EE-A2M6-06,Metastasis,4,TCGA-RP-A693-06,Metastasis,0.9996523857116699,True
419,TCGA-EE-A2M6-06,Metastasis,5,TCGA-D3-A2J7-06,Metastasis,0.9996522665023804,True
419,TCGA-EE-A2M6-06,Metastasis,6,TCGA-EE-A2MU-06,Metastasis,0.9996023774147034,True
419,TCGA-EE-A2M6-06,Metastasis,7,TCGA-EB-A3Y6-01,Primary Tumor,0.9995181560516357,False
419,TCGA-EE-A2M6-06,Metastasis,8,TCGA-ER-A2NC-06,Metastasis,0.9995112419128418,True
419,TCGA-EE-A2M6-06,Metastasis,9,TCGA-D9-A3Z1-06,Metastasis,0.9994580745697021,True
420,TCGA-D3-A8GP-06,Metastasis,0,TCGA-QB-A6FS-06,Metastasis,0.9999692440032959,True
420,TCGA-D3-A8GP-06,Metastasis,1,TCGA-BF-A5EP-01,Primary Tumor,0.9999301433563232,False
420,TCGA-D3-A8GP-06,Metastasis,2,TCGA-EE-A29L-06,Metastasis,0.9999241232872009,True
420,TCGA-D3-A8GP-06,Metastasis,3,TCGA-GN-A268-06,Metastasis,0.9999176263809204,True
420,TCGA-D3-A8GP-06,Metastasis,4,TCGA-D3-A5GO-06,Metastasis,0.9998956918716431,True
420,TCGA-D3-A8GP-06,Metastasis,5,TCGA-EE-A180-06,Metastasis,0.9998773336410522,True
420,TCGA-D3-A8GP-06,Metastasis,6,TCGA-FS-A4F9-06,Metastasis,0.9998257160186768,True
420,TCGA-D3-A8GP-06,Metastasis,7,TCGA-D3-A2JE-06,Metastasis,0.9997880458831787,True
420,TCGA-D3-A8GP-06,Metastasis,8,TCGA-W3-AA21-06,Metastasis,0.9997510313987732,True
420,TCGA-D3-A8GP-06,Metastasis,9,TCGA-EE-A29C-06,Metastasis,0.9997158050537109,True
421,TCGA-ER-A19C-06,Metastasis,0,TCGA-D3-A3C7-06,Metastasis,0.9999251365661621,True
421,TCGA-ER-A19C-06,Metastasis,1,TCGA-FS-A1YX-06,Metastasis,0.9998767375946045,True
421,TCGA-ER-A19C-06,Metastasis,2,TCGA-FR-A2OS-01,Primary Tumor,0.999826967716217,False
421,TCGA-ER-A19C-06,Metastasis,3,TCGA-EB-A5SG-06,Metastasis,0.9997495412826538,True
421,TCGA-ER-A19C-06,Metastasis,4,TCGA-EE-A2MI-06,Metastasis,0.9995946288108826,True
421,TCGA-ER-A19C-06,Metastasis,5,TCGA-D3-A2JD-06,Metastasis,0.99956214427948,True
421,TCGA-ER-A19C-06,Metastasis,6,TCGA-D9-A1JW-06,Metastasis,0.9994199275970459,True
421,TCGA-ER-A19C-06,Metastasis,7,TCGA-EE-A2GJ-06,Metastasis,0.9994045495986938,True
421,TCGA-ER-A19C-06,Metastasis,8,TCGA-D9-A1X3-06,Metastasis,0.9993593096733093,True
421,TCGA-ER-A19C-06,Metastasis,9,TCGA-W3-AA1O-06,Metastasis,0.9993428587913513,True
422,TCGA-EE-A2GS-06,Metastasis,0,TCGA-EE-A2GP-06,Metastasis,0.9994707107543945,True
422,TCGA-EE-A2GS-06,Metastasis,1,TCGA-GN-A266-06,Metastasis,0.9994243383407593,True
422,TCGA-EE-A2GS-06,Metastasis,2,TCGA-EE-A2MR-06,Metastasis,0.9993675947189331,True
422,TCGA-EE-A2GS-06,Metastasis,3,TCGA-EE-A2MS-06,Metastasis,0.9992340803146362,True
422,TCGA-EE-A2GS-06,Metastasis,4,TCGA-D3-A3MR-06,Metastasis,0.9984579682350159,True
422,TCGA-EE-A2GS-06,Metastasis,5,TCGA-ER-A19D-06,Metastasis,0.9984069466590881,True
422,TCGA-EE-A2GS-06,Metastasis,6,TCGA-FW-A5DY-06,Metastasis,0.998304009437561,True
422,TCGA-EE-A2GS-06,Metastasis,7,TCGA-D3-A2JH-06,Metastasis,0.9982208609580994,True
422,TCGA-EE-A2GS-06,Metastasis,8,TCGA-FS-A1ZT-06,Metastasis,0.9981180429458618,True
422,TCGA-EE-A2GS-06,Metastasis,9,TCGA-D3-A51T-06,Metastasis,0.9980615377426147,True
423,TCGA-WE-A8K1-06,Metastasis,0,TCGA-DA-A1HW-06,Metastasis,0.9997459650039673,True
423,TCGA-WE-A8K1-06,Metastasis,1,TCGA-FR-A44A-06,Metastasis,0.9997256398200989,True
423,TCGA-WE-A8K1-06,Metastasis,2,TCGA-EE-A2A1-06,Metastasis,0.9994379878044128,True
423,TCGA-WE-A8K1-06,Metastasis,3,TCGA-EE-A2GI-06,Metastasis,0.9994341731071472,True
423,TCGA-WE-A8K1-06,Metastasis,4,TCGA-D3-A8GB-06,Metastasis,0.9993132948875427,True
423,TCGA-WE-A8K1-06,Metastasis,5,TCGA-D3-A2JC-06,Metastasis,0.9988547563552856,True
423,TCGA-WE-A8K1-06,Metastasis,6,TCGA-D3-A8GJ-06,Metastasis,0.9988171458244324,True
423,TCGA-WE-A8K1-06,Metastasis,7,TCGA-FS-A1ZT-06,Metastasis,0.9983154535293579,True
423,TCGA-WE-A8K1-06,Metastasis,8,TCGA-D3-A3CF-06,Metastasis,0.9982938170433044,True
423,TCGA-WE-A8K1-06,Metastasis,9,TCGA-EE-A2A6-06,Metastasis,0.9982883930206299,True
424,TCGA-EE-A2GD-06,Metastasis,0,TCGA-EB-A6L9-06,Metastasis,0.9998531937599182,True
424,TCGA-EE-A2GD-06,Metastasis,1,TCGA-FS-A1ZJ-06,Metastasis,0.9997312426567078,True
424,TCGA-EE-A2GD-06,Metastasis,2,TCGA-D3-A51E-06,Metastasis,0.9995966553688049,True
424,TCGA-EE-A2GD-06,Metastasis,3,TCGA-ER-A19J-06,Metastasis,0.9994401335716248,True
424,TCGA-EE-A2GD-06,Metastasis,4,TCGA-EE-A2ML-06,Metastasis,0.9994130730628967,True
424,TCGA-EE-A2GD-06,Metastasis,5,TCGA-EB-A3XB-01,Primary Tumor,0.9990795254707336,False
424,TCGA-EE-A2GD-06,Metastasis,6,TCGA-EE-A29P-06,Metastasis,0.9990338087081909,True
424,TCGA-EE-A2GD-06,Metastasis,7,TCGA-EE-A2MQ-06,Metastasis,0.9990187287330627,True
424,TCGA-EE-A2GD-06,Metastasis,8,TCGA-EE-A3AA-06,Metastasis,0.9990136623382568,True
424,TCGA-EE-A2GD-06,Metastasis,9,TCGA-EB-A5UM-01,Primary Tumor,0.9988486170768738,False
425,TCGA-ER-A19H-06,Metastasis,0,TCGA-HR-A2OG-06,Metastasis,0.9999070167541504,True
425,TCGA-ER-A19H-06,Metastasis,1,TCGA-ER-A195-06,Metastasis,0.9997784495353699,True
425,TCGA-ER-A19H-06,Metastasis,2,TCGA-D3-A2JH-06,Metastasis,0.9997538924217224,True
425,TCGA-ER-A19H-06,Metastasis,3,TCGA-D3-A2J9-06,Metastasis,0.9991809725761414,True
425,TCGA-ER-A19H-06,Metastasis,4,TCGA-EB-A551-01,Primary Tumor,0.9987807273864746,False
425,TCGA-ER-A19H-06,Metastasis,5,TCGA-D3-A3CE-06,Metastasis,0.9987667798995972,True
425,TCGA-ER-A19H-06,Metastasis,6,TCGA-EE-A2MS-06,Metastasis,0.9986981749534607,True
425,TCGA-ER-A19H-06,Metastasis,7,TCGA-GN-A266-06,Metastasis,0.9981381297111511,True
425,TCGA-ER-A19H-06,Metastasis,8,TCGA-EE-A2MR-06,Metastasis,0.9979497194290161,True
425,TCGA-ER-A19H-06,Metastasis,9,TCGA-D9-A1JX-06,Metastasis,0.9979411959648132,True
426,TCGA-EE-A2MC-06,Metastasis,0,TCGA-ER-A1A1-06,Metastasis,0.9987059235572815,True
426,TCGA-EE-A2MC-06,Metastasis,1,TCGA-ER-A19A-06,Metastasis,0.9881117343902588,True
426,TCGA-EE-A2MC-06,Metastasis,2,TCGA-FR-A7UA-06,Metastasis,0.9879981279373169,True
426,TCGA-EE-A2MC-06,Metastasis,3,TCGA-EE-A2GB-06,Metastasis,0.9873812794685364,True
426,TCGA-EE-A2MC-06,Metastasis,4,TCGA-EE-A2GK-06,Metastasis,0.9871776103973389,True
426,TCGA-EE-A2MC-06,Metastasis,5,TCGA-FS-A1ZR-06,Metastasis,0.9865946173667908,True
426,TCGA-EE-A2MC-06,Metastasis,6,TCGA-FW-A3I3-06,Metastasis,0.9843082427978516,True
426,TCGA-EE-A2MC-06,Metastasis,7,TCGA-FS-A1ZA-06,Metastasis,0.982576847076416,True
426,TCGA-EE-A2MC-06,Metastasis,8,TCGA-EB-A44R-06,Metastasis,0.9823885560035706,True
426,TCGA-EE-A2MC-06,Metastasis,9,TCGA-EB-A6R0-01,Primary Tumor,0.982277512550354,False
427,TCGA-ER-A19L-06,Metastasis,0,TCGA-FR-A69P-06,Metastasis,0.9998800754547119,True
427,TCGA-ER-A19L-06,Metastasis,1,TCGA-ER-A2NF-06,Metastasis,0.9998292922973633,True
427,TCGA-ER-A19L-06,Metastasis,2,TCGA-WE-A8K6-06,Metastasis,0.999804675579071,True
427,TCGA-ER-A19L-06,Metastasis,3,TCGA-FS-A1ZE-06,Metastasis,0.9997105598449707,True
427,TCGA-ER-A19L-06,Metastasis,4,TCGA-EB-A5UN-06,Metastasis,0.9996620416641235,True
427,TCGA-ER-A19L-06,Metastasis,5,TCGA-EE-A17Z-06,Metastasis,0.99961918592453,True
427,TCGA-ER-A19L-06,Metastasis,6,TCGA-EB-A4P0-01,Primary Tumor,0.9994873404502869,False
427,TCGA-ER-A19L-06,Metastasis,7,TCGA-DA-A1I7-06,Metastasis,0.9994710683822632,True
427,TCGA-ER-A19L-06,Metastasis,8,TCGA-D3-A3C6-06,Metastasis,0.9994620680809021,True
427,TCGA-ER-A19L-06,Metastasis,9,TCGA-EE-A29V-06,Metastasis,0.9994242787361145,True
428,TCGA-WE-A8K6-06,Metastasis,0,TCGA-EB-A5UN-06,Metastasis,0.999854564666748,True
428,TCGA-WE-A8K6-06,Metastasis,1,TCGA-DA-A3F5-06,Metastasis,0.9998400211334229,True
428,TCGA-WE-A8K6-06,Metastasis,2,TCGA-ER-A2NF-06,Metastasis,0.9998334050178528,True
428,TCGA-WE-A8K6-06,Metastasis,3,TCGA-ER-A19L-06,Metastasis,0.999804675579071,True
428,TCGA-WE-A8K6-06,Metastasis,4,TCGA-DA-A1I7-06,Metastasis,0.9997429251670837,True
428,TCGA-WE-A8K6-06,Metastasis,5,TCGA-FS-A1ZE-06,Metastasis,0.9995301961898804,True
428,TCGA-WE-A8K6-06,Metastasis,6,TCGA-FR-A69P-06,Metastasis,0.9995183944702148,True
428,TCGA-WE-A8K6-06,Metastasis,7,TCGA-EB-A6QZ-01,Primary Tumor,0.9994708895683289,False
428,TCGA-WE-A8K6-06,Metastasis,8,TCGA-GF-A769-01,Primary Tumor,0.9993759393692017,False
428,TCGA-WE-A8K6-06,Metastasis,9,TCGA-EE-A29V-06,Metastasis,0.9993550181388855,True
429,TCGA-EE-A2A5-06,Metastasis,0,TCGA-D3-A5GS-06,Metastasis,0.9999623894691467,True
429,TCGA-EE-A2A5-06,Metastasis,1,TCGA-D9-A1JW-06,Metastasis,0.999904990196228,True
429,TCGA-EE-A2A5-06,Metastasis,2,TCGA-EE-A3JI-06,Metastasis,0.9998995065689087,True
429,TCGA-EE-A2A5-06,Metastasis,3,TCGA-D3-A1QA-06,Metastasis,0.9998636245727539,True
429,TCGA-EE-A2A5-06,Metastasis,4,TCGA-BF-A1PV-01,Primary Tumor,0.9998631477355957,False
429,TCGA-EE-A2A5-06,Metastasis,5,TCGA-FS-A4FD-06,Metastasis,0.9998550415039062,True
429,TCGA-EE-A2A5-06,Metastasis,6,TCGA-D3-A2JD-06,Metastasis,0.9998307228088379,True
429,TCGA-EE-A2A5-06,Metastasis,7,TCGA-EE-A2MI-06,Metastasis,0.9997997879981995,True
429,TCGA-EE-A2A5-06,Metastasis,8,TCGA-EB-A41B-01,Primary Tumor,0.9997897744178772,False
429,TCGA-EE-A2A5-06,Metastasis,9,TCGA-EE-A2MT-06,Metastasis,0.9997437000274658,True
430,TCGA-EE-A2ME-06,Metastasis,0,TCGA-ER-A2NF-01,Primary Tumor,0.9995070099830627,False
430,TCGA-EE-A2ME-06,Metastasis,1,TCGA-D3-A8GS-06,Metastasis,0.9988430738449097,True
430,TCGA-EE-A2ME-06,Metastasis,2,TCGA-DA-A1HY-06,Metastasis,0.9985718727111816,True
430,TCGA-EE-A2ME-06,Metastasis,3,TCGA-EB-A24D-01,Primary Tumor,0.9976724982261658,False
430,TCGA-EE-A2ME-06,Metastasis,4,TCGA-EE-A2A0-06,Metastasis,0.997291624546051,True
430,TCGA-EE-A2ME-06,Metastasis,5,TCGA-BF-AAP7-01,Primary Tumor,0.9971032738685608,False
430,TCGA-EE-A2ME-06,Metastasis,6,TCGA-GF-A4EO-06,Metastasis,0.997092604637146,True
430,TCGA-EE-A2ME-06,Metastasis,7,TCGA-EE-A2M7-06,Metastasis,0.9966153502464294,True
430,TCGA-EE-A2ME-06,Metastasis,8,TCGA-D3-A8GC-06,Metastasis,0.9964589476585388,True
430,TCGA-EE-A2ME-06,Metastasis,9,TCGA-EE-A2MP-06,Metastasis,0.9963043928146362,True
431,TCGA-GN-A26D-06,Metastasis,0,TCGA-EB-A41A-01,Primary Tumor,0.9998971223831177,False
431,TCGA-GN-A26D-06,Metastasis,1,TCGA-EB-A5UM-01,Primary Tumor,0.9998518824577332,False
431,TCGA-GN-A26D-06,Metastasis,2,TCGA-ER-A193-06,Metastasis,0.9997860789299011,True
431,TCGA-GN-A26D-06,Metastasis,3,TCGA-EE-A2MF-06,Metastasis,0.9997802376747131,True
431,TCGA-GN-A26D-06,Metastasis,4,TCGA-EE-A2MQ-06,Metastasis,0.999716579914093,True
431,TCGA-GN-A26D-06,Metastasis,5,TCGA-ER-A199-06,Metastasis,0.9995312690734863,True
431,TCGA-GN-A26D-06,Metastasis,6,TCGA-FS-A1ZJ-06,Metastasis,0.9994847178459167,True
431,TCGA-GN-A26D-06,Metastasis,7,TCGA-GN-A4U4-06,Metastasis,0.9993698596954346,True
431,TCGA-GN-A26D-06,Metastasis,8,TCGA-EE-A2ML-06,Metastasis,0.9992642998695374,True
431,TCGA-GN-A26D-06,Metastasis,9,TCGA-D3-A2JF-06,Metastasis,0.9989227652549744,True
432,TCGA-D3-A2J9-06,Metastasis,0,TCGA-D3-A3CE-06,Metastasis,0.9998229146003723,True
432,TCGA-D3-A2J9-06,Metastasis,1,TCGA-ER-A195-06,Metastasis,0.9993914365768433,True
432,TCGA-D3-A2J9-06,Metastasis,2,TCGA-ER-A19H-06,Metastasis,0.9991809725761414,True
432,TCGA-D3-A2J9-06,Metastasis,3,TCGA-EB-A551-01,Primary Tumor,0.998744010925293,False
432,TCGA-D3-A2J9-06,Metastasis,4,TCGA-HR-A2OG-06,Metastasis,0.9987239241600037,True
432,TCGA-D3-A2J9-06,Metastasis,5,TCGA-FS-A1Z4-06,Metastasis,0.9985079765319824,True
432,TCGA-D3-A2J9-06,Metastasis,6,TCGA-EE-A20F-06,Metastasis,0.9984855651855469,True
432,TCGA-D3-A2J9-06,Metastasis,7,TCGA-D3-A2JH-06,Metastasis,0.9984610080718994,True
432,TCGA-D3-A2J9-06,Metastasis,8,TCGA-FS-A1ZM-06,Metastasis,0.9983579516410828,True
432,TCGA-D3-A2J9-06,Metastasis,9,TCGA-FS-A1ZA-06,Metastasis,0.9966195821762085,True
433,TCGA-FS-A4FB-06,Metastasis,0,TCGA-D3-A2J6-06,Metastasis,0.9998875260353088,True
433,TCGA-FS-A4FB-06,Metastasis,1,TCGA-EE-A2GO-06,Metastasis,0.9998283982276917,True
433,TCGA-FS-A4FB-06,Metastasis,2,TCGA-D9-A6EC-06,Metastasis,0.9997686147689819,True
433,TCGA-FS-A4FB-06,Metastasis,3,TCGA-BF-AAP8-01,Primary Tumor,0.9997376203536987,False
433,TCGA-FS-A4FB-06,Metastasis,4,TCGA-Z2-AA3V-06,Metastasis,0.9997327327728271,True
433,TCGA-FS-A4FB-06,Metastasis,5,TCGA-3N-A9WB-06,Metastasis,0.9996926784515381,True
433,TCGA-FS-A4FB-06,Metastasis,6,TCGA-D3-A8GV-06,Metastasis,0.9996662735939026,True
433,TCGA-FS-A4FB-06,Metastasis,7,TCGA-EE-A2GC-06,Metastasis,0.9996383190155029,True
433,TCGA-FS-A4FB-06,Metastasis,8,TCGA-LH-A9QB-06,Metastasis,0.9995473027229309,True
433,TCGA-FS-A4FB-06,Metastasis,9,TCGA-FS-A4F9-06,Metastasis,0.9994954466819763,True
434,TCGA-EE-A29Q-06,Metastasis,0,TCGA-BF-A1Q0-01,Primary Tumor,0.9997767210006714,False
434,TCGA-EE-A29Q-06,Metastasis,1,TCGA-DA-A1I1-06,Metastasis,0.9995090961456299,True
434,TCGA-EE-A29Q-06,Metastasis,2,TCGA-WE-AAA0-06,Metastasis,0.9992315769195557,True
434,TCGA-EE-A29Q-06,Metastasis,3,TCGA-ER-A42L-06,Metastasis,0.9990178942680359,True
434,TCGA-EE-A29Q-06,Metastasis,4,TCGA-EE-A3AC-06,Metastasis,0.998960554599762,True
434,TCGA-EE-A29Q-06,Metastasis,5,TCGA-EE-A29M-06,Metastasis,0.9989514350891113,True
434,TCGA-EE-A29Q-06,Metastasis,6,TCGA-D3-A8GJ-06,Metastasis,0.9987558722496033,True
434,TCGA-EE-A29Q-06,Metastasis,7,TCGA-EE-A2GI-06,Metastasis,0.9987214803695679,True
434,TCGA-EE-A29Q-06,Metastasis,8,TCGA-EE-A2MJ-06,Metastasis,0.998579740524292,True
434,TCGA-EE-A29Q-06,Metastasis,9,TCGA-EE-A2A1-06,Metastasis,0.998442530632019,True
435,TCGA-D3-A3C3-06,Metastasis,0,TCGA-DA-A3F3-06,Metastasis,0.9998164772987366,True
435,TCGA-D3-A3C3-06,Metastasis,1,TCGA-W3-AA1W-06,Metastasis,0.9997075200080872,True
435,TCGA-D3-A3C3-06,Metastasis,2,TCGA-ER-A2NC-06,Metastasis,0.9997023344039917,True
435,TCGA-D3-A3C3-06,Metastasis,3,TCGA-D3-A3BZ-06,Metastasis,0.9996644854545593,True
435,TCGA-D3-A3C3-06,Metastasis,4,TCGA-EE-A29P-06,Metastasis,0.999625563621521,True
435,TCGA-D3-A3C3-06,Metastasis,5,TCGA-EE-A2MU-06,Metastasis,0.9995319247245789,True
435,TCGA-D3-A3C3-06,Metastasis,6,TCGA-EB-A3Y6-01,Primary Tumor,0.9994507431983948,False
435,TCGA-D3-A3C3-06,Metastasis,7,TCGA-GF-A6C9-06,Metastasis,0.9994390606880188,True
435,TCGA-D3-A3C3-06,Metastasis,8,TCGA-GN-A26C-01,Primary Tumor,0.9992771744728088,False
435,TCGA-D3-A3C3-06,Metastasis,9,TCGA-WE-A8ZT-06,Metastasis,0.9990548491477966,True
436,TCGA-Z2-AA3V-06,Metastasis,0,TCGA-3N-A9WB-06,Metastasis,0.9999208450317383,True
436,TCGA-Z2-AA3V-06,Metastasis,1,TCGA-FS-A4F9-06,Metastasis,0.9999070167541504,True
436,TCGA-Z2-AA3V-06,Metastasis,2,TCGA-BF-A5EP-01,Primary Tumor,0.9998622536659241,False
436,TCGA-Z2-AA3V-06,Metastasis,3,TCGA-EE-A2GT-06,Metastasis,0.9998396635055542,True
436,TCGA-Z2-AA3V-06,Metastasis,4,TCGA-D3-A2J6-06,Metastasis,0.9998388290405273,True
436,TCGA-Z2-AA3V-06,Metastasis,5,TCGA-GN-A268-06,Metastasis,0.9998213052749634,True
436,TCGA-Z2-AA3V-06,Metastasis,6,TCGA-D3-A8GV-06,Metastasis,0.9998179078102112,True
436,TCGA-Z2-AA3V-06,Metastasis,7,TCGA-EE-A29L-06,Metastasis,0.9998152852058411,True
436,TCGA-Z2-AA3V-06,Metastasis,8,TCGA-GN-A4U7-06,Metastasis,0.9997861981391907,True
436,TCGA-Z2-AA3V-06,Metastasis,9,TCGA-QB-A6FS-06,Metastasis,0.9997801184654236,True
437,TCGA-EB-A3HV-01,Primary Tumor,0,TCGA-EB-A3XE-01,Primary Tumor,0.998786985874176,True
437,TCGA-EB-A3HV-01,Primary Tumor,1,TCGA-XV-A9VZ-01,Primary Tumor,0.9987499713897705,True
437,TCGA-EB-A3HV-01,Primary Tumor,2,TCGA-XV-AAZV-01,Primary Tumor,0.9985756874084473,True
437,TCGA-EB-A3HV-01,Primary Tumor,3,TCGA-D3-A51R-06,Metastasis,0.9981170296669006,False
437,TCGA-EB-A3HV-01,Primary Tumor,4,TCGA-EB-A5FP-01,Primary Tumor,0.9968628883361816,True
437,TCGA-EB-A3HV-01,Primary Tumor,5,TCGA-YG-AA3N-01,Primary Tumor,0.994003415107727,True
437,TCGA-EB-A3HV-01,Primary Tumor,6,TCGA-WE-A8ZQ-06,Metastasis,0.9935557842254639,False
437,TCGA-EB-A3HV-01,Primary Tumor,7,TCGA-EB-A3XC-01,Primary Tumor,0.9933828115463257,True
437,TCGA-EB-A3HV-01,Primary Tumor,8,TCGA-GF-A2C7-01,Primary Tumor,0.9903247952461243,True
437,TCGA-EB-A3HV-01,Primary Tumor,9,TCGA-DA-A1I8-06,Metastasis,0.9898006319999695,False
438,TCGA-FS-A1ZZ-06,Metastasis,0,TCGA-FS-A4F5-06,Metastasis,0.9995538592338562,True
438,TCGA-FS-A1ZZ-06,Metastasis,1,TCGA-EE-A3AD-06,Metastasis,0.9994435906410217,True
438,TCGA-FS-A1ZZ-06,Metastasis,2,TCGA-GN-A26C-01,Primary Tumor,0.999424934387207,False
438,TCGA-FS-A1ZZ-06,Metastasis,3,TCGA-D3-A3MV-06,Metastasis,0.9994148015975952,True
438,TCGA-FS-A1ZZ-06,Metastasis,4,TCGA-FS-A1ZF-06,Metastasis,0.9991514682769775,True
438,TCGA-FS-A1ZZ-06,Metastasis,5,TCGA-BF-AAP6-01,Primary Tumor,0.9987144470214844,False
438,TCGA-FS-A1ZZ-06,Metastasis,6,TCGA-EE-A29T-06,Metastasis,0.9986743330955505,True
438,TCGA-FS-A1ZZ-06,Metastasis,7,TCGA-FS-A1Z3-06,Metastasis,0.9985655546188354,True
438,TCGA-FS-A1ZZ-06,Metastasis,8,TCGA-W3-AA1W-06,Metastasis,0.9984996914863586,True
438,TCGA-FS-A1ZZ-06,Metastasis,9,TCGA-ER-A42K-06,Metastasis,0.9984400272369385,True
439,TCGA-GF-A6C8-06,Metastasis,0,TCGA-D3-A3MU-06,Metastasis,0.999985933303833,True
439,TCGA-GF-A6C8-06,Metastasis,1,TCGA-BF-A5EQ-01,Primary Tumor,0.99978107213974,False
439,TCGA-GF-A6C8-06,Metastasis,2,TCGA-EE-A183-06,Metastasis,0.9997779130935669,True
439,TCGA-GF-A6C8-06,Metastasis,3,TCGA-ER-A19Q-06,Metastasis,0.9993599057197571,True
439,TCGA-GF-A6C8-06,Metastasis,4,TCGA-EE-A184-06,Metastasis,0.9993458986282349,True
439,TCGA-GF-A6C8-06,Metastasis,5,TCGA-GN-A4U4-06,Metastasis,0.9992251396179199,True
439,TCGA-GF-A6C8-06,Metastasis,6,TCGA-EE-A2MM-06,Metastasis,0.9991855621337891,True
439,TCGA-GF-A6C8-06,Metastasis,7,TCGA-EE-A2GN-06,Metastasis,0.9991816878318787,True
439,TCGA-GF-A6C8-06,Metastasis,8,TCGA-RP-A6K9-06,Metastasis,0.9991607069969177,True
439,TCGA-GF-A6C8-06,Metastasis,9,TCGA-YD-A9TB-06,Metastasis,0.9990683197975159,True
440,TCGA-EB-A299-01,Primary Tumor,0,010_N,Benign Nevus,0.9762730002403259,False
440,TCGA-EB-A299-01,Primary Tumor,1,TCGA-EE-A29G-06,Metastasis,0.9758157134056091,False
440,TCGA-EB-A299-01,Primary Tumor,2,TCGA-EB-A44N-01,Primary Tumor,0.9710322022438049,True
440,TCGA-EB-A299-01,Primary Tumor,3,031_N,Benign Nevus,0.9679520726203918,False
440,TCGA-EB-A299-01,Primary Tumor,4,TCGA-EB-A6QY-01,Primary Tumor,0.9351237416267395,True
440,TCGA-EB-A299-01,Primary Tumor,5,LE-029-SE-030_N,Benign Nevus,0.9203736186027527,False
440,TCGA-EB-A299-01,Primary Tumor,6,TCGA-EB-A550-01,Primary Tumor,0.9191568493843079,True
440,TCGA-EB-A299-01,Primary Tumor,7,TCGA-FR-A726-01,Primary Tumor,0.9103006720542908,True
440,TCGA-EB-A299-01,Primary Tumor,8,TCGA-GN-A4U5-01,Primary Tumor,0.9102914333343506,True
440,TCGA-EB-A299-01,Primary Tumor,9,FKH-027-028_N,Benign Nevus,0.9023573398590088,False
441,TCGA-EE-A3AC-06,Metastasis,0,TCGA-FS-A1Z0-06,Metastasis,0.9999018311500549,True
441,TCGA-EE-A3AC-06,Metastasis,1,TCGA-DA-A1I1-06,Metastasis,0.9997265338897705,True
441,TCGA-EE-A3AC-06,Metastasis,2,TCGA-WE-AAA0-06,Metastasis,0.9996721148490906,True
441,TCGA-EE-A3AC-06,Metastasis,3,TCGA-WE-A8ZX-06,Metastasis,0.9994258880615234,True
441,TCGA-EE-A3AC-06,Metastasis,4,TCGA-BF-A1Q0-01,Primary Tumor,0.9993483424186707,False
441,TCGA-EE-A3AC-06,Metastasis,5,TCGA-DA-A1I5-06,Metastasis,0.999326765537262,True
441,TCGA-EE-A3AC-06,Metastasis,6,TCGA-OD-A75X-06,Metastasis,0.9992876052856445,True
441,TCGA-EE-A3AC-06,Metastasis,7,TCGA-EE-A29M-06,Metastasis,0.9992692470550537,True
441,TCGA-EE-A3AC-06,Metastasis,8,TCGA-EE-A2MJ-06,Metastasis,0.9992243051528931,True
441,TCGA-EE-A3AC-06,Metastasis,9,TCGA-ER-A19S-06,Metastasis,0.9991652965545654,True
442,TCGA-D3-A5GO-06,Metastasis,0,TCGA-GN-A268-06,Metastasis,0.9999624490737915,True
442,TCGA-D3-A5GO-06,Metastasis,1,TCGA-EE-A180-06,Metastasis,0.9999386668205261,True
442,TCGA-D3-A5GO-06,Metastasis,2,TCGA-FS-A4F9-06,Metastasis,0.9999141693115234,True
442,TCGA-D3-A5GO-06,Metastasis,3,TCGA-D3-A8GP-06,Metastasis,0.9998956918716431,True
442,TCGA-D3-A5GO-06,Metastasis,4,TCGA-QB-A6FS-06,Metastasis,0.9998812675476074,True
442,TCGA-D3-A5GO-06,Metastasis,5,TCGA-ER-A2ND-06,Metastasis,0.9998642802238464,True
442,TCGA-D3-A5GO-06,Metastasis,6,TCGA-D3-A8GV-06,Metastasis,0.9998509883880615,True
442,TCGA-D3-A5GO-06,Metastasis,7,TCGA-BF-A5EP-01,Primary Tumor,0.999839186668396,False
442,TCGA-D3-A5GO-06,Metastasis,8,TCGA-EE-A29L-06,Metastasis,0.999796450138092,True
442,TCGA-D3-A5GO-06,Metastasis,9,TCGA-Z2-AA3V-06,Metastasis,0.9997230768203735,True
443,TCGA-FS-A1ZQ-06,Metastasis,0,TCGA-D3-A8GN-06,Metastasis,0.9999411702156067,True
443,TCGA-FS-A1ZQ-06,Metastasis,1,TCGA-D3-A1Q9-06,Metastasis,0.9997867941856384,True
443,TCGA-FS-A1ZQ-06,Metastasis,2,TCGA-D3-A1Q8-06,Metastasis,0.9997799396514893,True
443,TCGA-FS-A1ZQ-06,Metastasis,3,TCGA-EE-A2MD-06,Metastasis,0.9997564554214478,True
443,TCGA-FS-A1ZQ-06,Metastasis,4,TCGA-EE-A2GU-06,Metastasis,0.9996904730796814,True
443,TCGA-FS-A1ZQ-06,Metastasis,5,TCGA-GN-A8LN-01,Primary Tumor,0.9996764063835144,False
443,TCGA-FS-A1ZQ-06,Metastasis,6,TCGA-ER-A2NG-06,Metastasis,0.9995929598808289,True
443,TCGA-FS-A1ZQ-06,Metastasis,7,TCGA-ER-A19W-06,Metastasis,0.9995844960212708,True
443,TCGA-FS-A1ZQ-06,Metastasis,8,TCGA-D3-A8GM-06,Metastasis,0.9995364546775818,True
443,TCGA-FS-A1ZQ-06,Metastasis,9,TCGA-D3-A2JA-06,Metastasis,0.9992498159408569,True
444,TCGA-GN-A26C-01,Primary Tumor,0,TCGA-W3-AA1W-06,Metastasis,0.9997195601463318,False
444,TCGA-GN-A26C-01,Primary Tumor,1,TCGA-D3-A3BZ-06,Metastasis,0.9995394349098206,False
444,TCGA-GN-A26C-01,Primary Tumor,2,TCGA-FS-A1ZZ-06,Metastasis,0.999424934387207,False
444,TCGA-GN-A26C-01,Primary Tumor,3,TCGA-D3-A3C3-06,Metastasis,0.9992771744728088,False
444,TCGA-GN-A26C-01,Primary Tumor,4,TCGA-FS-A4F5-06,Metastasis,0.9992681741714478,False
444,TCGA-GN-A26C-01,Primary Tumor,5,TCGA-ER-A2NC-06,Metastasis,0.9992339015007019,False
444,TCGA-GN-A26C-01,Primary Tumor,6,TCGA-GF-A6C9-06,Metastasis,0.9991952180862427,False
444,TCGA-GN-A26C-01,Primary Tumor,7,TCGA-EE-A2MU-06,Metastasis,0.9991493821144104,False
444,TCGA-GN-A26C-01,Primary Tumor,8,TCGA-EB-A3Y6-01,Primary Tumor,0.9990400075912476,True
444,TCGA-GN-A26C-01,Primary Tumor,9,TCGA-DA-A3F3-06,Metastasis,0.9989157915115356,False
445,TCGA-XV-AAZV-01,Primary Tumor,0,TCGA-EB-A3XE-01,Primary Tumor,0.9999576807022095,True
445,TCGA-XV-AAZV-01,Primary Tumor,1,TCGA-XV-A9VZ-01,Primary Tumor,0.9992139935493469,True
445,TCGA-XV-AAZV-01,Primary Tumor,2,TCGA-D3-A51R-06,Metastasis,0.9990959763526917,False
445,TCGA-XV-AAZV-01,Primary Tumor,3,TCGA-EB-A3HV-01,Primary Tumor,0.9985756874084473,True
445,TCGA-XV-AAZV-01,Primary Tumor,4,TCGA-EB-A3XC-01,Primary Tumor,0.9980757236480713,True
445,TCGA-XV-AAZV-01,Primary Tumor,5,TCGA-EB-A5FP-01,Primary Tumor,0.9978768229484558,True
445,TCGA-XV-AAZV-01,Primary Tumor,6,TCGA-YG-AA3N-01,Primary Tumor,0.9969189763069153,True
445,TCGA-XV-AAZV-01,Primary Tumor,7,TCGA-GF-A2C7-01,Primary Tumor,0.9950339794158936,True
445,TCGA-XV-AAZV-01,Primary Tumor,8,TCGA-WE-A8ZQ-06,Metastasis,0.9948607087135315,False
445,TCGA-XV-AAZV-01,Primary Tumor,9,TCGA-EB-A57M-01,Primary Tumor,0.9935445785522461,True
446,TCGA-FS-A1ZU-06,Metastasis,0,TCGA-GN-A8LK-06,Metastasis,0.999958336353302,True
446,TCGA-FS-A1ZU-06,Metastasis,1,TCGA-EB-A553-01,Primary Tumor,0.999902069568634,False
446,TCGA-FS-A1ZU-06,Metastasis,2,TCGA-XV-AB01-06,Metastasis,0.999852180480957,True
446,TCGA-FS-A1ZU-06,Metastasis,3,TCGA-D3-A1Q1-06,Metastasis,0.9997857809066772,True
446,TCGA-FS-A1ZU-06,Metastasis,4,TCGA-EE-A29B-06,Metastasis,0.999782383441925,True
446,TCGA-FS-A1ZU-06,Metastasis,5,TCGA-BF-A5ER-01,Primary Tumor,0.9997813701629639,False
446,TCGA-FS-A1ZU-06,Metastasis,6,TCGA-EE-A29E-06,Metastasis,0.9997543096542358,True
446,TCGA-FS-A1ZU-06,Metastasis,7,TCGA-EB-A3Y7-01,Primary Tumor,0.9997427463531494,False
446,TCGA-FS-A1ZU-06,Metastasis,8,TCGA-D3-A8GI-06,Metastasis,0.9997156262397766,True
446,TCGA-FS-A1ZU-06,Metastasis,9,TCGA-DA-A95Z-06,Metastasis,0.9996904730796814,True
447,TCGA-WE-AAA0-06,Metastasis,0,TCGA-EE-A3AC-06,Metastasis,0.9996721148490906,True
447,TCGA-WE-AAA0-06,Metastasis,1,TCGA-DA-A1I1-06,Metastasis,0.9995633959770203,True
447,TCGA-WE-AAA0-06,Metastasis,2,TCGA-BF-A1Q0-01,Primary Tumor,0.9993959665298462,False
447,TCGA-WE-AAA0-06,Metastasis,3,TCGA-FW-A3TV-06,Metastasis,0.9993883371353149,True
447,TCGA-WE-AAA0-06,Metastasis,4,TCGA-FS-A1Z0-06,Metastasis,0.9993542432785034,True
447,TCGA-WE-AAA0-06,Metastasis,5,TCGA-DA-A1I2-06,Metastasis,0.9993280172348022,True
447,TCGA-WE-AAA0-06,Metastasis,6,TCGA-DA-A1I5-06,Metastasis,0.9993236660957336,True
447,TCGA-WE-AAA0-06,Metastasis,7,TCGA-EE-A29Q-06,Metastasis,0.9992315769195557,True
447,TCGA-WE-AAA0-06,Metastasis,8,TCGA-WE-A8ZX-06,Metastasis,0.9991048574447632,True
447,TCGA-WE-AAA0-06,Metastasis,9,TCGA-EE-A3AE-06,Metastasis,0.9988154768943787,True
448,TCGA-GN-A4U3-06,Metastasis,0,TCGA-FS-A4F2-06,Metastasis,0.999949038028717,True
448,TCGA-GN-A4U3-06,Metastasis,1,TCGA-EB-A85I-01,Primary Tumor,0.9999362230300903,False
448,TCGA-GN-A4U3-06,Metastasis,2,TCGA-WE-AAA4-06,Metastasis,0.9998782873153687,True
448,TCGA-GN-A4U3-06,Metastasis,3,TCGA-YD-A89C-06,Metastasis,0.9998759627342224,True
448,TCGA-GN-A4U3-06,Metastasis,4,TCGA-ER-A3PL-06,Metastasis,0.9998385310173035,True
448,TCGA-GN-A4U3-06,Metastasis,5,TCGA-ER-A19F-06,Metastasis,0.9998319149017334,True
448,TCGA-GN-A4U3-06,Metastasis,6,TCGA-GN-A264-06,Metastasis,0.9997851848602295,True
448,TCGA-GN-A4U3-06,Metastasis,7,TCGA-D9-A6EA-06,Metastasis,0.9997795820236206,True
448,TCGA-GN-A4U3-06,Metastasis,8,TCGA-ER-A2NE-06,Metastasis,0.9997548460960388,True
448,TCGA-GN-A4U3-06,Metastasis,9,TCGA-FW-A3TU-06,Metastasis,0.999713659286499,True
449,TCGA-BF-A5ES-01,Primary Tumor,0,TCGA-EB-A5KH-06,Metastasis,0.9999909400939941,False
449,TCGA-BF-A5ES-01,Primary Tumor,1,TCGA-FS-A1ZG-06,Metastasis,0.999873161315918,False
449,TCGA-BF-A5ES-01,Primary Tumor,2,TCGA-FS-A4F4-06,Metastasis,0.9998214244842529,False
449,TCGA-BF-A5ES-01,Primary Tumor,3,TCGA-D9-A4Z3-01,Primary Tumor,0.999700129032135,True
449,TCGA-BF-A5ES-01,Primary Tumor,4,TCGA-ER-A19T-06,Metastasis,0.9996813535690308,False
449,TCGA-BF-A5ES-01,Primary Tumor,5,TCGA-DA-A1I0-06,Metastasis,0.9995366930961609,False
449,TCGA-BF-A5ES-01,Primary Tumor,6,TCGA-EB-A5SH-06,Metastasis,0.9995318055152893,False
449,TCGA-BF-A5ES-01,Primary Tumor,7,TCGA-FS-A1ZY-06,Metastasis,0.9991266131401062,False
449,TCGA-BF-A5ES-01,Primary Tumor,8,TCGA-DA-A1IA-06,Metastasis,0.999122679233551,False
449,TCGA-BF-A5ES-01,Primary Tumor,9,TCGA-FR-A3YO-06,Metastasis,0.9990869164466858,False
450,TCGA-EB-A3XF-01,Primary Tumor,0,TCGA-D3-A8GL-06,Metastasis,0.9993579387664795,False
450,TCGA-EB-A3XF-01,Primary Tumor,1,TCGA-BF-AAOX-01,Primary Tumor,0.9993470311164856,True
450,TCGA-EB-A3XF-01,Primary Tumor,2,TCGA-FS-A1ZS-06,Metastasis,0.9993353486061096,False
450,TCGA-EB-A3XF-01,Primary Tumor,3,TCGA-GF-A3OT-06,Metastasis,0.9991756081581116,False
450,TCGA-EB-A3XF-01,Primary Tumor,4,TCGA-ER-A3EV-06,Metastasis,0.9990191459655762,False
450,TCGA-EB-A3XF-01,Primary Tumor,5,TCGA-BF-A9VF-01,Primary Tumor,0.9989376664161682,True
450,TCGA-EB-A3XF-01,Primary Tumor,6,TCGA-EE-A3JA-06,Metastasis,0.9987584948539734,False
450,TCGA-EB-A3XF-01,Primary Tumor,7,TCGA-ER-A19T-01,Primary Tumor,0.9986991286277771,True
450,TCGA-EB-A3XF-01,Primary Tumor,8,TCGA-EE-A182-06,Metastasis,0.9982571601867676,False
450,TCGA-EB-A3XF-01,Primary Tumor,9,TCGA-EE-A29A-06,Metastasis,0.997712254524231,False
451,TCGA-D3-A3MU-06,Metastasis,0,TCGA-GF-A6C8-06,Metastasis,0.999985933303833,True
451,TCGA-D3-A3MU-06,Metastasis,1,TCGA-EE-A183-06,Metastasis,0.9998401403427124,True
451,TCGA-D3-A3MU-06,Metastasis,2,TCGA-BF-A5EQ-01,Primary Tumor,0.9998347163200378,False
451,TCGA-D3-A3MU-06,Metastasis,3,TCGA-EE-A184-06,Metastasis,0.999477744102478,True
451,TCGA-D3-A3MU-06,Metastasis,4,TCGA-ER-A19Q-06,Metastasis,0.9994433522224426,True
451,TCGA-D3-A3MU-06,Metastasis,5,TCGA-RP-A6K9-06,Metastasis,0.9993031620979309,True
451,TCGA-D3-A3MU-06,Metastasis,6,TCGA-EE-A2MM-06,Metastasis,0.9992684125900269,True
451,TCGA-D3-A3MU-06,Metastasis,7,TCGA-YD-A9TB-06,Metastasis,0.9992384910583496,True
451,TCGA-D3-A3MU-06,Metastasis,8,TCGA-EE-A2GN-06,Metastasis,0.9992194175720215,True
451,TCGA-D3-A3MU-06,Metastasis,9,TCGA-GN-A4U4-06,Metastasis,0.9991024732589722,True
452,TCGA-ER-A2NB-01,Primary Tumor,0,TCGA-EB-A5SF-01,Primary Tumor,0.9992876052856445,True
452,TCGA-ER-A2NB-01,Primary Tumor,1,TCGA-EB-A4OZ-01,Primary Tumor,0.9975612163543701,True
452,TCGA-ER-A2NB-01,Primary Tumor,2,TCGA-ER-A196-01,Primary Tumor,0.9959046244621277,True
452,TCGA-ER-A2NB-01,Primary Tumor,3,TCGA-HR-A5NC-01,Primary Tumor,0.9911008477210999,True
452,TCGA-ER-A2NB-01,Primary Tumor,4,TCGA-EE-A3J8-06,Metastasis,0.984035313129425,False
452,TCGA-ER-A2NB-01,Primary Tumor,5,TCGA-BF-A9VF-01,Primary Tumor,0.9747610688209534,True
452,TCGA-ER-A2NB-01,Primary Tumor,6,TCGA-FS-A1ZC-06,Metastasis,0.9714704751968384,False
452,TCGA-ER-A2NB-01,Primary Tumor,7,TCGA-EB-A4IQ-01,Primary Tumor,0.9713466763496399,True
452,TCGA-ER-A2NB-01,Primary Tumor,8,TCGA-GF-A3OT-06,Metastasis,0.9696221947669983,False
452,TCGA-ER-A2NB-01,Primary Tumor,9,TCGA-DA-A3F2-06,Metastasis,0.9677021503448486,False
453,TCGA-D3-A2JH-06,Metastasis,0,TCGA-ER-A19H-06,Metastasis,0.9997538924217224,True
453,TCGA-D3-A2JH-06,Metastasis,1,TCGA-HR-A2OG-06,Metastasis,0.9996737241744995,True
453,TCGA-D3-A2JH-06,Metastasis,2,TCGA-ER-A195-06,Metastasis,0.9996655583381653,True
453,TCGA-D3-A2JH-06,Metastasis,3,TCGA-EE-A2MS-06,Metastasis,0.9992852807044983,True
453,TCGA-D3-A2JH-06,Metastasis,4,TCGA-GN-A266-06,Metastasis,0.9989587664604187,True
453,TCGA-D3-A2JH-06,Metastasis,5,TCGA-EB-A551-01,Primary Tumor,0.9989393353462219,False
453,TCGA-D3-A2JH-06,Metastasis,6,TCGA-EE-A2MR-06,Metastasis,0.9988968968391418,True
453,TCGA-D3-A2JH-06,Metastasis,7,TCGA-D3-A2J9-06,Metastasis,0.9984610080718994,True
453,TCGA-D3-A2JH-06,Metastasis,8,TCGA-FS-A1ZT-06,Metastasis,0.9982530474662781,True
453,TCGA-D3-A2JH-06,Metastasis,9,TCGA-EE-A2GS-06,Metastasis,0.9982208609580994,True
454,TCGA-EE-A2GR-06,Metastasis,0,TCGA-D3-A3C1-06,Metastasis,0.9999266862869263,True
454,TCGA-EE-A2GR-06,Metastasis,1,TCGA-GN-A263-01,Primary Tumor,0.9998643398284912,False
454,TCGA-EE-A2GR-06,Metastasis,2,TCGA-LH-A9QB-06,Metastasis,0.9997903108596802,True
454,TCGA-EE-A2GR-06,Metastasis,3,TCGA-FR-A7U8-06,Metastasis,0.9997110366821289,True
454,TCGA-EE-A2GR-06,Metastasis,4,TCGA-D3-A51K-06,Metastasis,0.9996788501739502,True
454,TCGA-EE-A2GR-06,Metastasis,5,TCGA-BF-AAP8-01,Primary Tumor,0.9996674060821533,False
454,TCGA-EE-A2GR-06,Metastasis,6,TCGA-GN-A262-06,Metastasis,0.9996445775032043,True
454,TCGA-EE-A2GR-06,Metastasis,7,TCGA-EE-A29A-06,Metastasis,0.9996327757835388,True
454,TCGA-EE-A2GR-06,Metastasis,8,TCGA-BF-A1PU-01,Primary Tumor,0.9996181130409241,False
454,TCGA-EE-A2GR-06,Metastasis,9,TCGA-D9-A6EC-06,Metastasis,0.9995020627975464,True
455,TCGA-FS-A4F4-06,Metastasis,0,TCGA-ER-A19T-06,Metastasis,0.9999717473983765,True
455,TCGA-FS-A4F4-06,Metastasis,1,TCGA-EB-A5SH-06,Metastasis,0.9999099373817444,True
455,TCGA-FS-A4F4-06,Metastasis,2,TCGA-DA-A1I0-06,Metastasis,0.9998887777328491,True
455,TCGA-FS-A4F4-06,Metastasis,3,TCGA-EB-A5KH-06,Metastasis,0.9998217225074768,True
455,TCGA-FS-A4F4-06,Metastasis,4,TCGA-BF-A5ES-01,Primary Tumor,0.9998214244842529,False
455,TCGA-FS-A4F4-06,Metastasis,5,TCGA-FS-A1ZG-06,Metastasis,0.9996455907821655,True
455,TCGA-FS-A4F4-06,Metastasis,6,TCGA-D9-A4Z3-01,Primary Tumor,0.9996195435523987,False
455,TCGA-FS-A4F4-06,Metastasis,7,TCGA-D3-A3ML-06,Metastasis,0.9995917677879333,True
455,TCGA-FS-A4F4-06,Metastasis,8,TCGA-EB-A4OY-01,Primary Tumor,0.9995079636573792,False
455,TCGA-FS-A4F4-06,Metastasis,9,TCGA-FS-A1YY-06,Metastasis,0.9994056224822998,True
456,TCGA-EE-A2GN-06,Metastasis,0,TCGA-EE-A2MM-06,Metastasis,0.9999294281005859,True
456,TCGA-EE-A2GN-06,Metastasis,1,TCGA-ER-A19Q-06,Metastasis,0.9999072551727295,True
456,TCGA-EE-A2GN-06,Metastasis,2,TCGA-D3-A5GU-06,Metastasis,0.9997544884681702,True
456,TCGA-EE-A2GN-06,Metastasis,3,TCGA-D3-A2JF-06,Metastasis,0.9997225999832153,True
456,TCGA-EE-A2GN-06,Metastasis,4,TCGA-WE-A8ZO-06,Metastasis,0.9996997117996216,True
456,TCGA-EE-A2GN-06,Metastasis,5,TCGA-WE-A8K5-06,Metastasis,0.9996193647384644,True
456,TCGA-EE-A2GN-06,Metastasis,6,TCGA-EE-A3J7-06,Metastasis,0.9995105266571045,True
456,TCGA-EE-A2GN-06,Metastasis,7,TCGA-YD-A9TB-06,Metastasis,0.9994697570800781,True
456,TCGA-EE-A2GN-06,Metastasis,8,TCGA-ER-A199-06,Metastasis,0.9993776082992554,True
456,TCGA-EE-A2GN-06,Metastasis,9,TCGA-EE-A184-06,Metastasis,0.9993641972541809,True
457,TCGA-EB-A3XE-01,Primary Tumor,0,TCGA-XV-AAZV-01,Primary Tumor,0.9999576807022095,True
457,TCGA-EB-A3XE-01,Primary Tumor,1,TCGA-XV-A9VZ-01,Primary Tumor,0.9992107152938843,True
457,TCGA-EB-A3XE-01,Primary Tumor,2,TCGA-D3-A51R-06,Metastasis,0.9989067912101746,False
457,TCGA-EB-A3XE-01,Primary Tumor,3,TCGA-EB-A3HV-01,Primary Tumor,0.998786985874176,True
457,TCGA-EB-A3XE-01,Primary Tumor,4,TCGA-EB-A5FP-01,Primary Tumor,0.998065710067749,True
457,TCGA-EB-A3XE-01,Primary Tumor,5,TCGA-EB-A3XC-01,Primary Tumor,0.9977898001670837,True
457,TCGA-EB-A3XE-01,Primary Tumor,6,TCGA-YG-AA3N-01,Primary Tumor,0.9971193075180054,True
457,TCGA-EB-A3XE-01,Primary Tumor,7,TCGA-WE-A8ZQ-06,Metastasis,0.9951507449150085,False
457,TCGA-EB-A3XE-01,Primary Tumor,8,TCGA-GF-A2C7-01,Primary Tumor,0.9950495958328247,True
457,TCGA-EB-A3XE-01,Primary Tumor,9,TCGA-DA-A1I8-06,Metastasis,0.9934263825416565,False
458,TCGA-ER-A194-01,Primary Tumor,0,TCGA-D3-A8GI-06,Metastasis,0.9998561143875122,False
458,TCGA-ER-A194-01,Primary Tumor,1,TCGA-DA-A95Z-06,Metastasis,0.9998478293418884,False
458,TCGA-ER-A194-01,Primary Tumor,2,TCGA-BF-A5ER-01,Primary Tumor,0.9997450113296509,True
458,TCGA-ER-A194-01,Primary Tumor,3,TCGA-D3-A5GT-01,Primary Tumor,0.9997071027755737,True
458,TCGA-ER-A194-01,Primary Tumor,4,TCGA-EB-A553-01,Primary Tumor,0.9996309280395508,True
458,TCGA-ER-A194-01,Primary Tumor,5,TCGA-XV-AB01-06,Metastasis,0.9995805025100708,False
458,TCGA-ER-A194-01,Primary Tumor,6,TCGA-EE-A29B-06,Metastasis,0.9994704723358154,False
458,TCGA-ER-A194-01,Primary Tumor,7,TCGA-FS-A1ZU-06,Metastasis,0.9992072582244873,False
458,TCGA-ER-A194-01,Primary Tumor,8,TCGA-GN-A8LK-06,Metastasis,0.9988951086997986,False
458,TCGA-ER-A194-01,Primary Tumor,9,TCGA-IH-A3EA-01,Primary Tumor,0.9986740350723267,True
459,TCGA-EE-A2GI-06,Metastasis,0,TCGA-DA-A1HW-06,Metastasis,0.9998140335083008,True
459,TCGA-EE-A2GI-06,Metastasis,1,TCGA-EE-A2A1-06,Metastasis,0.9997838735580444,True
459,TCGA-EE-A2GI-06,Metastasis,2,TCGA-D3-A8GJ-06,Metastasis,0.9995786547660828,True
459,TCGA-EE-A2GI-06,Metastasis,3,TCGA-WE-A8K1-06,Metastasis,0.9994341731071472,True
459,TCGA-EE-A2GI-06,Metastasis,4,TCGA-D3-A2JC-06,Metastasis,0.9993409514427185,True
459,TCGA-EE-A2GI-06,Metastasis,5,TCGA-FR-A44A-06,Metastasis,0.9993271231651306,True
459,TCGA-EE-A2GI-06,Metastasis,6,TCGA-D3-A1Q7-06,Metastasis,0.9991265535354614,True
459,TCGA-EE-A2GI-06,Metastasis,7,TCGA-D3-A51J-06,Metastasis,0.9987586736679077,True
459,TCGA-EE-A2GI-06,Metastasis,8,TCGA-EE-A29Q-06,Metastasis,0.9987214803695679,True
459,TCGA-EE-A2GI-06,Metastasis,9,TCGA-ER-A42L-06,Metastasis,0.998642086982727,True
460,TCGA-QB-AA9O-06,Metastasis,0,TCGA-D9-A6E9-06,Metastasis,0.9999500513076782,True
460,TCGA-QB-AA9O-06,Metastasis,1,TCGA-EE-A29R-06,Metastasis,0.9998572468757629,True
460,TCGA-QB-AA9O-06,Metastasis,2,TCGA-EB-A42Y-01,Primary Tumor,0.9998424053192139,False
460,TCGA-QB-AA9O-06,Metastasis,3,TCGA-GN-A264-06,Metastasis,0.999712347984314,True
460,TCGA-QB-AA9O-06,Metastasis,4,TCGA-EE-A2GJ-06,Metastasis,0.9997088313102722,True
460,TCGA-QB-AA9O-06,Metastasis,5,TCGA-D3-A2JL-06,Metastasis,0.9996483325958252,True
460,TCGA-QB-AA9O-06,Metastasis,6,TCGA-GF-A769-01,Primary Tumor,0.9995653033256531,False
460,TCGA-QB-AA9O-06,Metastasis,7,TCGA-ER-A3PL-06,Metastasis,0.9995530247688293,True
460,TCGA-QB-AA9O-06,Metastasis,8,TCGA-EE-A17Y-06,Metastasis,0.9994646906852722,True
460,TCGA-QB-AA9O-06,Metastasis,9,TCGA-D9-A1X3-06,Metastasis,0.9994378685951233,True
461,TCGA-EE-A2MM-06,Metastasis,0,TCGA-ER-A19Q-06,Metastasis,0.9999833106994629,True
461,TCGA-EE-A2MM-06,Metastasis,1,TCGA-EE-A2GN-06,Metastasis,0.9999294281005859,True
461,TCGA-EE-A2MM-06,Metastasis,2,TCGA-WE-A8K5-06,Metastasis,0.999825119972229,True
461,TCGA-EE-A2MM-06,Metastasis,3,TCGA-WE-A8ZO-06,Metastasis,0.9998170733451843,True
461,TCGA-EE-A2MM-06,Metastasis,4,TCGA-D3-A5GU-06,Metastasis,0.9997966289520264,True
461,TCGA-EE-A2MM-06,Metastasis,5,TCGA-EE-A3J7-06,Metastasis,0.9997633099555969,True
461,TCGA-EE-A2MM-06,Metastasis,6,TCGA-D3-A2JF-06,Metastasis,0.9997575283050537,True
461,TCGA-EE-A2MM-06,Metastasis,7,TCGA-YD-A9TB-06,Metastasis,0.9997097253799438,True
461,TCGA-EE-A2MM-06,Metastasis,8,TCGA-EE-A184-06,Metastasis,0.9995874762535095,True
461,TCGA-EE-A2MM-06,Metastasis,9,TCGA-DA-A95W-06,Metastasis,0.9995021820068359,True
462,TCGA-EB-A85I-01,Primary Tumor,0,TCGA-FS-A4F2-06,Metastasis,0.9999869465827942,False
462,TCGA-EB-A85I-01,Primary Tumor,1,TCGA-ER-A19F-06,Metastasis,0.999958336353302,False
462,TCGA-EB-A85I-01,Primary Tumor,2,TCGA-GN-A4U3-06,Metastasis,0.9999362230300903,False
462,TCGA-EB-A85I-01,Primary Tumor,3,TCGA-WE-AAA4-06,Metastasis,0.9999247789382935,False
462,TCGA-EB-A85I-01,Primary Tumor,4,TCGA-ER-A3PL-06,Metastasis,0.9999142289161682,False
462,TCGA-EB-A85I-01,Primary Tumor,5,TCGA-YD-A89C-06,Metastasis,0.9998932480812073,False
462,TCGA-EB-A85I-01,Primary Tumor,6,TCGA-D3-A2JL-06,Metastasis,0.9997187852859497,False
462,TCGA-EB-A85I-01,Primary Tumor,7,TCGA-GN-A264-06,Metastasis,0.9996915459632874,False
462,TCGA-EB-A85I-01,Primary Tumor,8,TCGA-RP-A695-06,Metastasis,0.9996660947799683,False
462,TCGA-EB-A85I-01,Primary Tumor,9,TCGA-EB-A42Y-01,Primary Tumor,0.9996529221534729,True
463,TCGA-EE-A2MF-06,Metastasis,0,TCGA-EB-A41A-01,Primary Tumor,0.9997941851615906,False
463,TCGA-EE-A2MF-06,Metastasis,1,TCGA-GN-A26D-06,Metastasis,0.9997802376747131,True
463,TCGA-EE-A2MF-06,Metastasis,2,TCGA-GN-A4U4-06,Metastasis,0.999742329120636,True
463,TCGA-EE-A2MF-06,Metastasis,3,TCGA-ER-A199-06,Metastasis,0.9996815919876099,True
463,TCGA-EE-A2MF-06,Metastasis,4,TCGA-EB-A5UM-01,Primary Tumor,0.99965500831604,False
463,TCGA-EE-A2MF-06,Metastasis,5,TCGA-ER-A193-06,Metastasis,0.9996193647384644,True
463,TCGA-EE-A2MF-06,Metastasis,6,TCGA-EE-A2MQ-06,Metastasis,0.99953693151474,True
463,TCGA-EE-A2MF-06,Metastasis,7,TCGA-D3-A2JF-06,Metastasis,0.9993884563446045,True
463,TCGA-EE-A2MF-06,Metastasis,8,TCGA-EE-A2GN-06,Metastasis,0.9993432760238647,True
463,TCGA-EE-A2MF-06,Metastasis,9,TCGA-ER-A19Q-06,Metastasis,0.9991366863250732,True
464,TCGA-ER-A19E-06,Metastasis,0,TCGA-EE-A3AB-06,Metastasis,0.9997981786727905,True
464,TCGA-ER-A19E-06,Metastasis,1,TCGA-FS-A1ZW-06,Metastasis,0.9988390803337097,True
464,TCGA-ER-A19E-06,Metastasis,2,TCGA-D3-A3CC-06,Metastasis,0.9987452626228333,True
464,TCGA-ER-A19E-06,Metastasis,3,TCGA-EB-A431-01,Primary Tumor,0.9985629320144653,False
464,TCGA-ER-A19E-06,Metastasis,4,TCGA-EE-A3JH-06,Metastasis,0.9983211159706116,True
464,TCGA-ER-A19E-06,Metastasis,5,TCGA-BF-AAOU-01,Primary Tumor,0.997697651386261,False
464,TCGA-ER-A19E-06,Metastasis,6,TCGA-EE-A3AH-06,Metastasis,0.997660756111145,True
464,TCGA-ER-A19E-06,Metastasis,7,TCGA-D3-A2JN-06,Metastasis,0.9976177215576172,True
464,TCGA-ER-A19E-06,Metastasis,8,TCGA-BF-AAP7-01,Primary Tumor,0.9976022243499756,False
464,TCGA-ER-A19E-06,Metastasis,9,TCGA-D3-A8GQ-06,Metastasis,0.997401237487793,True
465,TCGA-3N-A9WD-06,Metastasis,0,TCGA-WE-A8JZ-06,Metastasis,0.9998460412025452,True
465,TCGA-3N-A9WD-06,Metastasis,1,TCGA-D3-A1Q4-06,Metastasis,0.9998288154602051,True
465,TCGA-3N-A9WD-06,Metastasis,2,TCGA-ER-A19M-06,Metastasis,0.9997835755348206,True
465,TCGA-3N-A9WD-06,Metastasis,3,TCGA-D3-A8GO-06,Metastasis,0.9996479153633118,True
465,TCGA-3N-A9WD-06,Metastasis,4,TCGA-WE-AA9Y-06,Metastasis,0.999553918838501,True
465,TCGA-3N-A9WD-06,Metastasis,5,TCGA-D3-A8GM-06,Metastasis,0.9995142221450806,True
465,TCGA-3N-A9WD-06,Metastasis,6,TCGA-3N-A9WC-06,Metastasis,0.9994902014732361,True
465,TCGA-3N-A9WD-06,Metastasis,7,TCGA-D9-A3Z4-01,Primary Tumor,0.9994628429412842,False
465,TCGA-3N-A9WD-06,Metastasis,8,TCGA-EE-A2GU-06,Metastasis,0.9993062019348145,True
465,TCGA-3N-A9WD-06,Metastasis,9,TCGA-D3-A1Q8-06,Metastasis,0.9992373585700989,True
466,TCGA-DA-A95W-06,Metastasis,0,TCGA-EE-A29S-06,Metastasis,0.9999302625656128,True
466,TCGA-DA-A95W-06,Metastasis,1,TCGA-RP-A6K9-06,Metastasis,0.9999279975891113,True
466,TCGA-DA-A95W-06,Metastasis,2,TCGA-YD-A9TB-06,Metastasis,0.9999217987060547,True
466,TCGA-DA-A95W-06,Metastasis,3,TCGA-EE-A184-06,Metastasis,0.9999187588691711,True
466,TCGA-DA-A95W-06,Metastasis,4,TCGA-EE-A3J7-06,Metastasis,0.9998932480812073,True
466,TCGA-DA-A95W-06,Metastasis,5,TCGA-WE-A8K5-06,Metastasis,0.9998928308486938,True
466,TCGA-DA-A95W-06,Metastasis,6,TCGA-RP-A694-06,Metastasis,0.9998914003372192,True
466,TCGA-DA-A95W-06,Metastasis,7,TCGA-BF-A1PZ-01,Primary Tumor,0.9998701810836792,False
466,TCGA-DA-A95W-06,Metastasis,8,TCGA-W3-AA1Q-06,Metastasis,0.9998412728309631,True
466,TCGA-DA-A95W-06,Metastasis,9,TCGA-EE-A29D-06,Metastasis,0.9998360872268677,True
467,TCGA-D9-A4Z6-06,Metastasis,0,TCGA-EB-A82C-01,Primary Tumor,0.9997928738594055,False
467,TCGA-D9-A4Z6-06,Metastasis,1,TCGA-EB-A6QZ-01,Primary Tumor,0.9997217059135437,False
467,TCGA-D9-A4Z6-06,Metastasis,2,TCGA-DA-A3F5-06,Metastasis,0.9996969699859619,True
467,TCGA-D9-A4Z6-06,Metastasis,3,TCGA-D3-A1QB-06,Metastasis,0.9996606111526489,True
467,TCGA-D9-A4Z6-06,Metastasis,4,TCGA-EB-A5UN-06,Metastasis,0.9995522499084473,True
467,TCGA-D9-A4Z6-06,Metastasis,5,TCGA-DA-A1I7-06,Metastasis,0.9995315670967102,True
467,TCGA-D9-A4Z6-06,Metastasis,6,TCGA-WE-A8K6-06,Metastasis,0.9992663264274597,True
467,TCGA-D9-A4Z6-06,Metastasis,7,TCGA-DA-A95V-06,Metastasis,0.9992544054985046,True
467,TCGA-D9-A4Z6-06,Metastasis,8,TCGA-EE-A17Y-06,Metastasis,0.9991363286972046,True
467,TCGA-D9-A4Z6-06,Metastasis,9,TCGA-D3-A51G-06,Metastasis,0.9990625381469727,True
468,TCGA-EE-A29L-06,Metastasis,0,TCGA-BF-A5EP-01,Primary Tumor,0.9999804496765137,False
468,TCGA-EE-A29L-06,Metastasis,1,TCGA-D3-A8GP-06,Metastasis,0.9999241232872009,True
468,TCGA-EE-A29L-06,Metastasis,2,TCGA-QB-A6FS-06,Metastasis,0.9999197721481323,True
468,TCGA-EE-A29L-06,Metastasis,3,TCGA-FS-A4F9-06,Metastasis,0.9998836517333984,True
468,TCGA-EE-A29L-06,Metastasis,4,TCGA-GN-A268-06,Metastasis,0.9998509883880615,True
468,TCGA-EE-A29L-06,Metastasis,5,TCGA-ER-A42H-01,Primary Tumor,0.9998229146003723,False
468,TCGA-EE-A29L-06,Metastasis,6,TCGA-EE-A29C-06,Metastasis,0.9998194575309753,True
468,TCGA-EE-A29L-06,Metastasis,7,TCGA-Z2-AA3V-06,Metastasis,0.9998152852058411,True
468,TCGA-EE-A29L-06,Metastasis,8,TCGA-D3-A5GO-06,Metastasis,0.999796450138092,True
468,TCGA-EE-A29L-06,Metastasis,9,TCGA-EB-A4P0-01,Primary Tumor,0.999782383441925,False
469,010_N,Benign Nevus,0,TCGA-EB-A299-01,Primary Tumor,0.9762730002403259,False
469,010_N,Benign Nevus,1,TCGA-EB-A550-01,Primary Tumor,0.9698435664176941,False
469,010_N,Benign Nevus,2,TCGA-EB-A6QY-01,Primary Tumor,0.9549458026885986,False
469,010_N,Benign Nevus,3,TCGA-EE-A29G-06,Metastasis,0.9348204135894775,False
469,010_N,Benign Nevus,4,TCGA-EB-A3XD-01,Primary Tumor,0.9322028160095215,False
469,010_N,Benign Nevus,5,TCGA-GN-A4U5-01,Primary Tumor,0.9191081523895264,False
469,010_N,Benign Nevus,6,TCGA-EB-A44N-01,Primary Tumor,0.898841381072998,False
469,010_N,Benign Nevus,7,031_N,Benign Nevus,0.8973332643508911,True
469,010_N,Benign Nevus,8,TCGA-D3-A1Q5-06,Metastasis,0.8947691917419434,False
469,010_N,Benign Nevus,9,TCGA-FR-A726-01,Primary Tumor,0.8888946175575256,False
470,018_N,Benign Nevus,0,LE-117-RB-118_N,Benign Nevus,0.9999257922172546,True
470,018_N,Benign Nevus,1,TCGA-FR-A726-01,Primary Tumor,0.9949020147323608,False
470,018_N,Benign Nevus,2,TCGA-EB-A4XL-01,Primary Tumor,0.9827215075492859,False
470,018_N,Benign Nevus,3,TCGA-GN-A4U5-01,Primary Tumor,0.9821180701255798,False
470,018_N,Benign Nevus,4,TCGA-FS-A1ZN-01,Primary Tumor,0.9781913757324219,False
470,018_N,Benign Nevus,5,LE-037-RG-038_N,Benign Nevus,0.9757991433143616,True
470,018_N,Benign Nevus,6,LE-029-SE-030_N,Benign Nevus,0.9679085612297058,True
470,018_N,Benign Nevus,7,TCGA-EE-A29G-06,Metastasis,0.9611929059028625,False
470,018_N,Benign Nevus,8,TCGA-EB-A6QY-01,Primary Tumor,0.9611469507217407,False
470,018_N,Benign Nevus,9,TCGA-EE-A2MC-06,Metastasis,0.9575638771057129,False
471,031_N,Benign Nevus,0,TCGA-EB-A44N-01,Primary Tumor,0.9976885318756104,False
471,031_N,Benign Nevus,1,FKH-027-028_N,Benign Nevus,0.9803798198699951,True
471,031_N,Benign Nevus,2,TCGA-EE-A29G-06,Metastasis,0.9699755311012268,False
471,031_N,Benign Nevus,3,TCGA-EB-A299-01,Primary Tumor,0.9679520726203918,False
471,031_N,Benign Nevus,4,LE-061-TM-062_N,Benign Nevus,0.9600128531455994,True
471,031_N,Benign Nevus,5,LE-047-LF-048_N,Benign Nevus,0.9584833383560181,True
471,031_N,Benign Nevus,6,LE-081-TR-082_N,Benign Nevus,0.9550645351409912,True
471,031_N,Benign Nevus,7,LE-029-SE-030_N,Benign Nevus,0.9525871276855469,True
471,031_N,Benign Nevus,8,BO-001-SH-002_N,Benign Nevus,0.950485348701477,True
471,031_N,Benign Nevus,9,1397_N,Benign Nevus,0.9369539022445679,True
472,1397_N,Benign Nevus,0,LE-041-RL-042_N,Benign Nevus,0.9958037734031677,True
472,1397_N,Benign Nevus,1,BO-013-NK-014_N,Benign Nevus,0.976685643196106,True
472,1397_N,Benign Nevus,2,LE-021-TH-022_N,Benign Nevus,0.9690417051315308,True
472,1397_N,Benign Nevus,3,LE-061-TM-062_N,Benign Nevus,0.9598317742347717,True
472,1397_N,Benign Nevus,4,FKH-027-028_N,Benign Nevus,0.9470876455307007,True
472,1397_N,Benign Nevus,5,LE-063-SP-064_N,Benign Nevus,0.9431044459342957,True
472,1397_N,Benign Nevus,6,031_N,Benign Nevus,0.9369539022445679,True
472,1397_N,Benign Nevus,7,LE-019-WP-020_N,Benign Nevus,0.9322477579116821,True
472,1397_N,Benign Nevus,8,BO-005-SA-006_N,Benign Nevus,0.9307472705841064,True
472,1397_N,Benign Nevus,9,TCGA-EB-A44N-01,Primary Tumor,0.9250848889350891,False
473,BO-001-SH-002_N,Benign Nevus,0,LE-047-LF-048_N,Benign Nevus,0.9990338087081909,True
473,BO-001-SH-002_N,Benign Nevus,1,LE-081-TR-082_N,Benign Nevus,0.9988902807235718,True
473,BO-001-SH-002_N,Benign Nevus,2,FKH-027-028_N,Benign Nevus,0.9867711663246155,True
473,BO-001-SH-002_N,Benign Nevus,3,FKH-008-010_N,Benign Nevus,0.9794467687606812,True
473,BO-001-SH-002_N,Benign Nevus,4,LE-061-TM-062_N,Benign Nevus,0.9789419770240784,True
473,BO-001-SH-002_N,Benign Nevus,5,BO-005-SA-006_N,Benign Nevus,0.9725773930549622,True
473,BO-001-SH-002_N,Benign Nevus,6,FKH-021-022_N,Benign Nevus,0.9705560803413391,True
473,BO-001-SH-002_N,Benign Nevus,7,LE-029-SE-030_N,Benign Nevus,0.9625452160835266,True
473,BO-001-SH-002_N,Benign Nevus,8,TCGA-EB-A44N-01,Primary Tumor,0.9523234367370605,False
473,BO-001-SH-002_N,Benign Nevus,9,031_N,Benign Nevus,0.950485348701477,True
474,BO-005-SA-006_N,Benign Nevus,0,FKH-008-010_N,Benign Nevus,0.9991118311882019,True
474,BO-005-SA-006_N,Benign Nevus,1,FKH-021-022_N,Benign Nevus,0.9951431751251221,True
474,BO-005-SA-006_N,Benign Nevus,2,LE-063-SP-064_N,Benign Nevus,0.993718147277832,True
474,BO-005-SA-006_N,Benign Nevus,3,LE-021-TH-022_N,Benign Nevus,0.990534245967865,True
474,BO-005-SA-006_N,Benign Nevus,4,LE-061-TM-062_N,Benign Nevus,0.9893368482589722,True
474,BO-005-SA-006_N,Benign Nevus,5,BO-013-NK-014_N,Benign Nevus,0.9811206459999084,True
474,BO-005-SA-006_N,Benign Nevus,6,LE-047-LF-048_N,Benign Nevus,0.9761508107185364,True
474,BO-005-SA-006_N,Benign Nevus,7,FKH-027-028_N,Benign Nevus,0.9741061329841614,True
474,BO-005-SA-006_N,Benign Nevus,8,BO-001-SH-002_N,Benign Nevus,0.9725773930549622,True
474,BO-005-SA-006_N,Benign Nevus,9,BO-015-BW-016_N,Benign Nevus,0.9714751243591309,True
475,BO-013-NK-014_N,Benign Nevus,0,LE-021-TH-022_N,Benign Nevus,0.9980130791664124,True
475,BO-013-NK-014_N,Benign Nevus,1,LE-063-SP-064_N,Benign Nevus,0.9920867681503296,True
475,BO-013-NK-014_N,Benign Nevus,2,LE-019-WP-020_N,Benign Nevus,0.9837338328361511,True
475,BO-013-NK-014_N,Benign Nevus,3,BO-005-SA-006_N,Benign Nevus,0.9811206459999084,True
475,BO-013-NK-014_N,Benign Nevus,4,LE-061-TM-062_N,Benign Nevus,0.9807689785957336,True
475,BO-013-NK-014_N,Benign Nevus,5,BO-015-BW-016_N,Benign Nevus,0.9775918126106262,True
475,BO-013-NK-014_N,Benign Nevus,6,1397_N,Benign Nevus,0.976685643196106,True
475,BO-013-NK-014_N,Benign Nevus,7,BO-017-BU-018_N,Benign Nevus,0.9752582311630249,True
475,BO-013-NK-014_N,Benign Nevus,8,LE-105-TF-106_N,Benign Nevus,0.9746775031089783,True
475,BO-013-NK-014_N,Benign Nevus,9,FKH-008-010_N,Benign Nevus,0.9725053906440735,True
476,BO-015-BW-016_N,Benign Nevus,0,LE-105-TF-106_N,Benign Nevus,0.9996541142463684,True
476,BO-015-BW-016_N,Benign Nevus,1,BO-017-BU-018_N,Benign Nevus,0.9983000755310059,True
476,BO-015-BW-016_N,Benign Nevus,2,LE-019-WP-020_N,Benign Nevus,0.9977696537971497,True
476,BO-015-BW-016_N,Benign Nevus,3,LE-063-SP-064_N,Benign Nevus,0.9899919033050537,True
476,BO-015-BW-016_N,Benign Nevus,4,BO-013-NK-014_N,Benign Nevus,0.9775918126106262,True
476,BO-015-BW-016_N,Benign Nevus,5,LE-021-TH-022_N,Benign Nevus,0.976533055305481,True
476,BO-015-BW-016_N,Benign Nevus,6,BO-005-SA-006_N,Benign Nevus,0.9714751243591309,True
476,BO-015-BW-016_N,Benign Nevus,7,FKH-021-022_N,Benign Nevus,0.9665279388427734,True
476,BO-015-BW-016_N,Benign Nevus,8,FKH-008-010_N,Benign Nevus,0.9633256793022156,True
476,BO-015-BW-016_N,Benign Nevus,9,LE-061-TM-062_N,Benign Nevus,0.9409158229827881,True
477,BO-017-BU-018_N,Benign Nevus,0,LE-105-TF-106_N,Benign Nevus,0.999298095703125,True
477,BO-017-BU-018_N,Benign Nevus,1,LE-019-WP-020_N,Benign Nevus,0.9989471435546875,True
477,BO-017-BU-018_N,Benign Nevus,2,BO-015-BW-016_N,Benign Nevus,0.9983000755310059,True
477,BO-017-BU-018_N,Benign Nevus,3,LE-063-SP-064_N,Benign Nevus,0.9832647442817688,True
477,BO-017-BU-018_N,Benign Nevus,4,BO-013-NK-014_N,Benign Nevus,0.9752582311630249,True
477,BO-017-BU-018_N,Benign Nevus,5,LE-021-TH-022_N,Benign Nevus,0.970780074596405,True
477,BO-017-BU-018_N,Benign Nevus,6,BO-005-SA-006_N,Benign Nevus,0.958660364151001,True
477,BO-017-BU-018_N,Benign Nevus,7,FKH-021-022_N,Benign Nevus,0.9503976106643677,True
477,BO-017-BU-018_N,Benign Nevus,8,FKH-008-010_N,Benign Nevus,0.9481992721557617,True
477,BO-017-BU-018_N,Benign Nevus,9,LE-061-TM-062_N,Benign Nevus,0.9283901453018188,True
478,FKH-008-010_N,Benign Nevus,0,BO-005-SA-006_N,Benign Nevus,0.9991118311882019,True
478,FKH-008-010_N,Benign Nevus,1,FKH-021-022_N,Benign Nevus,0.9970209002494812,True
478,FKH-008-010_N,Benign Nevus,2,LE-063-SP-064_N,Benign Nevus,0.9885597825050354,True
478,FKH-008-010_N,Benign Nevus,3,LE-061-TM-062_N,Benign Nevus,0.9879465103149414,True
478,FKH-008-010_N,Benign Nevus,4,LE-021-TH-022_N,Benign Nevus,0.9844934940338135,True
478,FKH-008-010_N,Benign Nevus,5,LE-047-LF-048_N,Benign Nevus,0.9817274212837219,True
478,FKH-008-010_N,Benign Nevus,6,BO-001-SH-002_N,Benign Nevus,0.9794467687606812,True
478,FKH-008-010_N,Benign Nevus,7,FKH-027-028_N,Benign Nevus,0.9752430319786072,True
478,FKH-008-010_N,Benign Nevus,8,BO-013-NK-014_N,Benign Nevus,0.9725053906440735,True
478,FKH-008-010_N,Benign Nevus,9,LE-081-TR-082_N,Benign Nevus,0.9689843058586121,True
479,FKH-021-022_N,Benign Nevus,0,FKH-008-010_N,Benign Nevus,0.9970209002494812,True
479,FKH-021-022_N,Benign Nevus,1,BO-005-SA-006_N,Benign Nevus,0.9951431751251221,True
479,FKH-021-022_N,Benign Nevus,2,LE-063-SP-064_N,Benign Nevus,0.9852221012115479,True
479,FKH-021-022_N,Benign Nevus,3,LE-021-TH-022_N,Benign Nevus,0.9737305045127869,True
479,FKH-021-022_N,Benign Nevus,4,LE-061-TM-062_N,Benign Nevus,0.9731347560882568,True
479,FKH-021-022_N,Benign Nevus,5,LE-047-LF-048_N,Benign Nevus,0.9705743193626404,True
479,FKH-021-022_N,Benign Nevus,6,BO-001-SH-002_N,Benign Nevus,0.9705560803413391,True
479,FKH-021-022_N,Benign Nevus,7,BO-015-BW-016_N,Benign Nevus,0.9665279388427734,True
479,FKH-021-022_N,Benign Nevus,8,BO-013-NK-014_N,Benign Nevus,0.9603883028030396,True
479,FKH-021-022_N,Benign Nevus,9,LE-105-TF-106_N,Benign Nevus,0.9598495960235596,True
480,FKH-027-028_N,Benign Nevus,0,LE-061-TM-062_N,Benign Nevus,0.9947130680084229,True
480,FKH-027-028_N,Benign Nevus,1,LE-047-LF-048_N,Benign Nevus,0.9920197129249573,True
480,FKH-027-028_N,Benign Nevus,2,BO-001-SH-002_N,Benign Nevus,0.9867711663246155,True
480,FKH-027-028_N,Benign Nevus,3,LE-081-TR-082_N,Benign Nevus,0.9844130873680115,True
480,FKH-027-028_N,Benign Nevus,4,031_N,Benign Nevus,0.9803798198699951,True
480,FKH-027-028_N,Benign Nevus,5,TCGA-EB-A44N-01,Primary Tumor,0.9783617854118347,False
480,FKH-027-028_N,Benign Nevus,6,FKH-008-010_N,Benign Nevus,0.9752430319786072,True
480,FKH-027-028_N,Benign Nevus,7,BO-005-SA-006_N,Benign Nevus,0.9741061329841614,True
480,FKH-027-028_N,Benign Nevus,8,LE-021-TH-022_N,Benign Nevus,0.970061719417572,True
480,FKH-027-028_N,Benign Nevus,9,BO-013-NK-014_N,Benign Nevus,0.9583187103271484,True
481,LE-019-WP-020_N,Benign Nevus,0,BO-017-BU-018_N,Benign Nevus,0.9989471435546875,True
481,LE-019-WP-020_N,Benign Nevus,1,LE-105-TF-106_N,Benign Nevus,0.9981833100318909,True
481,LE-019-WP-020_N,Benign Nevus,2,BO-015-BW-016_N,Benign Nevus,0.9977696537971497,True
481,LE-019-WP-020_N,Benign Nevus,3,LE-063-SP-064_N,Benign Nevus,0.9881535768508911,True
481,LE-019-WP-020_N,Benign Nevus,4,BO-013-NK-014_N,Benign Nevus,0.9837338328361511,True
481,LE-019-WP-020_N,Benign Nevus,5,LE-021-TH-022_N,Benign Nevus,0.9797738790512085,True
481,LE-019-WP-020_N,Benign Nevus,6,BO-005-SA-006_N,Benign Nevus,0.9659253358840942,True
481,LE-019-WP-020_N,Benign Nevus,7,FKH-008-010_N,Benign Nevus,0.955721914768219,True
481,LE-019-WP-020_N,Benign Nevus,8,FKH-021-022_N,Benign Nevus,0.9547684192657471,True
481,LE-019-WP-020_N,Benign Nevus,9,LE-061-TM-062_N,Benign Nevus,0.9419470429420471,True
482,LE-021-TH-022_N,Benign Nevus,0,BO-013-NK-014_N,Benign Nevus,0.9980130791664124,True
482,LE-021-TH-022_N,Benign Nevus,1,LE-063-SP-064_N,Benign Nevus,0.9952508211135864,True
482,LE-021-TH-022_N,Benign Nevus,2,BO-005-SA-006_N,Benign Nevus,0.990534245967865,True
482,LE-021-TH-022_N,Benign Nevus,3,LE-061-TM-062_N,Benign Nevus,0.9893548488616943,True
482,LE-021-TH-022_N,Benign Nevus,4,FKH-008-010_N,Benign Nevus,0.9844934940338135,True
482,LE-021-TH-022_N,Benign Nevus,5,LE-019-WP-020_N,Benign Nevus,0.9797738790512085,True
482,LE-021-TH-022_N,Benign Nevus,6,BO-015-BW-016_N,Benign Nevus,0.976533055305481,True
482,LE-021-TH-022_N,Benign Nevus,7,FKH-021-022_N,Benign Nevus,0.9737305045127869,True
482,LE-021-TH-022_N,Benign Nevus,8,LE-105-TF-106_N,Benign Nevus,0.9724647402763367,True
482,LE-021-TH-022_N,Benign Nevus,9,BO-017-BU-018_N,Benign Nevus,0.970780074596405,True
483,LE-029-SE-030_N,Benign Nevus,0,TCGA-EB-A4XL-01,Primary Tumor,0.994423508644104,False
483,LE-029-SE-030_N,Benign Nevus,1,LE-037-RG-038_N,Benign Nevus,0.9876777529716492,True
483,LE-029-SE-030_N,Benign Nevus,2,TCGA-EE-A29G-06,Metastasis,0.981148362159729,False
483,LE-029-SE-030_N,Benign Nevus,3,LE-081-TR-082_N,Benign Nevus,0.9741134643554688,True
483,LE-029-SE-030_N,Benign Nevus,4,018_N,Benign Nevus,0.9679085612297058,True
483,LE-029-SE-030_N,Benign Nevus,5,LE-117-RB-118_N,Benign Nevus,0.9664523601531982,True
483,LE-029-SE-030_N,Benign Nevus,6,TCGA-FR-A726-01,Primary Tumor,0.9630829095840454,False
483,LE-029-SE-030_N,Benign Nevus,7,BO-001-SH-002_N,Benign Nevus,0.9625452160835266,True
483,LE-029-SE-030_N,Benign Nevus,8,TCGA-EB-A44N-01,Primary Tumor,0.9601740837097168,False
483,LE-029-SE-030_N,Benign Nevus,9,LE-047-LF-048_N,Benign Nevus,0.9596477150917053,True
484,LE-037-RG-038_N,Benign Nevus,0,TCGA-EB-A4XL-01,Primary Tumor,0.9965213537216187,False
484,LE-037-RG-038_N,Benign Nevus,1,LE-029-SE-030_N,Benign Nevus,0.9876777529716492,True
484,LE-037-RG-038_N,Benign Nevus,2,TCGA-YD-A9TA-06,Metastasis,0.9856292605400085,False
484,LE-037-RG-038_N,Benign Nevus,3,018_N,Benign Nevus,0.9757991433143616,True
484,LE-037-RG-038_N,Benign Nevus,4,LE-117-RB-118_N,Benign Nevus,0.9755939245223999,True
484,LE-037-RG-038_N,Benign Nevus,5,TCGA-EB-A6R0-01,Primary Tumor,0.9716300964355469,False
484,LE-037-RG-038_N,Benign Nevus,6,TCGA-DA-A1IB-06,Metastasis,0.9702740907669067,False
484,LE-037-RG-038_N,Benign Nevus,7,TCGA-FR-A726-01,Primary Tumor,0.9649572372436523,False
484,LE-037-RG-038_N,Benign Nevus,8,TCGA-FR-A8YE-06,Metastasis,0.9535736441612244,False
484,LE-037-RG-038_N,Benign Nevus,9,LE-081-TR-082_N,Benign Nevus,0.9526686072349548,True
485,LE-041-RL-042_N,Benign Nevus,0,1397_N,Benign Nevus,0.9958037734031677,True
485,LE-041-RL-042_N,Benign Nevus,1,BO-013-NK-014_N,Benign Nevus,0.9599897861480713,True
485,LE-041-RL-042_N,Benign Nevus,2,LE-021-TH-022_N,Benign Nevus,0.9471507668495178,True
485,LE-041-RL-042_N,Benign Nevus,3,LE-061-TM-062_N,Benign Nevus,0.9304835200309753,True
485,LE-041-RL-042_N,Benign Nevus,4,LE-063-SP-064_N,Benign Nevus,0.9173383712768555,True
485,LE-041-RL-042_N,Benign Nevus,5,LE-019-WP-020_N,Benign Nevus,0.9164665341377258,True
485,LE-041-RL-042_N,Benign Nevus,6,FKH-027-028_N,Benign Nevus,0.9143683314323425,True
485,LE-041-RL-042_N,Benign Nevus,7,031_N,Benign Nevus,0.9104310274124146,True
485,LE-041-RL-042_N,Benign Nevus,8,BO-017-BU-018_N,Benign Nevus,0.9001333713531494,True
485,LE-041-RL-042_N,Benign Nevus,9,BO-005-SA-006_N,Benign Nevus,0.8971005082130432,True
486,LE-047-LF-048_N,Benign Nevus,0,BO-001-SH-002_N,Benign Nevus,0.9990338087081909,True
486,LE-047-LF-048_N,Benign Nevus,1,LE-081-TR-082_N,Benign Nevus,0.9974296689033508,True
486,LE-047-LF-048_N,Benign Nevus,2,FKH-027-028_N,Benign Nevus,0.9920197129249573,True
486,LE-047-LF-048_N,Benign Nevus,3,LE-061-TM-062_N,Benign Nevus,0.9856299757957458,True
486,LE-047-LF-048_N,Benign Nevus,4,FKH-008-010_N,Benign Nevus,0.9817274212837219,True
486,LE-047-LF-048_N,Benign Nevus,5,BO-005-SA-006_N,Benign Nevus,0.9761508107185364,True
486,LE-047-LF-048_N,Benign Nevus,6,FKH-021-022_N,Benign Nevus,0.9705743193626404,True
486,LE-047-LF-048_N,Benign Nevus,7,TCGA-EB-A44N-01,Primary Tumor,0.9602456092834473,False
486,LE-047-LF-048_N,Benign Nevus,8,LE-029-SE-030_N,Benign Nevus,0.9596477150917053,True
486,LE-047-LF-048_N,Benign Nevus,9,031_N,Benign Nevus,0.9584833383560181,True
487,LE-061-TM-062_N,Benign Nevus,0,FKH-027-028_N,Benign Nevus,0.9947130680084229,True
487,LE-061-TM-062_N,Benign Nevus,1,LE-021-TH-022_N,Benign Nevus,0.9893548488616943,True
487,LE-061-TM-062_N,Benign Nevus,2,BO-005-SA-006_N,Benign Nevus,0.9893368482589722,True
487,LE-061-TM-062_N,Benign Nevus,3,FKH-008-010_N,Benign Nevus,0.9879465103149414,True
487,LE-061-TM-062_N,Benign Nevus,4,LE-047-LF-048_N,Benign Nevus,0.9856299757957458,True
487,LE-061-TM-062_N,Benign Nevus,5,BO-013-NK-014_N,Benign Nevus,0.9807689785957336,True
487,LE-061-TM-062_N,Benign Nevus,6,BO-001-SH-002_N,Benign Nevus,0.9789419770240784,True
487,LE-061-TM-062_N,Benign Nevus,7,LE-063-SP-064_N,Benign Nevus,0.9785608053207397,True
487,LE-061-TM-062_N,Benign Nevus,8,FKH-021-022_N,Benign Nevus,0.9731347560882568,True
487,LE-061-TM-062_N,Benign Nevus,9,LE-081-TR-082_N,Benign Nevus,0.97188401222229,True
488,LE-063-SP-064_N,Benign Nevus,0,LE-021-TH-022_N,Benign Nevus,0.9952508211135864,True
488,LE-063-SP-064_N,Benign Nevus,1,BO-005-SA-006_N,Benign Nevus,0.993718147277832,True
488,LE-063-SP-064_N,Benign Nevus,2,BO-013-NK-014_N,Benign Nevus,0.9920867681503296,True
488,LE-063-SP-064_N,Benign Nevus,3,BO-015-BW-016_N,Benign Nevus,0.9899919033050537,True
488,LE-063-SP-064_N,Benign Nevus,4,FKH-008-010_N,Benign Nevus,0.9885597825050354,True
488,LE-063-SP-064_N,Benign Nevus,5,LE-019-WP-020_N,Benign Nevus,0.9881535768508911,True
488,LE-063-SP-064_N,Benign Nevus,6,LE-105-TF-106_N,Benign Nevus,0.9864166378974915,True
488,LE-063-SP-064_N,Benign Nevus,7,FKH-021-022_N,Benign Nevus,0.9852221012115479,True
488,LE-063-SP-064_N,Benign Nevus,8,BO-017-BU-018_N,Benign Nevus,0.9832647442817688,True
488,LE-063-SP-064_N,Benign Nevus,9,LE-061-TM-062_N,Benign Nevus,0.9785608053207397,True
489,LE-081-TR-082_N,Benign Nevus,0,BO-001-SH-002_N,Benign Nevus,0.9988902807235718,True
489,LE-081-TR-082_N,Benign Nevus,1,LE-047-LF-048_N,Benign Nevus,0.9974296689033508,True
489,LE-081-TR-082_N,Benign Nevus,2,FKH-027-028_N,Benign Nevus,0.9844130873680115,True
489,LE-081-TR-082_N,Benign Nevus,3,LE-029-SE-030_N,Benign Nevus,0.9741134643554688,True
489,LE-081-TR-082_N,Benign Nevus,4,LE-061-TM-062_N,Benign Nevus,0.97188401222229,True
489,LE-081-TR-082_N,Benign Nevus,5,FKH-008-010_N,Benign Nevus,0.9689843058586121,True
489,LE-081-TR-082_N,Benign Nevus,6,BO-005-SA-006_N,Benign Nevus,0.9608566164970398,True
489,LE-081-TR-082_N,Benign Nevus,7,FKH-021-022_N,Benign Nevus,0.9584107398986816,True
489,LE-081-TR-082_N,Benign Nevus,8,TCGA-EB-A44N-01,Primary Tumor,0.958074688911438,False
489,LE-081-TR-082_N,Benign Nevus,9,031_N,Benign Nevus,0.9550645351409912,True
490,LE-105-TF-106_N,Benign Nevus,0,BO-015-BW-016_N,Benign Nevus,0.9996541142463684,True
490,LE-105-TF-106_N,Benign Nevus,1,BO-017-BU-018_N,Benign Nevus,0.999298095703125,True
490,LE-105-TF-106_N,Benign Nevus,2,LE-019-WP-020_N,Benign Nevus,0.9981833100318909,True
490,LE-105-TF-106_N,Benign Nevus,3,LE-063-SP-064_N,Benign Nevus,0.9864166378974915,True
490,LE-105-TF-106_N,Benign Nevus,4,BO-013-NK-014_N,Benign Nevus,0.9746775031089783,True
490,LE-105-TF-106_N,Benign Nevus,5,LE-021-TH-022_N,Benign Nevus,0.9724647402763367,True
490,LE-105-TF-106_N,Benign Nevus,6,BO-005-SA-006_N,Benign Nevus,0.96528160572052,True
490,LE-105-TF-106_N,Benign Nevus,7,FKH-021-022_N,Benign Nevus,0.9598495960235596,True
490,LE-105-TF-106_N,Benign Nevus,8,FKH-008-010_N,Benign Nevus,0.9563195705413818,True
490,LE-105-TF-106_N,Benign Nevus,9,LE-061-TM-062_N,Benign Nevus,0.9334108233451843,True
491,LE-117-RB-118_N,Benign Nevus,0,018_N,Benign Nevus,0.9999257922172546,True
491,LE-117-RB-118_N,Benign Nevus,1,TCGA-FR-A726-01,Primary Tumor,0.9949616193771362,False
491,LE-117-RB-118_N,Benign Nevus,2,TCGA-GN-A4U5-01,Primary Tumor,0.9822074770927429,False
491,LE-117-RB-118_N,Benign Nevus,3,TCGA-EB-A4XL-01,Primary Tumor,0.9820641875267029,False
491,LE-117-RB-118_N,Benign Nevus,4,TCGA-FS-A1ZN-01,Primary Tumor,0.979335367679596,False
491,LE-117-RB-118_N,Benign Nevus,5,LE-037-RG-038_N,Benign Nevus,0.9755939245223999,True
491,LE-117-RB-118_N,Benign Nevus,6,LE-029-SE-030_N,Benign Nevus,0.9664523601531982,True
491,LE-117-RB-118_N,Benign Nevus,7,TCGA-EB-A6QY-01,Primary Tumor,0.9605167508125305,False
491,LE-117-RB-118_N,Benign Nevus,8,TCGA-EE-A2MC-06,Metastasis,0.9600697755813599,False
491,LE-117-RB-118_N,Benign Nevus,9,TCGA-EE-A29G-06,Metastasis,0.959046483039856,False
