idx,sample_id,y_true,y_pred,true_label,pred_label,confidence,correct
0,GTEX-ZF29-0926-SM-4WKFZ,2,2,Normal Tissue,Normal Tissue,0.9947807192802429,True
1,GTEX-TSE9-0126-SM-3DB83,2,2,Normal Tissue,Normal Tissue,0.9988825917243958,True
2,GTEX-12WSK-2326-SM-5GCOH,2,2,Normal Tissue,Normal Tissue,0.9915403723716736,True
3,GTEX-P4PQ-0126-SM-2S1NM,2,2,Normal Tissue,Normal Tissue,0.9994545578956604,True
4,TCGA-FR-A3R1-01,0,1,Primary Tumor,Metastasis,0.9553061127662659,False
5,TCGA-EE-A29D-06,1,1,Metastasis,Metastasis,0.8812503814697266,True
6,TCGA-FS-A1ZA-06,1,1,Metastasis,Metastasis,0.6404559016227722,True
7,TCGA-EE-A17X-06,1,1,Metastasis,Metastasis,0.7810675501823425,True
8,TCGA-FR-A8YD-06,1,1,Metastasis,Metastasis,0.8682079911231995,True
9,TCGA-FS-A1ZF-06,1,1,Metastasis,Metastasis,0.7798933982849121,True
10,GTEX-X585-0008-SM-46MU4,2,2,Normal Tissue,Normal Tissue,0.9963213205337524,True
11,TCGA-EB-A41A-01,0,0,Primary Tumor,Primary Tumor,0.8743029236793518,True
12,TCGA-D3-A3ML-06,1,1,Metastasis,Metastasis,0.8007327318191528,True
13,TCGA-EE-A2MP-06,1,1,Metastasis,Metastasis,0.6054069995880127,True
14,TCGA-DA-A1I4-06,1,1,Metastasis,Metastasis,0.7494019269943237,True
15,GTEX-132NY-0326-SM-5IJBL,2,2,Normal Tissue,Normal Tissue,0.9893849492073059,True
16,GTEX-ZT9X-0008-SM-4YCD7,2,2,Normal Tissue,Normal Tissue,0.9467121362686157,True
17,TCGA-ER-A19S-06,1,1,Metastasis,Metastasis,0.9603615403175354,True
18,TCGA-EE-A3AB-06,1,1,Metastasis,Metastasis,0.74449622631073,True
19,GTEX-11DXX-0008-SM-5Q5B8,2,2,Normal Tissue,Normal Tissue,0.9913514852523804,True
20,GTEX-11O72-0626-SM-5PNYE,2,2,Normal Tissue,Normal Tissue,0.9781180024147034,True
21,GTEX-Y8LW-1526-SM-5IFHL,2,2,Normal Tissue,Normal Tissue,0.9971559047698975,True
22,TCGA-D3-A5GR-06,1,1,Metastasis,Metastasis,0.9694074988365173,True
23,GTEX-13PVR-2326-SM-5QGR1,2,2,Normal Tissue,Normal Tissue,0.9991021156311035,True
24,GTEX-T6MO-1626-SM-32QOM,2,2,Normal Tissue,Normal Tissue,0.999464213848114,True
25,TCGA-W3-AA1R-06,1,1,Metastasis,Metastasis,0.9483867883682251,True
26,GTEX-ZVZP-2426-SM-59HKJ,2,2,Normal Tissue,Normal Tissue,0.9968284964561462,True
27,TCGA-D3-A8GK-06,1,1,Metastasis,Metastasis,0.8391624689102173,True
28,GTEX-U4B1-1826-SM-4DXSU,2,2,Normal Tissue,Normal Tissue,0.9910570383071899,True
29,GTEX-ZVZO-0126-SM-5A5L9,2,2,Normal Tissue,Normal Tissue,0.9973989725112915,True
30,GTEX-13FTY-2126-SM-5IFFB,2,2,Normal Tissue,Normal Tissue,0.9943564534187317,True
31,TCGA-EE-A20H-06,1,0,Metastasis,Primary Tumor,0.5684361457824707,False
32,GTEX-OXRP-0126-SM-3NB32,2,2,Normal Tissue,Normal Tissue,0.9968520998954773,True
33,GTEX-YFC4-0008-SM-4RGM3,2,2,Normal Tissue,Normal Tissue,0.9749282002449036,True
34,GTEX-13FH7-1126-SM-5K7UG,2,2,Normal Tissue,Normal Tissue,0.99625164270401,True
35,GTEX-147GR-0526-SM-5S2MY,2,2,Normal Tissue,Normal Tissue,0.9943667054176331,True
36,GTEX-Y8LW-1826-SM-5S2MV,2,2,Normal Tissue,Normal Tissue,0.9962095022201538,True
37,GTEX-O5YU-0008-SM-4E3I7,2,2,Normal Tissue,Normal Tissue,0.5634329319000244,True
38,GTEX-X8HC-0126-SM-4E3JW,2,2,Normal Tissue,Normal Tissue,0.9933981895446777,True
39,TCGA-D3-A51G-06,1,1,Metastasis,Metastasis,0.8277589082717896,True
40,TCGA-EE-A29M-06,1,1,Metastasis,Metastasis,0.9624845385551453,True
41,TCGA-BF-A5ER-01,0,0,Primary Tumor,Primary Tumor,0.9077327251434326,True
42,TCGA-D3-A8GD-06,1,1,Metastasis,Metastasis,0.9784749746322632,True
43,TCGA-D3-A5GU-06,1,1,Metastasis,Metastasis,0.8895165324211121,True
44,GTEX-YEC4-2126-SM-5IFJH,2,2,Normal Tissue,Normal Tissue,0.9940593242645264,True
45,GTEX-SIU8-0126-SM-2XCDT,2,2,Normal Tissue,Normal Tissue,0.9799864888191223,True
46,GTEX-Y111-0126-SM-4SOIV,2,2,Normal Tissue,Normal Tissue,0.987676739692688,True
47,GTEX-11GS4-0008-SM-5QGRA,2,2,Normal Tissue,Normal Tissue,0.907157301902771,True
48,GTEX-YJ8O-2526-SM-5HL85,2,1,Normal Tissue,Metastasis,0.6815253496170044,False
49,GTEX-WI4N-1026-SM-3LK7N,2,2,Normal Tissue,Normal Tissue,0.9969502091407776,True
50,TCGA-D3-A3C8-06,1,1,Metastasis,Metastasis,0.5089885592460632,True
51,TCGA-FS-A4F2-06,1,1,Metastasis,Metastasis,0.7125320434570312,True
52,TCGA-EE-A29P-06,1,1,Metastasis,Metastasis,0.9637792110443115,True
53,GTEX-QLQ7-1626-SM-2S1R8,2,2,Normal Tissue,Normal Tissue,0.9927155375480652,True
54,TCGA-EB-A44O-01,0,0,Primary Tumor,Primary Tumor,0.8355184197425842,True
55,TCGA-FS-A1ZB-06,1,2,Metastasis,Normal Tissue,0.9572508931159973,False
56,TCGA-ER-A19T-01,0,0,Primary Tumor,Primary Tumor,0.8032020330429077,True
57,GTEX-11EQ8-0008-SM-5Q5DJ,2,2,Normal Tissue,Normal Tissue,0.9446955323219299,True
58,GTEX-11GSO-2426-SM-5A5LY,2,2,Normal Tissue,Normal Tissue,0.9961979985237122,True
59,GTEX-OXRL-0126-SM-2YUMP,2,2,Normal Tissue,Normal Tissue,0.9972332119941711,True
60,GTEX-XV7Q-0008-SM-4BRWL,2,2,Normal Tissue,Normal Tissue,0.9936057329177856,True
61,TCGA-ER-A19T-06,1,1,Metastasis,Metastasis,0.760213315486908,True
62,GTEX-12WSB-0126-SM-59HJN,2,2,Normal Tissue,Normal Tissue,0.9526168704032898,True
63,GTEX-SNMC-0008-SM-4DM5A,2,2,Normal Tissue,Normal Tissue,0.9939132332801819,True
64,GTEX-QVJO-0008-SM-447AU,2,2,Normal Tissue,Normal Tissue,0.9909893870353699,True
65,GTEX-Y5V6-2426-SM-4VDSB,2,2,Normal Tissue,Normal Tissue,0.9322089552879333,True
66,GTEX-Z93S-0008-SM-4RGM5,2,2,Normal Tissue,Normal Tissue,0.8980346322059631,True
67,GTEX-13OVH-0126-SM-5MR4B,2,2,Normal Tissue,Normal Tissue,0.9822943210601807,True
68,GTEX-XUW1-0926-SM-4BONX,2,2,Normal Tissue,Normal Tissue,0.9953351616859436,True
69,GTEX-14C5O-0126-SM-5SI6N,2,2,Normal Tissue,Normal Tissue,0.9729412794113159,True
70,GTEX-145MG-1526-SM-5Q5EM,2,2,Normal Tissue,Normal Tissue,0.750872790813446,True
71,GTEX-XLM4-0008-SM-4AT4W,2,2,Normal Tissue,Normal Tissue,0.6305227279663086,True
72,GTEX-WYVS-2126-SM-3NMA3,2,2,Normal Tissue,Normal Tissue,0.7897043228149414,True
73,GTEX-14753-0426-SM-5NQAM,2,2,Normal Tissue,Normal Tissue,0.9949589371681213,True
74,TCGA-D3-A3CE-06,1,1,Metastasis,Metastasis,0.8775407075881958,True
75,GTEX-13OW8-1026-SM-5J1NQ,2,2,Normal Tissue,Normal Tissue,0.9907349348068237,True
76,GTEX-113JC-2326-SM-5EQ4E,2,2,Normal Tissue,Normal Tissue,0.9737262725830078,True
77,GTEX-Z9EW-1626-SM-5CVMN,2,2,Normal Tissue,Normal Tissue,0.9984629154205322,True
78,GTEX-13X6K-0626-SM-5LU5D,2,2,Normal Tissue,Normal Tissue,0.9860314130783081,True
79,TCGA-ER-A19M-06,1,1,Metastasis,Metastasis,0.927908182144165,True
80,GTEX-11OF3-0008-SM-5S2NH,2,2,Normal Tissue,Normal Tissue,0.9305428266525269,True
81,GTEX-ZPU1-1126-SM-4YCF3,2,2,Normal Tissue,Normal Tissue,0.9739009141921997,True
82,TCGA-EE-A3AF-06,1,1,Metastasis,Metastasis,0.7740606665611267,True
83,TCGA-EE-A29A-06,1,1,Metastasis,Metastasis,0.6989845037460327,True
84,TCGA-EE-A184-06,1,1,Metastasis,Metastasis,0.742249608039856,True
85,TCGA-FS-A1YY-06,1,1,Metastasis,Metastasis,0.5709146857261658,True
86,TCGA-EE-A3J4-06,1,1,Metastasis,Metastasis,0.7971556186676025,True
87,TCGA-ER-A19A-06,1,0,Metastasis,Primary Tumor,0.4385932385921478,False
88,TCGA-FS-A4F8-06,1,1,Metastasis,Metastasis,0.8508856296539307,True
89,GTEX-RN64-0008-SM-48FEZ,2,2,Normal Tissue,Normal Tissue,0.9499074220657349,True
90,TCGA-EB-A6QZ-01,0,0,Primary Tumor,Primary Tumor,0.8308334350585938,True
91,TCGA-D3-A8GQ-06,1,1,Metastasis,Metastasis,0.8940964937210083,True
92,TCGA-RP-A694-06,1,1,Metastasis,Metastasis,0.9515792727470398,True
93,TCGA-FS-A1ZC-06,1,1,Metastasis,Metastasis,0.587706446647644,True
94,GTEX-QLQW-1126-SM-2S1Q8,2,2,Normal Tissue,Normal Tissue,0.8984262943267822,True
95,TCGA-XV-AAZW-01,0,0,Primary Tumor,Primary Tumor,0.7737941741943359,True
96,GTEX-Y111-0626-SM-4SOIT,2,2,Normal Tissue,Normal Tissue,0.9931061863899231,True
97,GTEX-11UD1-0008-SM-5S2P6,2,2,Normal Tissue,Normal Tissue,0.9845053553581238,True
98,TCGA-FW-A3TU-06,1,1,Metastasis,Metastasis,0.9512071013450623,True
99,GTEX-P4PQ-0008-SM-48TDX,2,2,Normal Tissue,Normal Tissue,0.9958065748214722,True
100,GTEX-T5JW-0008-SM-4DM5X,2,2,Normal Tissue,Normal Tissue,0.9808332920074463,True
101,GTEX-13OVJ-0126-SM-5KM36,2,2,Normal Tissue,Normal Tissue,0.9619986414909363,True
102,TCGA-XV-AAZY-01,0,1,Primary Tumor,Metastasis,0.7334228157997131,False
103,GTEX-PWCY-1826-SM-2S1OK,2,2,Normal Tissue,Normal Tissue,0.9992831349372864,True
104,TCGA-FS-A4FC-06,1,2,Metastasis,Normal Tissue,0.5880473852157593,False
105,GTEX-13OVI-2726-SM-5KM56,2,2,Normal Tissue,Normal Tissue,0.7877532839775085,True
106,GTEX-12696-0126-SM-5EQ4L,2,2,Normal Tissue,Normal Tissue,0.9878082871437073,True
107,GTEX-OOBK-0008-SM-3NB27,2,2,Normal Tissue,Normal Tissue,0.9282928109169006,True
108,GTEX-132AR-0326-SM-5KM2C,2,2,Normal Tissue,Normal Tissue,0.9984825253486633,True
109,TCGA-BF-AAP1-01,0,0,Primary Tumor,Primary Tumor,0.7567784786224365,True
110,GTEX-13OW5-0126-SM-5MR3A,2,2,Normal Tissue,Normal Tissue,0.978836715221405,True
111,TCGA-YD-A9TB-06,1,1,Metastasis,Metastasis,0.9561994671821594,True
112,GTEX-P4QT-0008-SM-48TDZ,2,2,Normal Tissue,Normal Tissue,0.9919413328170776,True
113,TCGA-EE-A2MU-06,1,1,Metastasis,Metastasis,0.9608615636825562,True
114,GTEX-13G51-1826-SM-5KLZH,2,2,Normal Tissue,Normal Tissue,0.9261950850486755,True
115,TCGA-ER-A3EV-06,1,1,Metastasis,Metastasis,0.9292163252830505,True
116,GTEX-XQ8I-0008-SM-4WAWM,2,2,Normal Tissue,Normal Tissue,0.9781330823898315,True
117,GTEX-XPT6-0008-SM-4B64Q,2,1,Normal Tissue,Metastasis,0.48895642161369324,False
118,TCGA-YD-A89C-06,1,1,Metastasis,Metastasis,0.8451110124588013,True
119,TCGA-EE-A2M5-06,1,2,Metastasis,Normal Tissue,0.5276389122009277,False
120,TCGA-FS-A1Z4-06,1,1,Metastasis,Metastasis,0.9476089477539062,True
121,TCGA-RP-A695-06,1,1,Metastasis,Metastasis,0.9300941824913025,True
122,GTEX-XUZC-0008-SM-4BOQG,2,2,Normal Tissue,Normal Tissue,0.989697277545929,True
123,GTEX-Y114-0008-SM-4TT8X,2,2,Normal Tissue,Normal Tissue,0.6159621477127075,True
124,GTEX-131YS-2826-SM-5EQ47,2,2,Normal Tissue,Normal Tissue,0.988598108291626,True
125,GTEX-11TUW-0626-SM-5LU9M,2,2,Normal Tissue,Normal Tissue,0.9962366223335266,True
126,TCGA-GN-A262-06,1,1,Metastasis,Metastasis,0.8545933365821838,True
127,TCGA-BF-AAP2-01,0,0,Primary Tumor,Primary Tumor,0.6633357405662537,True
128,GTEX-XUJ4-1826-SM-4BOOU,2,2,Normal Tissue,Normal Tissue,0.9868401288986206,True
129,TCGA-EE-A2MN-06,1,1,Metastasis,Metastasis,0.9481968879699707,True
130,GTEX-12WSJ-1126-SM-5LZVJ,2,2,Normal Tissue,Normal Tissue,0.9960836172103882,True
131,TCGA-FS-A1ZT-06,1,1,Metastasis,Metastasis,0.9601982831954956,True
132,GTEX-13SLX-0526-SM-5S2ON,2,2,Normal Tissue,Normal Tissue,0.9805945754051208,True
133,TCGA-EB-A5SE-01,0,0,Primary Tumor,Primary Tumor,0.8389397263526917,True
134,GTEX-13X6J-0126-SM-5QGOU,2,2,Normal Tissue,Normal Tissue,0.9990646243095398,True
135,GTEX-XMD1-0008-SM-4AT41,2,2,Normal Tissue,Normal Tissue,0.8619338274002075,True
136,GTEX-WVLH-0008-SM-4MVPD,2,2,Normal Tissue,Normal Tissue,0.7898331880569458,True
137,TCGA-EB-A5VV-06,1,1,Metastasis,Metastasis,0.9370052814483643,True
138,GTEX-YB5K-0008-SM-4VDT8,2,2,Normal Tissue,Normal Tissue,0.9329702854156494,True
139,GTEX-13O1R-0126-SM-5L3EH,2,2,Normal Tissue,Normal Tissue,0.9969866871833801,True
140,GTEX-139YR-1026-SM-5LZYN,2,2,Normal Tissue,Normal Tissue,0.9977508187294006,True
141,GTEX-11EQ8-0126-SM-5EQ54,2,2,Normal Tissue,Normal Tissue,0.9778746962547302,True
142,GTEX-1212Z-0126-SM-59HK4,2,2,Normal Tissue,Normal Tissue,0.9901503324508667,True
143,GTEX-ZZ64-1026-SM-5GZXG,2,2,Normal Tissue,Normal Tissue,0.955917239189148,True
144,GTEX-13X6J-0626-SM-5LU5F,2,2,Normal Tissue,Normal Tissue,0.9807850122451782,True
145,GTEX-ZVTK-0226-SM-51MRG,2,2,Normal Tissue,Normal Tissue,0.8058940172195435,True
146,GTEX-PLZ4-0008-SM-48TE6,2,2,Normal Tissue,Normal Tissue,0.9943956136703491,True
147,GTEX-WYJK-0526-SM-3NM8Z,2,2,Normal Tissue,Normal Tissue,0.9522970914840698,True
148,GTEX-ZVT2-0126-SM-5GIDQ,2,2,Normal Tissue,Normal Tissue,0.9904468059539795,True
149,GTEX-WXYG-2326-SM-4E3I6,2,2,Normal Tissue,Normal Tissue,0.9985237717628479,True
150,GTEX-ZDTS-0008-SM-4E3I8,2,2,Normal Tissue,Normal Tissue,0.8867267370223999,True
151,GTEX-ZQG8-1626-SM-5HL6H,2,2,Normal Tissue,Normal Tissue,0.9459521174430847,True
152,TCGA-D3-A2J7-06,1,1,Metastasis,Metastasis,0.9394503831863403,True
153,GTEX-YEC4-0008-SM-4W1YR,2,2,Normal Tissue,Normal Tissue,0.703441321849823,True
154,GTEX-XK95-0008-SM-4AT5G,2,2,Normal Tissue,Normal Tissue,0.9942986965179443,True
155,GTEX-ZTTD-2826-SM-4YCFA,2,2,Normal Tissue,Normal Tissue,0.6659883260726929,True
156,GTEX-11O72-0008-SM-5Q5DN,2,2,Normal Tissue,Normal Tissue,0.9077125191688538,True
157,TCGA-DA-A1I5-06,1,1,Metastasis,Metastasis,0.8707345724105835,True
158,TCGA-EB-A5KH-06,1,1,Metastasis,Metastasis,0.8147947192192078,True
159,GTEX-QV44-1926-SM-2S1RF,2,2,Normal Tissue,Normal Tissue,0.9978030323982239,True
160,GTEX-XUW1-0008-SM-4BOQH,2,2,Normal Tissue,Normal Tissue,0.9201205968856812,True
161,TCGA-EE-A2GK-06,1,1,Metastasis,Metastasis,0.9090726375579834,True
162,GTEX-13NZ8-0826-SM-5MR3I,2,2,Normal Tissue,Normal Tissue,0.9982696771621704,True
163,GTEX-WQUQ-0426-SM-3MJFU,2,2,Normal Tissue,Normal Tissue,0.992871105670929,True
164,GTEX-RUSQ-1526-SM-2TF62,2,2,Normal Tissue,Normal Tissue,0.9963313937187195,True
165,GTEX-11ZUS-0008-SM-5S2UO,2,1,Normal Tissue,Metastasis,0.6891518235206604,False
166,GTEX-WQUQ-0008-SM-4OOT1,2,2,Normal Tissue,Normal Tissue,0.9787455797195435,True
167,TCGA-FR-A3YO-06,1,1,Metastasis,Metastasis,0.846988320350647,True
168,GTEX-ZEX8-0008-SM-4E3JU,2,2,Normal Tissue,Normal Tissue,0.9822494983673096,True
169,GTEX-14C38-0726-SM-5SI6M,2,2,Normal Tissue,Normal Tissue,0.9758089780807495,True
170,TCGA-EB-A431-01,0,1,Primary Tumor,Metastasis,0.6445906758308411,False
171,TCGA-DA-A1IC-06,1,0,Metastasis,Primary Tumor,0.6750144958496094,False
172,GTEX-ZDTS-0126-SM-4WAY5,2,2,Normal Tissue,Normal Tissue,0.9933488965034485,True
173,GTEX-1399U-0008-SM-5S2VE,2,2,Normal Tissue,Normal Tissue,0.5621374249458313,True
174,TCGA-EE-A2GO-06,1,0,Metastasis,Primary Tumor,0.5226789116859436,False
175,TCGA-W3-AA1W-06,1,1,Metastasis,Metastasis,0.9548428058624268,True
176,GTEX-Y9LG-1126-SM-4VBQ7,2,2,Normal Tissue,Normal Tissue,0.998024582862854,True
177,TCGA-EB-A24C-01,0,0,Primary Tumor,Primary Tumor,0.7761769890785217,True
178,GTEX-X638-0126-SM-47JZ8,2,2,Normal Tissue,Normal Tissue,0.9950057864189148,True
179,GTEX-13N11-2326-SM-5IJBF,2,2,Normal Tissue,Normal Tissue,0.9958106279373169,True
180,GTEX-147F3-0526-SM-5SI98,2,2,Normal Tissue,Normal Tissue,0.853156566619873,True
181,TCGA-EB-A3XB-01,0,0,Primary Tumor,Primary Tumor,0.746013343334198,True
182,TCGA-EB-A551-01,0,1,Primary Tumor,Metastasis,0.8862445950508118,False
183,TCGA-FS-A1ZD-06,1,1,Metastasis,Metastasis,0.8921465873718262,True
184,GTEX-11EQ9-1626-SM-5PNY8,2,2,Normal Tissue,Normal Tissue,0.9465473890304565,True
185,TCGA-D3-A2JF-06,1,1,Metastasis,Metastasis,0.9371399879455566,True
186,GTEX-S3XE-0008-SM-3NM8O,2,2,Normal Tissue,Normal Tissue,0.8324589133262634,True
187,TCGA-WE-A8ZX-06,1,1,Metastasis,Metastasis,0.9603650569915771,True
188,TCGA-EE-A2MJ-06,1,1,Metastasis,Metastasis,0.8737747669219971,True
189,GTEX-T5JC-0426-SM-32PLO,2,2,Normal Tissue,Normal Tissue,0.9907442927360535,True
190,TCGA-BF-A1PZ-01,0,1,Primary Tumor,Metastasis,0.6063958406448364,False
191,GTEX-X4EP-0126-SM-3P5YV,2,2,Normal Tissue,Normal Tissue,0.9725281000137329,True
192,TCGA-EB-A44Q-06,1,1,Metastasis,Metastasis,0.9572135806083679,True
193,GTEX-111YS-0008-SM-5Q5BH,2,2,Normal Tissue,Normal Tissue,0.8607417345046997,True
194,GTEX-ZVZP-1226-SM-5GID7,2,2,Normal Tissue,Normal Tissue,0.9970868229866028,True
195,TCGA-EE-A2MS-06,1,1,Metastasis,Metastasis,0.8894354104995728,True
196,GTEX-XBED-2226-SM-47JYQ,2,2,Normal Tissue,Normal Tissue,0.9771172404289246,True
197,GTEX-PLZ6-0008-SM-48TD5,2,2,Normal Tissue,Normal Tissue,0.918417751789093,True
198,GTEX-ZEX8-2426-SM-4WKG4,2,2,Normal Tissue,Normal Tissue,0.993043065071106,True
199,TCGA-D3-A1Q7-06,1,1,Metastasis,Metastasis,0.9182891249656677,True
200,TCGA-GF-A3OT-06,1,1,Metastasis,Metastasis,0.794273853302002,True
201,TCGA-ER-A19G-06,1,1,Metastasis,Metastasis,0.968936562538147,True
202,TCGA-EB-A3Y6-01,0,0,Primary Tumor,Primary Tumor,0.8128321170806885,True
203,TCGA-WE-A8ZO-06,1,1,Metastasis,Metastasis,0.9178711771965027,True
204,GTEX-WH7G-0008-SM-4LVNM,2,2,Normal Tissue,Normal Tissue,0.9851120114326477,True
205,TCGA-EB-A4OZ-01,0,2,Primary Tumor,Normal Tissue,0.8586193323135376,False
206,GTEX-13FLV-0126-SM-5K7WT,2,2,Normal Tissue,Normal Tissue,0.9250395894050598,True
207,TCGA-DA-A95X-06,1,1,Metastasis,Metastasis,0.9165915250778198,True
208,GTEX-OHPK-0008-SM-4E3JL,2,2,Normal Tissue,Normal Tissue,0.4165223240852356,True
209,GTEX-ZVZQ-0326-SM-59HLL,2,2,Normal Tissue,Normal Tissue,0.885759711265564,True
210,GTEX-RU72-0926-SM-2TF6B,2,2,Normal Tissue,Normal Tissue,0.999065101146698,True
211,GTEX-1122O-0008-SM-5QGR2,2,2,Normal Tissue,Normal Tissue,0.9927380681037903,True
212,GTEX-OXRK-0226-SM-2YUN1,2,2,Normal Tissue,Normal Tissue,0.9977624416351318,True
213,GTEX-U8XE-0326-SM-3DB8P,2,2,Normal Tissue,Normal Tissue,0.9960923790931702,True
214,GTEX-OXRN-0126-SM-48TDM,2,2,Normal Tissue,Normal Tissue,0.996554970741272,True
215,GTEX-QEG4-0008-SM-48TYZ,2,2,Normal Tissue,Normal Tissue,0.9725582003593445,True
216,GTEX-ZGAY-0526-SM-4WWBB,2,2,Normal Tissue,Normal Tissue,0.9907737374305725,True
217,GTEX-QDT8-0008-SM-48U2F,2,2,Normal Tissue,Normal Tissue,0.9961467981338501,True
218,GTEX-13CF3-2426-SM-5IFGX,2,2,Normal Tissue,Normal Tissue,0.9969817996025085,True
219,TCGA-D3-A3C7-06,1,1,Metastasis,Metastasis,0.841402530670166,True
220,GTEX-X88G-0008-SM-47JWN,2,2,Normal Tissue,Normal Tissue,0.8220365643501282,True
221,GTEX-12126-0008-SM-5S2UC,2,2,Normal Tissue,Normal Tissue,0.9089612364768982,True
222,TCGA-ER-A19D-06,1,1,Metastasis,Metastasis,0.5340979695320129,True
223,TCGA-DA-A1HY-06,1,1,Metastasis,Metastasis,0.9066458940505981,True
224,GTEX-P4QR-0008-SM-48TE2,2,2,Normal Tissue,Normal Tissue,0.9972540736198425,True
225,GTEX-13S7M-0126-SM-5SI6A,2,2,Normal Tissue,Normal Tissue,0.9945650100708008,True
226,TCGA-W3-AA21-06,1,1,Metastasis,Metastasis,0.94336998462677,True
227,GTEX-ZYFG-2326-SM-5E44B,2,2,Normal Tissue,Normal Tissue,0.9969472289085388,True
228,GTEX-11DXY-0126-SM-5H11Q,2,2,Normal Tissue,Normal Tissue,0.9966042041778564,True
229,GTEX-ZY6K-1426-SM-5GZX2,2,2,Normal Tissue,Normal Tissue,0.6977776288986206,True
230,GTEX-11EMC-0008-SM-5Q5DR,2,2,Normal Tissue,Normal Tissue,0.905324399471283,True
231,GTEX-12WS9-0326-SM-59HJV,2,2,Normal Tissue,Normal Tissue,0.9931986927986145,True
232,GTEX-111VG-0008-SM-5Q5BG,2,2,Normal Tissue,Normal Tissue,0.9889004230499268,True
233,GTEX-XAJ8-1426-SM-47JYM,2,2,Normal Tissue,Normal Tissue,0.9773926138877869,True
234,GTEX-X5EB-0008-SM-46MU3,2,2,Normal Tissue,Normal Tissue,0.9880240559577942,True
235,TCGA-ER-A19K-01,0,0,Primary Tumor,Primary Tumor,0.7029462456703186,True
236,TCGA-EE-A2MI-06,1,1,Metastasis,Metastasis,0.8170483708381653,True
237,TCGA-GN-A267-06,1,1,Metastasis,Metastasis,0.8031384944915771,True
238,GTEX-YB5E-0008-SM-4VDT7,2,2,Normal Tissue,Normal Tissue,0.8858460783958435,True
239,GTEX-UPJH-0226-SM-3GADV,2,2,Normal Tissue,Normal Tissue,0.9890033602714539,True
240,GTEX-ZVT3-0008-SM-51MRI,2,2,Normal Tissue,Normal Tissue,0.8175863027572632,True
241,GTEX-XUJ4-0008-SM-4BOQI,2,2,Normal Tissue,Normal Tissue,0.9783285856246948,True
242,GTEX-Z93S-1626-SM-5CVMB,2,2,Normal Tissue,Normal Tissue,0.9766030311584473,True
243,TCGA-EB-A85J-01,0,1,Primary Tumor,Metastasis,0.888416051864624,False
244,GTEX-YJ8A-0426-SM-5IFID,2,2,Normal Tissue,Normal Tissue,0.9989153146743774,True
245,TCGA-WE-AAA4-06,1,1,Metastasis,Metastasis,0.9382444620132446,True
246,TCGA-DA-A1IA-06,1,1,Metastasis,Metastasis,0.6302802562713623,True
247,GTEX-13X6I-1826-SM-5SIAO,2,2,Normal Tissue,Normal Tissue,0.9830537438392639,True
248,GTEX-11EI6-2826-SM-5H11D,2,2,Normal Tissue,Normal Tissue,0.9854817390441895,True
249,GTEX-11WQC-1826-SM-5GU59,2,2,Normal Tissue,Normal Tissue,0.9974898099899292,True
250,GTEX-R55F-0126-SM-48FCK,2,2,Normal Tissue,Normal Tissue,0.9888521432876587,True
251,TCGA-ER-A42H-01,0,1,Primary Tumor,Metastasis,0.8309804201126099,False
252,TCGA-BF-AAP0-06,1,1,Metastasis,Metastasis,0.9615790843963623,True
253,TCGA-ER-A3PL-06,1,1,Metastasis,Metastasis,0.8828884363174438,True
254,GTEX-11DXY-0008-SM-5QGR4,2,2,Normal Tissue,Normal Tissue,0.9928714632987976,True
255,GTEX-OIZH-0126-SM-2HMIS,2,2,Normal Tissue,Normal Tissue,0.913355827331543,True
256,GTEX-11XUK-0008-SM-5S2WD,2,2,Normal Tissue,Normal Tissue,0.8571275472640991,True
257,GTEX-WZTO-0008-SM-4PQZZ,2,2,Normal Tissue,Normal Tissue,0.6212035417556763,True
258,GTEX-146FQ-2126-SM-5RQHU,2,2,Normal Tissue,Normal Tissue,0.9785651564598083,True
259,GTEX-X4EP-0008-SM-4PQYO,2,2,Normal Tissue,Normal Tissue,0.9952503442764282,True
260,TCGA-FR-A3YN-06,1,1,Metastasis,Metastasis,0.9498454928398132,True
261,GTEX-W5WG-0008-SM-4KL25,2,2,Normal Tissue,Normal Tissue,0.9775615334510803,True
262,TCGA-3N-A9WB-06,1,0,Metastasis,Primary Tumor,0.8715627193450928,False
263,TCGA-D3-A51T-06,1,1,Metastasis,Metastasis,0.9632824063301086,True
264,GTEX-WFJO-0008-SM-4LVN7,2,2,Normal Tissue,Normal Tissue,0.9993144273757935,True
265,GTEX-VUSG-0008-SM-4KL24,2,2,Normal Tissue,Normal Tissue,0.8164038062095642,True
266,GTEX-1399R-2726-SM-5IJBA,2,2,Normal Tissue,Normal Tissue,0.9899308681488037,True
267,TCGA-FW-A3R5-06,1,1,Metastasis,Metastasis,0.9212601780891418,True
268,TCGA-FS-A1ZJ-06,1,1,Metastasis,Metastasis,0.5451174974441528,True
269,TCGA-BF-AAOX-01,0,0,Primary Tumor,Primary Tumor,0.8254624009132385,True
270,TCGA-FR-A7U9-06,1,1,Metastasis,Metastasis,0.9452569484710693,True
271,GTEX-131XH-2226-SM-5DUXJ,2,2,Normal Tissue,Normal Tissue,0.9889561533927917,True
272,GTEX-Y8E4-0008-SM-4V6FW,2,2,Normal Tissue,Normal Tissue,0.8740461468696594,True
273,GTEX-TML8-0008-SM-4DXUI,2,2,Normal Tissue,Normal Tissue,0.9940482378005981,True
274,GTEX-WVJS-0008-SM-4MVPC,2,2,Normal Tissue,Normal Tissue,0.803112268447876,True
275,TCGA-D3-A1Q3-06,1,1,Metastasis,Metastasis,0.9571364521980286,True
276,GTEX-X585-2426-SM-46MW2,2,2,Normal Tissue,Normal Tissue,0.9375386238098145,True
277,GTEX-Y8E5-0008-SM-57WBA,2,2,Normal Tissue,Normal Tissue,0.5887494683265686,True
278,TCGA-W3-AA1Q-06,1,1,Metastasis,Metastasis,0.9413726329803467,True
279,TCGA-D9-A1JW-06,1,1,Metastasis,Metastasis,0.8385398983955383,True
280,TCGA-GN-A268-06,1,1,Metastasis,Metastasis,0.8121128082275391,True
281,TCGA-GN-A4U7-06,1,1,Metastasis,Metastasis,0.6430515050888062,True
282,GTEX-T2YK-0008-SM-4DM6M,2,2,Normal Tissue,Normal Tissue,0.995918333530426,True
283,TCGA-EE-A3J8-06,1,1,Metastasis,Metastasis,0.8292747735977173,True
284,GTEX-WHPG-2626-SM-3NMBR,2,2,Normal Tissue,Normal Tissue,0.9691432118415833,True
285,GTEX-ZPU1-0008-SM-4E3IR,2,2,Normal Tissue,Normal Tissue,0.9923887848854065,True
286,TCGA-GN-A4U4-06,1,1,Metastasis,Metastasis,0.6985545754432678,True
287,TCGA-D3-A2JD-06,1,1,Metastasis,Metastasis,0.951164722442627,True
288,TCGA-WE-A8JZ-06,1,1,Metastasis,Metastasis,0.8549075126647949,True
289,GTEX-ZTPG-0326-SM-5O9AX,2,2,Normal Tissue,Normal Tissue,0.9969454407691956,True
290,GTEX-ZF2S-0008-SM-4E3IK,2,2,Normal Tissue,Normal Tissue,0.5322653651237488,True
291,GTEX-Y3IK-1626-SM-4YCF5,2,2,Normal Tissue,Normal Tissue,0.9983312487602234,True
292,TCGA-Z2-AA3S-06,1,1,Metastasis,Metastasis,0.8995475172996521,True
293,TCGA-BF-A5EO-01,0,0,Primary Tumor,Primary Tumor,0.6663364171981812,True
294,GTEX-145MH-2826-SM-5RQJF,2,2,Normal Tissue,Normal Tissue,0.9647946953773499,True
295,GTEX-R53T-0008-SM-48FEW,2,2,Normal Tissue,Normal Tissue,0.9568114280700684,True
296,TCGA-EE-A29V-06,1,0,Metastasis,Primary Tumor,0.8477595448493958,False
297,GTEX-SIU7-1726-SM-2XCDZ,2,1,Normal Tissue,Metastasis,0.680358350276947,False
298,TCGA-FS-A1ZR-06,1,0,Metastasis,Primary Tumor,0.542872428894043,False
299,GTEX-UJMC-0008-SM-4IHKK,2,2,Normal Tissue,Normal Tissue,0.9666256904602051,True
300,GTEX-ZT9X-1526-SM-5DUXD,2,2,Normal Tissue,Normal Tissue,0.9825970530509949,True
301,GTEX-PWN1-0126-SM-2I3FK,2,2,Normal Tissue,Normal Tissue,0.9659988284111023,True
302,GTEX-Y3IK-2426-SM-4WWDU,2,2,Normal Tissue,Normal Tissue,0.9907627701759338,True
303,TCGA-D3-A3MR-06,1,1,Metastasis,Metastasis,0.9755968451499939,True
304,TCGA-FS-A4F0-06,1,1,Metastasis,Metastasis,0.7555214166641235,True
305,GTEX-OXRO-0126-SM-2YUN4,2,2,Normal Tissue,Normal Tissue,0.9984738230705261,True
306,GTEX-U3ZG-0008-SM-47JWL,2,2,Normal Tissue,Normal Tissue,0.9907800555229187,True
307,GTEX-WYBS-0626-SM-3NMAS,2,2,Normal Tissue,Normal Tissue,0.9949113726615906,True
308,GTEX-N7MS-0008-SM-4E3JI,2,2,Normal Tissue,Normal Tissue,0.5797772407531738,True
309,TCGA-D3-A3MV-06,1,1,Metastasis,Metastasis,0.7778221368789673,True
310,TCGA-XV-AB01-06,1,1,Metastasis,Metastasis,0.9582331776618958,True
311,TCGA-EE-A2A2-06,1,1,Metastasis,Metastasis,0.9510180950164795,True
312,TCGA-ER-A3ET-06,1,1,Metastasis,Metastasis,0.913233757019043,True
313,GTEX-12BJ1-0926-SM-5EQ62,2,2,Normal Tissue,Normal Tissue,0.9667761921882629,True
314,TCGA-D3-A8GC-06,1,1,Metastasis,Metastasis,0.9145060777664185,True
315,GTEX-WFG7-0008-SM-4LMKB,2,2,Normal Tissue,Normal Tissue,0.9983635544776917,True
316,TCGA-FS-A4F5-06,1,1,Metastasis,Metastasis,0.8311949968338013,True
317,GTEX-R55D-0008-SM-48FEV,2,2,Normal Tissue,Normal Tissue,0.9642847180366516,True
318,TCGA-WE-AAA3-06,1,1,Metastasis,Metastasis,0.8741028904914856,True
319,GTEX-Q2AH-0008-SM-48U2J,2,2,Normal Tissue,Normal Tissue,0.9863483905792236,True
320,TCGA-D9-A149-06,1,1,Metastasis,Metastasis,0.8442650437355042,True
321,GTEX-Y8DK-0008-SM-4RGM2,2,2,Normal Tissue,Normal Tissue,0.955748438835144,True
322,GTEX-1192W-0008-SM-5QGRE,2,2,Normal Tissue,Normal Tissue,0.9963818788528442,True
323,GTEX-P4PP-0008-SM-48TDV,2,2,Normal Tissue,Normal Tissue,0.9894459843635559,True
324,GTEX-11NUK-0126-SM-5A5L3,2,2,Normal Tissue,Normal Tissue,0.9779003262519836,True
325,GTEX-RNOR-0126-SM-2TF57,2,2,Normal Tissue,Normal Tissue,0.9988064765930176,True
326,TCGA-HR-A5NC-01,0,2,Primary Tumor,Normal Tissue,0.675033450126648,False
327,TCGA-GN-A4U8-06,1,1,Metastasis,Metastasis,0.9698689579963684,True
328,GTEX-QEL4-0008-SM-447AZ,2,2,Normal Tissue,Normal Tissue,0.8294460773468018,True
329,GTEX-OIZI-0008-SM-2XCFD,2,2,Normal Tissue,Normal Tissue,0.7933383584022522,True
330,GTEX-VJYA-1526-SM-3GIJV,2,2,Normal Tissue,Normal Tissue,0.9847239255905151,True
331,TCGA-XV-A9W5-01,0,0,Primary Tumor,Primary Tumor,0.6645668148994446,True
332,TCGA-D9-A4Z3-01,0,1,Primary Tumor,Metastasis,0.7510316371917725,False
333,TCGA-WE-A8K4-01,0,1,Primary Tumor,Metastasis,0.9312628507614136,False
334,TCGA-EE-A2GJ-06,1,1,Metastasis,Metastasis,0.8911580443382263,True
335,GTEX-U8T8-0008-SM-4DXSP,2,2,Normal Tissue,Normal Tissue,0.9827438592910767,True
336,GTEX-ZYY3-2926-SM-5GIEB,2,2,Normal Tissue,Normal Tissue,0.9965839385986328,True
337,GTEX-12WSN-2326-SM-5DUVG,2,2,Normal Tissue,Normal Tissue,0.9990493655204773,True
338,GTEX-139D8-1126-SM-5LU8W,2,2,Normal Tissue,Normal Tissue,0.9753055572509766,True
339,GTEX-PLZ5-2026-SM-2S1O4,2,2,Normal Tissue,Normal Tissue,0.9987326264381409,True
340,GTEX-12WSL-2526-SM-5GCNJ,2,2,Normal Tissue,Normal Tissue,0.9939231276512146,True
341,TCGA-EE-A29X-06,1,1,Metastasis,Metastasis,0.9451941847801208,True
342,GTEX-13FHO-0426-SM-5L3F5,2,2,Normal Tissue,Normal Tissue,0.9917703866958618,True
343,GTEX-11DYG-0008-SM-5QGR5,2,2,Normal Tissue,Normal Tissue,0.9955751895904541,True
344,TCGA-EB-A4IS-01,0,1,Primary Tumor,Metastasis,0.7486300468444824,False
345,GTEX-13JUV-2026-SM-5K7UA,2,2,Normal Tissue,Normal Tissue,0.997100293636322,True
346,GTEX-1313W-0126-SM-5LZUN,2,2,Normal Tissue,Normal Tissue,0.9841423630714417,True
347,TCGA-ER-A2ND-06,1,1,Metastasis,Metastasis,0.8074762225151062,True
348,TCGA-D3-A1Q9-06,1,1,Metastasis,Metastasis,0.865544319152832,True
349,TCGA-FS-A4FD-06,1,1,Metastasis,Metastasis,0.8528546690940857,True
350,TCGA-D3-A3C6-06,1,1,Metastasis,Metastasis,0.7587546110153198,True
351,GTEX-ZZPT-0226-SM-5E43X,2,2,Normal Tissue,Normal Tissue,0.9934428930282593,True
352,GTEX-ZVZP-0008-SM-51MSX,2,2,Normal Tissue,Normal Tissue,0.8269966244697571,True
353,GTEX-ZP4G-2426-SM-57WEY,2,2,Normal Tissue,Normal Tissue,0.9895948171615601,True
354,TCGA-EB-A5SG-06,1,1,Metastasis,Metastasis,0.9826487302780151,True
355,GTEX-WRHK-0008-SM-4MVPA,2,2,Normal Tissue,Normal Tissue,0.9567022323608398,True
356,GTEX-13PDP-0726-SM-5L3HP,2,2,Normal Tissue,Normal Tissue,0.9872280359268188,True
357,GTEX-Y5LM-1926-SM-5RQJH,2,2,Normal Tissue,Normal Tissue,0.99924635887146,True
358,TCGA-BF-A9VF-01,0,0,Primary Tumor,Primary Tumor,0.8907961845397949,True
359,TCGA-EE-A3J5-06,1,1,Metastasis,Metastasis,0.9472290277481079,True
360,TCGA-GN-A4U9-06,1,1,Metastasis,Metastasis,0.8939639329910278,True
361,GTEX-XAJ8-0826-SM-47JY6,2,2,Normal Tissue,Normal Tissue,0.9961477518081665,True
362,GTEX-13U4I-2226-SM-5LU5H,2,2,Normal Tissue,Normal Tissue,0.9363619089126587,True
363,GTEX-S7PM-0126-SM-4AD6S,2,2,Normal Tissue,Normal Tissue,0.9952139854431152,True
364,GTEX-1128S-2326-SM-5GZZY,2,2,Normal Tissue,Normal Tissue,0.9941512942314148,True
365,GTEX-TMZS-0008-SM-47JWM,2,2,Normal Tissue,Normal Tissue,0.994236171245575,True
366,GTEX-WEY5-0008-SM-4LMKC,2,2,Normal Tissue,Normal Tissue,0.99178546667099,True
367,TCGA-D9-A3Z3-06,1,1,Metastasis,Metastasis,0.9692436456680298,True
368,GTEX-13NYS-0626-SM-5L3F1,2,2,Normal Tissue,Normal Tissue,0.9969511032104492,True
369,TCGA-DA-A1HV-06,1,1,Metastasis,Metastasis,0.738946795463562,True
370,GTEX-13G51-2526-SM-5LZYK,2,2,Normal Tissue,Normal Tissue,0.989058792591095,True
371,GTEX-13112-2826-SM-5DUWH,2,2,Normal Tissue,Normal Tissue,0.9971326589584351,True
372,GTEX-ZUA1-2626-SM-5NQ92,2,2,Normal Tissue,Normal Tissue,0.7411949634552002,True
373,GTEX-PVOW-0126-SM-2XCFA,2,2,Normal Tissue,Normal Tissue,0.9994496703147888,True
374,TCGA-EE-A3AA-06,1,1,Metastasis,Metastasis,0.5081795454025269,True
375,GTEX-11DXX-2126-SM-5PNYR,2,2,Normal Tissue,Normal Tissue,0.9289841651916504,True
376,GTEX-X8HC-0008-SM-46MU6,2,2,Normal Tissue,Normal Tissue,0.5009419918060303,True
377,GTEX-XQ3S-1426-SM-4BOPR,2,2,Normal Tissue,Normal Tissue,0.9635658860206604,True
378,GTEX-13N2G-0226-SM-5K7VF,2,2,Normal Tissue,Normal Tissue,0.9958571791648865,True
379,GTEX-W5WG-1826-SM-4KL2Y,2,2,Normal Tissue,Normal Tissue,0.9917114973068237,True
380,GTEX-QXCU-0008-SM-48FCH,2,2,Normal Tissue,Normal Tissue,0.985734224319458,True
381,GTEX-XXEK-1626-SM-4BRUZ,2,2,Normal Tissue,Normal Tissue,0.9985637068748474,True
382,TCGA-EB-A3XD-01,0,1,Primary Tumor,Metastasis,0.5295424461364746,False
383,GTEX-145LT-1726-SM-5QGP3,2,2,Normal Tissue,Normal Tissue,0.9541898369789124,True
384,GTEX-ZTTD-0008-SM-51MQV,2,2,Normal Tissue,Normal Tissue,0.9893091917037964,True
385,GTEX-14AS3-1526-SM-5Q5ED,2,2,Normal Tissue,Normal Tissue,0.9975232481956482,True
386,TCGA-FW-A5DY-06,1,1,Metastasis,Metastasis,0.9537508487701416,True
387,TCGA-EE-A29H-06,1,1,Metastasis,Metastasis,0.904811441898346,True
388,GTEX-ZVT4-0008-SM-57WCA,2,2,Normal Tissue,Normal Tissue,0.9287375211715698,True
389,GTEX-ZC5H-0008-SM-4WAX8,2,2,Normal Tissue,Normal Tissue,0.985044002532959,True
390,TCGA-ER-A2NE-06,1,2,Metastasis,Normal Tissue,0.6158847808837891,False
391,TCGA-BF-A5EQ-01,0,1,Primary Tumor,Metastasis,0.7243620753288269,False
392,TCGA-EB-A41B-01,0,1,Primary Tumor,Metastasis,0.6909599900245667,False
393,TCGA-EB-A6L9-06,1,1,Metastasis,Metastasis,0.9391070008277893,True
394,GTEX-139T8-0126-SM-5K7XZ,2,2,Normal Tissue,Normal Tissue,0.9989343285560608,True
395,TCGA-D3-A2JN-06,1,1,Metastasis,Metastasis,0.8545522689819336,True
396,GTEX-Y5V6-2326-SM-4VDSA,2,2,Normal Tissue,Normal Tissue,0.9966384172439575,True
397,GTEX-11DYG-1526-SM-5A5JS,2,2,Normal Tissue,Normal Tissue,0.9308358430862427,True
398,GTEX-ZAB5-2626-SM-5KM3Y,2,2,Normal Tissue,Normal Tissue,0.9983453750610352,True
399,GTEX-VUSG-2526-SM-4KL1V,2,2,Normal Tissue,Normal Tissue,0.9860532283782959,True
400,TCGA-W3-A828-06,1,2,Metastasis,Normal Tissue,0.6134823560714722,False
401,GTEX-P4QT-0126-SM-2I3FL,2,2,Normal Tissue,Normal Tissue,0.9938874840736389,True
402,GTEX-ZTX8-0008-SM-4YCDV,2,2,Normal Tissue,Normal Tissue,0.9740351438522339,True
403,TCGA-EE-A29S-06,1,1,Metastasis,Metastasis,0.934174656867981,True
404,TCGA-XV-A9VZ-01,0,2,Primary Tumor,Normal Tissue,0.7336056232452393,False
405,TCGA-YG-AA3O-06,1,1,Metastasis,Metastasis,0.8876509666442871,True
406,TCGA-DA-A3F2-06,1,1,Metastasis,Metastasis,0.967438280582428,True
407,GTEX-139TS-2826-SM-5J1OO,2,2,Normal Tissue,Normal Tissue,0.9962091445922852,True
408,TCGA-EB-A3XC-01,0,2,Primary Tumor,Normal Tissue,0.6357287168502808,False
409,TCGA-LH-A9QB-06,1,1,Metastasis,Metastasis,0.8242594599723816,True
410,TCGA-D3-A2JC-06,1,1,Metastasis,Metastasis,0.9295752644538879,True
411,GTEX-R55E-0126-SM-2TC5Y,2,2,Normal Tissue,Normal Tissue,0.9956005811691284,True
412,GTEX-P44H-0008-SM-48TDW,2,2,Normal Tissue,Normal Tissue,0.9892590641975403,True
413,GTEX-11VI4-1126-SM-5EQMD,2,2,Normal Tissue,Normal Tissue,0.9912856221199036,True
414,TCGA-WE-AA9Y-06,1,1,Metastasis,Metastasis,0.9560298323631287,True
415,GTEX-X4EO-0326-SM-3P5YO,2,2,Normal Tissue,Normal Tissue,0.905423641204834,True
416,GTEX-13111-1826-SM-5GCP1,2,2,Normal Tissue,Normal Tissue,0.9237682223320007,True
417,TCGA-WE-A8ZR-06,1,1,Metastasis,Metastasis,0.9582149982452393,True
418,TCGA-EB-A44N-01,0,1,Primary Tumor,Metastasis,0.5936341285705566,False
419,GTEX-ZDXO-0008-SM-4E3HR,2,2,Normal Tissue,Normal Tissue,0.4160453677177429,True
420,TCGA-EB-A24D-01,0,0,Primary Tumor,Primary Tumor,0.8018578886985779,True
421,GTEX-145MN-1526-SM-5SI9T,2,2,Normal Tissue,Normal Tissue,0.935208797454834,True
422,GTEX-ZU9S-1826-SM-5NQ9E,2,2,Normal Tissue,Normal Tissue,0.9872384071350098,True
423,TCGA-D3-A3MO-06,1,1,Metastasis,Metastasis,0.7968063950538635,True
424,GTEX-YFCO-1226-SM-5LUAT,2,2,Normal Tissue,Normal Tissue,0.9972672462463379,True
425,GTEX-133LE-2326-SM-5K7W3,2,2,Normal Tissue,Normal Tissue,0.9931507110595703,True
426,GTEX-X4XY-0226-SM-4E3IZ,2,2,Normal Tissue,Normal Tissue,0.790490984916687,True
427,TCGA-DA-A1I1-06,1,1,Metastasis,Metastasis,0.9592213034629822,True
428,GTEX-11WQK-0008-SM-5SI6T,2,2,Normal Tissue,Normal Tissue,0.9629824757575989,True
429,GTEX-11PRG-0008-SM-5S2N5,2,2,Normal Tissue,Normal Tissue,0.7840501070022583,True
430,TCGA-BF-AAOU-01,0,0,Primary Tumor,Primary Tumor,0.6194201111793518,True
431,TCGA-EE-A2GM-06,1,1,Metastasis,Metastasis,0.6496368646621704,True
432,GTEX-ZF2S-2326-SM-4WWCE,2,2,Normal Tissue,Normal Tissue,0.9961345195770264,True
433,GTEX-WVJS-0126-SM-4MVOT,2,2,Normal Tissue,Normal Tissue,0.9983179569244385,True
434,TCGA-D3-A8GM-06,1,1,Metastasis,Metastasis,0.9733763337135315,True
435,GTEX-144GO-2026-SM-5O99P,2,2,Normal Tissue,Normal Tissue,0.9763156175613403,True
436,TCGA-DA-A95Z-06,1,1,Metastasis,Metastasis,0.8719472885131836,True
437,TCGA-ER-A2NC-06,1,1,Metastasis,Metastasis,0.9335403442382812,True
438,TCGA-ER-A19B-06,1,1,Metastasis,Metastasis,0.7564831376075745,True
439,TCGA-EE-A2A0-06,1,1,Metastasis,Metastasis,0.9587337970733643,True
440,GTEX-13113-1626-SM-5EQ4I,2,2,Normal Tissue,Normal Tissue,0.9981016516685486,True
441,TCGA-EE-A20B-06,1,1,Metastasis,Metastasis,0.8534672856330872,True
442,TCGA-EB-A5UL-06,1,1,Metastasis,Metastasis,0.9653568267822266,True
443,GTEX-117YW-0008-SM-5QGRD,2,2,Normal Tissue,Normal Tissue,0.9944725632667542,True
444,GTEX-12WSD-0626-SM-5GCMW,2,2,Normal Tissue,Normal Tissue,0.9549729228019714,True
445,GTEX-ZDYS-2026-SM-5HL5L,2,2,Normal Tissue,Normal Tissue,0.9925577640533447,True
446,TCGA-ER-A196-01,0,2,Primary Tumor,Normal Tissue,0.4911988079547882,False
447,TCGA-FS-A1ZK-06,1,1,Metastasis,Metastasis,0.7749165296554565,True
448,TCGA-EE-A2MT-06,1,1,Metastasis,Metastasis,0.7678845524787903,True
449,GTEX-V1D1-2026-SM-3GAF4,2,2,Normal Tissue,Normal Tissue,0.9993897676467896,True
450,GTEX-11DXW-0826-SM-5H118,2,1,Normal Tissue,Metastasis,0.49838075041770935,False
451,TCGA-OD-A75X-06,1,1,Metastasis,Metastasis,0.46561571955680847,True
452,TCGA-EE-A17Z-06,1,0,Metastasis,Primary Tumor,0.5845591425895691,False
453,GTEX-N7MS-0225-SM-4E3HO,2,2,Normal Tissue,Normal Tissue,0.9492231607437134,True
454,TCGA-FR-A8YC-06,1,1,Metastasis,Metastasis,0.9442965388298035,True
455,GTEX-144GN-2326-SM-5LU4F,2,2,Normal Tissue,Normal Tissue,0.9991293549537659,True
456,GTEX-11ZVC-2526-SM-5FQTE,2,2,Normal Tissue,Normal Tissue,0.9874339699745178,True
457,GTEX-13PVR-0426-SM-5RQK2,2,2,Normal Tissue,Normal Tissue,0.982754647731781,True
458,GTEX-X585-0226-SM-4QAS2,2,2,Normal Tissue,Normal Tissue,0.9989320635795593,True
459,GTEX-ZYW4-0626-SM-59HJR,2,2,Normal Tissue,Normal Tissue,0.9918301701545715,True
460,GTEX-ZWKS-0626-SM-5GIDV,2,2,Normal Tissue,Normal Tissue,0.9944601058959961,True
461,GTEX-14753-0726-SM-5QGQO,2,2,Normal Tissue,Normal Tissue,0.9953252077102661,True
462,TCGA-GN-A265-06,1,1,Metastasis,Metastasis,0.9483704566955566,True
463,GTEX-WFON-1926-SM-3LK7L,2,2,Normal Tissue,Normal Tissue,0.9651917815208435,True
464,GTEX-12584-0126-SM-5EGKQ,2,2,Normal Tissue,Normal Tissue,0.996626615524292,True
465,TCGA-ER-A19Q-06,1,1,Metastasis,Metastasis,0.8009155988693237,True
466,GTEX-PLZ4-0126-SM-5SI8O,2,2,Normal Tissue,Normal Tissue,0.9978809952735901,True
467,GTEX-11ILO-0008-SM-5QGR9,2,2,Normal Tissue,Normal Tissue,0.9357796907424927,True
468,GTEX-NPJ7-0008-SM-4E3JS,2,1,Normal Tissue,Metastasis,0.5518142580986023,False
469,TCGA-BF-A3DN-01,0,0,Primary Tumor,Primary Tumor,0.6095008254051208,True
470,GTEX-1192X-2726-SM-5N9DN,2,2,Normal Tissue,Normal Tissue,0.9957113265991211,True
471,GTEX-Y114-2426-SM-4TT8A,2,2,Normal Tissue,Normal Tissue,0.9957525730133057,True
472,GTEX-131XF-2126-SM-5DUWS,2,2,Normal Tissue,Normal Tissue,0.9966589212417603,True
473,GTEX-12ZZZ-0626-SM-5DUXI,2,2,Normal Tissue,Normal Tissue,0.949573814868927,True
474,GTEX-11DXW-0226-SM-5H122,2,2,Normal Tissue,Normal Tissue,0.9641039967536926,True
475,TCGA-DA-A1HW-06,1,1,Metastasis,Metastasis,0.9414929747581482,True
476,GTEX-13OW6-2726-SM-5J2OE,2,2,Normal Tissue,Normal Tissue,0.9594494104385376,True
477,GTEX-YJ89-0126-SM-4TT3X,2,2,Normal Tissue,Normal Tissue,0.9938296675682068,True
478,GTEX-111YS-1526-SM-5GZYW,2,2,Normal Tissue,Normal Tissue,0.9371079206466675,True
479,GTEX-13N2G-2626-SM-5J1OT,2,2,Normal Tissue,Normal Tissue,0.9960060715675354,True
480,GTEX-11NSD-2226-SM-5986V,2,2,Normal Tissue,Normal Tissue,0.9514944553375244,True
481,GTEX-1212Z-2526-SM-5EGKP,2,2,Normal Tissue,Normal Tissue,0.9975634813308716,True
482,TCGA-ER-A1A1-06,1,1,Metastasis,Metastasis,0.9555115699768066,True
483,TCGA-DA-A1I8-06,1,1,Metastasis,Metastasis,0.7823652625083923,True
484,TCGA-BF-AAP6-01,0,1,Primary Tumor,Metastasis,0.6424368619918823,False
485,TCGA-EE-A3JI-06,1,1,Metastasis,Metastasis,0.8930235505104065,True
486,TCGA-XV-A9W2-01,0,0,Primary Tumor,Primary Tumor,0.5678504109382629,True
487,GTEX-Y3I4-0008-SM-4TT21,2,2,Normal Tissue,Normal Tissue,0.6890337467193604,True
488,TCGA-D3-A51F-06,1,1,Metastasis,Metastasis,0.9617170691490173,True
489,TCGA-IH-A3EA-01,0,1,Primary Tumor,Metastasis,0.8250134587287903,False
490,GTEX-13IVO-0726-SM-5LZYV,2,2,Normal Tissue,Normal Tissue,0.9991405010223389,True
491,GTEX-OHPM-0126-SM-2YUN9,2,2,Normal Tissue,Normal Tissue,0.9990922212600708,True
492,TCGA-D3-A8GE-06,1,1,Metastasis,Metastasis,0.937561571598053,True
493,GTEX-ZVTK-0008-SM-57WDA,2,1,Normal Tissue,Metastasis,0.5643157362937927,False
494,TCGA-D3-A51J-06,1,1,Metastasis,Metastasis,0.9785158634185791,True
495,GTEX-YFC4-0126-SM-5CVLY,2,2,Normal Tissue,Normal Tissue,0.9932191967964172,True
496,GTEX-ZYFD-0126-SM-5GIDL,2,2,Normal Tissue,Normal Tissue,0.9896374940872192,True
497,GTEX-11EMC-2926-SM-5EQ4F,2,2,Normal Tissue,Normal Tissue,0.9910756349563599,True
498,GTEX-RVPU-0008-SM-3NM8B,2,2,Normal Tissue,Normal Tissue,0.8214154839515686,True
499,GTEX-131XH-0126-SM-5LZUY,2,2,Normal Tissue,Normal Tissue,0.9680686593055725,True
500,TCGA-FR-A728-01,0,1,Primary Tumor,Metastasis,0.7544344663619995,False
501,GTEX-131XW-0626-SM-5PNVD,2,2,Normal Tissue,Normal Tissue,0.9974269270896912,True
502,TCGA-FW-A5DX-01,0,1,Primary Tumor,Metastasis,0.7621398568153381,False
503,TCGA-FR-A8YE-06,1,1,Metastasis,Metastasis,0.9690911173820496,True
504,GTEX-YEC3-1326-SM-4WWEL,2,2,Normal Tissue,Normal Tissue,0.9396623373031616,True
505,GTEX-SUCS-0008-SM-4DM53,2,2,Normal Tissue,Normal Tissue,0.9970464110374451,True
506,GTEX-ZU9S-0226-SM-5E441,2,2,Normal Tissue,Normal Tissue,0.9355586171150208,True
507,TCGA-D9-A3Z1-06,1,1,Metastasis,Metastasis,0.9687670469284058,True
508,GTEX-13VXT-0126-SM-5LU4I,2,2,Normal Tissue,Normal Tissue,0.998986542224884,True
509,GTEX-11TUW-2726-SM-5EQLC,2,2,Normal Tissue,Normal Tissue,0.9523423910140991,True
510,GTEX-11TTK-0126-SM-5987B,2,2,Normal Tissue,Normal Tissue,0.9944703578948975,True
511,GTEX-11I78-0008-SM-5Q5DI,2,2,Normal Tissue,Normal Tissue,0.9876338243484497,True
512,GTEX-ZAB4-2126-SM-5HL8U,2,2,Normal Tissue,Normal Tissue,0.9897124767303467,True
513,GTEX-SE5C-0008-SM-4B64J,2,2,Normal Tissue,Normal Tissue,0.7509535551071167,True
514,TCGA-EE-A182-06,1,0,Metastasis,Primary Tumor,0.6785531640052795,False
515,GTEX-11ZTS-0008-SM-5S2VC,2,2,Normal Tissue,Normal Tissue,0.9794283509254456,True
516,GTEX-QDVN-2026-SM-3GAEP,2,2,Normal Tissue,Normal Tissue,0.9988584518432617,True
517,GTEX-1269C-2526-SM-5EGJ3,2,2,Normal Tissue,Normal Tissue,0.9883630871772766,True
518,GTEX-ZYW4-0126-SM-5E44A,2,2,Normal Tissue,Normal Tissue,0.9989940524101257,True
519,TCGA-BF-AAP8-01,0,1,Primary Tumor,Metastasis,0.7491801977157593,False
520,TCGA-WE-A8K5-06,1,1,Metastasis,Metastasis,0.9015305042266846,True
521,TCGA-EB-A430-01,0,1,Primary Tumor,Metastasis,0.8702534437179565,False
522,GTEX-PWO3-1526-SM-48TCM,2,2,Normal Tissue,Normal Tissue,0.9442891478538513,True
523,TCGA-EE-A3AG-06,1,1,Metastasis,Metastasis,0.5225579142570496,True
524,TCGA-D3-A2JP-06,1,1,Metastasis,Metastasis,0.6531054377555847,True
525,GTEX-QESD-1426-SM-2S1R9,2,2,Normal Tissue,Normal Tissue,0.9981405735015869,True
526,GTEX-13FTY-0526-SM-5L3EV,2,2,Normal Tissue,Normal Tissue,0.9862494468688965,True
527,GTEX-RNOR-0008-SM-48FEY,2,2,Normal Tissue,Normal Tissue,0.9862485527992249,True
528,GTEX-YBZK-0008-SM-59HL6,2,2,Normal Tissue,Normal Tissue,0.9347178936004639,True
529,TCGA-ER-A199-06,1,1,Metastasis,Metastasis,0.9176813960075378,True
530,GTEX-11P81-2226-SM-5PNYI,2,2,Normal Tissue,Normal Tissue,0.9976978898048401,True
531,GTEX-WHWD-0008-SM-4OOSU,2,2,Normal Tissue,Normal Tissue,0.9964890480041504,True
532,GTEX-W5X1-0008-SM-4LMKA,2,2,Normal Tissue,Normal Tissue,0.9773740768432617,True
533,GTEX-POYW-0008-SM-48TE4,2,2,Normal Tissue,Normal Tissue,0.9995920062065125,True
534,TCGA-FS-A1YW-06,1,1,Metastasis,Metastasis,0.6642449498176575,True
535,GTEX-139T4-0008-SM-5S2WF,2,1,Normal Tissue,Metastasis,0.5790000557899475,False
536,TCGA-D3-A2JE-06,1,1,Metastasis,Metastasis,0.9345095157623291,True
537,GTEX-11EM3-1226-SM-5N9DD,2,2,Normal Tissue,Normal Tissue,0.9983929991722107,True
538,GTEX-14A5H-0826-SM-5QGPJ,2,2,Normal Tissue,Normal Tissue,0.9899916648864746,True
539,TCGA-D9-A6EA-06,1,1,Metastasis,Metastasis,0.8940240740776062,True
540,TCGA-ER-A19W-06,1,1,Metastasis,Metastasis,0.9601964950561523,True
541,GTEX-Y9LG-0008-SM-4VBRJ,2,2,Normal Tissue,Normal Tissue,0.835294783115387,True
542,TCGA-D3-A8GS-06,1,1,Metastasis,Metastasis,0.9680068492889404,True
543,GTEX-WK11-0008-SM-4OOSX,2,2,Normal Tissue,Normal Tissue,0.981618344783783,True
544,GTEX-ZVT2-2526-SM-51MT1,2,2,Normal Tissue,Normal Tissue,0.9931557774543762,True
545,GTEX-13OVI-1426-SM-5L3EY,2,2,Normal Tissue,Normal Tissue,0.9970859885215759,True
546,GTEX-Q2AI-0008-SM-48U2H,2,2,Normal Tissue,Normal Tissue,0.936557412147522,True
547,GTEX-111VG-2426-SM-5GZXD,2,2,Normal Tissue,Normal Tissue,0.9423410892486572,True
548,GTEX-YEC3-1326-SM-5PNXV,2,2,Normal Tissue,Normal Tissue,0.9932259917259216,True
549,GTEX-PWOO-0008-SM-48TDU,2,2,Normal Tissue,Normal Tissue,0.9716377258300781,True
550,TCGA-EE-A3J3-06,1,1,Metastasis,Metastasis,0.9336617588996887,True
551,TCGA-FS-A1ZW-06,1,1,Metastasis,Metastasis,0.9789605140686035,True
552,TCGA-D3-A1Q4-06,1,1,Metastasis,Metastasis,0.9406577348709106,True
553,GTEX-117YX-1926-SM-5GIEC,2,2,Normal Tissue,Normal Tissue,0.9991921782493591,True
554,GTEX-11P82-0008-SM-5S2MS,2,2,Normal Tissue,Normal Tissue,0.7930043935775757,True
555,GTEX-WOFL-0008-SM-4OOSZ,2,2,Normal Tissue,Normal Tissue,0.9975935816764832,True
556,TCGA-EE-A2M8-06,1,1,Metastasis,Metastasis,0.933174729347229,True
557,GTEX-111FC-2526-SM-5GZXU,2,2,Normal Tissue,Normal Tissue,0.9542384147644043,True
558,GTEX-1399T-2826-SM-5KLYZ,2,2,Normal Tissue,Normal Tissue,0.9689595103263855,True
559,GTEX-145MN-2226-SM-5SIAU,2,2,Normal Tissue,Normal Tissue,0.9915570020675659,True
560,TCGA-EE-A2M7-06,1,1,Metastasis,Metastasis,0.9659081697463989,True
561,GTEX-O5YW-0008-SM-4E3IE,2,2,Normal Tissue,Normal Tissue,0.9121705889701843,True
562,GTEX-QMRM-0008-SM-447B1,2,2,Normal Tissue,Normal Tissue,0.9894542694091797,True
563,GTEX-13OVL-0226-SM-5L3E9,2,2,Normal Tissue,Normal Tissue,0.9131168127059937,True
564,GTEX-WHSB-0008-SM-4M1ZP,2,2,Normal Tissue,Normal Tissue,0.9954875111579895,True
565,GTEX-13N11-2526-SM-5K7UE,2,2,Normal Tissue,Normal Tissue,0.9957094192504883,True
566,GTEX-V1D1-2226-SM-3NMAX,2,2,Normal Tissue,Normal Tissue,0.9879823327064514,True
567,GTEX-1399Q-2326-SM-5KM2X,2,2,Normal Tissue,Normal Tissue,0.9748161435127258,True
568,TCGA-ER-A198-06,1,1,Metastasis,Metastasis,0.871557354927063,True
569,TCGA-EE-A3JD-06,1,1,Metastasis,Metastasis,0.9764723181724548,True
570,TCGA-BF-AAP4-01,0,1,Primary Tumor,Metastasis,0.9103667140007019,False
571,TCGA-GN-A263-01,0,1,Primary Tumor,Metastasis,0.5716574788093567,False
572,GTEX-ZPIC-1726-SM-57WF2,2,2,Normal Tissue,Normal Tissue,0.9754692316055298,True
573,GTEX-ZV6S-0008-SM-4YCF9,2,2,Normal Tissue,Normal Tissue,0.9852173924446106,True
574,TCGA-EE-A181-06,1,1,Metastasis,Metastasis,0.9705690741539001,True
575,GTEX-X4LF-0008-SM-4QAST,2,2,Normal Tissue,Normal Tissue,0.9460205435752869,True
576,TCGA-DA-A3F3-06,1,1,Metastasis,Metastasis,0.8869547843933105,True
577,GTEX-11OC5-0126-SM-5HL6A,2,2,Normal Tissue,Normal Tissue,0.993809163570404,True
578,TCGA-EB-A1NK-01,0,0,Primary Tumor,Primary Tumor,0.7674814462661743,True
579,GTEX-XYKS-2126-SM-4E3IB,2,2,Normal Tissue,Normal Tissue,0.9976721405982971,True
580,GTEX-11GS4-2726-SM-5A5LE,2,2,Normal Tissue,Normal Tissue,0.9902575016021729,True
581,TCGA-ER-A19P-06,1,1,Metastasis,Metastasis,0.9551298022270203,True
582,GTEX-133LE-1826-SM-5J1MV,2,2,Normal Tissue,Normal Tissue,0.9920668601989746,True
583,TCGA-EE-A29G-06,1,1,Metastasis,Metastasis,0.6903906464576721,True
584,GTEX-1399U-1126-SM-5L3DB,2,2,Normal Tissue,Normal Tissue,0.9927265644073486,True
585,GTEX-145MI-0626-SM-5SI8S,2,2,Normal Tissue,Normal Tissue,0.9868478178977966,True
586,GTEX-ZTX8-1326-SM-4YCEL,2,2,Normal Tissue,Normal Tissue,0.9934306740760803,True
587,TCGA-BF-AAP7-01,0,0,Primary Tumor,Primary Tumor,0.7146344780921936,True
588,GTEX-O5YW-0126-SM-3LK6D,2,2,Normal Tissue,Normal Tissue,0.9986692667007446,True
589,GTEX-U8T8-0126-SM-3DB94,2,2,Normal Tissue,Normal Tissue,0.9989801049232483,True
590,GTEX-14DAQ-0126-SM-5S2MQ,2,2,Normal Tissue,Normal Tissue,0.9785380959510803,True
591,GTEX-ZDYS-0008-SM-4E3IX,2,2,Normal Tissue,Normal Tissue,0.6163216233253479,True
592,GTEX-13PVQ-0126-SM-5SIB4,2,2,Normal Tissue,Normal Tissue,0.9824010729789734,True
593,GTEX-ZUA1-0008-SM-4YCEW,2,2,Normal Tissue,Normal Tissue,0.926365852355957,True
594,GTEX-12ZZX-0126-SM-5EGK9,2,2,Normal Tissue,Normal Tissue,0.9833483099937439,True
595,GTEX-13FTW-2626-SM-5K7WL,2,2,Normal Tissue,Normal Tissue,0.9948874115943909,True
596,GTEX-ZDTT-0426-SM-4WKFL,2,2,Normal Tissue,Normal Tissue,0.9494162201881409,True
597,TCGA-DA-A1I0-06,1,1,Metastasis,Metastasis,0.902701735496521,True
598,TCGA-FS-A1ZN-01,0,0,Primary Tumor,Primary Tumor,0.6857828497886658,True
599,TCGA-GN-A9SD-06,1,1,Metastasis,Metastasis,0.969717800617218,True
600,GTEX-ZC5H-0226-SM-4WAY9,2,2,Normal Tissue,Normal Tissue,0.9967593550682068,True
601,GTEX-R3RS-0008-SM-48FF1,2,2,Normal Tissue,Normal Tissue,0.8919453620910645,True
602,GTEX-139T4-0226-SM-5HL5S,2,2,Normal Tissue,Normal Tissue,0.9971510767936707,True
603,TCGA-EE-A29T-06,1,1,Metastasis,Metastasis,0.9675025343894958,True
604,TCGA-D9-A6E9-06,1,1,Metastasis,Metastasis,0.9797149896621704,True
605,TCGA-EB-A51B-01,0,0,Primary Tumor,Primary Tumor,0.8862067461013794,True
606,GTEX-ZAB4-0008-SM-4RGM6,2,2,Normal Tissue,Normal Tissue,0.8858892917633057,True
607,GTEX-P4QS-0008-SM-48TDY,2,2,Normal Tissue,Normal Tissue,0.9930680990219116,True
608,GTEX-145MO-2826-SM-5LU96,2,2,Normal Tissue,Normal Tissue,0.9796533584594727,True
609,GTEX-ZXG5-2126-SM-59HKD,2,2,Normal Tissue,Normal Tissue,0.9959539175033569,True
610,GTEX-XV7Q-1826-SM-4BRUV,2,2,Normal Tissue,Normal Tissue,0.9969766139984131,True
611,TCGA-BF-A1Q0-01,0,0,Primary Tumor,Primary Tumor,0.4735731780529022,True
612,GTEX-ZQUD-1426-SM-57WER,2,2,Normal Tissue,Normal Tissue,0.8482375741004944,True
613,GTEX-TSE9-0008-SM-4DXT8,2,1,Normal Tissue,Metastasis,0.41283154487609863,False
614,TCGA-EE-A2GH-06,1,1,Metastasis,Metastasis,0.9632300734519958,True
615,GTEX-145MF-0626-SM-5LUAI,2,2,Normal Tissue,Normal Tissue,0.9977151155471802,True
616,GTEX-13U4I-0126-SM-5LU38,2,2,Normal Tissue,Normal Tissue,0.9645813703536987,True
617,GTEX-11DZ1-2426-SM-5GZZX,2,2,Normal Tissue,Normal Tissue,0.9901076555252075,True
618,TCGA-D3-A1Q6-06,1,1,Metastasis,Metastasis,0.9294525980949402,True
619,GTEX-ZTX8-1426-SM-5DUVO,2,2,Normal Tissue,Normal Tissue,0.9981688261032104,True
620,GTEX-XBEW-0008-SM-4AT3Y,2,2,Normal Tissue,Normal Tissue,0.9362400770187378,True
621,GTEX-14BIN-1126-SM-5RQJZ,2,2,Normal Tissue,Normal Tissue,0.9656682014465332,True
622,TCGA-D3-A3CF-06,1,1,Metastasis,Metastasis,0.9436929225921631,True
623,GTEX-11DZ1-0008-SM-5QGR3,2,2,Normal Tissue,Normal Tissue,0.999152660369873,True
624,TCGA-EE-A3JA-06,1,1,Metastasis,Metastasis,0.978359043598175,True
625,TCGA-GN-A4U5-01,0,0,Primary Tumor,Primary Tumor,0.5061082243919373,True
626,GTEX-11NUK-2726-SM-5A5MC,2,2,Normal Tissue,Normal Tissue,0.9867998361587524,True
627,GTEX-13111-1626-SM-5EGJY,2,2,Normal Tissue,Normal Tissue,0.9862653613090515,True
628,GTEX-WFON-2126-SM-3LK7O,2,2,Normal Tissue,Normal Tissue,0.992868959903717,True
629,GTEX-13IVO-0126-SM-5J1NG,2,2,Normal Tissue,Normal Tissue,0.9729424715042114,True
630,TCGA-WE-A8ZN-06,1,1,Metastasis,Metastasis,0.8400090336799622,True
631,GTEX-11EM3-2426-SM-59861,2,2,Normal Tissue,Normal Tissue,0.9681291580200195,True
632,GTEX-13OVL-0126-SM-5L3GJ,2,2,Normal Tissue,Normal Tissue,0.9693562388420105,True
633,GTEX-XK95-0226-SM-4AT58,2,2,Normal Tissue,Normal Tissue,0.9882678389549255,True
634,TCGA-W3-AA1V-06,1,1,Metastasis,Metastasis,0.9195809960365295,True
635,GTEX-X4EP-0626-SM-3P621,2,2,Normal Tissue,Normal Tissue,0.9569681882858276,True
636,TCGA-EB-A550-01,0,0,Primary Tumor,Primary Tumor,0.4832146465778351,True
637,GTEX-113IC-0008-SM-5QGRF,2,2,Normal Tissue,Normal Tissue,0.9918137788772583,True
638,GTEX-ZYFG-1526-SM-5GZYM,2,2,Normal Tissue,Normal Tissue,0.9990944862365723,True
639,TCGA-D3-A1QB-06,1,1,Metastasis,Metastasis,0.9610349535942078,True
640,TCGA-FS-A1Z0-06,1,1,Metastasis,Metastasis,0.9399487972259521,True
641,GTEX-TML8-1926-SM-32QOS,2,2,Normal Tissue,Normal Tissue,0.9988049268722534,True
642,GTEX-13NZB-2526-SM-5J1OM,2,2,Normal Tissue,Normal Tissue,0.9982728958129883,True
643,GTEX-11ZTT-0008-SM-5S2TZ,2,2,Normal Tissue,Normal Tissue,0.8488459587097168,True
644,GTEX-14E6E-1826-SM-5S2R7,2,2,Normal Tissue,Normal Tissue,0.9987002611160278,True
645,GTEX-ZLWG-0826-SM-59888,2,2,Normal Tissue,Normal Tissue,0.9953206181526184,True
646,TCGA-D3-A2JG-06,1,1,Metastasis,Metastasis,0.9325958490371704,True
647,GTEX-13W3W-2426-SM-5LU5B,2,2,Normal Tissue,Normal Tissue,0.9945118427276611,True
648,TCGA-GN-A26A-06,1,1,Metastasis,Metastasis,0.8586714863777161,True
649,TCGA-GN-A8LK-06,1,1,Metastasis,Metastasis,0.8849406242370605,True
650,GTEX-11TT1-2526-SM-5EGIB,2,2,Normal Tissue,Normal Tissue,0.9681267142295837,True
651,TCGA-FR-A44A-06,1,1,Metastasis,Metastasis,0.9148383140563965,True
652,GTEX-YB5K-2026-SM-4VDT3,2,2,Normal Tissue,Normal Tissue,0.9975011944770813,True
653,GTEX-QEG5-0008-SM-4R1KL,2,2,Normal Tissue,Normal Tissue,0.9959946870803833,True
654,GTEX-OOBJ-0008-SM-3NB26,2,2,Normal Tissue,Normal Tissue,0.6449775695800781,True
655,GTEX-OHPL-0126-SM-2HMJ7,2,2,Normal Tissue,Normal Tissue,0.9968486428260803,True
656,GTEX-WHSE-0008-SM-4M1ZO,2,2,Normal Tissue,Normal Tissue,0.9972620010375977,True
657,GTEX-WRHU-0008-SM-4MVPB,2,2,Normal Tissue,Normal Tissue,0.7820020318031311,True
658,GTEX-RWSA-0008-SM-47JYX,2,2,Normal Tissue,Normal Tissue,0.9992469549179077,True
659,GTEX-11ZTT-2126-SM-5CVLO,2,2,Normal Tissue,Normal Tissue,0.9976546764373779,True
660,GTEX-P4PP-0126-SM-3LK69,2,2,Normal Tissue,Normal Tissue,0.9990507960319519,True
661,GTEX-11ZU8-2526-SM-5EQKI,2,2,Normal Tissue,Normal Tissue,0.9972508549690247,True
662,GTEX-WEY5-2326-SM-3GIKK,2,2,Normal Tissue,Normal Tissue,0.9995694756507874,True
663,GTEX-XPVG-2126-SM-4B667,2,2,Normal Tissue,Normal Tissue,0.9762641191482544,True
664,GTEX-X638-0008-SM-47JZ7,2,2,Normal Tissue,Normal Tissue,0.9585021734237671,True
665,TCGA-FS-A4F9-06,1,1,Metastasis,Metastasis,0.7952083349227905,True
666,TCGA-D3-A3BZ-06,1,1,Metastasis,Metastasis,0.9156744480133057,True
667,TCGA-D3-A5GL-06,1,1,Metastasis,Metastasis,0.8699067234992981,True
668,GTEX-ZE9C-2526-SM-5IJDR,2,2,Normal Tissue,Normal Tissue,0.9596812129020691,True
669,GTEX-11ZUS-2626-SM-5FQUR,2,2,Normal Tissue,Normal Tissue,0.992090106010437,True
670,TCGA-D3-A8GO-06,1,1,Metastasis,Metastasis,0.9537400007247925,True
671,GTEX-ZXG5-0008-SM-57WDB,2,2,Normal Tissue,Normal Tissue,0.9847009181976318,True
672,GTEX-12WSM-0008-SM-5S2VD,2,2,Normal Tissue,Normal Tissue,0.974760115146637,True
673,GTEX-12696-2426-SM-5EQ6H,2,2,Normal Tissue,Normal Tissue,0.979486882686615,True
674,TCGA-BF-A1PX-01,0,0,Primary Tumor,Primary Tumor,0.6358117461204529,True
675,GTEX-ZAJG-0126-SM-5HL94,2,2,Normal Tissue,Normal Tissue,0.9992899894714355,True
676,GTEX-13OW5-2326-SM-5L3HO,2,2,Normal Tissue,Normal Tissue,0.9960547685623169,True
677,GTEX-11LCK-2226-SM-5HL4Q,2,2,Normal Tissue,Normal Tissue,0.9181548357009888,True
678,GTEX-YF7O-0008-SM-4W1ZS,2,2,Normal Tissue,Normal Tissue,0.9369817972183228,True
679,TCGA-EE-A2GT-06,1,1,Metastasis,Metastasis,0.9372332692146301,True
680,GTEX-1211K-2026-SM-5EQ4Z,2,2,Normal Tissue,Normal Tissue,0.9994754195213318,True
681,TCGA-EE-A2GE-06,1,1,Metastasis,Metastasis,0.9322862029075623,True
682,GTEX-139UW-2826-SM-5L3E7,2,2,Normal Tissue,Normal Tissue,0.9948234558105469,True
683,GTEX-ZA64-1026-SM-5HL8R,2,2,Normal Tissue,Normal Tissue,0.9964070916175842,True
684,GTEX-XV7Q-2526-SM-4BRV9,2,2,Normal Tissue,Normal Tissue,0.9984080195426941,True
685,GTEX-117XS-2726-SM-5N9BL,2,2,Normal Tissue,Normal Tissue,0.9910950660705566,True
686,TCGA-GF-A4EO-06,1,1,Metastasis,Metastasis,0.9713454246520996,True
687,GTEX-14C39-1726-SM-5RQIL,2,2,Normal Tissue,Normal Tissue,0.9969577789306641,True
688,GTEX-UPK5-0008-SM-4IHJD,2,2,Normal Tissue,Normal Tissue,0.9920927882194519,True
689,GTEX-NFK9-0008-SM-4E3JE,2,2,Normal Tissue,Normal Tissue,0.6214011311531067,True
690,TCGA-FW-A3TV-06,1,1,Metastasis,Metastasis,0.9043207764625549,True
691,TCGA-ER-A42K-06,1,1,Metastasis,Metastasis,0.7997543215751648,True
692,GTEX-WRHK-1426-SM-3MJF9,2,2,Normal Tissue,Normal Tissue,0.9978163242340088,True
693,GTEX-111FC-0126-SM-5N9DL,2,2,Normal Tissue,Normal Tissue,0.992809534072876,True
694,TCGA-DA-A960-01,0,1,Primary Tumor,Metastasis,0.8061036467552185,False
695,GTEX-13FHP-0126-SM-5IJBG,2,2,Normal Tissue,Normal Tissue,0.992469847202301,True
696,GTEX-UTHO-0008-SM-4JBID,2,2,Normal Tissue,Normal Tissue,0.9667485952377319,True
697,TCGA-EE-A2GP-06,1,1,Metastasis,Metastasis,0.8307346105575562,True
698,GTEX-WI4N-0008-SM-4OOSV,2,2,Normal Tissue,Normal Tissue,0.9573531746864319,True
699,GTEX-11LCK-1026-SM-5A5KB,2,2,Normal Tissue,Normal Tissue,0.9723048806190491,True
700,GTEX-Y114-2126-SM-4TT8B,2,2,Normal Tissue,Normal Tissue,0.9911559820175171,True
701,GTEX-WZTO-0126-SM-3NM95,2,2,Normal Tissue,Normal Tissue,0.7635235786437988,True
702,GTEX-Z93S-0126-SM-5HL7M,2,2,Normal Tissue,Normal Tissue,0.9827985167503357,True
703,GTEX-145ME-1726-SM-5Q5EU,2,2,Normal Tissue,Normal Tissue,0.9860848188400269,True
704,GTEX-ZWKS-0126-SM-5SIAA,2,2,Normal Tissue,Normal Tissue,0.9981374740600586,True
705,GTEX-145LS-0126-SM-5QGP1,2,2,Normal Tissue,Normal Tissue,0.9971809387207031,True
706,GTEX-Y8DK-0126-SM-4TT3L,2,2,Normal Tissue,Normal Tissue,0.7249600291252136,True
707,TCGA-FS-A1ZE-06,1,0,Metastasis,Primary Tumor,0.8219680190086365,False
708,TCGA-D9-A6EC-06,1,1,Metastasis,Metastasis,0.8259038329124451,True
709,GTEX-12WSH-0008-SM-5S2V1,2,2,Normal Tissue,Normal Tissue,0.5801860094070435,True
710,TCGA-EB-A97M-01,0,1,Primary Tumor,Metastasis,0.9074397683143616,False
711,TCGA-D9-A6EG-06,1,1,Metastasis,Metastasis,0.658329963684082,True
712,TCGA-EE-A185-06,1,0,Metastasis,Primary Tumor,0.423981636762619,False
713,GTEX-ZDXO-3026-SM-5J1N5,2,2,Normal Tissue,Normal Tissue,0.9935709238052368,True
714,GTEX-13NZ9-2626-SM-5L3FK,2,2,Normal Tissue,Normal Tissue,0.9379991292953491,True
715,GTEX-R55F-0008-SM-48FE6,2,2,Normal Tissue,Normal Tissue,0.5678755640983582,True
716,TCGA-DA-A1I7-06,1,1,Metastasis,Metastasis,0.795688807964325,True
717,TCGA-EB-A5VU-01,0,0,Primary Tumor,Primary Tumor,0.387299120426178,True
718,TCGA-GF-A6C9-06,1,1,Metastasis,Metastasis,0.9131444692611694,True
719,GTEX-111CU-1926-SM-5GZYZ,2,2,Normal Tissue,Normal Tissue,0.9921737909317017,True
720,GTEX-RWS6-0008-SM-47JYV,2,2,Normal Tissue,Normal Tissue,0.5017588138580322,True
721,TCGA-EE-A3AH-06,1,1,Metastasis,Metastasis,0.8566865921020508,True
722,GTEX-UPK5-0726-SM-4IHL7,2,2,Normal Tissue,Normal Tissue,0.9992672801017761,True
723,GTEX-11UD1-0126-SM-5PNYG,2,2,Normal Tissue,Normal Tissue,0.9967707395553589,True
724,GTEX-XYKS-0008-SM-4BRW6,2,2,Normal Tissue,Normal Tissue,0.9980646967887878,True
725,GTEX-145ME-1826-SM-5SI9G,2,2,Normal Tissue,Normal Tissue,0.9767372012138367,True
726,TCGA-EB-A5SH-06,1,1,Metastasis,Metastasis,0.8820123672485352,True
727,GTEX-14BMU-1226-SM-5S2OR,2,2,Normal Tissue,Normal Tissue,0.9915398955345154,True
728,GTEX-11P81-2326-SM-59875,2,2,Normal Tissue,Normal Tissue,0.7818943858146667,True
729,GTEX-PX3G-0008-SM-48U2L,2,2,Normal Tissue,Normal Tissue,0.98711758852005,True
730,TCGA-D3-A3C1-06,1,1,Metastasis,Metastasis,0.782032310962677,True
731,TCGA-D9-A3Z4-01,0,1,Primary Tumor,Metastasis,0.9139364957809448,False
732,GTEX-WHSB-1326-SM-3LK6W,2,2,Normal Tissue,Normal Tissue,0.9893749952316284,True
733,TCGA-EE-A2A6-06,1,1,Metastasis,Metastasis,0.9187503457069397,True
734,TCGA-FS-A1ZH-06,1,1,Metastasis,Metastasis,0.9364985227584839,True
735,GTEX-14A5H-0426-SM-5QGQF,2,2,Normal Tissue,Normal Tissue,0.9966526627540588,True
736,GTEX-XXEK-2226-SM-4BRUM,2,2,Normal Tissue,Normal Tissue,0.9962687492370605,True
737,GTEX-ZAB5-1826-SM-5HL7C,2,2,Normal Tissue,Normal Tissue,0.991407036781311,True
738,GTEX-11ZTT-2426-SM-5EQLS,2,2,Normal Tissue,Normal Tissue,0.9982187151908875,True
739,GTEX-11ZTS-0126-SM-5EQ6M,2,2,Normal Tissue,Normal Tissue,0.99874347448349,True
740,TCGA-D3-A5GN-06,1,1,Metastasis,Metastasis,0.9683903455734253,True
741,GTEX-12C56-1726-SM-5EQ61,2,2,Normal Tissue,Normal Tissue,0.9564397931098938,True
742,GTEX-139UW-0326-SM-5J1ML,2,2,Normal Tissue,Normal Tissue,0.9831584692001343,True
743,GTEX-V1D1-0008-SM-4JBIJ,2,2,Normal Tissue,Normal Tissue,0.9566658735275269,True
744,GTEX-XBEW-0626-SM-4QASP,2,2,Normal Tissue,Normal Tissue,0.9938938021659851,True
745,GTEX-QV44-0008-SM-447AX,2,2,Normal Tissue,Normal Tissue,0.9562591910362244,True
746,TCGA-FS-A1ZP-06,1,1,Metastasis,Metastasis,0.9043936133384705,True
747,GTEX-14A6H-0126-SM-5QGPK,2,2,Normal Tissue,Normal Tissue,0.9975767731666565,True
748,TCGA-EB-A44P-01,0,0,Primary Tumor,Primary Tumor,0.7294986248016357,True
749,GTEX-XMD2-0008-SM-4WWE7,2,2,Normal Tissue,Normal Tissue,0.7986527681350708,True
750,GTEX-ZYFC-0426-SM-5GICQ,2,2,Normal Tissue,Normal Tissue,0.9506943225860596,True
751,GTEX-RWSA-0126-SM-2XCBB,2,2,Normal Tissue,Normal Tissue,0.9996870756149292,True
752,GTEX-S4P3-0008-SM-3NM8R,2,2,Normal Tissue,Normal Tissue,0.8726428151130676,True
753,GTEX-ZXES-0008-SM-57WCX,2,2,Normal Tissue,Normal Tissue,0.9574210047721863,True
754,GTEX-SJXC-0008-SM-4DM7G,2,2,Normal Tissue,Normal Tissue,0.9893383979797363,True
755,GTEX-XUZC-1726-SM-4BRWS,2,2,Normal Tissue,Normal Tissue,0.99751877784729,True
756,TCGA-ER-A2NH-06,1,1,Metastasis,Metastasis,0.8046146035194397,True
757,TCGA-W3-A825-06,1,1,Metastasis,Metastasis,0.9154365062713623,True
758,GTEX-ZLFU-1826-SM-4WWBV,2,2,Normal Tissue,Normal Tissue,0.9980183839797974,True
759,GTEX-12WSL-2026-SM-5GCML,2,2,Normal Tissue,Normal Tissue,0.997471809387207,True
760,GTEX-11OF3-2626-SM-5GU7F,2,2,Normal Tissue,Normal Tissue,0.9841675162315369,True
761,GTEX-YF7O-1526-SM-5IFI6,2,2,Normal Tissue,Normal Tissue,0.9763893485069275,True
762,TCGA-ER-A2NG-06,1,1,Metastasis,Metastasis,0.4589869976043701,True
763,GTEX-ZP4G-0008-SM-4E3I4,2,2,Normal Tissue,Normal Tissue,0.9084557890892029,True
764,GTEX-PVOW-0008-SM-48TE8,2,2,Normal Tissue,Normal Tissue,0.9862329959869385,True
765,TCGA-EB-A42Z-01,0,1,Primary Tumor,Metastasis,0.7449554204940796,False
766,GTEX-13VXU-0126-SM-5SI9F,2,2,Normal Tissue,Normal Tissue,0.9907653331756592,True
767,TCGA-D3-A8GB-06,1,1,Metastasis,Metastasis,0.9409319758415222,True
768,GTEX-YJ89-0008-SM-4RGM4,2,2,Normal Tissue,Normal Tissue,0.9872844219207764,True
769,GTEX-X3Y1-2026-SM-3P5YM,2,2,Normal Tissue,Normal Tissue,0.9970088601112366,True
770,TCGA-EE-A2MK-06,1,1,Metastasis,Metastasis,0.6901357173919678,True
771,GTEX-TMKS-0126-SM-3DB7S,2,2,Normal Tissue,Normal Tissue,0.9979477524757385,True
772,GTEX-12WSA-0226-SM-5BC5V,2,2,Normal Tissue,Normal Tissue,0.9916782379150391,True
773,TCGA-D3-A2JK-06,1,2,Metastasis,Normal Tissue,0.6256712079048157,False
774,TCGA-D3-A8GI-06,1,1,Metastasis,Metastasis,0.8105411529541016,True
775,GTEX-S33H-0008-SM-4AD6C,2,2,Normal Tissue,Normal Tissue,0.989284098148346,True
776,GTEX-117YW-2626-SM-5GZZH,2,2,Normal Tissue,Normal Tissue,0.9684457182884216,True
777,TCGA-EB-A42Y-01,0,1,Primary Tumor,Metastasis,0.6317611336708069,False
778,GTEX-OHPM-0008-SM-4E3IP,2,2,Normal Tissue,Normal Tissue,0.7333149313926697,True
779,GTEX-13VXU-0626-SM-5L3F9,2,2,Normal Tissue,Normal Tissue,0.984970211982727,True
780,GTEX-14E6C-0126-SM-5RQIP,2,2,Normal Tissue,Normal Tissue,0.9993661046028137,True
781,GTEX-XBED-1926-SM-47JYP,2,2,Normal Tissue,Normal Tissue,0.9960721731185913,True
782,GTEX-ZVT3-0126-SM-5GU6I,2,2,Normal Tissue,Normal Tissue,0.9916566610336304,True
783,TCGA-D3-A2JA-06,1,2,Metastasis,Normal Tissue,0.5534863471984863,False
784,GTEX-ZE7O-0126-SM-57WC1,2,2,Normal Tissue,Normal Tissue,0.9943196773529053,True
785,TCGA-WE-A8ZQ-06,1,1,Metastasis,Metastasis,0.8597647547721863,True
786,TCGA-DA-A1I2-06,1,1,Metastasis,Metastasis,0.9370269179344177,True
787,GTEX-11EQ9-0008-SM-5Q5DK,2,2,Normal Tissue,Normal Tissue,0.694992184638977,True
788,GTEX-ZQG8-0008-SM-4YCE7,2,2,Normal Tissue,Normal Tissue,0.995556652545929,True
789,TCGA-GF-A2C7-01,0,0,Primary Tumor,Primary Tumor,0.8392006158828735,True
790,TCGA-EE-A2ML-06,1,1,Metastasis,Metastasis,0.7314454317092896,True
791,GTEX-TMZS-0126-SM-3DB9Q,2,2,Normal Tissue,Normal Tissue,0.9987614154815674,True
792,GTEX-PLZ6-1426-SM-5S2TR,2,2,Normal Tissue,Normal Tissue,0.9981643557548523,True
793,TCGA-EE-A29R-06,1,1,Metastasis,Metastasis,0.8400953412055969,True
794,GTEX-146FR-1326-SM-5SIAJ,2,2,Normal Tissue,Normal Tissue,0.9258486032485962,True
795,TCGA-EB-A4OY-01,0,1,Primary Tumor,Metastasis,0.5668864846229553,False
796,TCGA-EE-A20C-06,1,1,Metastasis,Metastasis,0.6661136150360107,True
797,GTEX-P4QR-0326-SM-5SI8P,2,2,Normal Tissue,Normal Tissue,0.999122679233551,True
798,TCGA-EE-A2MG-06,1,1,Metastasis,Metastasis,0.9624772667884827,True
799,GTEX-YEC4-1826-SM-4W1YP,2,2,Normal Tissue,Normal Tissue,0.887465238571167,True
800,GTEX-11EQ9-2426-SM-5HL5T,2,2,Normal Tissue,Normal Tissue,0.9995114803314209,True
801,TCGA-YG-AA3N-01,0,0,Primary Tumor,Primary Tumor,0.4983946979045868,True
802,TCGA-EB-A5SF-01,0,2,Primary Tumor,Normal Tissue,0.6673387289047241,False
803,TCGA-EB-A82C-01,0,0,Primary Tumor,Primary Tumor,0.8197205066680908,True
804,GTEX-QCQG-1726-SM-3GIJ9,2,2,Normal Tissue,Normal Tissue,0.9970651268959045,True
805,GTEX-RVPU-2226-SM-2XCAQ,2,2,Normal Tissue,Normal Tissue,0.998977541923523,True
806,GTEX-139T8-0626-SM-5KLZX,2,2,Normal Tissue,Normal Tissue,0.9978210926055908,True
807,GTEX-ZVE2-2826-SM-5GU51,2,2,Normal Tissue,Normal Tissue,0.9919529557228088,True
808,GTEX-ZT9W-1126-SM-57WDR,2,2,Normal Tissue,Normal Tissue,0.9944217801094055,True
809,TCGA-D3-A51N-06,1,1,Metastasis,Metastasis,0.9730879664421082,True
810,TCGA-EE-A17Y-06,1,1,Metastasis,Metastasis,0.8303880095481873,True
811,GTEX-P78B-0008-SM-48TE1,2,2,Normal Tissue,Normal Tissue,0.9875040650367737,True
812,TCGA-EE-A29B-06,1,1,Metastasis,Metastasis,0.755047619342804,True
813,GTEX-Y8E4-2026-SM-5IFJB,2,2,Normal Tissue,Normal Tissue,0.997470498085022,True
814,GTEX-139TT-0126-SM-5K7Y5,2,2,Normal Tissue,Normal Tissue,0.920538604259491,True
815,GTEX-R45C-0008-SM-48FF2,2,2,Normal Tissue,Normal Tissue,0.997990608215332,True
816,TCGA-D3-A8GJ-06,1,1,Metastasis,Metastasis,0.9765638113021851,True
817,TCGA-EB-A82B-01,0,1,Primary Tumor,Metastasis,0.8979203701019287,False
818,TCGA-FR-A7UA-06,1,1,Metastasis,Metastasis,0.9795774817466736,True
819,GTEX-13NYB-0126-SM-5J1MD,2,2,Normal Tissue,Normal Tissue,0.9855595827102661,True
820,GTEX-144FL-0626-SM-5LU43,2,2,Normal Tissue,Normal Tissue,0.9805394411087036,True
821,GTEX-12WS9-0126-SM-5EGL7,2,2,Normal Tissue,Normal Tissue,0.9779534339904785,True
822,GTEX-U8XE-0008-SM-4E3K4,2,2,Normal Tissue,Normal Tissue,0.9310517907142639,True
823,TCGA-D3-A51R-06,1,1,Metastasis,Metastasis,0.7978391647338867,True
824,TCGA-RP-A6K9-06,1,1,Metastasis,Metastasis,0.8078117966651917,True
825,GTEX-12ZZY-0226-SM-5LZVE,2,2,Normal Tissue,Normal Tissue,0.8783854842185974,True
826,GTEX-NFK9-0226-SM-2HMKQ,2,2,Normal Tissue,Normal Tissue,0.9903462529182434,True
827,GTEX-QV31-0008-SM-447AT,2,2,Normal Tissue,Normal Tissue,0.8913341760635376,True
828,GTEX-WL46-0008-SM-4OOSW,2,2,Normal Tissue,Normal Tissue,0.9225580096244812,True
829,GTEX-PWCY-1826-SM-5SI7U,2,2,Normal Tissue,Normal Tissue,0.9699230194091797,True
830,TCGA-EE-A3AD-06,1,0,Metastasis,Primary Tumor,0.7555325627326965,False
831,TCGA-EE-A2GL-06,1,1,Metastasis,Metastasis,0.9252256155014038,True
832,TCGA-EE-A29N-06,1,1,Metastasis,Metastasis,0.8993354439735413,True
833,GTEX-11EI6-0008-SM-5QGR7,2,2,Normal Tissue,Normal Tissue,0.9321154952049255,True
834,TCGA-GF-A769-01,0,1,Primary Tumor,Metastasis,0.7527444958686829,False
835,TCGA-D3-A2JB-06,1,1,Metastasis,Metastasis,0.9670861959457397,True
836,GTEX-139TU-0726-SM-5L3EK,2,2,Normal Tissue,Normal Tissue,0.9703777432441711,True
837,GTEX-139D8-0226-SM-5KLZO,2,2,Normal Tissue,Normal Tissue,0.9899207353591919,True
838,GTEX-13FXS-0226-SM-5IJCK,2,2,Normal Tissue,Normal Tissue,0.9918278455734253,True
839,TCGA-HR-A2OG-06,1,1,Metastasis,Metastasis,0.9448790550231934,True
840,GTEX-RVPV-0008-SM-47JYW,2,2,Normal Tissue,Normal Tissue,0.975860059261322,True
841,TCGA-DA-A1IB-06,1,1,Metastasis,Metastasis,0.6955680847167969,True
842,GTEX-ZV7C-0008-SM-57WCL,2,2,Normal Tissue,Normal Tissue,0.9907594919204712,True
843,GTEX-ZE7O-2726-SM-51MT5,2,2,Normal Tissue,Normal Tissue,0.9988356232643127,True
844,GTEX-ZVE1-0008-SM-51MS9,2,2,Normal Tissue,Normal Tissue,0.9698647856712341,True
845,GTEX-1497J-0226-SM-5QGPU,2,2,Normal Tissue,Normal Tissue,0.9997109770774841,True
846,GTEX-ZF28-0126-SM-4WKGK,2,2,Normal Tissue,Normal Tissue,0.9910573959350586,True
847,GTEX-ZDTT-2726-SM-4WKF8,2,2,Normal Tissue,Normal Tissue,0.9961115717887878,True
848,TCGA-D3-A51E-06,1,1,Metastasis,Metastasis,0.9565407633781433,True
849,TCGA-D3-A5GT-01,0,1,Primary Tumor,Metastasis,0.6735485196113586,False
850,GTEX-T8EM-1026-SM-3DB7M,2,2,Normal Tissue,Normal Tissue,0.9956686496734619,True
851,TCGA-HR-A2OH-06,1,1,Metastasis,Metastasis,0.9639856815338135,True
852,GTEX-ZE9C-0008-SM-4E3K6,2,2,Normal Tissue,Normal Tissue,0.9729154109954834,True
853,TCGA-ER-A19N-06,1,1,Metastasis,Metastasis,0.5329305529594421,True
854,TCGA-BF-A5EP-01,0,1,Primary Tumor,Metastasis,0.7543162703514099,False
855,GTEX-11EI6-0126-SM-5985R,2,2,Normal Tissue,Normal Tissue,0.9700092673301697,True
856,TCGA-D3-A2JO-06,1,1,Metastasis,Metastasis,0.967251181602478,True
857,GTEX-13O3O-2326-SM-5IJD6,2,2,Normal Tissue,Normal Tissue,0.9489094614982605,True
858,GTEX-Y3IK-0008-SM-4WWDZ,2,2,Normal Tissue,Normal Tissue,0.9598988890647888,True
859,GTEX-12584-0726-SM-5FQTK,2,2,Normal Tissue,Normal Tissue,0.9659797549247742,True
860,GTEX-ZC5H-1526-SM-5HL9Y,2,2,Normal Tissue,Normal Tissue,0.9969667792320251,True
861,GTEX-11WQC-2526-SM-5CVLE,2,2,Normal Tissue,Normal Tissue,0.9957809448242188,True
862,TCGA-EE-A29W-06,1,1,Metastasis,Metastasis,0.8231685757637024,True
863,GTEX-T6MN-0008-SM-4DM7H,2,2,Normal Tissue,Normal Tissue,0.9966285824775696,True
864,GTEX-XUW1-0426-SM-4BOOT,2,2,Normal Tissue,Normal Tissue,0.9984185695648193,True
865,GTEX-11EQ8-0926-SM-5H12V,2,2,Normal Tissue,Normal Tissue,0.986003041267395,True
866,GTEX-13SLW-0126-SM-5SI6C,2,2,Normal Tissue,Normal Tissue,0.9962279796600342,True
867,TCGA-EB-A5UN-06,1,2,Metastasis,Normal Tissue,0.45125874876976013,False
868,GTEX-W5X1-2526-SM-3GILC,2,2,Normal Tissue,Normal Tissue,0.998392641544342,True
869,GTEX-1313W-0626-SM-5EQ4H,2,2,Normal Tissue,Normal Tissue,0.9972209930419922,True
870,TCGA-EE-A2GC-06,1,1,Metastasis,Metastasis,0.9786806106567383,True
871,GTEX-WY7C-2126-SM-3NB2R,2,2,Normal Tissue,Normal Tissue,0.9918606877326965,True
872,GTEX-OXRK-0008-SM-3NB28,2,2,Normal Tissue,Normal Tissue,0.9977521300315857,True
873,TCGA-D3-A5GS-06,1,1,Metastasis,Metastasis,0.9445528388023376,True
874,GTEX-13RTJ-2426-SM-5S2Q2,2,2,Normal Tissue,Normal Tissue,0.9919215440750122,True
875,TCGA-D3-A8GV-06,1,1,Metastasis,Metastasis,0.8710908889770508,True
876,TCGA-ER-A2NF-06,1,1,Metastasis,Metastasis,0.9219908118247986,True
877,TCGA-ER-A2NF-01,0,1,Primary Tumor,Metastasis,0.6362217664718628,False
878,GTEX-13FH7-2026-SM-5IJCR,2,2,Normal Tissue,Normal Tissue,0.9979264736175537,True
879,GTEX-U4B1-0008-SM-4DXUW,2,2,Normal Tissue,Normal Tissue,0.9850194454193115,True
880,GTEX-13O3P-0126-SM-5KM4S,2,2,Normal Tissue,Normal Tissue,0.9980553388595581,True
881,GTEX-12C56-1526-SM-5FQUQ,2,2,Normal Tissue,Normal Tissue,0.9299739003181458,True
882,TCGA-FR-A2OS-01,0,1,Primary Tumor,Metastasis,0.5616418123245239,False
883,GTEX-R55G-0008-SM-48FEX,2,2,Normal Tissue,Normal Tissue,0.9137142896652222,True
884,TCGA-EE-A29E-06,1,1,Metastasis,Metastasis,0.7950544357299805,True
885,GTEX-11DYG-0126-SM-59883,2,2,Normal Tissue,Normal Tissue,0.997334361076355,True
886,GTEX-X4EO-2926-SM-4E3JH,2,2,Normal Tissue,Normal Tissue,0.9858679175376892,True
887,TCGA-BF-A3DM-01,0,1,Primary Tumor,Metastasis,0.7768587470054626,False
888,GTEX-ZYVF-0926-SM-5E44J,2,2,Normal Tissue,Normal Tissue,0.9096653461456299,True
889,GTEX-T2IS-0008-SM-4DM75,2,2,Normal Tissue,Normal Tissue,0.9077969193458557,True
890,TCGA-ER-A193-06,1,1,Metastasis,Metastasis,0.7693843245506287,True
891,GTEX-QEG4-0226-SM-2S1PY,2,2,Normal Tissue,Normal Tissue,0.9827263355255127,True
892,GTEX-WH7G-2326-SM-3NMBC,2,2,Normal Tissue,Normal Tissue,0.9836830496788025,True
893,TCGA-ER-A19O-06,1,1,Metastasis,Metastasis,0.9356496334075928,True
894,TCGA-D9-A4Z5-01,0,1,Primary Tumor,Metastasis,0.7001368403434753,False
895,TCGA-EB-A5UM-01,0,0,Primary Tumor,Primary Tumor,0.6215285658836365,True
896,TCGA-EE-A2A1-06,1,1,Metastasis,Metastasis,0.927850604057312,True
897,GTEX-Y8E4-0626-SM-4WWDL,2,2,Normal Tissue,Normal Tissue,0.978855311870575,True
898,GTEX-ZT9W-0008-SM-4YCDJ,2,2,Normal Tissue,Normal Tissue,0.9836904406547546,True
899,GTEX-XOTO-0126-SM-4B66N,2,1,Normal Tissue,Metastasis,0.5015880465507507,False
900,GTEX-WI4N-2726-SM-3LK7Y,2,2,Normal Tissue,Normal Tissue,0.9935780763626099,True
901,GTEX-145LV-2126-SM-5LU8N,2,2,Normal Tissue,Normal Tissue,0.9914044141769409,True
902,GTEX-11P82-1626-SM-59879,2,2,Normal Tissue,Normal Tissue,0.9916403293609619,True
903,TCGA-ER-A197-06,1,0,Metastasis,Primary Tumor,0.5782371759414673,False
904,GTEX-11ZU8-0126-SM-5EQ58,2,2,Normal Tissue,Normal Tissue,0.9982307553291321,True
905,TCGA-BF-A1PV-01,0,0,Primary Tumor,Primary Tumor,0.5987449884414673,True
906,GTEX-11LCK-0008-SM-5Q5BB,2,2,Normal Tissue,Normal Tissue,0.9786393642425537,True
907,TCGA-D9-A1X3-06,1,1,Metastasis,Metastasis,0.6365962028503418,True
908,TCGA-BF-A1PU-01,0,0,Primary Tumor,Primary Tumor,0.8201645612716675,True
909,GTEX-13OW6-0426-SM-5L3HM,2,2,Normal Tissue,Normal Tissue,0.9879025816917419,True
910,TCGA-EE-A29C-06,1,2,Metastasis,Normal Tissue,0.8744649291038513,False
911,GTEX-XOT4-0626-SM-4B66L,2,2,Normal Tissue,Normal Tissue,0.9948379397392273,True
912,GTEX-14A6H-2026-SM-5Q5DD,2,2,Normal Tissue,Normal Tissue,0.9869480133056641,True
913,GTEX-X4XX-0126-SM-3NMC2,2,2,Normal Tissue,Normal Tissue,0.9742026925086975,True
914,GTEX-113IC-0126-SM-5HL6T,2,2,Normal Tissue,Normal Tissue,0.9991990923881531,True
915,GTEX-11P7K-2126-SM-5GU7G,2,2,Normal Tissue,Normal Tissue,0.9983477592468262,True
916,TCGA-EE-A3J7-06,1,1,Metastasis,Metastasis,0.8848106861114502,True
917,GTEX-XQ8I-0926-SM-4BOOF,2,2,Normal Tissue,Normal Tissue,0.9982877373695374,True
918,GTEX-VUSH-0008-SM-47JWK,2,2,Normal Tissue,Normal Tissue,0.9858127236366272,True
919,GTEX-ZPCL-0008-SM-4WWAU,2,2,Normal Tissue,Normal Tissue,0.9787923693656921,True
920,TCGA-RP-A690-06,1,1,Metastasis,Metastasis,0.7803417444229126,True
921,TCGA-D3-A3CB-06,1,1,Metastasis,Metastasis,0.9538138508796692,True
922,TCGA-ER-A3ES-06,1,1,Metastasis,Metastasis,0.8489556312561035,True
923,GTEX-XUYS-0008-SM-47JYZ,2,2,Normal Tissue,Normal Tissue,0.9958329796791077,True
924,TCGA-GN-A264-06,1,1,Metastasis,Metastasis,0.7010635137557983,True
925,GTEX-Y111-0008-SM-4SOJ3,2,2,Normal Tissue,Normal Tissue,0.9899779558181763,True
926,TCGA-D3-A1Q8-06,1,1,Metastasis,Metastasis,0.9532723426818848,True
927,TCGA-3N-A9WC-06,1,1,Metastasis,Metastasis,0.9721588492393494,True
928,TCGA-FS-A1YX-06,1,1,Metastasis,Metastasis,0.7540462017059326,True
929,GTEX-WK11-2726-SM-3NMAQ,2,2,Normal Tissue,Normal Tissue,0.8037598729133606,True
930,GTEX-QMR6-0008-SM-447AV,2,2,Normal Tissue,Normal Tissue,0.8799368739128113,True
931,TCGA-EE-A2GU-06,1,1,Metastasis,Metastasis,0.9577838182449341,True
932,GTEX-PW2O-0008-SM-48TEB,2,2,Normal Tissue,Normal Tissue,0.9333698153495789,True
933,GTEX-S3XE-1726-SM-3K2AM,2,2,Normal Tissue,Normal Tissue,0.9894828200340271,True
934,GTEX-ZVTK-0426-SM-51MRS,2,2,Normal Tissue,Normal Tissue,0.9983354210853577,True
935,TCGA-WE-A8ZT-06,1,1,Metastasis,Metastasis,0.8789169788360596,True
936,GTEX-R55G-2526-SM-2TC6D,2,2,Normal Tissue,Normal Tissue,0.9971044659614563,True
937,TCGA-W3-AA1O-06,1,1,Metastasis,Metastasis,0.7883284687995911,True
938,TCGA-GN-A8LL-06,1,1,Metastasis,Metastasis,0.9407396912574768,True
939,GTEX-YECK-0326-SM-4W1YS,2,2,Normal Tissue,Normal Tissue,0.8487193584442139,True
940,TCGA-D3-A8GL-06,1,1,Metastasis,Metastasis,0.8521674871444702,True
941,GTEX-S95S-0008-SM-4AT5M,2,2,Normal Tissue,Normal Tissue,0.9563280940055847,True
942,GTEX-SIU8-0008-SM-4BRUC,2,2,Normal Tissue,Normal Tissue,0.8576982617378235,True
943,GTEX-Y5V5-2326-SM-4V6GA,2,2,Normal Tissue,Normal Tissue,0.997153639793396,True
944,GTEX-OOBK-0126-SM-2YUND,2,2,Normal Tissue,Normal Tissue,0.997372031211853,True
945,GTEX-TMMY-0226-SM-33HBA,2,2,Normal Tissue,Normal Tissue,0.9955686926841736,True
946,TCGA-EB-A553-01,0,0,Primary Tumor,Primary Tumor,0.5878848433494568,True
947,GTEX-11TUW-0008-SM-5SI6S,2,2,Normal Tissue,Normal Tissue,0.7367303967475891,True
948,GTEX-1399R-1326-SM-5PNYS,2,2,Normal Tissue,Normal Tissue,0.9949423670768738,True
949,GTEX-ZVP2-0008-SM-51MSL,2,2,Normal Tissue,Normal Tissue,0.95975661277771,True
950,GTEX-13O3Q-2426-SM-5IJBR,2,2,Normal Tissue,Normal Tissue,0.9855177402496338,True
951,GTEX-147F3-1726-SM-5SIAW,2,2,Normal Tissue,Normal Tissue,0.980793833732605,True
952,TCGA-FR-A69P-06,1,1,Metastasis,Metastasis,0.8066088557243347,True
953,TCGA-GN-A8LN-01,0,1,Primary Tumor,Metastasis,0.8954276442527771,False
954,GTEX-13W3W-0726-SM-5IJDQ,2,2,Normal Tissue,Normal Tissue,0.9988161325454712,True
955,GTEX-PWCY-0008-SM-48TE9,2,2,Normal Tissue,Normal Tissue,0.9977298378944397,True
956,GTEX-12WSC-2826-SM-5BC5Y,2,2,Normal Tissue,Normal Tissue,0.8977874517440796,True
957,TCGA-EE-A180-06,1,1,Metastasis,Metastasis,0.8278077244758606,True
958,GTEX-147F4-0226-SM-5QGPW,2,2,Normal Tissue,Normal Tissue,0.9985857009887695,True
959,TCGA-EB-A57M-01,0,0,Primary Tumor,Primary Tumor,0.5025655627250671,True
960,GTEX-13NYB-2526-SM-5K7Z6,2,2,Normal Tissue,Normal Tissue,0.998242974281311,True
961,GTEX-139TU-0126-SM-5K7WH,2,2,Normal Tissue,Normal Tissue,0.9954278469085693,True
962,GTEX-X261-0126-SM-3NMD6,2,2,Normal Tissue,Normal Tissue,0.9891772866249084,True
963,GTEX-QDVJ-0008-SM-48U2E,2,2,Normal Tissue,Normal Tissue,0.978849470615387,True
964,GTEX-11O72-0126-SM-59887,2,2,Normal Tissue,Normal Tissue,0.9882885217666626,True
965,GTEX-XBEC-0726-SM-4QARZ,2,2,Normal Tissue,Normal Tissue,0.985916793346405,True
966,GTEX-13W46-0226-SM-5SIAG,2,2,Normal Tissue,Normal Tissue,0.9868878722190857,True
967,GTEX-S7SF-1626-SM-3K2AY,2,2,Normal Tissue,Normal Tissue,0.9975455403327942,True
968,GTEX-RTLS-0008-SM-48FET,2,2,Normal Tissue,Normal Tissue,0.9856584668159485,True
969,TCGA-DA-A3F5-06,1,1,Metastasis,Metastasis,0.8084433674812317,True
970,GTEX-U3ZH-0008-SM-4DXT2,2,2,Normal Tissue,Normal Tissue,0.9426404237747192,True
971,TCGA-EE-A3AE-06,1,1,Metastasis,Metastasis,0.8585845232009888,True
972,GTEX-Z93T-0126-SM-5HL5N,2,2,Normal Tissue,Normal Tissue,0.9719337821006775,True
973,GTEX-13O21-1426-SM-5K7XI,2,2,Normal Tissue,Normal Tissue,0.9923003911972046,True
974,TCGA-EB-A5FP-01,0,0,Primary Tumor,Primary Tumor,0.6124086976051331,True
975,GTEX-XBEW-1126-SM-4QARW,2,2,Normal Tissue,Normal Tissue,0.9949348568916321,True
976,GTEX-WHSE-0126-SM-3NMBT,2,2,Normal Tissue,Normal Tissue,0.9398390054702759,True
977,GTEX-13NYC-0326-SM-5K7WP,2,2,Normal Tissue,Normal Tissue,0.9924572706222534,True
978,GTEX-14B4R-1326-SM-5Q5EZ,2,2,Normal Tissue,Normal Tissue,0.9932799935340881,True
979,GTEX-NPJ8-0126-SM-2YUNR,2,2,Normal Tissue,Normal Tissue,0.9986451268196106,True
980,TCGA-EE-A183-06,1,1,Metastasis,Metastasis,0.8620343804359436,True
981,GTEX-12126-0326-SM-5PNW3,2,2,Normal Tissue,Normal Tissue,0.9449198246002197,True
982,GTEX-S7PM-0008-SM-3NM9Q,2,2,Normal Tissue,Normal Tissue,0.7512897253036499,True
983,GTEX-OXRK-0226-SM-3NB2G,2,2,Normal Tissue,Normal Tissue,0.9967764019966125,True
984,GTEX-1192X-0226-SM-5H12D,2,2,Normal Tissue,Normal Tissue,0.9951114058494568,True
985,GTEX-X8HC-0626-SM-4E3HQ,2,2,Normal Tissue,Normal Tissue,0.9303622841835022,True
986,GTEX-11DXY-2626-SM-5GIE7,2,2,Normal Tissue,Normal Tissue,0.9977573752403259,True
987,GTEX-ZV7C-0926-SM-59HL1,2,2,Normal Tissue,Normal Tissue,0.7277508974075317,True
988,TCGA-DA-A3F8-06,1,1,Metastasis,Metastasis,0.9411556720733643,True
989,GTEX-NL3G-0008-SM-4E3JX,2,2,Normal Tissue,Normal Tissue,0.7623773217201233,True
990,TCGA-D3-A2J6-06,1,2,Metastasis,Normal Tissue,0.38827890157699585,False
991,GTEX-QVJO-1626-SM-2S1QW,2,2,Normal Tissue,Normal Tissue,0.9979795813560486,True
992,TCGA-ER-A42L-06,1,1,Metastasis,Metastasis,0.9547921419143677,True
993,GTEX-ZDTT-0008-SM-4E3K5,2,2,Normal Tissue,Normal Tissue,0.8480257391929626,True
994,GTEX-13FTW-0326-SM-5K7UW,2,2,Normal Tissue,Normal Tissue,0.9884738326072693,True
995,GTEX-139TS-2126-SM-5K7XC,2,2,Normal Tissue,Normal Tissue,0.9918963313102722,True
996,GTEX-Q734-0008-SM-48U2I,2,2,Normal Tissue,Normal Tissue,0.9767947793006897,True
997,GTEX-ZTSS-0008-SM-4YCE8,2,2,Normal Tissue,Normal Tissue,0.9705134630203247,True
998,TCGA-WE-A8ZM-06,1,1,Metastasis,Metastasis,0.7919089198112488,True
999,GTEX-12WSB-2926-SM-59HKL,2,2,Normal Tissue,Normal Tissue,0.9496067762374878,True
1000,GTEX-11P7K-1126-SM-5HL4L,2,2,Normal Tissue,Normal Tissue,0.9943556785583496,True
1001,TCGA-EE-A20F-06,1,1,Metastasis,Metastasis,0.9523380994796753,True
1002,GTEX-OHPJ-0008-SM-4E3JG,2,2,Normal Tissue,Normal Tissue,0.654553234577179,True
1003,GTEX-ZP4G-1426-SM-4WWCL,2,2,Normal Tissue,Normal Tissue,0.9967911839485168,True
1004,TCGA-FW-A3I3-06,1,0,Metastasis,Primary Tumor,0.5076218247413635,False
1005,GTEX-XOTO-0726-SM-4B659,2,2,Normal Tissue,Normal Tissue,0.9963072538375854,True
1006,TCGA-YD-A9TA-06,1,1,Metastasis,Metastasis,0.9689478874206543,True
1007,GTEX-11GSP-0008-SM-5Q5DM,2,2,Normal Tissue,Normal Tissue,0.5434598326683044,True
1008,GTEX-X4XY-0008-SM-46MVL,2,2,Normal Tissue,Normal Tissue,0.7926098704338074,True
1009,TCGA-EB-A6QY-01,0,0,Primary Tumor,Primary Tumor,0.7018501162528992,True
1010,TCGA-WE-A8ZY-06,1,1,Metastasis,Metastasis,0.8606306314468384,True
1011,GTEX-111CU-1126-SM-5EGIM,2,2,Normal Tissue,Normal Tissue,0.9940915703773499,True
1012,TCGA-D3-A1Q1-06,1,1,Metastasis,Metastasis,0.5691984295845032,True
1013,TCGA-D3-A8GR-06,1,1,Metastasis,Metastasis,0.7919309139251709,True
1014,TCGA-EE-A20I-06,1,1,Metastasis,Metastasis,0.9285189509391785,True
1015,TCGA-DA-A95V-06,1,1,Metastasis,Metastasis,0.966241717338562,True
1016,GTEX-14DAR-2026-SM-5S2O3,2,2,Normal Tissue,Normal Tissue,0.9868929982185364,True
1017,GTEX-OXRP-0126-SM-48TDI,2,2,Normal Tissue,Normal Tissue,0.9980384707450867,True
1018,GTEX-11P81-0008-SM-5S2OT,2,2,Normal Tissue,Normal Tissue,0.9446711540222168,True
1019,TCGA-EE-A3JB-06,1,1,Metastasis,Metastasis,0.8911339044570923,True
1020,TCGA-ER-A19F-06,1,1,Metastasis,Metastasis,0.8402643799781799,True
1021,GTEX-ZAK1-0626-SM-5HL8E,2,2,Normal Tissue,Normal Tissue,0.9976696372032166,True
1022,TCGA-EB-A4XL-01,0,1,Primary Tumor,Metastasis,0.4477294981479645,False
1023,GTEX-WRHU-2826-SM-3MJG8,2,2,Normal Tissue,Normal Tissue,0.7547592520713806,True
1024,GTEX-ZDTS-0826-SM-4WKHL,2,2,Normal Tissue,Normal Tissue,0.9748250246047974,True
1025,GTEX-117YX-2326-SM-5H12W,2,2,Normal Tissue,Normal Tissue,0.9988324046134949,True
1026,GTEX-12ZZY-0726-SM-5EQ66,2,2,Normal Tissue,Normal Tissue,0.9981301426887512,True
1027,TCGA-FS-A1ZM-06,1,0,Metastasis,Primary Tumor,0.4997144043445587,False
1028,GTEX-Y5V6-0008-SM-4V6FV,2,2,Normal Tissue,Normal Tissue,0.9020268321037292,True
1029,GTEX-14BMV-0126-SM-5S2PO,2,2,Normal Tissue,Normal Tissue,0.9913964867591858,True
1030,GTEX-QCQG-0008-SM-48U2G,2,2,Normal Tissue,Normal Tissue,0.8481725454330444,True
1031,GTEX-X3Y1-0008-SM-4PR12,2,2,Normal Tissue,Normal Tissue,0.9888913631439209,True
1032,TCGA-EE-A2MR-06,1,1,Metastasis,Metastasis,0.9244639277458191,True
1033,GTEX-12WSD-0126-SM-59HKN,2,2,Normal Tissue,Normal Tissue,0.9596748352050781,True
1034,GTEX-S4UY-0008-SM-3NM8H,2,2,Normal Tissue,Normal Tissue,0.9313594102859497,True
1035,GTEX-WWTW-0008-SM-4MVPE,2,2,Normal Tissue,Normal Tissue,0.870799720287323,True
1036,GTEX-13JVG-0726-SM-5KM16,2,2,Normal Tissue,Normal Tissue,0.9732356667518616,True
1037,GTEX-S341-0008-SM-4AD6D,2,2,Normal Tissue,Normal Tissue,0.9930383563041687,True
1038,GTEX-U8XE-0226-SM-4E3J3,2,2,Normal Tissue,Normal Tissue,0.9923917651176453,True
1039,GTEX-13OW7-0426-SM-5K7VK,2,2,Normal Tissue,Normal Tissue,0.9920612573623657,True
1040,GTEX-11WQC-0008-SM-5SI6R,2,2,Normal Tissue,Normal Tissue,0.91880202293396,True
1041,GTEX-13113-1926-SM-5LZWG,2,2,Normal Tissue,Normal Tissue,0.9959298968315125,True
1042,TCGA-D3-A1Q5-06,1,1,Metastasis,Metastasis,0.937537670135498,True
1043,GTEX-ZPCL-1126-SM-4WWFE,2,2,Normal Tissue,Normal Tissue,0.974959135055542,True
1044,GTEX-ZDYS-2426-SM-4WKGI,2,2,Normal Tissue,Normal Tissue,0.98163902759552,True
1045,GTEX-146FH-0126-SM-5QGPP,2,2,Normal Tissue,Normal Tissue,0.9903950095176697,True
1046,GTEX-ZTSS-1926-SM-57WEW,2,2,Normal Tissue,Normal Tissue,0.9825112223625183,True
1047,TCGA-EE-A3JE-06,1,1,Metastasis,Metastasis,0.9593043327331543,True
1048,GTEX-QESD-0008-SM-447B2,2,2,Normal Tissue,Normal Tissue,0.9529495239257812,True
1049,GTEX-ZT9W-2426-SM-57WFJ,2,2,Normal Tissue,Normal Tissue,0.4239860773086548,True
1050,TCGA-FS-A1ZY-06,1,1,Metastasis,Metastasis,0.7243179082870483,True
1051,GTEX-Q2AI-1326-SM-2S1PL,2,2,Normal Tissue,Normal Tissue,0.9992792010307312,True
1052,GTEX-WYBS-0008-SM-4ONDX,2,2,Normal Tissue,Normal Tissue,0.6320449113845825,True
1053,TCGA-EB-A4IQ-01,0,0,Primary Tumor,Primary Tumor,0.4945487380027771,True
1054,GTEX-ZVE1-0726-SM-51MRN,2,2,Normal Tissue,Normal Tissue,0.9113161563873291,True
1055,TCGA-QB-A6FS-06,1,1,Metastasis,Metastasis,0.9553012251853943,True
1056,TCGA-FR-A729-06,1,1,Metastasis,Metastasis,0.9696142673492432,True
1057,GTEX-ZV68-0008-SM-4YCCV,2,2,Normal Tissue,Normal Tissue,0.9729176759719849,True
1058,TCGA-ER-A19J-06,1,0,Metastasis,Primary Tumor,0.4754987955093384,False
1059,GTEX-113JC-0008-SM-5QGR6,2,2,Normal Tissue,Normal Tissue,0.8946573734283447,True
1060,GTEX-ZVZQ-0008-SM-51MSK,2,2,Normal Tissue,Normal Tissue,0.8943725228309631,True
1061,TCGA-FS-A1Z7-06,1,1,Metastasis,Metastasis,0.8067825436592102,True
1062,GTEX-SNOS-0008-SM-4DM6I,2,2,Normal Tissue,Normal Tissue,0.9428310990333557,True
1063,GTEX-11DZ1-0126-SM-5985Q,2,2,Normal Tissue,Normal Tissue,0.9938271641731262,True
1064,GTEX-ZYWO-2226-SM-5GZXR,2,2,Normal Tissue,Normal Tissue,0.9701757431030273,True
1065,TCGA-GN-A266-06,1,1,Metastasis,Metastasis,0.9693503975868225,True
1066,TCGA-RP-A693-06,1,1,Metastasis,Metastasis,0.9484100341796875,True
1067,GTEX-ZLWG-0008-SM-4E3J4,2,2,Normal Tissue,Normal Tissue,0.9592309594154358,True
1068,TCGA-EE-A3JH-06,1,1,Metastasis,Metastasis,0.9735829830169678,True
1069,TCGA-D3-A1QA-06,1,1,Metastasis,Metastasis,0.9275665879249573,True
1070,TCGA-D3-A1QA-07,1,1,Metastasis,Metastasis,0.9539867639541626,True
1071,TCGA-DA-A95Y-06,1,1,Metastasis,Metastasis,0.910552442073822,True
1072,TCGA-EE-A2MD-06,1,1,Metastasis,Metastasis,0.9648195505142212,True
1073,GTEX-111VG-1626-SM-5EGIO,2,2,Normal Tissue,Normal Tissue,0.98047935962677,True
1074,TCGA-EB-A3Y7-01,0,0,Primary Tumor,Primary Tumor,0.8016397356987,True
1075,GTEX-RM2N-1426-SM-2TF4H,2,2,Normal Tissue,Normal Tissue,0.9968384504318237,True
1076,TCGA-FR-A726-01,0,0,Primary Tumor,Primary Tumor,0.8210029006004333,True
1077,GTEX-11DXZ-2026-SM-5987S,2,2,Normal Tissue,Normal Tissue,0.9872643947601318,True
1078,TCGA-EE-A2MQ-06,1,1,Metastasis,Metastasis,0.9081861972808838,True
1079,GTEX-SSA3-0008-SM-47JWJ,2,2,Normal Tissue,Normal Tissue,0.9812131524085999,True
1080,TCGA-D3-A2J8-06,1,1,Metastasis,Metastasis,0.9652407169342041,True
1081,GTEX-WOFL-0126-SM-3MJG2,2,2,Normal Tissue,Normal Tissue,0.9770035147666931,True
1082,GTEX-RN64-0126-SM-2TC68,2,2,Normal Tissue,Normal Tissue,0.7128377556800842,True
1083,TCGA-BF-A3DJ-01,0,0,Primary Tumor,Primary Tumor,0.8223654627799988,True
1084,GTEX-WWYW-0008-SM-4MVPF,2,2,Normal Tissue,Normal Tissue,0.8579846620559692,True
1085,TCGA-D9-A148-06,1,1,Metastasis,Metastasis,0.8978247046470642,True
1086,GTEX-PLZ4-0126-SM-2S1OG,2,2,Normal Tissue,Normal Tissue,0.9992282390594482,True
1087,TCGA-EB-A6R0-01,0,1,Primary Tumor,Metastasis,0.4987253248691559,False
1088,GTEX-U3ZN-0008-SM-4DXTL,2,2,Normal Tissue,Normal Tissue,0.9961534142494202,True
1089,GTEX-13VXT-1926-SM-5K7UO,2,2,Normal Tissue,Normal Tissue,0.9962384700775146,True
1090,GTEX-WCDI-0008-SM-47JYE,2,2,Normal Tissue,Normal Tissue,0.562716543674469,True
1091,GTEX-ZVT4-0126-SM-51MS1,2,2,Normal Tissue,Normal Tissue,0.9740263223648071,True
1092,GTEX-1399S-0126-SM-5IJCF,2,2,Normal Tissue,Normal Tissue,0.9987854361534119,True
1093,GTEX-PSDG-0226-SM-33HC1,2,2,Normal Tissue,Normal Tissue,0.9975615739822388,True
1094,GTEX-13FTX-1526-SM-5K7VJ,2,2,Normal Tissue,Normal Tissue,0.9934054613113403,True
1095,GTEX-WXYG-2026-SM-4E3IY,2,2,Normal Tissue,Normal Tissue,0.9987102746963501,True
1096,GTEX-13PVQ-0626-SM-5LU47,2,2,Normal Tissue,Normal Tissue,0.9929540753364563,True
1097,TCGA-D3-A51K-06,1,1,Metastasis,Metastasis,0.9723639488220215,True
1098,TCGA-FR-A7U8-06,1,1,Metastasis,Metastasis,0.7655680775642395,True
1099,GTEX-SUCS-1926-SM-32PM3,2,2,Normal Tissue,Normal Tissue,0.9951175451278687,True
1100,GTEX-1192X-0008-SM-5Q5B7,2,2,Normal Tissue,Normal Tissue,0.9908472299575806,True
1101,GTEX-11WQK-1026-SM-5EQLX,2,2,Normal Tissue,Normal Tissue,0.9555618762969971,True
1102,GTEX-PSDG-0008-SM-48TE5,2,2,Normal Tissue,Normal Tissue,0.987427830696106,True
1103,GTEX-S4Q7-0008-SM-3NM8A,2,2,Normal Tissue,Normal Tissue,0.9237372875213623,True
1104,TCGA-Z2-A8RT-06,1,1,Metastasis,Metastasis,0.9517726302146912,True
1105,GTEX-Y5V5-0126-SM-5S2NW,2,2,Normal Tissue,Normal Tissue,0.9835346341133118,True
1106,GTEX-WH7G-2026-SM-3NMBL,2,2,Normal Tissue,Normal Tissue,0.9054246544837952,True
1107,GTEX-11VI4-1726-SM-5CVLH,2,2,Normal Tissue,Normal Tissue,0.8968051671981812,True
1108,GTEX-T6MN-0126-SM-32PLP,2,2,Normal Tissue,Normal Tissue,0.9945856928825378,True
1109,TCGA-EB-A44R-06,1,1,Metastasis,Metastasis,0.9276973605155945,True
1110,TCGA-FS-A1ZG-06,1,1,Metastasis,Metastasis,0.8356894254684448,True
1111,GTEX-12WSK-2126-SM-5CVNC,2,2,Normal Tissue,Normal Tissue,0.988623857498169,True
1112,GTEX-XAJ8-0008-SM-46MU7,2,2,Normal Tissue,Normal Tissue,0.8326307535171509,True
1113,TCGA-YG-AA3P-06,1,1,Metastasis,Metastasis,0.8376438021659851,True
1114,TCGA-FS-A1ZS-06,1,1,Metastasis,Metastasis,0.6465573906898499,True
1115,GTEX-PWN1-0008-SM-48TEA,2,2,Normal Tissue,Normal Tissue,0.9995755553245544,True
1116,TCGA-EB-A4P0-01,0,1,Primary Tumor,Metastasis,0.8801126480102539,False
1117,GTEX-148VJ-0626-SM-5LUAW,2,2,Normal Tissue,Normal Tissue,0.9963388442993164,True
1118,GTEX-131YS-0126-SM-5KM1M,2,2,Normal Tissue,Normal Tissue,0.9900408387184143,True
1119,GTEX-XOT4-0008-SM-4B664,2,2,Normal Tissue,Normal Tissue,0.7101272940635681,True
1120,GTEX-11TTK-0008-SM-5S2RU,2,2,Normal Tissue,Normal Tissue,0.9996848106384277,True
1121,GTEX-1211K-1526-SM-5FQU4,2,2,Normal Tissue,Normal Tissue,0.965477466583252,True
1122,TCGA-EE-A2GB-06,1,1,Metastasis,Metastasis,0.8882978558540344,True
1123,GTEX-X5EB-2226-SM-46MW4,2,2,Normal Tissue,Normal Tissue,0.9910981059074402,True
1124,GTEX-11DXZ-2326-SM-5EGGV,2,2,Normal Tissue,Normal Tissue,0.9950745701789856,True
1125,TCGA-D3-A3CC-06,1,0,Metastasis,Primary Tumor,0.7659560441970825,False
1126,TCGA-BF-A3DL-01,0,1,Primary Tumor,Metastasis,0.49606212973594666,False
1127,TCGA-FS-A1Z3-06,1,1,Metastasis,Metastasis,0.768224835395813,True
1128,GTEX-11ONC-0008-SM-5S2MG,2,2,Normal Tissue,Normal Tissue,0.9708974361419678,True
1129,GTEX-ZAK1-0126-SM-5IJD3,2,2,Normal Tissue,Normal Tissue,0.997674286365509,True
1130,GTEX-VUSG-2326-SM-4KL1U,2,2,Normal Tissue,Normal Tissue,0.9912920594215393,True
1131,GTEX-13X6I-0626-SM-5QGP9,2,2,Normal Tissue,Normal Tissue,0.9881921410560608,True
1132,TCGA-D9-A1JX-06,1,1,Metastasis,Metastasis,0.95540851354599,True
1133,GTEX-13SLW-0626-SM-5Q5ER,2,2,Normal Tissue,Normal Tissue,0.995470404624939,True
1134,TCGA-ER-A195-06,1,1,Metastasis,Metastasis,0.47184720635414124,True
1135,GTEX-XGQ4-0008-SM-4AT3Z,2,2,Normal Tissue,Normal Tissue,0.9543513655662537,True
1136,GTEX-ZZ64-1726-SM-5GZYB,2,2,Normal Tissue,Normal Tissue,0.9888284206390381,True
1137,GTEX-ZTSS-1426-SM-5985P,2,2,Normal Tissue,Normal Tissue,0.9272374510765076,True
1138,TCGA-D3-A2JL-06,1,1,Metastasis,Metastasis,0.9545196890830994,True
1139,TCGA-EE-A2MH-06,1,1,Metastasis,Metastasis,0.8364558219909668,True
1140,TCGA-D3-A8GN-06,1,1,Metastasis,Metastasis,0.97041255235672,True
1141,TCGA-EE-A2M6-06,1,1,Metastasis,Metastasis,0.9408823847770691,True
1142,TCGA-D3-A8GP-06,1,1,Metastasis,Metastasis,0.9140309691429138,True
1143,TCGA-ER-A19C-06,1,1,Metastasis,Metastasis,0.5612443089485168,True
1144,GTEX-R3RS-0126-SM-3GIJL,2,2,Normal Tissue,Normal Tissue,0.9994889497756958,True
1145,GTEX-12126-0826-SM-5FQTZ,2,2,Normal Tissue,Normal Tissue,0.9929087162017822,True
1146,GTEX-XQ8I-0426-SM-4BOPO,2,2,Normal Tissue,Normal Tissue,0.9954191446304321,True
1147,TCGA-EE-A2GS-06,1,1,Metastasis,Metastasis,0.8738809823989868,True
1148,GTEX-PLZ6-1426-SM-2S1OQ,2,2,Normal Tissue,Normal Tissue,0.9994175434112549,True
1149,TCGA-WE-A8K1-06,1,1,Metastasis,Metastasis,0.9369239211082458,True
1150,TCGA-EE-A2GD-06,1,1,Metastasis,Metastasis,0.41571465134620667,True
1151,GTEX-13OW7-0126-SM-5MR3B,2,2,Normal Tissue,Normal Tissue,0.993899941444397,True
1152,GTEX-ZDXO-3126-SM-5IJDF,2,2,Normal Tissue,Normal Tissue,0.9610263705253601,True
1153,TCGA-ER-A19H-06,1,1,Metastasis,Metastasis,0.9459469318389893,True
1154,TCGA-EE-A2MC-06,1,1,Metastasis,Metastasis,0.8986597657203674,True
1155,GTEX-12WSJ-1826-SM-5GCNY,2,2,Normal Tissue,Normal Tissue,0.9982041120529175,True
1156,GTEX-13OW8-1326-SM-5J1OW,2,2,Normal Tissue,Normal Tissue,0.9961165189743042,True
1157,GTEX-QLQ7-0008-SM-447AW,2,1,Normal Tissue,Metastasis,0.572281002998352,False
1158,GTEX-WY7C-0008-SM-4ONDW,2,2,Normal Tissue,Normal Tissue,0.9943919777870178,True
1159,TCGA-ER-A19L-06,1,1,Metastasis,Metastasis,0.6333999633789062,True
1160,TCGA-WE-A8K6-06,1,1,Metastasis,Metastasis,0.8036057949066162,True
1161,GTEX-U3ZM-1526-SM-3DB9D,2,2,Normal Tissue,Normal Tissue,0.9890372157096863,True
1162,TCGA-EE-A2A5-06,1,1,Metastasis,Metastasis,0.7116588354110718,True
1163,GTEX-ZTPG-0008-SM-4YCEK,2,2,Normal Tissue,Normal Tissue,0.9877596497535706,True
1164,GTEX-UJHI-1526-SM-3DB99,2,2,Normal Tissue,Normal Tissue,0.9941360950469971,True
1165,GTEX-XMD3-0008-SM-4AT4V,2,2,Normal Tissue,Normal Tissue,0.7857687473297119,True
1166,GTEX-ZV68-0126-SM-59HKS,2,2,Normal Tissue,Normal Tissue,0.980946958065033,True
1167,TCGA-EE-A2ME-06,1,1,Metastasis,Metastasis,0.9746812582015991,True
1168,GTEX-X62O-0126-SM-4E3JN,2,2,Normal Tissue,Normal Tissue,0.9955741167068481,True
1169,GTEX-146FQ-0126-SM-5NQA9,2,2,Normal Tissue,Normal Tissue,0.9883132576942444,True
1170,TCGA-GN-A26D-06,1,1,Metastasis,Metastasis,0.8760780096054077,True
1171,GTEX-13N1W-0126-SM-5K7VT,2,2,Normal Tissue,Normal Tissue,0.9971582889556885,True
1172,TCGA-D3-A2J9-06,1,1,Metastasis,Metastasis,0.9487189650535583,True
1173,TCGA-FS-A4FB-06,1,0,Metastasis,Primary Tumor,0.423690527677536,False
1174,TCGA-EE-A29Q-06,1,1,Metastasis,Metastasis,0.8683027625083923,True
1175,GTEX-13D11-0926-SM-5J2NC,2,2,Normal Tissue,Normal Tissue,0.9376875162124634,True
1176,GTEX-13112-0126-SM-5P9IU,2,2,Normal Tissue,Normal Tissue,0.9192426800727844,True
1177,GTEX-11XUK-2026-SM-5EQLF,2,2,Normal Tissue,Normal Tissue,0.9561173319816589,True
1178,GTEX-WYVS-1626-SM-3NM9R,2,2,Normal Tissue,Normal Tissue,0.7699359655380249,True
1179,TCGA-D3-A3C3-06,1,1,Metastasis,Metastasis,0.9394264817237854,True
1180,GTEX-11DXX-2426-SM-5GZZW,2,2,Normal Tissue,Normal Tissue,0.987023115158081,True
1181,GTEX-12WSC-0126-SM-5EQ4P,2,2,Normal Tissue,Normal Tissue,0.9765738248825073,True
1182,GTEX-O5YT-0008-SM-4E3IQ,2,2,Normal Tissue,Normal Tissue,0.7896735072135925,True
1183,TCGA-Z2-AA3V-06,1,1,Metastasis,Metastasis,0.9423786401748657,True
1184,GTEX-OHPL-0008-SM-4E3I9,2,2,Normal Tissue,Normal Tissue,0.39492565393447876,True
1185,GTEX-O5YT-0126-SM-48TBW,2,2,Normal Tissue,Normal Tissue,0.9973272085189819,True
1186,TCGA-EB-A3HV-01,0,2,Primary Tumor,Normal Tissue,0.5800184011459351,False
1187,GTEX-13OVG-1626-SM-5J1NF,2,2,Normal Tissue,Normal Tissue,0.9621644616127014,True
1188,GTEX-OIZG-0726-SM-33HBL,2,2,Normal Tissue,Normal Tissue,0.9676104784011841,True
1189,GTEX-11ILO-0626-SM-5A5LO,2,2,Normal Tissue,Normal Tissue,0.8718044757843018,True
1190,TCGA-FS-A1ZZ-06,1,1,Metastasis,Metastasis,0.475956529378891,True
1191,GTEX-OXRL-0008-SM-3NB29,2,2,Normal Tissue,Normal Tissue,0.39599719643592834,True
1192,TCGA-GF-A6C8-06,1,1,Metastasis,Metastasis,0.9105206727981567,True
1193,GTEX-ZPIC-0008-SM-4E3JF,2,2,Normal Tissue,Normal Tissue,0.9785953164100647,True
1194,GTEX-YECK-0008-SM-4W1ZG,2,2,Normal Tissue,Normal Tissue,0.9216628074645996,True
1195,GTEX-12ZZX-2426-SM-5GCOE,2,2,Normal Tissue,Normal Tissue,0.8942400217056274,True
1196,TCGA-EB-A299-01,0,2,Primary Tumor,Normal Tissue,0.5999910235404968,False
1197,GTEX-WYJK-0008-SM-4ONDV,2,2,Normal Tissue,Normal Tissue,0.9381870627403259,True
1198,GTEX-WXYG-0008-SM-4ONDU,2,2,Normal Tissue,Normal Tissue,0.9931885004043579,True
1199,GTEX-ZY6K-1826-SM-5GZXK,2,2,Normal Tissue,Normal Tissue,0.9648689031600952,True
1200,TCGA-EE-A3AC-06,1,1,Metastasis,Metastasis,0.8658534288406372,True
1201,GTEX-13YAN-0326-SM-5O9DF,2,2,Normal Tissue,Normal Tissue,0.9919787645339966,True
1202,TCGA-D3-A5GO-06,1,1,Metastasis,Metastasis,0.8975657224655151,True
1203,TCGA-FS-A1ZQ-06,1,1,Metastasis,Metastasis,0.8391831517219543,True
1204,GTEX-Y3I4-2126-SM-4TT7C,2,2,Normal Tissue,Normal Tissue,0.998705267906189,True
1205,TCGA-GN-A26C-01,0,1,Primary Tumor,Metastasis,0.9701989889144897,False
1206,TCGA-XV-AAZV-01,0,0,Primary Tumor,Primary Tumor,0.7237553596496582,True
1207,GTEX-11OF3-0126-SM-5PNYF,2,2,Normal Tissue,Normal Tissue,0.9979497790336609,True
1208,TCGA-FS-A1ZU-06,1,1,Metastasis,Metastasis,0.47486263513565063,True
1209,TCGA-WE-AAA0-06,1,1,Metastasis,Metastasis,0.9283349514007568,True
1210,GTEX-ZYT6-0226-SM-5NQ6T,2,2,Normal Tissue,Normal Tissue,0.993729829788208,True
1211,GTEX-ZQUD-0008-SM-4YCCU,2,2,Normal Tissue,Normal Tissue,0.9451271295547485,True
1212,GTEX-Y8LW-0008-SM-4V6G5,2,2,Normal Tissue,Normal Tissue,0.7837551832199097,True
1213,TCGA-GN-A4U3-06,1,1,Metastasis,Metastasis,0.9373692274093628,True
1214,GTEX-X4EO-0008-SM-4QASS,2,2,Normal Tissue,Normal Tissue,0.9906182885169983,True
1215,GTEX-WHWD-1826-SM-3LK6I,2,2,Normal Tissue,Normal Tissue,0.996164083480835,True
1216,GTEX-11ILO-0126-SM-5A5LN,2,2,Normal Tissue,Normal Tissue,0.9470832347869873,True
1217,GTEX-ZE9C-2726-SM-57WB5,2,2,Normal Tissue,Normal Tissue,0.9733573794364929,True
1218,TCGA-BF-A5ES-01,0,1,Primary Tumor,Metastasis,0.8646491169929504,False
1219,TCGA-EB-A3XF-01,0,0,Primary Tumor,Primary Tumor,0.6529321074485779,True
1220,GTEX-WFG7-2026-SM-5SI7P,2,2,Normal Tissue,Normal Tissue,0.9967454671859741,True
1221,GTEX-WYJK-0126-SM-3NMAB,2,2,Normal Tissue,Normal Tissue,0.971495509147644,True
1222,TCGA-D3-A3MU-06,1,1,Metastasis,Metastasis,0.9279879331588745,True
1223,GTEX-XQ3S-1526-SM-4BOOC,2,2,Normal Tissue,Normal Tissue,0.9955413937568665,True
1224,GTEX-13PDP-0126-SM-5L3HD,2,2,Normal Tissue,Normal Tissue,0.9784581065177917,True
1225,TCGA-ER-A2NB-01,0,2,Primary Tumor,Normal Tissue,0.5439327359199524,False
1226,GTEX-YB5K-2126-SM-4WWDJ,2,2,Normal Tissue,Normal Tissue,0.9647970199584961,True
1227,GTEX-11NV4-0008-SM-5Q5BA,2,2,Normal Tissue,Normal Tissue,0.9979175925254822,True
1228,GTEX-11TT1-1826-SM-5EQLV,2,2,Normal Tissue,Normal Tissue,0.9873132109642029,True
1229,GTEX-UJHI-0008-SM-4IHL1,2,2,Normal Tissue,Normal Tissue,0.957571268081665,True
1230,GTEX-ZVE2-0226-SM-59HJB,2,2,Normal Tissue,Normal Tissue,0.9776656627655029,True
1231,GTEX-ZLV1-1526-SM-4WWBC,2,2,Normal Tissue,Normal Tissue,0.9978476762771606,True
1232,GTEX-1314G-1326-SM-5BC6E,2,2,Normal Tissue,Normal Tissue,0.9675668478012085,True
1233,TCGA-D3-A2JH-06,1,1,Metastasis,Metastasis,0.9569441676139832,True
1234,GTEX-11H98-0126-SM-5EGHG,2,2,Normal Tissue,Normal Tissue,0.9706652164459229,True
1235,GTEX-TKQ2-0008-SM-4DM5L,2,2,Normal Tissue,Normal Tissue,0.9767642617225647,True
1236,TCGA-EE-A2GR-06,1,2,Metastasis,Normal Tissue,0.3995145261287689,False
1237,GTEX-11ZU8-0008-SM-5S2VO,2,2,Normal Tissue,Normal Tissue,0.718216061592102,True
1238,GTEX-T2IS-0126-SM-4DM6O,2,2,Normal Tissue,Normal Tissue,0.996986448764801,True
1239,GTEX-12KS4-2126-SM-5FQUT,2,2,Normal Tissue,Normal Tissue,0.8387038111686707,True
1240,GTEX-X261-0008-SM-4PR11,2,2,Normal Tissue,Normal Tissue,0.9979698061943054,True
1241,GTEX-ZYT6-2326-SM-5GZY3,2,2,Normal Tissue,Normal Tissue,0.9922530055046082,True
1242,TCGA-FS-A4F4-06,1,1,Metastasis,Metastasis,0.829372227191925,True
1243,GTEX-RU72-0008-SM-46MV8,2,2,Normal Tissue,Normal Tissue,0.998329222202301,True
1244,TCGA-EE-A2GN-06,1,1,Metastasis,Metastasis,0.7964027523994446,True
1245,TCGA-EB-A3XE-01,0,2,Primary Tumor,Normal Tissue,0.5048432350158691,False
1246,GTEX-13OVJ-0826-SM-5J1OK,2,2,Normal Tissue,Normal Tissue,0.9970844388008118,True
1247,GTEX-12WSH-1526-SM-5BC5W,2,2,Normal Tissue,Normal Tissue,0.9935727119445801,True
1248,GTEX-WY7C-2326-SM-3NB2U,2,2,Normal Tissue,Normal Tissue,0.9971258044242859,True
1249,GTEX-ZVP2-0326-SM-57WBP,2,2,Normal Tissue,Normal Tissue,0.9975308775901794,True
1250,GTEX-XUYS-0126-SM-47JWZ,2,2,Normal Tissue,Normal Tissue,0.9655630588531494,True
1251,GTEX-145MI-0526-SM-5O9A8,2,2,Normal Tissue,Normal Tissue,0.9967008233070374,True
1252,TCGA-ER-A194-01,0,1,Primary Tumor,Metastasis,0.5814122557640076,False
1253,TCGA-EE-A2GI-06,1,1,Metastasis,Metastasis,0.9760120511054993,True
1254,TCGA-QB-AA9O-06,1,1,Metastasis,Metastasis,0.9779812693595886,True
1255,GTEX-12KS4-0326-SM-5EQ41,2,2,Normal Tissue,Normal Tissue,0.9978435039520264,True
1256,GTEX-SJXC-0126-SM-2XCFF,2,2,Normal Tissue,Normal Tissue,0.9990422129631042,True
1257,TCGA-EE-A2MM-06,1,1,Metastasis,Metastasis,0.8630244731903076,True
1258,GTEX-WYVS-0008-SM-4ONDY,2,2,Normal Tissue,Normal Tissue,0.9653659462928772,True
1259,GTEX-131XF-2626-SM-5EQ6K,2,2,Normal Tissue,Normal Tissue,0.9921035766601562,True
1260,TCGA-EB-A85I-01,0,1,Primary Tumor,Metastasis,0.7852001190185547,False
1261,GTEX-OIZG-0008-SM-4E3J2,2,1,Normal Tissue,Metastasis,0.4905206859111786,False
1262,GTEX-XPVG-2626-SM-4B669,2,2,Normal Tissue,Normal Tissue,0.9968528151512146,True
1263,GTEX-139TT-2126-SM-5LZWC,2,2,Normal Tissue,Normal Tissue,0.911880373954773,True
1264,GTEX-Y3I4-1726-SM-4TT89,2,2,Normal Tissue,Normal Tissue,0.9980642199516296,True
1265,GTEX-13OVH-0526-SM-5L3E6,2,2,Normal Tissue,Normal Tissue,0.938373863697052,True
1266,GTEX-12WSN-1426-SM-5GCO6,2,2,Normal Tissue,Normal Tissue,0.9384415745735168,True
1267,TCGA-EE-A2MF-06,1,1,Metastasis,Metastasis,0.9262962937355042,True
1268,GTEX-ZXG5-0126-SM-5GIEU,2,2,Normal Tissue,Normal Tissue,0.9963580965995789,True
1269,TCGA-ER-A19E-06,1,0,Metastasis,Primary Tumor,0.4794344902038574,False
1270,TCGA-3N-A9WD-06,1,1,Metastasis,Metastasis,0.805995523929596,True
1271,GTEX-SN8G-0008-SM-4DM4X,2,2,Normal Tissue,Normal Tissue,0.9928499460220337,True
1272,TCGA-DA-A95W-06,1,1,Metastasis,Metastasis,0.9309501051902771,True
1273,GTEX-NL4W-0008-SM-4E3I2,2,2,Normal Tissue,Normal Tissue,0.365200012922287,True
1274,GTEX-ZYFD-0626-SM-5E44E,2,2,Normal Tissue,Normal Tissue,0.819273829460144,True
1275,TCGA-D9-A4Z6-06,1,1,Metastasis,Metastasis,0.8995871543884277,True
1276,GTEX-QDT8-0126-SM-48TZ1,2,2,Normal Tissue,Normal Tissue,0.9972773194313049,True
1277,GTEX-148VI-1626-SM-5SI6E,2,2,Normal Tissue,Normal Tissue,0.9980301260948181,True
1278,TCGA-EE-A29L-06,1,1,Metastasis,Metastasis,0.6333643794059753,True
1279,GTEX-1122O-2126-SM-5EGIR,2,2,Normal Tissue,Normal Tissue,0.997514009475708,True
1280,GTEX-R55E-0008-SM-48FCG,2,2,Normal Tissue,Normal Tissue,0.987389087677002,True
