query_idx,query_id,query_class,rank,neighbor_id,neighbor_class,cosine,same_class
498,GTEX-RVPU-0008-SM-3NM8B,Normal Tissue,0,GTEX-WRHU-0008-SM-4MVPB,Normal Tissue,0.9992406964302063,True
498,GTEX-RVPU-0008-SM-3NM8B,Normal Tissue,1,GTEX-WWYW-0008-SM-4MVPF,Normal Tissue,0.9983928203582764,True
498,GTEX-RVPU-0008-SM-3NM8B,Normal Tissue,2,GTEX-WVJS-0008-SM-4MVPC,Normal Tissue,0.9978963732719421,True
498,GTEX-RVPU-0008-SM-3NM8B,Normal Tissue,3,GTEX-Y8E4-0008-SM-4V6FW,Normal Tissue,0.9969462156295776,True
498,GTEX-RVPU-0008-SM-3NM8B,Normal Tissue,4,GTEX-OHPM-0008-SM-4E3IP,Normal Tissue,0.9963011741638184,True
498,GTEX-RVPU-0008-SM-3NM8B,Normal Tissue,5,GTEX-Z93S-0008-SM-4RGM5,Normal Tissue,0.9957775473594666,True
498,GTEX-RVPU-0008-SM-3NM8B,Normal Tissue,6,GTEX-UJHI-0008-SM-4IHL1,Normal Tissue,0.9949900507926941,True
498,GTEX-RVPU-0008-SM-3NM8B,Normal Tissue,7,GTEX-Y9LG-0008-SM-4VBRJ,Normal Tissue,0.9939203262329102,True
498,GTEX-RVPU-0008-SM-3NM8B,Normal Tissue,8,GTEX-XBEW-0008-SM-4AT3Y,Normal Tissue,0.9926012754440308,True
498,GTEX-RVPU-0008-SM-3NM8B,Normal Tissue,9,GTEX-XUW1-0008-SM-4BOQH,Normal Tissue,0.9925923347473145,True
675,GTEX-ZAJG-0126-SM-5HL94,Normal Tissue,0,GTEX-W5X1-2526-SM-3GILC,Normal Tissue,0.9987075328826904,True
675,GTEX-ZAJG-0126-SM-5HL94,Normal Tissue,1,GTEX-1497J-0226-SM-5QGPU,Normal Tissue,0.9971175193786621,True
675,GTEX-ZAJG-0126-SM-5HL94,Normal Tissue,2,GTEX-WI4N-1026-SM-3LK7N,Normal Tissue,0.9956830143928528,True
675,GTEX-ZAJG-0126-SM-5HL94,Normal Tissue,3,GTEX-1313W-0626-SM-5EQ4H,Normal Tissue,0.9954490065574646,True
675,GTEX-ZAJG-0126-SM-5HL94,Normal Tissue,4,GTEX-ZVP2-0326-SM-57WBP,Normal Tissue,0.9953321218490601,True
675,GTEX-ZAJG-0126-SM-5HL94,Normal Tissue,5,GTEX-11ZU8-0126-SM-5EQ58,Normal Tissue,0.9946836233139038,True
675,GTEX-ZAJG-0126-SM-5HL94,Normal Tissue,6,GTEX-ZLV1-1526-SM-4WWBC,Normal Tissue,0.9943010210990906,True
675,GTEX-ZAJG-0126-SM-5HL94,Normal Tissue,7,GTEX-Y3IK-1626-SM-4YCF5,Normal Tissue,0.9937505722045898,True
675,GTEX-ZAJG-0126-SM-5HL94,Normal Tissue,8,GTEX-12WSJ-1126-SM-5LZVJ,Normal Tissue,0.9935038089752197,True
675,GTEX-ZAJG-0126-SM-5HL94,Normal Tissue,9,GTEX-Y5V6-2326-SM-4VDSA,Normal Tissue,0.993278980255127,True
779,GTEX-13VXU-0626-SM-5L3F9,Normal Tissue,0,GTEX-133LE-2326-SM-5K7W3,Normal Tissue,0.9973003268241882,True
779,GTEX-13VXU-0626-SM-5L3F9,Normal Tissue,1,GTEX-11ZUS-2626-SM-5FQUR,Normal Tissue,0.9967387914657593,True
779,GTEX-13VXU-0626-SM-5L3F9,Normal Tissue,2,GTEX-12BJ1-0926-SM-5EQ62,Normal Tissue,0.9963540434837341,True
779,GTEX-13VXU-0626-SM-5L3F9,Normal Tissue,3,GTEX-11DZ1-0126-SM-5985Q,Normal Tissue,0.9960396885871887,True
779,GTEX-13VXU-0626-SM-5L3F9,Normal Tissue,4,GTEX-X5EB-2226-SM-46MW4,Normal Tissue,0.9940130114555359,True
779,GTEX-13VXU-0626-SM-5L3F9,Normal Tissue,5,GTEX-12696-0126-SM-5EQ4L,Normal Tissue,0.993964672088623,True
779,GTEX-13VXU-0626-SM-5L3F9,Normal Tissue,6,GTEX-Y5V6-2326-SM-4VDSA,Normal Tissue,0.9939261078834534,True
779,GTEX-13VXU-0626-SM-5L3F9,Normal Tissue,7,GTEX-ZLV1-1526-SM-4WWBC,Normal Tissue,0.9930046796798706,True
779,GTEX-13VXU-0626-SM-5L3F9,Normal Tissue,8,GTEX-13PVQ-0126-SM-5SIB4,Normal Tissue,0.9928342700004578,True
779,GTEX-13VXU-0626-SM-5L3F9,Normal Tissue,9,GTEX-ZVP2-0326-SM-57WBP,Normal Tissue,0.9928310513496399,True
1102,GTEX-PSDG-0008-SM-48TE5,Normal Tissue,0,GTEX-S341-0008-SM-4AD6D,Normal Tissue,0.9944598078727722,True
1102,GTEX-PSDG-0008-SM-48TE5,Normal Tissue,1,GTEX-ZQG8-0008-SM-4YCE7,Normal Tissue,0.9919536709785461,True
1102,GTEX-PSDG-0008-SM-48TE5,Normal Tissue,2,GTEX-XUZC-0008-SM-4BOQG,Normal Tissue,0.9902837872505188,True
1102,GTEX-PSDG-0008-SM-48TE5,Normal Tissue,3,GTEX-WXYG-0008-SM-4ONDU,Normal Tissue,0.9876762628555298,True
1102,GTEX-PSDG-0008-SM-48TE5,Normal Tissue,4,GTEX-RTLS-0008-SM-48FET,Normal Tissue,0.9844411015510559,True
1102,GTEX-PSDG-0008-SM-48TE5,Normal Tissue,5,GTEX-T2YK-0008-SM-4DM6M,Normal Tissue,0.9821953177452087,True
1102,GTEX-PSDG-0008-SM-48TE5,Normal Tissue,6,GTEX-OOBK-0008-SM-3NB27,Normal Tissue,0.9801054000854492,True
1102,GTEX-PSDG-0008-SM-48TE5,Normal Tissue,7,GTEX-111VG-0008-SM-5Q5BG,Normal Tissue,0.9771912097930908,True
1102,GTEX-PSDG-0008-SM-48TE5,Normal Tissue,8,GTEX-ZVT3-0008-SM-51MRI,Normal Tissue,0.9760645627975464,True
1102,GTEX-PSDG-0008-SM-48TE5,Normal Tissue,9,GTEX-W5WG-0008-SM-4KL25,Normal Tissue,0.9704321026802063,True
668,GTEX-ZE9C-2526-SM-5IJDR,Normal Tissue,0,GTEX-12WSB-0126-SM-59HJN,Normal Tissue,0.9953038096427917,True
668,GTEX-ZE9C-2526-SM-5IJDR,Normal Tissue,1,GTEX-XBEC-0726-SM-4QARZ,Normal Tissue,0.9946616291999817,True
668,GTEX-ZE9C-2526-SM-5IJDR,Normal Tissue,2,GTEX-ZY6K-1826-SM-5GZXK,Normal Tissue,0.9940310716629028,True
668,GTEX-ZE9C-2526-SM-5IJDR,Normal Tissue,3,GTEX-ZWKS-0626-SM-5GIDV,Normal Tissue,0.9930071234703064,True
668,GTEX-ZE9C-2526-SM-5IJDR,Normal Tissue,4,GTEX-11H98-0126-SM-5EGHG,Normal Tissue,0.9927017092704773,True
668,GTEX-ZE9C-2526-SM-5IJDR,Normal Tissue,5,GTEX-11NUK-2726-SM-5A5MC,Normal Tissue,0.9924961924552917,True
668,GTEX-ZE9C-2526-SM-5IJDR,Normal Tissue,6,GTEX-X4EO-2926-SM-4E3JH,Normal Tissue,0.9924747943878174,True
668,GTEX-ZE9C-2526-SM-5IJDR,Normal Tissue,7,GTEX-12696-0126-SM-5EQ4L,Normal Tissue,0.9921862483024597,True
668,GTEX-ZE9C-2526-SM-5IJDR,Normal Tissue,8,GTEX-13VXU-0626-SM-5L3F9,Normal Tissue,0.992072343826294,True
668,GTEX-ZE9C-2526-SM-5IJDR,Normal Tissue,9,GTEX-139D8-0226-SM-5KLZO,Normal Tissue,0.9896922707557678,True
234,GTEX-X5EB-0008-SM-46MU3,Normal Tissue,0,GTEX-P4QS-0008-SM-48TDY,Normal Tissue,0.9987761974334717,True
234,GTEX-X5EB-0008-SM-46MU3,Normal Tissue,1,GTEX-T5JW-0008-SM-4DM5X,Normal Tissue,0.9984577298164368,True
234,GTEX-X5EB-0008-SM-46MU3,Normal Tissue,2,GTEX-X3Y1-0008-SM-4PR12,Normal Tissue,0.9971622824668884,True
234,GTEX-X5EB-0008-SM-46MU3,Normal Tissue,3,GTEX-WEY5-0008-SM-4LMKC,Normal Tissue,0.9958778023719788,True
234,GTEX-X5EB-0008-SM-46MU3,Normal Tissue,4,GTEX-QVJO-0008-SM-447AU,Normal Tissue,0.9948736429214478,True
234,GTEX-X5EB-0008-SM-46MU3,Normal Tissue,5,GTEX-11DXX-0008-SM-5Q5B8,Normal Tissue,0.9948309063911438,True
234,GTEX-X5EB-0008-SM-46MU3,Normal Tissue,6,GTEX-R55D-0008-SM-48FEV,Normal Tissue,0.9947720766067505,True
234,GTEX-X5EB-0008-SM-46MU3,Normal Tissue,7,GTEX-WHSE-0008-SM-4M1ZO,Normal Tissue,0.99409419298172,True
234,GTEX-X5EB-0008-SM-46MU3,Normal Tissue,8,GTEX-WH7G-0008-SM-4LVNM,Normal Tissue,0.993985652923584,True
234,GTEX-X5EB-0008-SM-46MU3,Normal Tissue,9,GTEX-UJMC-0008-SM-4IHKK,Normal Tissue,0.9931159615516663,True
366,GTEX-WEY5-0008-SM-4LMKC,Normal Tissue,0,GTEX-11DXX-0008-SM-5Q5B8,Normal Tissue,0.999088704586029,True
366,GTEX-WEY5-0008-SM-4LMKC,Normal Tissue,1,GTEX-X3Y1-0008-SM-4PR12,Normal Tissue,0.9988211393356323,True
366,GTEX-WEY5-0008-SM-4LMKC,Normal Tissue,2,GTEX-P4QS-0008-SM-48TDY,Normal Tissue,0.9985442161560059,True
366,GTEX-WEY5-0008-SM-4LMKC,Normal Tissue,3,GTEX-QVJO-0008-SM-447AU,Normal Tissue,0.9984508156776428,True
366,GTEX-WEY5-0008-SM-4LMKC,Normal Tissue,4,GTEX-W5X1-0008-SM-4LMKA,Normal Tissue,0.9976640939712524,True
366,GTEX-WEY5-0008-SM-4LMKC,Normal Tissue,5,GTEX-WH7G-0008-SM-4LVNM,Normal Tissue,0.996856689453125,True
366,GTEX-WEY5-0008-SM-4LMKC,Normal Tissue,6,GTEX-T5JW-0008-SM-4DM5X,Normal Tissue,0.9967637062072754,True
366,GTEX-WEY5-0008-SM-4LMKC,Normal Tissue,7,GTEX-UJMC-0008-SM-4IHKK,Normal Tissue,0.9964917302131653,True
366,GTEX-WEY5-0008-SM-4LMKC,Normal Tissue,8,GTEX-X5EB-0008-SM-46MU3,Normal Tissue,0.9958778023719788,True
366,GTEX-WEY5-0008-SM-4LMKC,Normal Tissue,9,GTEX-WHSE-0008-SM-4M1ZO,Normal Tissue,0.9956037998199463,True
66,GTEX-Z93S-0008-SM-4RGM5,Normal Tissue,0,GTEX-Y8E4-0008-SM-4V6FW,Normal Tissue,0.9997105598449707,True
66,GTEX-Z93S-0008-SM-4RGM5,Normal Tissue,1,GTEX-XBEW-0008-SM-4AT3Y,Normal Tissue,0.9982445240020752,True
66,GTEX-Z93S-0008-SM-4RGM5,Normal Tissue,2,GTEX-XUW1-0008-SM-4BOQH,Normal Tissue,0.9968441724777222,True
66,GTEX-Z93S-0008-SM-4RGM5,Normal Tissue,3,GTEX-ZVP2-0008-SM-51MSL,Normal Tissue,0.996671736240387,True
66,GTEX-Z93S-0008-SM-4RGM5,Normal Tissue,4,GTEX-UJMC-0008-SM-4IHKK,Normal Tissue,0.9962946176528931,True
66,GTEX-Z93S-0008-SM-4RGM5,Normal Tissue,5,GTEX-RVPU-0008-SM-3NM8B,Normal Tissue,0.9957775473594666,True
66,GTEX-Z93S-0008-SM-4RGM5,Normal Tissue,6,GTEX-UJHI-0008-SM-4IHL1,Normal Tissue,0.9955524206161499,True
66,GTEX-Z93S-0008-SM-4RGM5,Normal Tissue,7,GTEX-WVJS-0008-SM-4MVPC,Normal Tissue,0.9953500628471375,True
66,GTEX-Z93S-0008-SM-4RGM5,Normal Tissue,8,GTEX-WWYW-0008-SM-4MVPF,Normal Tissue,0.9952218532562256,True
66,GTEX-Z93S-0008-SM-4RGM5,Normal Tissue,9,GTEX-WRHU-0008-SM-4MVPB,Normal Tissue,0.9946013689041138,True
999,GTEX-12WSB-2926-SM-59HKL,Normal Tissue,0,GTEX-11H98-0126-SM-5EGHG,Normal Tissue,0.9930040240287781,True
999,GTEX-12WSB-2926-SM-59HKL,Normal Tissue,1,GTEX-13PVQ-0126-SM-5SIB4,Normal Tissue,0.9922643303871155,True
999,GTEX-12WSB-2926-SM-59HKL,Normal Tissue,2,GTEX-ZY6K-1826-SM-5GZXK,Normal Tissue,0.9909866452217102,True
999,GTEX-12WSB-2926-SM-59HKL,Normal Tissue,3,GTEX-12WSB-0126-SM-59HJN,Normal Tissue,0.9881979823112488,True
999,GTEX-12WSB-2926-SM-59HKL,Normal Tissue,4,GTEX-11ZUS-2626-SM-5FQUR,Normal Tissue,0.988142728805542,True
999,GTEX-12WSB-2926-SM-59HKL,Normal Tissue,5,GTEX-12BJ1-0926-SM-5EQ62,Normal Tissue,0.9874566197395325,True
999,GTEX-12WSB-2926-SM-59HKL,Normal Tissue,6,GTEX-YECK-0326-SM-4W1YS,Normal Tissue,0.986910879611969,True
999,GTEX-12WSB-2926-SM-59HKL,Normal Tissue,7,GTEX-13VXU-0626-SM-5L3F9,Normal Tissue,0.9863451719284058,True
999,GTEX-12WSB-2926-SM-59HKL,Normal Tissue,8,GTEX-WI4N-2726-SM-3LK7Y,Normal Tissue,0.9836869239807129,True
999,GTEX-12WSB-2926-SM-59HKL,Normal Tissue,9,GTEX-11DZ1-0126-SM-5985Q,Normal Tissue,0.9834489226341248,True
1013,TCGA-D3-A8GR-06,Metastasis,0,TCGA-WE-A8ZM-06,Metastasis,0.9948707222938538,True
1013,TCGA-D3-A8GR-06,Metastasis,1,TCGA-D3-A51R-06,Metastasis,0.9941332936286926,True
1013,TCGA-D3-A8GR-06,Metastasis,2,TCGA-FR-A3YO-06,Metastasis,0.9940122365951538,True
1013,TCGA-D3-A8GR-06,Metastasis,3,TCGA-WE-A8ZN-06,Metastasis,0.9935323596000671,True
1013,TCGA-D3-A8GR-06,Metastasis,4,TCGA-YG-AA3P-06,Metastasis,0.9920665621757507,True
1013,TCGA-D3-A8GR-06,Metastasis,5,TCGA-GN-A262-06,Metastasis,0.9914318323135376,True
1013,TCGA-D3-A8GR-06,Metastasis,6,TCGA-ER-A42H-01,Primary Tumor,0.984409749507904,False
1013,TCGA-D3-A8GR-06,Metastasis,7,TCGA-D3-A51G-06,Metastasis,0.9810611605644226,True
1013,TCGA-D3-A8GR-06,Metastasis,8,TCGA-BF-A3DM-01,Primary Tumor,0.9783172011375427,False
1013,TCGA-D3-A8GR-06,Metastasis,9,TCGA-D3-A8GQ-06,Metastasis,0.9735002517700195,True
315,GTEX-WFG7-0008-SM-4LMKB,Normal Tissue,0,GTEX-T2YK-0008-SM-4DM6M,Normal Tissue,0.9969460368156433,True
315,GTEX-WFG7-0008-SM-4LMKB,Normal Tissue,1,GTEX-111VG-0008-SM-5Q5BG,Normal Tissue,0.992783784866333,True
315,GTEX-WFG7-0008-SM-4LMKB,Normal Tissue,2,GTEX-QVJO-0008-SM-447AU,Normal Tissue,0.9912394881248474,True
315,GTEX-WFG7-0008-SM-4LMKB,Normal Tissue,3,GTEX-WXYG-0008-SM-4ONDU,Normal Tissue,0.9903004765510559,True
315,GTEX-WFG7-0008-SM-4LMKB,Normal Tissue,4,GTEX-RTLS-0008-SM-48FET,Normal Tissue,0.9898971319198608,True
315,GTEX-WFG7-0008-SM-4LMKB,Normal Tissue,5,GTEX-ZQG8-0008-SM-4YCE7,Normal Tissue,0.9892349243164062,True
315,GTEX-WFG7-0008-SM-4LMKB,Normal Tissue,6,GTEX-11DXX-0008-SM-5Q5B8,Normal Tissue,0.9885054230690002,True
315,GTEX-WFG7-0008-SM-4LMKB,Normal Tissue,7,GTEX-WH7G-0008-SM-4LVNM,Normal Tissue,0.9881308078765869,True
315,GTEX-WFG7-0008-SM-4LMKB,Normal Tissue,8,GTEX-WEY5-0008-SM-4LMKC,Normal Tissue,0.9851894974708557,True
315,GTEX-WFG7-0008-SM-4LMKB,Normal Tissue,9,GTEX-XUZC-0008-SM-4BOQG,Normal Tissue,0.9848018884658813,True
578,TCGA-EB-A1NK-01,Primary Tumor,0,TCGA-BF-A3DJ-01,Primary Tumor,0.990595281124115,True
578,TCGA-EB-A1NK-01,Primary Tumor,1,TCGA-EB-A3HV-01,Primary Tumor,0.9517908096313477,True
578,TCGA-EB-A1NK-01,Primary Tumor,2,TCGA-DA-A1IC-06,Metastasis,0.9379634857177734,False
578,TCGA-EB-A1NK-01,Primary Tumor,3,TCGA-EB-A51B-01,Primary Tumor,0.903599202632904,True
578,TCGA-EB-A1NK-01,Primary Tumor,4,TCGA-D3-A3CC-06,Metastasis,0.8908403515815735,False
578,TCGA-EB-A1NK-01,Primary Tumor,5,TCGA-EB-A57M-01,Primary Tumor,0.8863829374313354,True
578,TCGA-EB-A1NK-01,Primary Tumor,6,TCGA-EB-A3Y7-01,Primary Tumor,0.8701605796813965,True
578,TCGA-EB-A1NK-01,Primary Tumor,7,TCGA-ER-A197-06,Metastasis,0.8485467433929443,False
578,TCGA-EB-A1NK-01,Primary Tumor,8,TCGA-EB-A41A-01,Primary Tumor,0.8474482297897339,True
578,TCGA-EB-A1NK-01,Primary Tumor,9,GTEX-ZVT3-0008-SM-51MRI,Normal Tissue,0.8256078958511353,False
299,GTEX-UJMC-0008-SM-4IHKK,Normal Tissue,0,GTEX-XBEW-0008-SM-4AT3Y,Normal Tissue,0.9989783763885498,True
299,GTEX-UJMC-0008-SM-4IHKK,Normal Tissue,1,GTEX-W5X1-0008-SM-4LMKA,Normal Tissue,0.9985098242759705,True
299,GTEX-UJMC-0008-SM-4IHKK,Normal Tissue,2,GTEX-X3Y1-0008-SM-4PR12,Normal Tissue,0.9979769587516785,True
299,GTEX-UJMC-0008-SM-4IHKK,Normal Tissue,3,GTEX-ZVP2-0008-SM-51MSL,Normal Tissue,0.997938334941864,True
299,GTEX-UJMC-0008-SM-4IHKK,Normal Tissue,4,GTEX-UJHI-0008-SM-4IHL1,Normal Tissue,0.9973837733268738,True
299,GTEX-UJMC-0008-SM-4IHKK,Normal Tissue,5,GTEX-WH7G-0008-SM-4LVNM,Normal Tissue,0.9967780113220215,True
299,GTEX-UJMC-0008-SM-4IHKK,Normal Tissue,6,GTEX-11DXX-0008-SM-5Q5B8,Normal Tissue,0.9967527389526367,True
299,GTEX-UJMC-0008-SM-4IHKK,Normal Tissue,7,GTEX-T5JW-0008-SM-4DM5X,Normal Tissue,0.9966889023780823,True
299,GTEX-UJMC-0008-SM-4IHKK,Normal Tissue,8,GTEX-WEY5-0008-SM-4LMKC,Normal Tissue,0.9964917302131653,True
299,GTEX-UJMC-0008-SM-4IHKK,Normal Tissue,9,GTEX-Z93S-0008-SM-4RGM5,Normal Tissue,0.9962946176528931,True
357,GTEX-Y5LM-1926-SM-5RQJH,Normal Tissue,0,GTEX-TMZS-0126-SM-3DB9Q,Normal Tissue,0.9988218545913696,True
357,GTEX-Y5LM-1926-SM-5RQJH,Normal Tissue,1,GTEX-147F4-0226-SM-5QGPW,Normal Tissue,0.9983525276184082,True
357,GTEX-Y5LM-1926-SM-5RQJH,Normal Tissue,2,GTEX-TML8-1926-SM-32QOS,Normal Tissue,0.998215913772583,True
357,GTEX-Y5LM-1926-SM-5RQJH,Normal Tissue,3,GTEX-145LS-0126-SM-5QGP1,Normal Tissue,0.9969951510429382,True
357,GTEX-Y5LM-1926-SM-5RQJH,Normal Tissue,4,GTEX-1497J-0226-SM-5QGPU,Normal Tissue,0.9968258738517761,True
357,GTEX-Y5LM-1926-SM-5RQJH,Normal Tissue,5,GTEX-T6MO-1626-SM-32QOM,Normal Tissue,0.9962337017059326,True
357,GTEX-Y5LM-1926-SM-5RQJH,Normal Tissue,6,GTEX-XQ8I-0926-SM-4BOOF,Normal Tissue,0.9959591031074524,True
357,GTEX-Y5LM-1926-SM-5RQJH,Normal Tissue,7,GTEX-13113-1926-SM-5LZWG,Normal Tissue,0.9956957697868347,True
357,GTEX-Y5LM-1926-SM-5RQJH,Normal Tissue,8,GTEX-14A6H-0126-SM-5QGPK,Normal Tissue,0.9956935048103333,True
357,GTEX-Y5LM-1926-SM-5RQJH,Normal Tissue,9,GTEX-11ZU8-0126-SM-5EQ58,Normal Tissue,0.9954599142074585,True
1092,GTEX-1399S-0126-SM-5IJCF,Normal Tissue,0,GTEX-12WSJ-1126-SM-5LZVJ,Normal Tissue,0.996597170829773,True
1092,GTEX-1399S-0126-SM-5IJCF,Normal Tissue,1,GTEX-1313W-0626-SM-5EQ4H,Normal Tissue,0.9951823949813843,True
1092,GTEX-1399S-0126-SM-5IJCF,Normal Tissue,2,GTEX-WI4N-2726-SM-3LK7Y,Normal Tissue,0.9927272796630859,True
1092,GTEX-1399S-0126-SM-5IJCF,Normal Tissue,3,GTEX-ZAJG-0126-SM-5HL94,Normal Tissue,0.9912995100021362,True
1092,GTEX-1399S-0126-SM-5IJCF,Normal Tissue,4,GTEX-W5X1-2526-SM-3GILC,Normal Tissue,0.9903966188430786,True
1092,GTEX-1399S-0126-SM-5IJCF,Normal Tissue,5,GTEX-ZLV1-1526-SM-4WWBC,Normal Tissue,0.989829957485199,True
1092,GTEX-1399S-0126-SM-5IJCF,Normal Tissue,6,GTEX-ZVP2-0326-SM-57WBP,Normal Tissue,0.9882693290710449,True
1092,GTEX-1399S-0126-SM-5IJCF,Normal Tissue,7,GTEX-WI4N-1026-SM-3LK7N,Normal Tissue,0.9864417314529419,True
1092,GTEX-1399S-0126-SM-5IJCF,Normal Tissue,8,GTEX-11ZUS-2626-SM-5FQUR,Normal Tissue,0.9862030744552612,True
1092,GTEX-1399S-0126-SM-5IJCF,Normal Tissue,9,GTEX-Y5V6-2326-SM-4VDSA,Normal Tissue,0.9858536720275879,True
541,GTEX-Y9LG-0008-SM-4VBRJ,Normal Tissue,0,GTEX-WVJS-0008-SM-4MVPC,Normal Tissue,0.9985640048980713,True
541,GTEX-Y9LG-0008-SM-4VBRJ,Normal Tissue,1,GTEX-VUSG-0008-SM-4KL24,Normal Tissue,0.9970507025718689,True
541,GTEX-Y9LG-0008-SM-4VBRJ,Normal Tissue,2,GTEX-XUW1-0008-SM-4BOQH,Normal Tissue,0.9966537952423096,True
541,GTEX-Y9LG-0008-SM-4VBRJ,Normal Tissue,3,GTEX-WRHU-0008-SM-4MVPB,Normal Tissue,0.9958347082138062,True
541,GTEX-Y9LG-0008-SM-4VBRJ,Normal Tissue,4,GTEX-RVPU-0008-SM-3NM8B,Normal Tissue,0.9939203262329102,True
541,GTEX-Y9LG-0008-SM-4VBRJ,Normal Tissue,5,GTEX-Y8E4-0008-SM-4V6FW,Normal Tissue,0.9937963485717773,True
541,GTEX-Y9LG-0008-SM-4VBRJ,Normal Tissue,6,GTEX-OOBK-0008-SM-3NB27,Normal Tissue,0.9937831163406372,True
541,GTEX-Y9LG-0008-SM-4VBRJ,Normal Tissue,7,GTEX-Z93S-0008-SM-4RGM5,Normal Tissue,0.9936086535453796,True
541,GTEX-Y9LG-0008-SM-4VBRJ,Normal Tissue,8,GTEX-ZPIC-0008-SM-4E3JF,Normal Tissue,0.9905650019645691,True
541,GTEX-Y9LG-0008-SM-4VBRJ,Normal Tissue,9,GTEX-UJHI-0008-SM-4IHL1,Normal Tissue,0.9900757074356079,True
189,GTEX-T5JC-0426-SM-32PLO,Normal Tissue,0,GTEX-XAJ8-1426-SM-47JYM,Normal Tissue,0.9938470125198364,True
189,GTEX-T5JC-0426-SM-32PLO,Normal Tissue,1,GTEX-139TU-0726-SM-5L3EK,Normal Tissue,0.9938199520111084,True
189,GTEX-T5JC-0426-SM-32PLO,Normal Tissue,2,GTEX-XPVG-2126-SM-4B667,Normal Tissue,0.9931251406669617,True
189,GTEX-T5JC-0426-SM-32PLO,Normal Tissue,3,GTEX-146FR-1326-SM-5SIAJ,Normal Tissue,0.992293655872345,True
189,GTEX-T5JC-0426-SM-32PLO,Normal Tissue,4,GTEX-WFON-1926-SM-3LK7L,Normal Tissue,0.9918463826179504,True
189,GTEX-T5JC-0426-SM-32PLO,Normal Tissue,5,GTEX-XK95-0226-SM-4AT58,Normal Tissue,0.9912465810775757,True
189,GTEX-T5JC-0426-SM-32PLO,Normal Tissue,6,GTEX-QCQG-1726-SM-3GIJ9,Normal Tissue,0.9903957843780518,True
189,GTEX-T5JC-0426-SM-32PLO,Normal Tissue,7,GTEX-Z93S-1626-SM-5CVMB,Normal Tissue,0.9896165132522583,True
189,GTEX-T5JC-0426-SM-32PLO,Normal Tissue,8,GTEX-145ME-1826-SM-5SI9G,Normal Tissue,0.9889539480209351,True
189,GTEX-T5JC-0426-SM-32PLO,Normal Tissue,9,GTEX-12ZZY-0226-SM-5LZVE,Normal Tissue,0.9856979846954346,True
633,GTEX-XK95-0226-SM-4AT58,Normal Tissue,0,GTEX-12ZZX-0126-SM-5EGK9,Normal Tissue,0.9987409710884094,True
633,GTEX-XK95-0226-SM-4AT58,Normal Tissue,1,GTEX-145ME-1826-SM-5SI9G,Normal Tissue,0.9977726340293884,True
633,GTEX-XK95-0226-SM-4AT58,Normal Tissue,2,GTEX-12WS9-0126-SM-5EGL7,Normal Tissue,0.9976229667663574,True
633,GTEX-XK95-0226-SM-4AT58,Normal Tissue,3,GTEX-ZU9S-1826-SM-5NQ9E,Normal Tissue,0.9967772364616394,True
633,GTEX-XK95-0226-SM-4AT58,Normal Tissue,4,GTEX-131XH-2226-SM-5DUXJ,Normal Tissue,0.9965221285820007,True
633,GTEX-XK95-0226-SM-4AT58,Normal Tissue,5,GTEX-ZXG5-2126-SM-59HKD,Normal Tissue,0.9964941143989563,True
633,GTEX-XK95-0226-SM-4AT58,Normal Tissue,6,GTEX-XUW1-0926-SM-4BONX,Normal Tissue,0.9962642788887024,True
633,GTEX-XK95-0226-SM-4AT58,Normal Tissue,7,GTEX-Z93S-1626-SM-5CVMB,Normal Tissue,0.9958413243293762,True
633,GTEX-XK95-0226-SM-4AT58,Normal Tissue,8,GTEX-ZVT2-0126-SM-5GIDQ,Normal Tissue,0.9956471920013428,True
633,GTEX-XK95-0226-SM-4AT58,Normal Tissue,9,GTEX-139TU-0726-SM-5L3EK,Normal Tissue,0.9949961304664612,True
68,GTEX-XUW1-0926-SM-4BONX,Normal Tissue,0,GTEX-XOTO-0726-SM-4B659,Normal Tissue,0.9993383288383484,True
68,GTEX-XUW1-0926-SM-4BONX,Normal Tissue,1,GTEX-139T8-0626-SM-5KLZX,Normal Tissue,0.9991564154624939,True
68,GTEX-XUW1-0926-SM-4BONX,Normal Tissue,2,GTEX-Y8LW-1526-SM-5IFHL,Normal Tissue,0.9990283250808716,True
68,GTEX-XUW1-0926-SM-4BONX,Normal Tissue,3,GTEX-131XH-2226-SM-5DUXJ,Normal Tissue,0.998365581035614,True
68,GTEX-XUW1-0926-SM-4BONX,Normal Tissue,4,GTEX-ZXG5-2126-SM-59HKD,Normal Tissue,0.9982654452323914,True
68,GTEX-XUW1-0926-SM-4BONX,Normal Tissue,5,GTEX-XQ8I-0926-SM-4BOOF,Normal Tissue,0.9976611137390137,True
68,GTEX-XUW1-0926-SM-4BONX,Normal Tissue,6,GTEX-ZVT2-0126-SM-5GIDQ,Normal Tissue,0.9975005984306335,True
68,GTEX-XUW1-0926-SM-4BONX,Normal Tissue,7,GTEX-13CF3-2426-SM-5IFGX,Normal Tissue,0.9973074197769165,True
68,GTEX-XUW1-0926-SM-4BONX,Normal Tissue,8,GTEX-ZE7O-0126-SM-57WC1,Normal Tissue,0.9969910979270935,True
68,GTEX-XUW1-0926-SM-4BONX,Normal Tissue,9,GTEX-ZU9S-1826-SM-5NQ9E,Normal Tissue,0.9966897368431091,True
812,TCGA-EE-A29B-06,Metastasis,0,TCGA-IH-A3EA-01,Primary Tumor,0.9952670931816101,False
812,TCGA-EE-A29B-06,Metastasis,1,TCGA-FS-A1ZY-06,Metastasis,0.9952301979064941,True
812,TCGA-EE-A29B-06,Metastasis,2,TCGA-D9-A4Z5-01,Primary Tumor,0.9951909780502319,False
812,TCGA-EE-A29B-06,Metastasis,3,TCGA-ER-A42H-01,Primary Tumor,0.992457926273346,False
812,TCGA-EE-A29B-06,Metastasis,4,TCGA-YG-AA3P-06,Metastasis,0.9905275106430054,True
812,TCGA-EE-A29B-06,Metastasis,5,TCGA-D9-A6EG-06,Metastasis,0.9900352358818054,True
812,TCGA-EE-A29B-06,Metastasis,6,TCGA-D3-A51G-06,Metastasis,0.9899990558624268,True
812,TCGA-EE-A29B-06,Metastasis,7,TCGA-D3-A8GK-06,Metastasis,0.9870305061340332,True
812,TCGA-EE-A29B-06,Metastasis,8,TCGA-GN-A262-06,Metastasis,0.9835603833198547,True
812,TCGA-EE-A29B-06,Metastasis,9,GTEX-139T4-0008-SM-5S2WF,Normal Tissue,0.9816914200782776,False
1168,GTEX-X62O-0126-SM-4E3JN,Normal Tissue,0,GTEX-WI4N-1026-SM-3LK7N,Normal Tissue,0.9970730543136597,True
1168,GTEX-X62O-0126-SM-4E3JN,Normal Tissue,1,GTEX-11DZ1-0126-SM-5985Q,Normal Tissue,0.9958043694496155,True
1168,GTEX-X62O-0126-SM-4E3JN,Normal Tissue,2,GTEX-11ZUS-2626-SM-5FQUR,Normal Tissue,0.9936389923095703,True
1168,GTEX-X62O-0126-SM-4E3JN,Normal Tissue,3,GTEX-ZVP2-0326-SM-57WBP,Normal Tissue,0.9927478432655334,True
1168,GTEX-X62O-0126-SM-4E3JN,Normal Tissue,4,GTEX-ZF29-0926-SM-4WKFZ,Normal Tissue,0.9925273656845093,True
1168,GTEX-X62O-0126-SM-4E3JN,Normal Tissue,5,GTEX-Y5V6-2326-SM-4VDSA,Normal Tissue,0.9924610257148743,True
1168,GTEX-X62O-0126-SM-4E3JN,Normal Tissue,6,GTEX-Y3IK-1626-SM-4YCF5,Normal Tissue,0.991713285446167,True
1168,GTEX-X62O-0126-SM-4E3JN,Normal Tissue,7,GTEX-14A6H-0126-SM-5QGPK,Normal Tissue,0.9909568428993225,True
1168,GTEX-X62O-0126-SM-4E3JN,Normal Tissue,8,GTEX-133LE-2326-SM-5K7W3,Normal Tissue,0.9906874299049377,True
1168,GTEX-X62O-0126-SM-4E3JN,Normal Tissue,9,GTEX-X5EB-2226-SM-46MW4,Normal Tissue,0.9903231263160706,True
1113,TCGA-YG-AA3P-06,Metastasis,0,TCGA-ER-A42H-01,Primary Tumor,0.9972383379936218,False
1113,TCGA-YG-AA3P-06,Metastasis,1,TCGA-GN-A262-06,Metastasis,0.9969930648803711,True
1113,TCGA-YG-AA3P-06,Metastasis,2,TCGA-D3-A51G-06,Metastasis,0.9935197830200195,True
1113,TCGA-YG-AA3P-06,Metastasis,3,TCGA-FR-A3YO-06,Metastasis,0.9924172759056091,True
1113,TCGA-YG-AA3P-06,Metastasis,4,TCGA-D3-A8GR-06,Metastasis,0.9920665621757507,True
1113,TCGA-YG-AA3P-06,Metastasis,5,TCGA-IH-A3EA-01,Primary Tumor,0.9910475611686707,False
1113,TCGA-YG-AA3P-06,Metastasis,6,TCGA-EE-A29B-06,Metastasis,0.9905275106430054,True
1113,TCGA-YG-AA3P-06,Metastasis,7,TCGA-D3-A8GK-06,Metastasis,0.9875023365020752,True
1113,TCGA-YG-AA3P-06,Metastasis,8,TCGA-FS-A1ZY-06,Metastasis,0.9862746000289917,True
1113,TCGA-YG-AA3P-06,Metastasis,9,TCGA-BF-A3DM-01,Primary Tumor,0.9838481545448303,False
24,GTEX-T6MO-1626-SM-32QOM,Normal Tissue,0,GTEX-Y5LM-1926-SM-5RQJH,Normal Tissue,0.9962337017059326,True
24,GTEX-T6MO-1626-SM-32QOM,Normal Tissue,1,GTEX-TMZS-0126-SM-3DB9Q,Normal Tissue,0.9935569763183594,True
24,GTEX-T6MO-1626-SM-32QOM,Normal Tissue,2,GTEX-TML8-1926-SM-32QOS,Normal Tissue,0.9924954175949097,True
24,GTEX-T6MO-1626-SM-32QOM,Normal Tissue,3,GTEX-145LS-0126-SM-5QGP1,Normal Tissue,0.9906997084617615,True
24,GTEX-T6MO-1626-SM-32QOM,Normal Tissue,4,GTEX-XQ8I-0926-SM-4BOOF,Normal Tissue,0.9903360605239868,True
24,GTEX-T6MO-1626-SM-32QOM,Normal Tissue,5,GTEX-147F4-0226-SM-5QGPW,Normal Tissue,0.9900512099266052,True
24,GTEX-T6MO-1626-SM-32QOM,Normal Tissue,6,GTEX-1497J-0226-SM-5QGPU,Normal Tissue,0.9895440936088562,True
24,GTEX-T6MO-1626-SM-32QOM,Normal Tissue,7,GTEX-13113-1926-SM-5LZWG,Normal Tissue,0.9880836009979248,True
24,GTEX-T6MO-1626-SM-32QOM,Normal Tissue,8,GTEX-14A6H-0126-SM-5QGPK,Normal Tissue,0.9852467775344849,True
24,GTEX-T6MO-1626-SM-32QOM,Normal Tissue,9,GTEX-11ZU8-0126-SM-5EQ58,Normal Tissue,0.9839049577713013,True
939,GTEX-YECK-0326-SM-4W1YS,Normal Tissue,0,GTEX-12WSB-0126-SM-59HJN,Normal Tissue,0.9949376583099365,True
939,GTEX-YECK-0326-SM-4W1YS,Normal Tissue,1,GTEX-ZTTD-2826-SM-4YCFA,Normal Tissue,0.9935140013694763,True
939,GTEX-YECK-0326-SM-4W1YS,Normal Tissue,2,GTEX-ZY6K-1826-SM-5GZXK,Normal Tissue,0.9915359020233154,True
939,GTEX-YECK-0326-SM-4W1YS,Normal Tissue,3,GTEX-ZUA1-2626-SM-5NQ92,Normal Tissue,0.9900474548339844,True
939,GTEX-YECK-0326-SM-4W1YS,Normal Tissue,4,GTEX-11H98-0126-SM-5EGHG,Normal Tissue,0.9894493818283081,True
939,GTEX-YECK-0326-SM-4W1YS,Normal Tissue,5,GTEX-ZE9C-2526-SM-5IJDR,Normal Tissue,0.9894343614578247,True
939,GTEX-YECK-0326-SM-4W1YS,Normal Tissue,6,GTEX-12WSB-2926-SM-59HKL,Normal Tissue,0.986910879611969,True
939,GTEX-YECK-0326-SM-4W1YS,Normal Tissue,7,GTEX-13PVQ-0126-SM-5SIB4,Normal Tissue,0.9835032820701599,True
939,GTEX-YECK-0326-SM-4W1YS,Normal Tissue,8,GTEX-X4EP-0626-SM-3P621,Normal Tissue,0.980706512928009,True
939,GTEX-YECK-0326-SM-4W1YS,Normal Tissue,9,GTEX-11NUK-2726-SM-5A5MC,Normal Tissue,0.9794116616249084,True
0,GTEX-ZF29-0926-SM-4WKFZ,Normal Tissue,0,GTEX-ZE7O-0126-SM-57WC1,Normal Tissue,0.998778223991394,True
0,GTEX-ZF29-0926-SM-4WKFZ,Normal Tissue,1,GTEX-X5EB-2226-SM-46MW4,Normal Tissue,0.9987371563911438,True
0,GTEX-ZF29-0926-SM-4WKFZ,Normal Tissue,2,GTEX-13CF3-2426-SM-5IFGX,Normal Tissue,0.998612105846405,True
0,GTEX-ZF29-0926-SM-4WKFZ,Normal Tissue,3,GTEX-Y5V6-2326-SM-4VDSA,Normal Tissue,0.9985211491584778,True
0,GTEX-ZF29-0926-SM-4WKFZ,Normal Tissue,4,GTEX-14A6H-0126-SM-5QGPK,Normal Tissue,0.9984979629516602,True
0,GTEX-ZF29-0926-SM-4WKFZ,Normal Tissue,5,GTEX-11ZU8-0126-SM-5EQ58,Normal Tissue,0.9980118274688721,True
0,GTEX-ZF29-0926-SM-4WKFZ,Normal Tissue,6,GTEX-Y3IK-1626-SM-4YCF5,Normal Tissue,0.9979148507118225,True
0,GTEX-ZF29-0926-SM-4WKFZ,Normal Tissue,7,GTEX-ZVP2-0326-SM-57WBP,Normal Tissue,0.9978346824645996,True
0,GTEX-ZF29-0926-SM-4WKFZ,Normal Tissue,8,GTEX-11OF3-0126-SM-5PNYF,Normal Tissue,0.9975419640541077,True
0,GTEX-ZF29-0926-SM-4WKFZ,Normal Tissue,9,GTEX-133LE-2326-SM-5K7W3,Normal Tissue,0.997461199760437,True
395,TCGA-D3-A2JN-06,Metastasis,0,TCGA-EE-A2MS-06,Metastasis,0.9946009516716003,True
395,TCGA-D3-A2JN-06,Metastasis,1,TCGA-EE-A2GK-06,Metastasis,0.9932119846343994,True
395,TCGA-D3-A2JN-06,Metastasis,2,TCGA-WE-AA9Y-06,Metastasis,0.9803652167320251,True
395,TCGA-D3-A2JN-06,Metastasis,3,TCGA-FS-A1ZQ-06,Metastasis,0.9712491631507874,True
395,TCGA-D3-A2JN-06,Metastasis,4,TCGA-EE-A2M6-06,Metastasis,0.9689677357673645,True
395,TCGA-D3-A2JN-06,Metastasis,5,TCGA-D9-A148-06,Metastasis,0.968635082244873,True
395,TCGA-D3-A2JN-06,Metastasis,6,TCGA-ER-A19O-06,Metastasis,0.9646262526512146,True
395,TCGA-D3-A2JN-06,Metastasis,7,TCGA-FS-A1ZA-06,Metastasis,0.9642004370689392,True
395,TCGA-D3-A2JN-06,Metastasis,8,TCGA-EE-A2A6-06,Metastasis,0.9620441198348999,True
395,TCGA-D3-A2JN-06,Metastasis,9,TCGA-EE-A20F-06,Metastasis,0.9606072902679443,True
853,TCGA-ER-A19N-06,Metastasis,0,TCGA-FS-A1ZA-06,Metastasis,0.9768024682998657,True
853,TCGA-ER-A19N-06,Metastasis,1,TCGA-D3-A2JN-06,Metastasis,0.9527817964553833,True
853,TCGA-ER-A19N-06,Metastasis,2,TCGA-FS-A1ZZ-06,Metastasis,0.951709508895874,True
853,TCGA-ER-A19N-06,Metastasis,3,TCGA-EE-A2MS-06,Metastasis,0.9288647174835205,True
853,TCGA-ER-A19N-06,Metastasis,4,TCGA-EE-A2GK-06,Metastasis,0.9257993698120117,True
853,TCGA-ER-A19N-06,Metastasis,5,TCGA-D3-A3CC-06,Metastasis,0.9257973432540894,True
853,TCGA-ER-A19N-06,Metastasis,6,TCGA-ER-A2NG-06,Metastasis,0.9151544570922852,True
853,TCGA-ER-A19N-06,Metastasis,7,TCGA-FS-A1ZQ-06,Metastasis,0.9102481007575989,True
853,TCGA-ER-A19N-06,Metastasis,8,TCGA-ER-A197-06,Metastasis,0.9073465466499329,True
853,TCGA-ER-A19N-06,Metastasis,9,TCGA-EE-A29L-06,Metastasis,0.9029831290245056,True
126,TCGA-GN-A262-06,Metastasis,0,TCGA-YG-AA3P-06,Metastasis,0.9969930648803711,True
126,TCGA-GN-A262-06,Metastasis,1,TCGA-FR-A3YO-06,Metastasis,0.9941158294677734,True
126,TCGA-GN-A262-06,Metastasis,2,TCGA-D3-A8GR-06,Metastasis,0.9914318323135376,True
126,TCGA-GN-A262-06,Metastasis,3,TCGA-ER-A42H-01,Primary Tumor,0.9908867478370667,False
126,TCGA-GN-A262-06,Metastasis,4,TCGA-IH-A3EA-01,Primary Tumor,0.9868636131286621,False
126,TCGA-GN-A262-06,Metastasis,5,TCGA-EE-A29B-06,Metastasis,0.9835603833198547,True
126,TCGA-GN-A262-06,Metastasis,6,TCGA-D3-A51G-06,Metastasis,0.9829071760177612,True
126,TCGA-GN-A262-06,Metastasis,7,TCGA-WE-A8ZN-06,Metastasis,0.9800406694412231,True
126,TCGA-GN-A262-06,Metastasis,8,TCGA-D3-A8GK-06,Metastasis,0.9799578189849854,True
126,TCGA-GN-A262-06,Metastasis,9,TCGA-D3-A51R-06,Metastasis,0.9772802591323853,True
609,GTEX-ZXG5-2126-SM-59HKD,Normal Tissue,0,GTEX-131XH-2226-SM-5DUXJ,Normal Tissue,0.9985360503196716,True
609,GTEX-ZXG5-2126-SM-59HKD,Normal Tissue,1,GTEX-XUW1-0926-SM-4BONX,Normal Tissue,0.9982654452323914,True
609,GTEX-ZXG5-2126-SM-59HKD,Normal Tissue,2,GTEX-139T8-0626-SM-5KLZX,Normal Tissue,0.9980515837669373,True
609,GTEX-ZXG5-2126-SM-59HKD,Normal Tissue,3,GTEX-XOTO-0726-SM-4B659,Normal Tissue,0.9974226355552673,True
609,GTEX-ZXG5-2126-SM-59HKD,Normal Tissue,4,GTEX-ZU9S-1826-SM-5NQ9E,Normal Tissue,0.9967508316040039,True
609,GTEX-ZXG5-2126-SM-59HKD,Normal Tissue,5,GTEX-Y8LW-1526-SM-5IFHL,Normal Tissue,0.9966883063316345,True
609,GTEX-ZXG5-2126-SM-59HKD,Normal Tissue,6,GTEX-XK95-0226-SM-4AT58,Normal Tissue,0.9964941143989563,True
609,GTEX-ZXG5-2126-SM-59HKD,Normal Tissue,7,GTEX-12ZZX-0126-SM-5EGK9,Normal Tissue,0.9963836073875427,True
609,GTEX-ZXG5-2126-SM-59HKD,Normal Tissue,8,GTEX-XQ8I-0926-SM-4BOOF,Normal Tissue,0.9948956966400146,True
609,GTEX-ZXG5-2126-SM-59HKD,Normal Tissue,9,GTEX-12WS9-0126-SM-5EGL7,Normal Tissue,0.9939962029457092,True
968,GTEX-RTLS-0008-SM-48FET,Normal Tissue,0,GTEX-WXYG-0008-SM-4ONDU,Normal Tissue,0.9974364638328552,True
968,GTEX-RTLS-0008-SM-48FET,Normal Tissue,1,GTEX-T2YK-0008-SM-4DM6M,Normal Tissue,0.9973954558372498,True
968,GTEX-RTLS-0008-SM-48FET,Normal Tissue,2,GTEX-ZQG8-0008-SM-4YCE7,Normal Tissue,0.9970017671585083,True
968,GTEX-RTLS-0008-SM-48FET,Normal Tissue,3,GTEX-111VG-0008-SM-5Q5BG,Normal Tissue,0.9968137741088867,True
968,GTEX-RTLS-0008-SM-48FET,Normal Tissue,4,GTEX-W5WG-0008-SM-4KL25,Normal Tissue,0.9964013695716858,True
968,GTEX-RTLS-0008-SM-48FET,Normal Tissue,5,GTEX-XUZC-0008-SM-4BOQG,Normal Tissue,0.9952913522720337,True
968,GTEX-RTLS-0008-SM-48FET,Normal Tissue,6,GTEX-S341-0008-SM-4AD6D,Normal Tissue,0.9943161010742188,True
968,GTEX-RTLS-0008-SM-48FET,Normal Tissue,7,GTEX-ZVP2-0008-SM-51MSL,Normal Tissue,0.9926968216896057,True
968,GTEX-RTLS-0008-SM-48FET,Normal Tissue,8,GTEX-WH7G-0008-SM-4LVNM,Normal Tissue,0.9917296767234802,True
968,GTEX-RTLS-0008-SM-48FET,Normal Tissue,9,GTEX-OOBK-0008-SM-3NB27,Normal Tissue,0.9915518760681152,True
232,GTEX-111VG-0008-SM-5Q5BG,Normal Tissue,0,GTEX-QVJO-0008-SM-447AU,Normal Tissue,0.9978921413421631,True
232,GTEX-111VG-0008-SM-5Q5BG,Normal Tissue,1,GTEX-WXYG-0008-SM-4ONDU,Normal Tissue,0.9977174401283264,True
232,GTEX-111VG-0008-SM-5Q5BG,Normal Tissue,2,GTEX-T2YK-0008-SM-4DM6M,Normal Tissue,0.9974663257598877,True
232,GTEX-111VG-0008-SM-5Q5BG,Normal Tissue,3,GTEX-11DXX-0008-SM-5Q5B8,Normal Tissue,0.9972430467605591,True
232,GTEX-111VG-0008-SM-5Q5BG,Normal Tissue,4,GTEX-RTLS-0008-SM-48FET,Normal Tissue,0.9968137741088867,True
232,GTEX-111VG-0008-SM-5Q5BG,Normal Tissue,5,GTEX-W5WG-0008-SM-4KL25,Normal Tissue,0.9967760443687439,True
232,GTEX-111VG-0008-SM-5Q5BG,Normal Tissue,6,GTEX-WH7G-0008-SM-4LVNM,Normal Tissue,0.9967207908630371,True
232,GTEX-111VG-0008-SM-5Q5BG,Normal Tissue,7,GTEX-ZVP2-0008-SM-51MSL,Normal Tissue,0.9959867596626282,True
232,GTEX-111VG-0008-SM-5Q5BG,Normal Tissue,8,GTEX-XUZC-0008-SM-4BOQG,Normal Tissue,0.995830774307251,True
232,GTEX-111VG-0008-SM-5Q5BG,Normal Tissue,9,GTEX-WEY5-0008-SM-4LMKC,Normal Tissue,0.9951587915420532,True
705,GTEX-145LS-0126-SM-5QGP1,Normal Tissue,0,GTEX-TML8-1926-SM-32QOS,Normal Tissue,0.9989285469055176,True
705,GTEX-145LS-0126-SM-5QGP1,Normal Tissue,1,GTEX-147F4-0226-SM-5QGPW,Normal Tissue,0.9977515339851379,True
705,GTEX-145LS-0126-SM-5QGP1,Normal Tissue,2,GTEX-TMZS-0126-SM-3DB9Q,Normal Tissue,0.9975451231002808,True
705,GTEX-145LS-0126-SM-5QGP1,Normal Tissue,3,GTEX-XQ8I-0926-SM-4BOOF,Normal Tissue,0.9972317218780518,True
705,GTEX-145LS-0126-SM-5QGP1,Normal Tissue,4,GTEX-11OF3-0126-SM-5PNYF,Normal Tissue,0.9971136450767517,True
705,GTEX-145LS-0126-SM-5QGP1,Normal Tissue,5,GTEX-13113-1926-SM-5LZWG,Normal Tissue,0.9970058798789978,True
705,GTEX-145LS-0126-SM-5QGP1,Normal Tissue,6,GTEX-Y5LM-1926-SM-5RQJH,Normal Tissue,0.9969951510429382,True
705,GTEX-145LS-0126-SM-5QGP1,Normal Tissue,7,GTEX-11ZU8-0126-SM-5EQ58,Normal Tissue,0.9969412088394165,True
705,GTEX-145LS-0126-SM-5QGP1,Normal Tissue,8,GTEX-13CF3-2426-SM-5IFGX,Normal Tissue,0.9968399405479431,True
705,GTEX-145LS-0126-SM-5QGP1,Normal Tissue,9,GTEX-14A6H-0126-SM-5QGPK,Normal Tissue,0.9967483878135681,True
917,GTEX-XQ8I-0926-SM-4BOOF,Normal Tissue,0,GTEX-TML8-1926-SM-32QOS,Normal Tissue,0.9988232851028442,True
917,GTEX-XQ8I-0926-SM-4BOOF,Normal Tissue,1,GTEX-139T8-0626-SM-5KLZX,Normal Tissue,0.998649001121521,True
917,GTEX-XQ8I-0926-SM-4BOOF,Normal Tissue,2,GTEX-TMZS-0126-SM-3DB9Q,Normal Tissue,0.9985968470573425,True
917,GTEX-XQ8I-0926-SM-4BOOF,Normal Tissue,3,GTEX-XUW1-0926-SM-4BONX,Normal Tissue,0.9976611137390137,True
917,GTEX-XQ8I-0926-SM-4BOOF,Normal Tissue,4,GTEX-145LS-0126-SM-5QGP1,Normal Tissue,0.9972317218780518,True
917,GTEX-XQ8I-0926-SM-4BOOF,Normal Tissue,5,GTEX-147F4-0226-SM-5QGPW,Normal Tissue,0.9972196817398071,True
917,GTEX-XQ8I-0926-SM-4BOOF,Normal Tissue,6,GTEX-XOTO-0726-SM-4B659,Normal Tissue,0.9972146153450012,True
917,GTEX-XQ8I-0926-SM-4BOOF,Normal Tissue,7,GTEX-13113-1926-SM-5LZWG,Normal Tissue,0.997006893157959,True
917,GTEX-XQ8I-0926-SM-4BOOF,Normal Tissue,8,GTEX-Y8LW-1526-SM-5IFHL,Normal Tissue,0.996733546257019,True
917,GTEX-XQ8I-0926-SM-4BOOF,Normal Tissue,9,GTEX-13CF3-2426-SM-5IFGX,Normal Tissue,0.9963274002075195,True
778,GTEX-OHPM-0008-SM-4E3IP,Normal Tissue,0,GTEX-WWYW-0008-SM-4MVPF,Normal Tissue,0.9982680082321167,True
778,GTEX-OHPM-0008-SM-4E3IP,Normal Tissue,1,GTEX-RVPU-0008-SM-3NM8B,Normal Tissue,0.9963011741638184,True
778,GTEX-OHPM-0008-SM-4E3IP,Normal Tissue,2,GTEX-WCDI-0008-SM-47JYE,Normal Tissue,0.9955168962478638,True
778,GTEX-OHPM-0008-SM-4E3IP,Normal Tissue,3,GTEX-R55F-0008-SM-48FE6,Normal Tissue,0.9947806596755981,True
778,GTEX-OHPM-0008-SM-4E3IP,Normal Tissue,4,GTEX-WYBS-0008-SM-4ONDX,Normal Tissue,0.9942846298217773,True
778,GTEX-OHPM-0008-SM-4E3IP,Normal Tissue,5,GTEX-WRHU-0008-SM-4MVPB,Normal Tissue,0.9940230250358582,True
778,GTEX-OHPM-0008-SM-4E3IP,Normal Tissue,6,GTEX-Y8E4-0008-SM-4V6FW,Normal Tissue,0.9917045831680298,True
778,GTEX-OHPM-0008-SM-4E3IP,Normal Tissue,7,GTEX-Z93S-0008-SM-4RGM5,Normal Tissue,0.98963862657547,True
778,GTEX-OHPM-0008-SM-4E3IP,Normal Tissue,8,GTEX-WVJS-0008-SM-4MVPC,Normal Tissue,0.9895689487457275,True
778,GTEX-OHPM-0008-SM-4E3IP,Normal Tissue,9,GTEX-UJHI-0008-SM-4IHL1,Normal Tissue,0.9885464906692505,True
460,GTEX-ZWKS-0626-SM-5GIDV,Normal Tissue,0,GTEX-XBEC-0726-SM-4QARZ,Normal Tissue,0.99673992395401,True
460,GTEX-ZWKS-0626-SM-5GIDV,Normal Tissue,1,GTEX-11NUK-2726-SM-5A5MC,Normal Tissue,0.9962082505226135,True
460,GTEX-ZWKS-0626-SM-5GIDV,Normal Tissue,2,GTEX-12696-0126-SM-5EQ4L,Normal Tissue,0.9954916834831238,True
460,GTEX-ZWKS-0626-SM-5GIDV,Normal Tissue,3,GTEX-X4EO-2926-SM-4E3JH,Normal Tissue,0.9943049550056458,True
460,GTEX-ZWKS-0626-SM-5GIDV,Normal Tissue,4,GTEX-X5EB-2226-SM-46MW4,Normal Tissue,0.9941521286964417,True
460,GTEX-ZWKS-0626-SM-5GIDV,Normal Tissue,5,GTEX-ZE9C-2526-SM-5IJDR,Normal Tissue,0.9930071234703064,True
460,GTEX-ZWKS-0626-SM-5GIDV,Normal Tissue,6,GTEX-133LE-2326-SM-5K7W3,Normal Tissue,0.9924975037574768,True
460,GTEX-ZWKS-0626-SM-5GIDV,Normal Tissue,7,GTEX-139D8-0226-SM-5KLZO,Normal Tissue,0.9922825694084167,True
460,GTEX-ZWKS-0626-SM-5GIDV,Normal Tissue,8,GTEX-13CF3-2426-SM-5IFGX,Normal Tissue,0.9914918541908264,True
460,GTEX-ZWKS-0626-SM-5GIDV,Normal Tissue,9,GTEX-11OF3-0126-SM-5PNYF,Normal Tissue,0.9913988709449768,True
740,TCGA-D3-A5GN-06,Metastasis,0,TCGA-GN-A26C-01,Primary Tumor,0.9989888668060303,False
740,TCGA-D3-A5GN-06,Metastasis,1,TCGA-FW-A3TU-06,Metastasis,0.9953294396400452,True
740,TCGA-D3-A5GN-06,Metastasis,2,TCGA-D3-A8GO-06,Metastasis,0.9950704574584961,True
740,TCGA-D3-A5GN-06,Metastasis,3,TCGA-EE-A2M8-06,Metastasis,0.9944974184036255,True
740,TCGA-D3-A5GN-06,Metastasis,4,TCGA-DA-A95V-06,Metastasis,0.990444004535675,True
740,TCGA-D3-A5GN-06,Metastasis,5,TCGA-D3-A1Q7-06,Metastasis,0.9889912009239197,True
740,TCGA-D3-A5GN-06,Metastasis,6,TCGA-D9-A3Z4-01,Primary Tumor,0.9849346876144409,False
740,TCGA-D3-A5GN-06,Metastasis,7,TCGA-WE-AAA0-06,Metastasis,0.9845333099365234,True
740,TCGA-D3-A5GN-06,Metastasis,8,TCGA-D3-A3MR-06,Metastasis,0.9839678406715393,True
740,TCGA-D3-A5GN-06,Metastasis,9,TCGA-D9-A3Z3-06,Metastasis,0.9834168553352356,True
626,GTEX-11NUK-2726-SM-5A5MC,Normal Tissue,0,GTEX-XBEC-0726-SM-4QARZ,Normal Tissue,0.9979546070098877,True
626,GTEX-11NUK-2726-SM-5A5MC,Normal Tissue,1,GTEX-X4EO-2926-SM-4E3JH,Normal Tissue,0.9974790215492249,True
626,GTEX-11NUK-2726-SM-5A5MC,Normal Tissue,2,GTEX-12696-0126-SM-5EQ4L,Normal Tissue,0.9967566132545471,True
626,GTEX-11NUK-2726-SM-5A5MC,Normal Tissue,3,GTEX-ZWKS-0626-SM-5GIDV,Normal Tissue,0.9962082505226135,True
626,GTEX-11NUK-2726-SM-5A5MC,Normal Tissue,4,GTEX-ZE9C-2726-SM-57WB5,Normal Tissue,0.995791494846344,True
626,GTEX-11NUK-2726-SM-5A5MC,Normal Tissue,5,GTEX-ZU9S-1826-SM-5NQ9E,Normal Tissue,0.9947533011436462,True
626,GTEX-11NUK-2726-SM-5A5MC,Normal Tissue,6,GTEX-X4EP-0626-SM-3P621,Normal Tissue,0.9947218894958496,True
626,GTEX-11NUK-2726-SM-5A5MC,Normal Tissue,7,GTEX-X5EB-2226-SM-46MW4,Normal Tissue,0.9946392774581909,True
626,GTEX-11NUK-2726-SM-5A5MC,Normal Tissue,8,GTEX-131XH-2226-SM-5DUXJ,Normal Tissue,0.994560718536377,True
626,GTEX-11NUK-2726-SM-5A5MC,Normal Tissue,9,GTEX-ZY6K-1826-SM-5GZXK,Normal Tissue,0.9943124651908875,True
422,GTEX-ZU9S-1826-SM-5NQ9E,Normal Tissue,0,GTEX-131XH-2226-SM-5DUXJ,Normal Tissue,0.9992477893829346,True
422,GTEX-ZU9S-1826-SM-5NQ9E,Normal Tissue,1,GTEX-12ZZX-0126-SM-5EGK9,Normal Tissue,0.9989116787910461,True
422,GTEX-ZU9S-1826-SM-5NQ9E,Normal Tissue,2,GTEX-X4EO-2926-SM-4E3JH,Normal Tissue,0.9971141219139099,True
422,GTEX-ZU9S-1826-SM-5NQ9E,Normal Tissue,3,GTEX-ZE9C-2726-SM-57WB5,Normal Tissue,0.996867299079895,True
422,GTEX-ZU9S-1826-SM-5NQ9E,Normal Tissue,4,GTEX-XK95-0226-SM-4AT58,Normal Tissue,0.9967772364616394,True
422,GTEX-ZU9S-1826-SM-5NQ9E,Normal Tissue,5,GTEX-ZXG5-2126-SM-59HKD,Normal Tissue,0.9967508316040039,True
422,GTEX-ZU9S-1826-SM-5NQ9E,Normal Tissue,6,GTEX-12WS9-0126-SM-5EGL7,Normal Tissue,0.9967233538627625,True
422,GTEX-ZU9S-1826-SM-5NQ9E,Normal Tissue,7,GTEX-XUW1-0926-SM-4BONX,Normal Tissue,0.9966897368431091,True
422,GTEX-ZU9S-1826-SM-5NQ9E,Normal Tissue,8,GTEX-ZDTT-0426-SM-4WKFL,Normal Tissue,0.9965670108795166,True
422,GTEX-ZU9S-1826-SM-5NQ9E,Normal Tissue,9,GTEX-Y8LW-1526-SM-5IFHL,Normal Tissue,0.9962666034698486,True
1278,TCGA-EE-A29L-06,Metastasis,0,TCGA-GN-A264-06,Metastasis,0.9919791221618652,True
1278,TCGA-EE-A29L-06,Metastasis,1,TCGA-EE-A3AG-06,Metastasis,0.9861201047897339,True
1278,TCGA-EE-A29L-06,Metastasis,2,TCGA-BF-A5EP-01,Primary Tumor,0.9832181334495544,False
1278,TCGA-EE-A29L-06,Metastasis,3,TCGA-FS-A4FB-06,Metastasis,0.9745804667472839,True
1278,TCGA-EE-A29L-06,Metastasis,4,TCGA-FS-A1ZZ-06,Metastasis,0.9701111912727356,True
1278,TCGA-EE-A29L-06,Metastasis,5,TCGA-BF-A3DM-01,Primary Tumor,0.9693496227264404,False
1278,TCGA-EE-A29L-06,Metastasis,6,TCGA-EE-A184-06,Metastasis,0.9620426893234253,True
1278,TCGA-EE-A29L-06,Metastasis,7,GTEX-WCDI-0008-SM-47JYE,Normal Tissue,0.9598127603530884,False
1278,TCGA-EE-A29L-06,Metastasis,8,TCGA-FS-A1ZA-06,Metastasis,0.9577259421348572,True
1278,TCGA-EE-A29L-06,Metastasis,9,TCGA-BF-A5ES-01,Primary Tumor,0.9567211270332336,False
711,TCGA-D9-A6EG-06,Metastasis,0,TCGA-FS-A1ZY-06,Metastasis,0.9971020817756653,True
711,TCGA-D9-A6EG-06,Metastasis,1,TCGA-D9-A4Z5-01,Primary Tumor,0.9964703917503357,False
711,TCGA-D9-A6EG-06,Metastasis,2,TCGA-D3-A51G-06,Metastasis,0.9924477934837341,True
711,TCGA-D9-A6EG-06,Metastasis,3,TCGA-EE-A29B-06,Metastasis,0.9900352358818054,True
711,TCGA-D9-A6EG-06,Metastasis,4,TCGA-BF-A3DM-01,Primary Tumor,0.989372730255127,False
711,TCGA-D9-A6EG-06,Metastasis,5,TCGA-ER-A42H-01,Primary Tumor,0.9889418482780457,False
711,TCGA-D9-A6EG-06,Metastasis,6,GTEX-139T4-0008-SM-5S2WF,Normal Tissue,0.9882420897483826,False
711,TCGA-D9-A6EG-06,Metastasis,7,TCGA-BF-A5EP-01,Primary Tumor,0.9864116311073303,False
711,TCGA-D9-A6EG-06,Metastasis,8,TCGA-D3-A8GK-06,Metastasis,0.9852975606918335,True
711,TCGA-D9-A6EG-06,Metastasis,9,TCGA-IH-A3EA-01,Primary Tumor,0.9842717051506042,False
1209,TCGA-WE-AAA0-06,Metastasis,0,TCGA-D9-A3Z4-01,Primary Tumor,0.9991342425346375,False
1209,TCGA-WE-AAA0-06,Metastasis,1,TCGA-DA-A1I2-06,Metastasis,0.9959973096847534,True
1209,TCGA-WE-AAA0-06,Metastasis,2,TCGA-D3-A8GQ-06,Metastasis,0.9943650364875793,True
1209,TCGA-WE-AAA0-06,Metastasis,3,TCGA-FW-A3TU-06,Metastasis,0.9940134882926941,True
1209,TCGA-WE-AAA0-06,Metastasis,4,TCGA-YG-AA3O-06,Metastasis,0.993934690952301,True
1209,TCGA-WE-AAA0-06,Metastasis,5,TCGA-EE-A2A6-06,Metastasis,0.9925515651702881,True
1209,TCGA-WE-AAA0-06,Metastasis,6,TCGA-D9-A148-06,Metastasis,0.9895381927490234,True
1209,TCGA-WE-AAA0-06,Metastasis,7,TCGA-FW-A3R5-06,Metastasis,0.9892575740814209,True
1209,TCGA-WE-AAA0-06,Metastasis,8,TCGA-EE-A2M8-06,Metastasis,0.9890214800834656,True
1209,TCGA-WE-AAA0-06,Metastasis,9,TCGA-GN-A26C-01,Primary Tumor,0.9855078458786011,False
242,GTEX-Z93S-1626-SM-5CVMB,Normal Tissue,0,GTEX-145ME-1826-SM-5SI9G,Normal Tissue,0.999142587184906,True
242,GTEX-Z93S-1626-SM-5CVMB,Normal Tissue,1,GTEX-WHPG-2626-SM-3NMBR,Normal Tissue,0.9990947842597961,True
242,GTEX-Z93S-1626-SM-5CVMB,Normal Tissue,2,GTEX-WFON-1926-SM-3LK7L,Normal Tissue,0.9989135265350342,True
242,GTEX-Z93S-1626-SM-5CVMB,Normal Tissue,3,GTEX-XAJ8-1426-SM-47JYM,Normal Tissue,0.99882972240448,True
242,GTEX-Z93S-1626-SM-5CVMB,Normal Tissue,4,GTEX-139TU-0726-SM-5L3EK,Normal Tissue,0.9985622763633728,True
242,GTEX-Z93S-1626-SM-5CVMB,Normal Tissue,5,GTEX-XPVG-2126-SM-4B667,Normal Tissue,0.9984012246131897,True
242,GTEX-Z93S-1626-SM-5CVMB,Normal Tissue,6,GTEX-X4EO-0326-SM-3P5YO,Normal Tissue,0.9959844350814819,True
242,GTEX-Z93S-1626-SM-5CVMB,Normal Tissue,7,GTEX-XK95-0226-SM-4AT58,Normal Tissue,0.9958413243293762,True
242,GTEX-Z93S-1626-SM-5CVMB,Normal Tissue,8,GTEX-12ZZX-0126-SM-5EGK9,Normal Tissue,0.9955671429634094,True
242,GTEX-Z93S-1626-SM-5CVMB,Normal Tissue,9,GTEX-WH7G-2026-SM-3NMBL,Normal Tissue,0.9953020215034485,True
784,GTEX-ZE7O-0126-SM-57WC1,Normal Tissue,0,GTEX-13CF3-2426-SM-5IFGX,Normal Tissue,0.9987905621528625,True
784,GTEX-ZE7O-0126-SM-57WC1,Normal Tissue,1,GTEX-ZF29-0926-SM-4WKFZ,Normal Tissue,0.998778223991394,True
784,GTEX-ZE7O-0126-SM-57WC1,Normal Tissue,2,GTEX-13113-1926-SM-5LZWG,Normal Tissue,0.998315691947937,True
784,GTEX-ZE7O-0126-SM-57WC1,Normal Tissue,3,GTEX-139D8-0226-SM-5KLZO,Normal Tissue,0.9980454444885254,True
784,GTEX-ZE7O-0126-SM-57WC1,Normal Tissue,4,GTEX-X5EB-2226-SM-46MW4,Normal Tissue,0.9979618191719055,True
784,GTEX-ZE7O-0126-SM-57WC1,Normal Tissue,5,GTEX-XOTO-0726-SM-4B659,Normal Tissue,0.9979345798492432,True
784,GTEX-ZE7O-0126-SM-57WC1,Normal Tissue,6,GTEX-14A6H-0126-SM-5QGPK,Normal Tissue,0.9978686571121216,True
784,GTEX-ZE7O-0126-SM-57WC1,Normal Tissue,7,GTEX-Y8LW-1526-SM-5IFHL,Normal Tissue,0.9977745413780212,True
784,GTEX-ZE7O-0126-SM-57WC1,Normal Tissue,8,GTEX-Y3IK-1626-SM-4YCF5,Normal Tissue,0.9976277351379395,True
784,GTEX-ZE7O-0126-SM-57WC1,Normal Tissue,9,GTEX-ZVT2-0126-SM-5GIDQ,Normal Tissue,0.9974947571754456,True
1085,TCGA-D9-A148-06,Metastasis,0,TCGA-EE-A2M6-06,Metastasis,0.9939491748809814,True
1085,TCGA-D9-A148-06,Metastasis,1,TCGA-EE-A2A6-06,Metastasis,0.993253767490387,True
1085,TCGA-D9-A148-06,Metastasis,2,TCGA-DA-A1I2-06,Metastasis,0.9919431209564209,True
1085,TCGA-D9-A148-06,Metastasis,3,TCGA-FW-A3R5-06,Metastasis,0.9913344383239746,True
1085,TCGA-D9-A148-06,Metastasis,4,TCGA-D9-A3Z4-01,Primary Tumor,0.9908463954925537,False
1085,TCGA-D9-A148-06,Metastasis,5,TCGA-ER-A2NC-06,Metastasis,0.989558219909668,True
1085,TCGA-D9-A148-06,Metastasis,6,TCGA-WE-AAA0-06,Metastasis,0.9895381927490234,True
1085,TCGA-D9-A148-06,Metastasis,7,TCGA-EB-A97M-01,Primary Tumor,0.9883247017860413,False
1085,TCGA-D9-A148-06,Metastasis,8,TCGA-D3-A8GQ-06,Metastasis,0.9837042689323425,True
1085,TCGA-D9-A148-06,Metastasis,9,TCGA-RP-A695-06,Metastasis,0.9836534261703491,True
425,GTEX-133LE-2326-SM-5K7W3,Normal Tissue,0,GTEX-Y5V6-2326-SM-4VDSA,Normal Tissue,0.9990155696868896,True
425,GTEX-133LE-2326-SM-5K7W3,Normal Tissue,1,GTEX-ZVP2-0326-SM-57WBP,Normal Tissue,0.9982697367668152,True
425,GTEX-133LE-2326-SM-5K7W3,Normal Tissue,2,GTEX-ZLV1-1526-SM-4WWBC,Normal Tissue,0.9981606602668762,True
425,GTEX-133LE-2326-SM-5K7W3,Normal Tissue,3,GTEX-11DZ1-0126-SM-5985Q,Normal Tissue,0.997958779335022,True
425,GTEX-133LE-2326-SM-5K7W3,Normal Tissue,4,GTEX-X5EB-2226-SM-46MW4,Normal Tissue,0.9976625442504883,True
425,GTEX-133LE-2326-SM-5K7W3,Normal Tissue,5,GTEX-ZF29-0926-SM-4WKFZ,Normal Tissue,0.997461199760437,True
425,GTEX-133LE-2326-SM-5K7W3,Normal Tissue,6,GTEX-13VXU-0626-SM-5L3F9,Normal Tissue,0.9973003268241882,True
425,GTEX-133LE-2326-SM-5K7W3,Normal Tissue,7,GTEX-12696-0126-SM-5EQ4L,Normal Tissue,0.996735692024231,True
425,GTEX-133LE-2326-SM-5K7W3,Normal Tissue,8,GTEX-11ZUS-2626-SM-5FQUR,Normal Tissue,0.9963585734367371,True
425,GTEX-133LE-2326-SM-5K7W3,Normal Tissue,9,GTEX-139D8-0226-SM-5KLZO,Normal Tissue,0.9963398575782776,True
762,TCGA-ER-A2NG-06,Metastasis,0,TCGA-FS-A1ZZ-06,Metastasis,0.9833195805549622,True
762,TCGA-ER-A2NG-06,Metastasis,1,TCGA-FS-A1ZA-06,Metastasis,0.9739376306533813,True
762,TCGA-ER-A2NG-06,Metastasis,2,TCGA-EE-A184-06,Metastasis,0.9639588594436646,True
762,TCGA-ER-A2NG-06,Metastasis,3,GTEX-ZV7C-0926-SM-59HL1,Normal Tissue,0.9630237221717834,False
762,TCGA-ER-A2NG-06,Metastasis,4,TCGA-FS-A1ZQ-06,Metastasis,0.9625832438468933,True
762,TCGA-ER-A2NG-06,Metastasis,5,TCGA-EE-A29L-06,Metastasis,0.9443750381469727,True
762,TCGA-ER-A2NG-06,Metastasis,6,TCGA-EE-A3AG-06,Metastasis,0.9430056214332581,True
762,TCGA-ER-A2NG-06,Metastasis,7,TCGA-ER-A197-06,Metastasis,0.9390989542007446,True
762,TCGA-ER-A2NG-06,Metastasis,8,TCGA-EE-A2GK-06,Metastasis,0.9217656850814819,True
762,TCGA-ER-A2NG-06,Metastasis,9,TCGA-EE-A2MS-06,Metastasis,0.9212306141853333,True
715,GTEX-R55F-0008-SM-48FE6,Normal Tissue,0,GTEX-OHPM-0008-SM-4E3IP,Normal Tissue,0.9947806596755981,True
715,GTEX-R55F-0008-SM-48FE6,Normal Tissue,1,GTEX-WYBS-0008-SM-4ONDX,Normal Tissue,0.9921136498451233,True
715,GTEX-R55F-0008-SM-48FE6,Normal Tissue,2,GTEX-WWYW-0008-SM-4MVPF,Normal Tissue,0.9885574579238892,True
715,GTEX-R55F-0008-SM-48FE6,Normal Tissue,3,GTEX-RVPU-0008-SM-3NM8B,Normal Tissue,0.9880062341690063,True
715,GTEX-R55F-0008-SM-48FE6,Normal Tissue,4,GTEX-WRHU-0008-SM-4MVPB,Normal Tissue,0.986594557762146,True
715,GTEX-R55F-0008-SM-48FE6,Normal Tissue,5,GTEX-WCDI-0008-SM-47JYE,Normal Tissue,0.985527515411377,True
715,GTEX-R55F-0008-SM-48FE6,Normal Tissue,6,GTEX-WVJS-0008-SM-4MVPC,Normal Tissue,0.9792779684066772,True
715,GTEX-R55F-0008-SM-48FE6,Normal Tissue,7,GTEX-R55D-0008-SM-48FEV,Normal Tissue,0.9779956340789795,True
715,GTEX-R55F-0008-SM-48FE6,Normal Tissue,8,GTEX-UJHI-0008-SM-4IHL1,Normal Tissue,0.9778944253921509,True
715,GTEX-R55F-0008-SM-48FE6,Normal Tissue,9,GTEX-Y8E4-0008-SM-4V6FW,Normal Tissue,0.9768280386924744,True
854,TCGA-BF-A5EP-01,Primary Tumor,0,TCGA-BF-A3DM-01,Primary Tumor,0.9947859048843384,True
854,TCGA-BF-A5EP-01,Primary Tumor,1,TCGA-GN-A264-06,Metastasis,0.9931864142417908,False
854,TCGA-BF-A5EP-01,Primary Tumor,2,TCGA-BF-A5ES-01,Primary Tumor,0.990678071975708,True
854,TCGA-BF-A5EP-01,Primary Tumor,3,TCGA-D3-A8GK-06,Metastasis,0.9874523878097534,False
854,TCGA-BF-A5EP-01,Primary Tumor,4,TCGA-D3-A51G-06,Metastasis,0.9872759580612183,False
854,TCGA-BF-A5EP-01,Primary Tumor,5,TCGA-D9-A6EG-06,Metastasis,0.9864116311073303,False
854,TCGA-BF-A5EP-01,Primary Tumor,6,TCGA-FS-A1ZY-06,Metastasis,0.9861488938331604,False
854,TCGA-BF-A5EP-01,Primary Tumor,7,TCGA-EE-A29L-06,Metastasis,0.9832181334495544,False
854,TCGA-BF-A5EP-01,Primary Tumor,8,TCGA-ER-A42H-01,Primary Tumor,0.9814145565032959,True
854,TCGA-BF-A5EP-01,Primary Tumor,9,TCGA-D9-A4Z5-01,Primary Tumor,0.9786660671234131,True
1199,GTEX-ZY6K-1826-SM-5GZXK,Normal Tissue,0,GTEX-11H98-0126-SM-5EGHG,Normal Tissue,0.9994040727615356,True
1199,GTEX-ZY6K-1826-SM-5GZXK,Normal Tissue,1,GTEX-13PVQ-0126-SM-5SIB4,Normal Tissue,0.9973556399345398,True
1199,GTEX-ZY6K-1826-SM-5GZXK,Normal Tissue,2,GTEX-12WSB-0126-SM-59HJN,Normal Tissue,0.997135579586029,True
1199,GTEX-ZY6K-1826-SM-5GZXK,Normal Tissue,3,GTEX-12696-0126-SM-5EQ4L,Normal Tissue,0.9947823882102966,True
1199,GTEX-ZY6K-1826-SM-5GZXK,Normal Tissue,4,GTEX-11NUK-2726-SM-5A5MC,Normal Tissue,0.9943124651908875,True
1199,GTEX-ZY6K-1826-SM-5GZXK,Normal Tissue,5,GTEX-X4EP-0626-SM-3P621,Normal Tissue,0.9940990209579468,True
1199,GTEX-ZY6K-1826-SM-5GZXK,Normal Tissue,6,GTEX-ZE9C-2526-SM-5IJDR,Normal Tissue,0.9940310716629028,True
1199,GTEX-ZY6K-1826-SM-5GZXK,Normal Tissue,7,GTEX-ZE9C-2726-SM-57WB5,Normal Tissue,0.9928059577941895,True
1199,GTEX-ZY6K-1826-SM-5GZXK,Normal Tissue,8,GTEX-XBEC-0726-SM-4QARZ,Normal Tissue,0.9925917983055115,True
1199,GTEX-ZY6K-1826-SM-5GZXK,Normal Tissue,9,GTEX-12BJ1-0926-SM-5EQ62,Normal Tissue,0.9920749068260193,True
630,TCGA-WE-A8ZN-06,Metastasis,0,TCGA-WE-A8ZM-06,Metastasis,0.9975100755691528,True
630,TCGA-WE-A8ZN-06,Metastasis,1,TCGA-D3-A8GR-06,Metastasis,0.9935323596000671,True
630,TCGA-WE-A8ZN-06,Metastasis,2,TCGA-YG-AA3O-06,Metastasis,0.991272509098053,True
630,TCGA-WE-A8ZN-06,Metastasis,3,TCGA-D3-A8GQ-06,Metastasis,0.9911872148513794,True
630,TCGA-WE-A8ZN-06,Metastasis,4,TCGA-D3-A51R-06,Metastasis,0.9907744526863098,True
630,TCGA-WE-A8ZN-06,Metastasis,5,TCGA-FR-A3YO-06,Metastasis,0.9888412952423096,True
630,TCGA-WE-A8ZN-06,Metastasis,6,TCGA-D3-A3MV-06,Metastasis,0.9831649661064148,True
630,TCGA-WE-A8ZN-06,Metastasis,7,TCGA-FW-A3R5-06,Metastasis,0.9818885326385498,True
630,TCGA-WE-A8ZN-06,Metastasis,8,TCGA-DA-A1I2-06,Metastasis,0.9803724884986877,True
630,TCGA-WE-A8ZN-06,Metastasis,9,TCGA-GN-A262-06,Metastasis,0.9800406694412231,True
272,GTEX-Y8E4-0008-SM-4V6FW,Normal Tissue,0,GTEX-Z93S-0008-SM-4RGM5,Normal Tissue,0.9997105598449707,True
272,GTEX-Y8E4-0008-SM-4V6FW,Normal Tissue,1,GTEX-XBEW-0008-SM-4AT3Y,Normal Tissue,0.9970875382423401,True
272,GTEX-Y8E4-0008-SM-4V6FW,Normal Tissue,2,GTEX-RVPU-0008-SM-3NM8B,Normal Tissue,0.9969462156295776,True
272,GTEX-Y8E4-0008-SM-4V6FW,Normal Tissue,3,GTEX-WWYW-0008-SM-4MVPF,Normal Tissue,0.9965410232543945,True
272,GTEX-Y8E4-0008-SM-4V6FW,Normal Tissue,4,GTEX-WVJS-0008-SM-4MVPC,Normal Tissue,0.9961732625961304,True
272,GTEX-Y8E4-0008-SM-4V6FW,Normal Tissue,5,GTEX-WRHU-0008-SM-4MVPB,Normal Tissue,0.9957553744316101,True
272,GTEX-Y8E4-0008-SM-4V6FW,Normal Tissue,6,GTEX-XUW1-0008-SM-4BOQH,Normal Tissue,0.9955800771713257,True
272,GTEX-Y8E4-0008-SM-4V6FW,Normal Tissue,7,GTEX-UJMC-0008-SM-4IHKK,Normal Tissue,0.9949448704719543,True
272,GTEX-Y8E4-0008-SM-4V6FW,Normal Tissue,8,GTEX-UJHI-0008-SM-4IHL1,Normal Tissue,0.9946948289871216,True
272,GTEX-Y8E4-0008-SM-4V6FW,Normal Tissue,9,GTEX-ZVP2-0008-SM-51MSL,Normal Tissue,0.9945366978645325,True
958,GTEX-147F4-0226-SM-5QGPW,Normal Tissue,0,GTEX-TMZS-0126-SM-3DB9Q,Normal Tissue,0.9990859627723694,True
958,GTEX-147F4-0226-SM-5QGPW,Normal Tissue,1,GTEX-14A6H-0126-SM-5QGPK,Normal Tissue,0.9988849759101868,True
958,GTEX-147F4-0226-SM-5QGPW,Normal Tissue,2,GTEX-11ZU8-0126-SM-5EQ58,Normal Tissue,0.9988847970962524,True
958,GTEX-147F4-0226-SM-5QGPW,Normal Tissue,3,GTEX-Y3IK-1626-SM-4YCF5,Normal Tissue,0.9988338351249695,True
958,GTEX-147F4-0226-SM-5QGPW,Normal Tissue,4,GTEX-TML8-1926-SM-32QOS,Normal Tissue,0.9985989928245544,True
958,GTEX-147F4-0226-SM-5QGPW,Normal Tissue,5,GTEX-Y5LM-1926-SM-5RQJH,Normal Tissue,0.9983525276184082,True
958,GTEX-147F4-0226-SM-5QGPW,Normal Tissue,6,GTEX-13113-1926-SM-5LZWG,Normal Tissue,0.9979715347290039,True
958,GTEX-147F4-0226-SM-5QGPW,Normal Tissue,7,GTEX-145LS-0126-SM-5QGP1,Normal Tissue,0.9977515339851379,True
958,GTEX-147F4-0226-SM-5QGPW,Normal Tissue,8,GTEX-11OF3-0126-SM-5PNYF,Normal Tissue,0.997398316860199,True
958,GTEX-147F4-0226-SM-5QGPW,Normal Tissue,9,GTEX-13CF3-2426-SM-5IFGX,Normal Tissue,0.9972510933876038,True
1193,GTEX-ZPIC-0008-SM-4E3JF,Normal Tissue,0,GTEX-UJHI-0008-SM-4IHL1,Normal Tissue,0.9981185793876648,True
1193,GTEX-ZPIC-0008-SM-4E3JF,Normal Tissue,1,GTEX-ZVP2-0008-SM-51MSL,Normal Tissue,0.9964867234230042,True
1193,GTEX-ZPIC-0008-SM-4E3JF,Normal Tissue,2,GTEX-XUW1-0008-SM-4BOQH,Normal Tissue,0.996278703212738,True
1193,GTEX-ZPIC-0008-SM-4E3JF,Normal Tissue,3,GTEX-W5X1-0008-SM-4LMKA,Normal Tissue,0.9959076046943665,True
1193,GTEX-ZPIC-0008-SM-4E3JF,Normal Tissue,4,GTEX-UJMC-0008-SM-4IHKK,Normal Tissue,0.9955055117607117,True
1193,GTEX-ZPIC-0008-SM-4E3JF,Normal Tissue,5,GTEX-W5WG-0008-SM-4KL25,Normal Tissue,0.9953331351280212,True
1193,GTEX-ZPIC-0008-SM-4E3JF,Normal Tissue,6,GTEX-XBEW-0008-SM-4AT3Y,Normal Tissue,0.9945797324180603,True
1193,GTEX-ZPIC-0008-SM-4E3JF,Normal Tissue,7,GTEX-Z93S-0008-SM-4RGM5,Normal Tissue,0.9936878681182861,True
1193,GTEX-ZPIC-0008-SM-4E3JF,Normal Tissue,8,GTEX-11DXX-0008-SM-5Q5B8,Normal Tissue,0.9935541749000549,True
1193,GTEX-ZPIC-0008-SM-4E3JF,Normal Tissue,9,GTEX-XUZC-0008-SM-4BOQG,Normal Tissue,0.9930883049964905,True
800,GTEX-11EQ9-2426-SM-5HL5T,Normal Tissue,0,GTEX-11ZU8-0126-SM-5EQ58,Normal Tissue,0.9976804256439209,True
800,GTEX-11EQ9-2426-SM-5HL5T,Normal Tissue,1,GTEX-ZLV1-1526-SM-4WWBC,Normal Tissue,0.9973709583282471,True
800,GTEX-11EQ9-2426-SM-5HL5T,Normal Tissue,2,GTEX-11OF3-0126-SM-5PNYF,Normal Tissue,0.9973104596138,True
800,GTEX-11EQ9-2426-SM-5HL5T,Normal Tissue,3,GTEX-ZVP2-0326-SM-57WBP,Normal Tissue,0.9963577389717102,True
800,GTEX-11EQ9-2426-SM-5HL5T,Normal Tissue,4,GTEX-Y3IK-1626-SM-4YCF5,Normal Tissue,0.9962592720985413,True
800,GTEX-11EQ9-2426-SM-5HL5T,Normal Tissue,5,GTEX-Y5V6-2326-SM-4VDSA,Normal Tissue,0.9959828853607178,True
800,GTEX-11EQ9-2426-SM-5HL5T,Normal Tissue,6,GTEX-147F4-0226-SM-5QGPW,Normal Tissue,0.9954645037651062,True
800,GTEX-11EQ9-2426-SM-5HL5T,Normal Tissue,7,GTEX-W5X1-2526-SM-3GILC,Normal Tissue,0.9949592351913452,True
800,GTEX-11EQ9-2426-SM-5HL5T,Normal Tissue,8,GTEX-1497J-0226-SM-5QGPU,Normal Tissue,0.9949501156806946,True
800,GTEX-11EQ9-2426-SM-5HL5T,Normal Tissue,9,GTEX-13CF3-2426-SM-5IFGX,Normal Tissue,0.9948169589042664,True
100,GTEX-T5JW-0008-SM-4DM5X,Normal Tissue,0,GTEX-R55D-0008-SM-48FEV,Normal Tissue,0.9984586238861084,True
100,GTEX-T5JW-0008-SM-4DM5X,Normal Tissue,1,GTEX-X5EB-0008-SM-46MU3,Normal Tissue,0.9984577298164368,True
100,GTEX-T5JW-0008-SM-4DM5X,Normal Tissue,2,GTEX-X3Y1-0008-SM-4PR12,Normal Tissue,0.9983597993850708,True
100,GTEX-T5JW-0008-SM-4DM5X,Normal Tissue,3,GTEX-P4QS-0008-SM-48TDY,Normal Tissue,0.9981626272201538,True
100,GTEX-T5JW-0008-SM-4DM5X,Normal Tissue,4,GTEX-WEY5-0008-SM-4LMKC,Normal Tissue,0.9967637062072754,True
100,GTEX-T5JW-0008-SM-4DM5X,Normal Tissue,5,GTEX-UJMC-0008-SM-4IHKK,Normal Tissue,0.9966889023780823,True
100,GTEX-T5JW-0008-SM-4DM5X,Normal Tissue,6,GTEX-W5X1-0008-SM-4LMKA,Normal Tissue,0.9965718984603882,True
100,GTEX-T5JW-0008-SM-4DM5X,Normal Tissue,7,GTEX-11DXX-0008-SM-5Q5B8,Normal Tissue,0.9950399994850159,True
100,GTEX-T5JW-0008-SM-4DM5X,Normal Tissue,8,GTEX-QVJO-0008-SM-447AU,Normal Tissue,0.9939266443252563,True
100,GTEX-T5JW-0008-SM-4DM5X,Normal Tissue,9,GTEX-WH7G-0008-SM-4LVNM,Normal Tissue,0.9937562346458435,True
303,TCGA-D3-A3MR-06,Metastasis,0,TCGA-DA-A95V-06,Metastasis,0.9949951767921448,True
303,TCGA-D3-A3MR-06,Metastasis,1,TCGA-D9-A3Z3-06,Metastasis,0.98935866355896,True
303,TCGA-D3-A3MR-06,Metastasis,2,TCGA-GN-A9SD-06,Metastasis,0.9858643412590027,True
303,TCGA-D3-A3MR-06,Metastasis,3,TCGA-GN-A26C-01,Primary Tumor,0.9853925704956055,False
303,TCGA-D3-A3MR-06,Metastasis,4,TCGA-D3-A5GN-06,Metastasis,0.9839678406715393,True
303,TCGA-D3-A3MR-06,Metastasis,5,TCGA-D3-A8GO-06,Metastasis,0.9839200377464294,True
303,TCGA-D3-A3MR-06,Metastasis,6,TCGA-EE-A2M8-06,Metastasis,0.981673538684845,True
303,TCGA-D3-A3MR-06,Metastasis,7,TCGA-EE-A20F-06,Metastasis,0.9798427224159241,True
303,TCGA-D3-A3MR-06,Metastasis,8,TCGA-FW-A3TU-06,Metastasis,0.9766376614570618,True
303,TCGA-D3-A3MR-06,Metastasis,9,TCGA-EE-A2A6-06,Metastasis,0.9658410549163818,True
535,GTEX-139T4-0008-SM-5S2WF,Normal Tissue,0,TCGA-D9-A4Z5-01,Primary Tumor,0.993992269039154,False
535,GTEX-139T4-0008-SM-5S2WF,Normal Tissue,1,TCGA-D9-A6EG-06,Metastasis,0.9882420897483826,False
535,GTEX-139T4-0008-SM-5S2WF,Normal Tissue,2,TCGA-FS-A1ZY-06,Metastasis,0.985812246799469,False
535,GTEX-139T4-0008-SM-5S2WF,Normal Tissue,3,TCGA-EE-A29B-06,Metastasis,0.9816914200782776,False
535,GTEX-139T4-0008-SM-5S2WF,Normal Tissue,4,GTEX-R55F-0008-SM-48FE6,Normal Tissue,0.9721254706382751,True
535,GTEX-139T4-0008-SM-5S2WF,Normal Tissue,5,TCGA-D3-A51G-06,Metastasis,0.9719052910804749,False
535,GTEX-139T4-0008-SM-5S2WF,Normal Tissue,6,TCGA-IH-A3EA-01,Primary Tumor,0.9681582450866699,False
535,GTEX-139T4-0008-SM-5S2WF,Normal Tissue,7,TCGA-ER-A42H-01,Primary Tumor,0.9651252031326294,False
535,GTEX-139T4-0008-SM-5S2WF,Normal Tissue,8,TCGA-BF-A5EP-01,Primary Tumor,0.9644849300384521,False
535,GTEX-139T4-0008-SM-5S2WF,Normal Tissue,9,TCGA-D3-A8GK-06,Metastasis,0.9636954665184021,False
669,GTEX-11ZUS-2626-SM-5FQUR,Normal Tissue,0,GTEX-11DZ1-0126-SM-5985Q,Normal Tissue,0.9992334842681885,True
669,GTEX-11ZUS-2626-SM-5FQUR,Normal Tissue,1,GTEX-13VXU-0626-SM-5L3F9,Normal Tissue,0.9967387914657593,True
669,GTEX-11ZUS-2626-SM-5FQUR,Normal Tissue,2,GTEX-133LE-2326-SM-5K7W3,Normal Tissue,0.9963585734367371,True
669,GTEX-11ZUS-2626-SM-5FQUR,Normal Tissue,3,GTEX-13PVQ-0126-SM-5SIB4,Normal Tissue,0.9954583644866943,True
669,GTEX-11ZUS-2626-SM-5FQUR,Normal Tissue,4,GTEX-12BJ1-0926-SM-5EQ62,Normal Tissue,0.9945393800735474,True
669,GTEX-11ZUS-2626-SM-5FQUR,Normal Tissue,5,GTEX-WI4N-2726-SM-3LK7Y,Normal Tissue,0.9944942593574524,True
669,GTEX-11ZUS-2626-SM-5FQUR,Normal Tissue,6,GTEX-Y5V6-2326-SM-4VDSA,Normal Tissue,0.9943069219589233,True
669,GTEX-11ZUS-2626-SM-5FQUR,Normal Tissue,7,GTEX-ZVP2-0326-SM-57WBP,Normal Tissue,0.9938803315162659,True
669,GTEX-11ZUS-2626-SM-5FQUR,Normal Tissue,8,GTEX-X62O-0126-SM-4E3JN,Normal Tissue,0.9936389923095703,True
669,GTEX-11ZUS-2626-SM-5FQUR,Normal Tissue,9,GTEX-12696-0126-SM-5EQ4L,Normal Tissue,0.9932465553283691,True
414,TCGA-WE-AA9Y-06,Metastasis,0,TCGA-EE-A20F-06,Metastasis,0.9933023452758789,True
414,TCGA-WE-AA9Y-06,Metastasis,1,TCGA-EE-A2M6-06,Metastasis,0.991587221622467,True
414,TCGA-WE-AA9Y-06,Metastasis,2,TCGA-GN-A9SD-06,Metastasis,0.9850192070007324,True
414,TCGA-WE-AA9Y-06,Metastasis,3,TCGA-EE-A2A6-06,Metastasis,0.9825502634048462,True
414,TCGA-WE-AA9Y-06,Metastasis,4,TCGA-EE-A2MS-06,Metastasis,0.9820427894592285,True
414,TCGA-WE-AA9Y-06,Metastasis,5,TCGA-EE-A2GK-06,Metastasis,0.9813865423202515,True
414,TCGA-WE-AA9Y-06,Metastasis,6,TCGA-D3-A2JN-06,Metastasis,0.9803652167320251,True
414,TCGA-WE-AA9Y-06,Metastasis,7,TCGA-EE-A29X-06,Metastasis,0.9801803231239319,True
414,TCGA-WE-AA9Y-06,Metastasis,8,TCGA-ER-A19O-06,Metastasis,0.9791355133056641,True
414,TCGA-WE-AA9Y-06,Metastasis,9,TCGA-D9-A148-06,Metastasis,0.9772782325744629,True
791,GTEX-TMZS-0126-SM-3DB9Q,Normal Tissue,0,GTEX-147F4-0226-SM-5QGPW,Normal Tissue,0.9990859627723694,True
791,GTEX-TMZS-0126-SM-3DB9Q,Normal Tissue,1,GTEX-TML8-1926-SM-32QOS,Normal Tissue,0.9988584518432617,True
791,GTEX-TMZS-0126-SM-3DB9Q,Normal Tissue,2,GTEX-Y5LM-1926-SM-5RQJH,Normal Tissue,0.9988218545913696,True
791,GTEX-TMZS-0126-SM-3DB9Q,Normal Tissue,3,GTEX-XQ8I-0926-SM-4BOOF,Normal Tissue,0.9985968470573425,True
791,GTEX-TMZS-0126-SM-3DB9Q,Normal Tissue,4,GTEX-13113-1926-SM-5LZWG,Normal Tissue,0.9983471632003784,True
791,GTEX-TMZS-0126-SM-3DB9Q,Normal Tissue,5,GTEX-145LS-0126-SM-5QGP1,Normal Tissue,0.9975451231002808,True
791,GTEX-TMZS-0126-SM-3DB9Q,Normal Tissue,6,GTEX-14A6H-0126-SM-5QGPK,Normal Tissue,0.9973999857902527,True
791,GTEX-TMZS-0126-SM-3DB9Q,Normal Tissue,7,GTEX-Y3IK-1626-SM-4YCF5,Normal Tissue,0.9968485832214355,True
791,GTEX-TMZS-0126-SM-3DB9Q,Normal Tissue,8,GTEX-11ZU8-0126-SM-5EQ58,Normal Tissue,0.99625563621521,True
791,GTEX-TMZS-0126-SM-3DB9Q,Normal Tissue,9,GTEX-139T8-0626-SM-5KLZX,Normal Tissue,0.995806097984314,True
924,TCGA-GN-A264-06,Metastasis,0,TCGA-BF-A5EP-01,Primary Tumor,0.9931864142417908,False
924,TCGA-GN-A264-06,Metastasis,1,TCGA-EE-A29L-06,Metastasis,0.9919791221618652,True
924,TCGA-GN-A264-06,Metastasis,2,TCGA-BF-A3DM-01,Primary Tumor,0.9906492233276367,False
924,TCGA-GN-A264-06,Metastasis,3,TCGA-D9-A6EG-06,Metastasis,0.9761212468147278,True
924,TCGA-GN-A264-06,Metastasis,4,TCGA-BF-A5ES-01,Primary Tumor,0.9756350517272949,False
924,TCGA-GN-A264-06,Metastasis,5,TCGA-D3-A51G-06,Metastasis,0.97426438331604,True
924,TCGA-GN-A264-06,Metastasis,6,TCGA-EE-A3AG-06,Metastasis,0.9728105068206787,True
924,TCGA-GN-A264-06,Metastasis,7,TCGA-FS-A1ZY-06,Metastasis,0.9684973955154419,True
924,TCGA-GN-A264-06,Metastasis,8,TCGA-D3-A8GK-06,Metastasis,0.9677549600601196,True
924,TCGA-GN-A264-06,Metastasis,9,TCGA-ER-A42H-01,Primary Tumor,0.9655193090438843,False
1234,GTEX-11H98-0126-SM-5EGHG,Normal Tissue,0,GTEX-ZY6K-1826-SM-5GZXK,Normal Tissue,0.9994040727615356,True
1234,GTEX-11H98-0126-SM-5EGHG,Normal Tissue,1,GTEX-13PVQ-0126-SM-5SIB4,Normal Tissue,0.9979372024536133,True
1234,GTEX-11H98-0126-SM-5EGHG,Normal Tissue,2,GTEX-12WSB-0126-SM-59HJN,Normal Tissue,0.9966111183166504,True
1234,GTEX-11H98-0126-SM-5EGHG,Normal Tissue,3,GTEX-12696-0126-SM-5EQ4L,Normal Tissue,0.9946324229240417,True
1234,GTEX-11H98-0126-SM-5EGHG,Normal Tissue,4,GTEX-11NUK-2726-SM-5A5MC,Normal Tissue,0.9935069680213928,True
1234,GTEX-11H98-0126-SM-5EGHG,Normal Tissue,5,GTEX-12WSB-2926-SM-59HKL,Normal Tissue,0.9930040240287781,True
1234,GTEX-11H98-0126-SM-5EGHG,Normal Tissue,6,GTEX-ZE9C-2526-SM-5IJDR,Normal Tissue,0.9927017092704773,True
1234,GTEX-11H98-0126-SM-5EGHG,Normal Tissue,7,GTEX-11ZUS-2626-SM-5FQUR,Normal Tissue,0.9923421740531921,True
1234,GTEX-11H98-0126-SM-5EGHG,Normal Tissue,8,GTEX-13VXU-0626-SM-5L3F9,Normal Tissue,0.9916013479232788,True
1234,GTEX-11H98-0126-SM-5EGHG,Normal Tissue,9,GTEX-11DZ1-0126-SM-5985Q,Normal Tissue,0.9915125370025635,True
959,TCGA-EB-A57M-01,Primary Tumor,0,TCGA-EB-A3HV-01,Primary Tumor,0.9599856734275818,True
959,TCGA-EB-A57M-01,Primary Tumor,1,GTEX-ZUA1-2626-SM-5NQ92,Normal Tissue,0.9307946562767029,False
959,TCGA-EB-A57M-01,Primary Tumor,2,GTEX-ZTTD-2826-SM-4YCFA,Normal Tissue,0.9196321368217468,False
959,TCGA-EB-A57M-01,Primary Tumor,3,GTEX-12WSB-2926-SM-59HKL,Normal Tissue,0.9194008708000183,False
959,TCGA-EB-A57M-01,Primary Tumor,4,GTEX-YECK-0326-SM-4W1YS,Normal Tissue,0.9171074628829956,False
959,TCGA-EB-A57M-01,Primary Tumor,5,TCGA-BF-A3DJ-01,Primary Tumor,0.9094737768173218,True
959,TCGA-EB-A57M-01,Primary Tumor,6,GTEX-12BJ1-0926-SM-5EQ62,Normal Tissue,0.8936410546302795,False
959,TCGA-EB-A57M-01,Primary Tumor,7,GTEX-ZY6K-1826-SM-5GZXK,Normal Tissue,0.8866620063781738,False
959,TCGA-EB-A57M-01,Primary Tumor,8,TCGA-EB-A1NK-01,Primary Tumor,0.8863829374313354,True
959,TCGA-EB-A57M-01,Primary Tumor,9,GTEX-13PVQ-0126-SM-5SIB4,Normal Tissue,0.8861944079399109,False
11,TCGA-EB-A41A-01,Primary Tumor,0,TCGA-EB-A51B-01,Primary Tumor,0.9692381620407104,True
11,TCGA-EB-A41A-01,Primary Tumor,1,TCGA-EB-A3Y7-01,Primary Tumor,0.9454814791679382,True
11,TCGA-EB-A41A-01,Primary Tumor,2,TCGA-D3-A3CC-06,Metastasis,0.9454084038734436,False
11,TCGA-EB-A41A-01,Primary Tumor,3,TCGA-DA-A1IC-06,Metastasis,0.8943755626678467,False
11,TCGA-EB-A41A-01,Primary Tumor,4,TCGA-BF-A3DJ-01,Primary Tumor,0.8874455094337463,True
11,TCGA-EB-A41A-01,Primary Tumor,5,TCGA-ER-A19N-06,Metastasis,0.8742567300796509,False
11,TCGA-EB-A41A-01,Primary Tumor,6,TCGA-ER-A197-06,Metastasis,0.8709453344345093,False
11,TCGA-EB-A41A-01,Primary Tumor,7,TCGA-EB-A1NK-01,Primary Tumor,0.8474482297897339,True
11,TCGA-EB-A41A-01,Primary Tumor,8,TCGA-FS-A1ZZ-06,Metastasis,0.8230363130569458,False
11,TCGA-EB-A41A-01,Primary Tumor,9,TCGA-FS-A1ZA-06,Metastasis,0.8096500635147095,False
261,GTEX-W5WG-0008-SM-4KL25,Normal Tissue,0,GTEX-ZVP2-0008-SM-51MSL,Normal Tissue,0.9982826709747314,True
261,GTEX-W5WG-0008-SM-4KL25,Normal Tissue,1,GTEX-WH7G-0008-SM-4LVNM,Normal Tissue,0.9974896907806396,True
261,GTEX-W5WG-0008-SM-4KL25,Normal Tissue,2,GTEX-111VG-0008-SM-5Q5BG,Normal Tissue,0.9967760443687439,True
261,GTEX-W5WG-0008-SM-4KL25,Normal Tissue,3,GTEX-RTLS-0008-SM-48FET,Normal Tissue,0.9964013695716858,True
261,GTEX-W5WG-0008-SM-4KL25,Normal Tissue,4,GTEX-11DXX-0008-SM-5Q5B8,Normal Tissue,0.9957335591316223,True
261,GTEX-W5WG-0008-SM-4KL25,Normal Tissue,5,GTEX-QVJO-0008-SM-447AU,Normal Tissue,0.9955579042434692,True
261,GTEX-W5WG-0008-SM-4KL25,Normal Tissue,6,GTEX-XBEW-0008-SM-4AT3Y,Normal Tissue,0.9955309629440308,True
261,GTEX-W5WG-0008-SM-4KL25,Normal Tissue,7,GTEX-ZPIC-0008-SM-4E3JF,Normal Tissue,0.9953331351280212,True
261,GTEX-W5WG-0008-SM-4KL25,Normal Tissue,8,GTEX-XUW1-0008-SM-4BOQH,Normal Tissue,0.9950629472732544,True
261,GTEX-W5WG-0008-SM-4KL25,Normal Tissue,9,GTEX-UJMC-0008-SM-4IHKK,Normal Tissue,0.9950408935546875,True
1217,GTEX-ZE9C-2726-SM-57WB5,Normal Tissue,0,GTEX-X4EP-0626-SM-3P621,Normal Tissue,0.9986547231674194,True
1217,GTEX-ZE9C-2726-SM-57WB5,Normal Tissue,1,GTEX-X4EO-2926-SM-4E3JH,Normal Tissue,0.9983722567558289,True
1217,GTEX-ZE9C-2726-SM-57WB5,Normal Tissue,2,GTEX-ZDTT-0426-SM-4WKFL,Normal Tissue,0.9981380701065063,True
1217,GTEX-ZE9C-2726-SM-57WB5,Normal Tissue,3,GTEX-139D8-0226-SM-5KLZO,Normal Tissue,0.9971752166748047,True
1217,GTEX-ZE9C-2726-SM-57WB5,Normal Tissue,4,GTEX-ZU9S-1826-SM-5NQ9E,Normal Tissue,0.996867299079895,True
1217,GTEX-ZE9C-2726-SM-57WB5,Normal Tissue,5,GTEX-12696-0126-SM-5EQ4L,Normal Tissue,0.9966189861297607,True
1217,GTEX-ZE9C-2726-SM-57WB5,Normal Tissue,6,GTEX-XBEC-0726-SM-4QARZ,Normal Tissue,0.9966017007827759,True
1217,GTEX-ZE9C-2726-SM-57WB5,Normal Tissue,7,GTEX-131XH-2226-SM-5DUXJ,Normal Tissue,0.9959889054298401,True
1217,GTEX-ZE9C-2726-SM-57WB5,Normal Tissue,8,GTEX-11NUK-2726-SM-5A5MC,Normal Tissue,0.995791494846344,True
1217,GTEX-ZE9C-2726-SM-57WB5,Normal Tissue,9,GTEX-X5EB-2226-SM-46MW4,Normal Tissue,0.9956990480422974,True
271,GTEX-131XH-2226-SM-5DUXJ,Normal Tissue,0,GTEX-ZU9S-1826-SM-5NQ9E,Normal Tissue,0.9992477893829346,True
271,GTEX-131XH-2226-SM-5DUXJ,Normal Tissue,1,GTEX-ZXG5-2126-SM-59HKD,Normal Tissue,0.9985360503196716,True
271,GTEX-131XH-2226-SM-5DUXJ,Normal Tissue,2,GTEX-XUW1-0926-SM-4BONX,Normal Tissue,0.998365581035614,True
271,GTEX-131XH-2226-SM-5DUXJ,Normal Tissue,3,GTEX-12ZZX-0126-SM-5EGK9,Normal Tissue,0.9982110261917114,True
271,GTEX-131XH-2226-SM-5DUXJ,Normal Tissue,4,GTEX-XOTO-0726-SM-4B659,Normal Tissue,0.9976336359977722,True
271,GTEX-131XH-2226-SM-5DUXJ,Normal Tissue,5,GTEX-X4EO-2926-SM-4E3JH,Normal Tissue,0.9974003434181213,True
271,GTEX-131XH-2226-SM-5DUXJ,Normal Tissue,6,GTEX-Y8LW-1526-SM-5IFHL,Normal Tissue,0.9970925450325012,True
271,GTEX-131XH-2226-SM-5DUXJ,Normal Tissue,7,GTEX-139T8-0626-SM-5KLZX,Normal Tissue,0.99659264087677,True
271,GTEX-131XH-2226-SM-5DUXJ,Normal Tissue,8,GTEX-XK95-0226-SM-4AT58,Normal Tissue,0.9965221285820007,True
271,GTEX-131XH-2226-SM-5DUXJ,Normal Tissue,9,GTEX-12WS9-0126-SM-5EGL7,Normal Tissue,0.9962553977966309,True
91,TCGA-D3-A8GQ-06,Metastasis,0,TCGA-YG-AA3O-06,Metastasis,0.9995546340942383,True
91,TCGA-D3-A8GQ-06,Metastasis,1,TCGA-D9-A3Z4-01,Primary Tumor,0.9947299957275391,False
91,TCGA-D3-A8GQ-06,Metastasis,2,TCGA-WE-AAA0-06,Metastasis,0.9943650364875793,True
91,TCGA-D3-A8GQ-06,Metastasis,3,TCGA-DA-A1I2-06,Metastasis,0.9936325550079346,True
91,TCGA-D3-A8GQ-06,Metastasis,4,TCGA-WE-A8ZN-06,Metastasis,0.9911872148513794,True
91,TCGA-D3-A8GQ-06,Metastasis,5,TCGA-FW-A3R5-06,Metastasis,0.9900492429733276,True
91,TCGA-D3-A8GQ-06,Metastasis,6,TCGA-WE-A8ZM-06,Metastasis,0.9852503538131714,True
91,TCGA-D3-A8GQ-06,Metastasis,7,TCGA-D9-A148-06,Metastasis,0.9837042689323425,True
91,TCGA-D3-A8GQ-06,Metastasis,8,TCGA-FW-A3TU-06,Metastasis,0.9830812811851501,True
91,TCGA-D3-A8GQ-06,Metastasis,9,TCGA-EE-A2A6-06,Metastasis,0.9808812737464905,True
98,TCGA-FW-A3TU-06,Metastasis,0,TCGA-EE-A2M8-06,Metastasis,0.9984376430511475,True
98,TCGA-FW-A3TU-06,Metastasis,1,TCGA-GN-A26C-01,Primary Tumor,0.9971856474876404,False
98,TCGA-FW-A3TU-06,Metastasis,2,TCGA-D3-A5GN-06,Metastasis,0.9953294396400452,True
98,TCGA-FW-A3TU-06,Metastasis,3,TCGA-D9-A3Z4-01,Primary Tumor,0.9951244592666626,False
98,TCGA-FW-A3TU-06,Metastasis,4,TCGA-EE-A2A6-06,Metastasis,0.9946337342262268,True
98,TCGA-FW-A3TU-06,Metastasis,5,TCGA-WE-AAA0-06,Metastasis,0.9940134882926941,True
98,TCGA-FW-A3TU-06,Metastasis,6,TCGA-DA-A95V-06,Metastasis,0.9907311201095581,True
98,TCGA-FW-A3TU-06,Metastasis,7,TCGA-DA-A1I2-06,Metastasis,0.9906370639801025,True
98,TCGA-FW-A3TU-06,Metastasis,8,TCGA-D3-A8GO-06,Metastasis,0.988538384437561,True
98,TCGA-FW-A3TU-06,Metastasis,9,TCGA-EE-A2M6-06,Metastasis,0.9881235957145691,True
605,TCGA-EB-A51B-01,Primary Tumor,0,TCGA-EB-A3Y7-01,Primary Tumor,0.9866825938224792,True
605,TCGA-EB-A51B-01,Primary Tumor,1,TCGA-EB-A41A-01,Primary Tumor,0.9692381620407104,True
605,TCGA-EB-A51B-01,Primary Tumor,2,TCGA-D3-A3CC-06,Metastasis,0.9561305642127991,False
605,TCGA-EB-A51B-01,Primary Tumor,3,TCGA-DA-A1IC-06,Metastasis,0.9386053681373596,False
605,TCGA-EB-A51B-01,Primary Tumor,4,TCGA-BF-A3DJ-01,Primary Tumor,0.9187129735946655,True
605,TCGA-EB-A51B-01,Primary Tumor,5,TCGA-ER-A197-06,Metastasis,0.9154531359672546,False
605,TCGA-EB-A51B-01,Primary Tumor,6,TCGA-EB-A1NK-01,Primary Tumor,0.903599202632904,True
605,TCGA-EB-A51B-01,Primary Tumor,7,GTEX-ZVT3-0008-SM-51MRI,Normal Tissue,0.8730291724205017,False
605,TCGA-EB-A51B-01,Primary Tumor,8,TCGA-FS-A4FB-06,Metastasis,0.8611617684364319,False
605,TCGA-EB-A51B-01,Primary Tumor,9,TCGA-FS-A1ZZ-06,Metastasis,0.8501898050308228,False
204,GTEX-WH7G-0008-SM-4LVNM,Normal Tissue,0,GTEX-QVJO-0008-SM-447AU,Normal Tissue,0.9991419911384583,True
204,GTEX-WH7G-0008-SM-4LVNM,Normal Tissue,1,GTEX-11DXX-0008-SM-5Q5B8,Normal Tissue,0.9990429282188416,True
204,GTEX-WH7G-0008-SM-4LVNM,Normal Tissue,2,GTEX-W5WG-0008-SM-4KL25,Normal Tissue,0.9974896907806396,True
204,GTEX-WH7G-0008-SM-4LVNM,Normal Tissue,3,GTEX-X3Y1-0008-SM-4PR12,Normal Tissue,0.9974724650382996,True
204,GTEX-WH7G-0008-SM-4LVNM,Normal Tissue,4,GTEX-WEY5-0008-SM-4LMKC,Normal Tissue,0.996856689453125,True
204,GTEX-WH7G-0008-SM-4LVNM,Normal Tissue,5,GTEX-ZVP2-0008-SM-51MSL,Normal Tissue,0.9968233704566956,True
204,GTEX-WH7G-0008-SM-4LVNM,Normal Tissue,6,GTEX-UJMC-0008-SM-4IHKK,Normal Tissue,0.9967780113220215,True
204,GTEX-WH7G-0008-SM-4LVNM,Normal Tissue,7,GTEX-111VG-0008-SM-5Q5BG,Normal Tissue,0.9967207908630371,True
204,GTEX-WH7G-0008-SM-4LVNM,Normal Tissue,8,GTEX-XBEW-0008-SM-4AT3Y,Normal Tissue,0.9952185153961182,True
204,GTEX-WH7G-0008-SM-4LVNM,Normal Tissue,9,GTEX-P4QS-0008-SM-48TDY,Normal Tissue,0.994595468044281,True
218,GTEX-13CF3-2426-SM-5IFGX,Normal Tissue,0,GTEX-11OF3-0126-SM-5PNYF,Normal Tissue,0.9994490146636963,True
218,GTEX-13CF3-2426-SM-5IFGX,Normal Tissue,1,GTEX-ZE7O-0126-SM-57WC1,Normal Tissue,0.9987905621528625,True
218,GTEX-13CF3-2426-SM-5IFGX,Normal Tissue,2,GTEX-ZF29-0926-SM-4WKFZ,Normal Tissue,0.998612105846405,True
218,GTEX-13CF3-2426-SM-5IFGX,Normal Tissue,3,GTEX-XOTO-0726-SM-4B659,Normal Tissue,0.9984676837921143,True
218,GTEX-13CF3-2426-SM-5IFGX,Normal Tissue,4,GTEX-Y3IK-1626-SM-4YCF5,Normal Tissue,0.9982491731643677,True
218,GTEX-13CF3-2426-SM-5IFGX,Normal Tissue,5,GTEX-11ZU8-0126-SM-5EQ58,Normal Tissue,0.9981347322463989,True
218,GTEX-13CF3-2426-SM-5IFGX,Normal Tissue,6,GTEX-14A6H-0126-SM-5QGPK,Normal Tissue,0.9979772567749023,True
218,GTEX-13CF3-2426-SM-5IFGX,Normal Tissue,7,GTEX-139T8-0626-SM-5KLZX,Normal Tissue,0.9977433681488037,True
218,GTEX-13CF3-2426-SM-5IFGX,Normal Tissue,8,GTEX-X5EB-2226-SM-46MW4,Normal Tissue,0.9977276921272278,True
218,GTEX-13CF3-2426-SM-5IFGX,Normal Tissue,9,GTEX-Y8LW-1526-SM-5IFHL,Normal Tissue,0.9974406957626343,True
64,GTEX-QVJO-0008-SM-447AU,Normal Tissue,0,GTEX-11DXX-0008-SM-5Q5B8,Normal Tissue,0.9996429681777954,True
64,GTEX-QVJO-0008-SM-447AU,Normal Tissue,1,GTEX-WH7G-0008-SM-4LVNM,Normal Tissue,0.9991419911384583,True
64,GTEX-QVJO-0008-SM-447AU,Normal Tissue,2,GTEX-WEY5-0008-SM-4LMKC,Normal Tissue,0.9984508156776428,True
64,GTEX-QVJO-0008-SM-447AU,Normal Tissue,3,GTEX-111VG-0008-SM-5Q5BG,Normal Tissue,0.9978921413421631,True
64,GTEX-QVJO-0008-SM-447AU,Normal Tissue,4,GTEX-X3Y1-0008-SM-4PR12,Normal Tissue,0.9976829290390015,True
64,GTEX-QVJO-0008-SM-447AU,Normal Tissue,5,GTEX-P4QS-0008-SM-48TDY,Normal Tissue,0.9964696168899536,True
64,GTEX-QVJO-0008-SM-447AU,Normal Tissue,6,GTEX-W5WG-0008-SM-4KL25,Normal Tissue,0.9955579042434692,True
64,GTEX-QVJO-0008-SM-447AU,Normal Tissue,7,GTEX-UJMC-0008-SM-4IHKK,Normal Tissue,0.9954077005386353,True
64,GTEX-QVJO-0008-SM-447AU,Normal Tissue,8,GTEX-ZVP2-0008-SM-51MSL,Normal Tissue,0.995386004447937,True
64,GTEX-QVJO-0008-SM-447AU,Normal Tissue,9,GTEX-X5EB-0008-SM-46MU3,Normal Tissue,0.9948736429214478,True
6,TCGA-FS-A1ZA-06,Metastasis,0,TCGA-FS-A1ZZ-06,Metastasis,0.9884632229804993,True
6,TCGA-FS-A1ZA-06,Metastasis,1,TCGA-ER-A19N-06,Metastasis,0.9768024682998657,True
6,TCGA-FS-A1ZA-06,Metastasis,2,TCGA-ER-A2NG-06,Metastasis,0.9739376306533813,True
6,TCGA-FS-A1ZA-06,Metastasis,3,TCGA-FS-A1ZQ-06,Metastasis,0.967104971408844,True
6,TCGA-FS-A1ZA-06,Metastasis,4,TCGA-D3-A2JN-06,Metastasis,0.9642004370689392,True
6,TCGA-FS-A1ZA-06,Metastasis,5,TCGA-EE-A2MS-06,Metastasis,0.9608080387115479,True
6,TCGA-FS-A1ZA-06,Metastasis,6,TCGA-EE-A2GK-06,Metastasis,0.9602975845336914,True
6,TCGA-FS-A1ZA-06,Metastasis,7,TCGA-EE-A29L-06,Metastasis,0.9577259421348572,True
6,TCGA-FS-A1ZA-06,Metastasis,8,TCGA-EE-A3AG-06,Metastasis,0.9526052474975586,True
6,TCGA-FS-A1ZA-06,Metastasis,9,TCGA-EE-A184-06,Metastasis,0.949041485786438,True
171,TCGA-DA-A1IC-06,Metastasis,0,TCGA-D3-A3CC-06,Metastasis,0.9816912412643433,True
171,TCGA-DA-A1IC-06,Metastasis,1,TCGA-ER-A197-06,Metastasis,0.9778680801391602,True
171,TCGA-DA-A1IC-06,Metastasis,2,TCGA-BF-A3DJ-01,Primary Tumor,0.9574123620986938,False
171,TCGA-DA-A1IC-06,Metastasis,3,TCGA-EB-A3Y7-01,Primary Tumor,0.9474397897720337,False
171,TCGA-DA-A1IC-06,Metastasis,4,TCGA-FS-A1ZZ-06,Metastasis,0.945041298866272,True
171,TCGA-DA-A1IC-06,Metastasis,5,TCGA-EB-A51B-01,Primary Tumor,0.9386053681373596,False
171,TCGA-DA-A1IC-06,Metastasis,6,TCGA-EB-A1NK-01,Primary Tumor,0.9379634857177734,False
171,TCGA-DA-A1IC-06,Metastasis,7,TCGA-EB-A3HV-01,Primary Tumor,0.9148424863815308,False
171,TCGA-DA-A1IC-06,Metastasis,8,GTEX-ZVT3-0008-SM-51MRI,Normal Tissue,0.9083942174911499,False
171,TCGA-DA-A1IC-06,Metastasis,9,TCGA-FS-A1ZA-06,Metastasis,0.908169150352478,True
1031,GTEX-X3Y1-0008-SM-4PR12,Normal Tissue,0,GTEX-WEY5-0008-SM-4LMKC,Normal Tissue,0.9988211393356323,True
1031,GTEX-X3Y1-0008-SM-4PR12,Normal Tissue,1,GTEX-11DXX-0008-SM-5Q5B8,Normal Tissue,0.9987209439277649,True
1031,GTEX-X3Y1-0008-SM-4PR12,Normal Tissue,2,GTEX-T5JW-0008-SM-4DM5X,Normal Tissue,0.9983597993850708,True
1031,GTEX-X3Y1-0008-SM-4PR12,Normal Tissue,3,GTEX-P4QS-0008-SM-48TDY,Normal Tissue,0.9981615543365479,True
1031,GTEX-X3Y1-0008-SM-4PR12,Normal Tissue,4,GTEX-UJMC-0008-SM-4IHKK,Normal Tissue,0.9979769587516785,True
1031,GTEX-X3Y1-0008-SM-4PR12,Normal Tissue,5,GTEX-QVJO-0008-SM-447AU,Normal Tissue,0.9976829290390015,True
1031,GTEX-X3Y1-0008-SM-4PR12,Normal Tissue,6,GTEX-W5X1-0008-SM-4LMKA,Normal Tissue,0.9975512623786926,True
1031,GTEX-X3Y1-0008-SM-4PR12,Normal Tissue,7,GTEX-WH7G-0008-SM-4LVNM,Normal Tissue,0.9974724650382996,True
1031,GTEX-X3Y1-0008-SM-4PR12,Normal Tissue,8,GTEX-X5EB-0008-SM-46MU3,Normal Tissue,0.9971622824668884,True
1031,GTEX-X3Y1-0008-SM-4PR12,Normal Tissue,9,GTEX-XBEW-0008-SM-4AT3Y,Normal Tissue,0.9949483871459961,True
121,TCGA-RP-A695-06,Metastasis,0,TCGA-EB-A97M-01,Primary Tumor,0.9984732866287231,False
121,TCGA-RP-A695-06,Metastasis,1,TCGA-FW-A3R5-06,Metastasis,0.9965746402740479,True
121,TCGA-RP-A695-06,Metastasis,2,TCGA-DA-A1I0-06,Metastasis,0.992647647857666,True
121,TCGA-RP-A695-06,Metastasis,3,TCGA-ER-A2NC-06,Metastasis,0.9915109872817993,True
121,TCGA-RP-A695-06,Metastasis,4,TCGA-DA-A1I2-06,Metastasis,0.9906328320503235,True
121,TCGA-RP-A695-06,Metastasis,5,TCGA-FR-A3YO-06,Metastasis,0.9872728586196899,True
121,TCGA-RP-A695-06,Metastasis,6,TCGA-EE-A29X-06,Metastasis,0.9861235618591309,True
121,TCGA-RP-A695-06,Metastasis,7,TCGA-D9-A148-06,Metastasis,0.9836534261703491,True
121,TCGA-RP-A695-06,Metastasis,8,TCGA-D9-A3Z4-01,Primary Tumor,0.9773064851760864,False
121,TCGA-RP-A695-06,Metastasis,9,TCGA-EE-A2M6-06,Metastasis,0.976922869682312,True
167,TCGA-FR-A3YO-06,Metastasis,0,TCGA-GN-A262-06,Metastasis,0.9941158294677734,True
167,TCGA-FR-A3YO-06,Metastasis,1,TCGA-D3-A8GR-06,Metastasis,0.9940122365951538,True
167,TCGA-FR-A3YO-06,Metastasis,2,TCGA-YG-AA3P-06,Metastasis,0.9924172759056091,True
167,TCGA-FR-A3YO-06,Metastasis,3,TCGA-EB-A97M-01,Primary Tumor,0.9892705678939819,False
167,TCGA-FR-A3YO-06,Metastasis,4,TCGA-WE-A8ZN-06,Metastasis,0.9888412952423096,True
167,TCGA-FR-A3YO-06,Metastasis,5,TCGA-ER-A42H-01,Primary Tumor,0.988552451133728,False
167,TCGA-FR-A3YO-06,Metastasis,6,TCGA-RP-A695-06,Metastasis,0.9872728586196899,True
167,TCGA-FR-A3YO-06,Metastasis,7,TCGA-FW-A3R5-06,Metastasis,0.9868378639221191,True
167,TCGA-FR-A3YO-06,Metastasis,8,TCGA-ER-A2NC-06,Metastasis,0.9862244129180908,True
167,TCGA-FR-A3YO-06,Metastasis,9,TCGA-WE-A8ZM-06,Metastasis,0.9849803447723389,True
635,GTEX-X4EP-0626-SM-3P621,Normal Tissue,0,GTEX-ZE9C-2726-SM-57WB5,Normal Tissue,0.9986547231674194,True
635,GTEX-X4EP-0626-SM-3P621,Normal Tissue,1,GTEX-ZDTT-0426-SM-4WKFL,Normal Tissue,0.997956395149231,True
635,GTEX-X4EP-0626-SM-3P621,Normal Tissue,2,GTEX-X4EO-2926-SM-4E3JH,Normal Tissue,0.9957858920097351,True
635,GTEX-X4EP-0626-SM-3P621,Normal Tissue,3,GTEX-12696-0126-SM-5EQ4L,Normal Tissue,0.9948949813842773,True
635,GTEX-X4EP-0626-SM-3P621,Normal Tissue,4,GTEX-ZU9S-1826-SM-5NQ9E,Normal Tissue,0.9948462247848511,True
635,GTEX-X4EP-0626-SM-3P621,Normal Tissue,5,GTEX-11NUK-2726-SM-5A5MC,Normal Tissue,0.9947218894958496,True
635,GTEX-X4EP-0626-SM-3P621,Normal Tissue,6,GTEX-XBEC-0726-SM-4QARZ,Normal Tissue,0.9946640729904175,True
635,GTEX-X4EP-0626-SM-3P621,Normal Tissue,7,GTEX-ZY6K-1826-SM-5GZXK,Normal Tissue,0.9940990209579468,True
635,GTEX-X4EP-0626-SM-3P621,Normal Tissue,8,GTEX-139D8-0226-SM-5KLZO,Normal Tissue,0.9936991930007935,True
635,GTEX-X4EP-0626-SM-3P621,Normal Tissue,9,GTEX-X5EB-2226-SM-46MW4,Normal Tissue,0.993587851524353,True
893,TCGA-ER-A19O-06,Metastasis,0,TCGA-EE-A29X-06,Metastasis,0.9956722259521484,True
893,TCGA-ER-A19O-06,Metastasis,1,TCGA-XV-AB01-06,Metastasis,0.9915897846221924,True
893,TCGA-ER-A19O-06,Metastasis,2,TCGA-DA-A1I0-06,Metastasis,0.9852579236030579,True
893,TCGA-ER-A19O-06,Metastasis,3,TCGA-EE-A2M6-06,Metastasis,0.9819194078445435,True
893,TCGA-ER-A19O-06,Metastasis,4,TCGA-WE-AA9Y-06,Metastasis,0.9791355133056641,True
893,TCGA-ER-A19O-06,Metastasis,5,TCGA-EB-A97M-01,Primary Tumor,0.9776200652122498,False
893,TCGA-ER-A19O-06,Metastasis,6,TCGA-EE-A2MS-06,Metastasis,0.9769341349601746,True
893,TCGA-ER-A19O-06,Metastasis,7,TCGA-EE-A2GK-06,Metastasis,0.9760619401931763,True
893,TCGA-ER-A19O-06,Metastasis,8,TCGA-D9-A148-06,Metastasis,0.9756513237953186,True
893,TCGA-ER-A19O-06,Metastasis,9,TCGA-RP-A695-06,Metastasis,0.9739209413528442,True
1125,TCGA-D3-A3CC-06,Metastasis,0,TCGA-DA-A1IC-06,Metastasis,0.9816912412643433,True
1125,TCGA-D3-A3CC-06,Metastasis,1,TCGA-ER-A197-06,Metastasis,0.9782688021659851,True
1125,TCGA-D3-A3CC-06,Metastasis,2,TCGA-EB-A3Y7-01,Primary Tumor,0.9621259570121765,False
1125,TCGA-D3-A3CC-06,Metastasis,3,TCGA-EB-A51B-01,Primary Tumor,0.9561305642127991,False
1125,TCGA-D3-A3CC-06,Metastasis,4,TCGA-EB-A41A-01,Primary Tumor,0.9454084038734436,False
1125,TCGA-D3-A3CC-06,Metastasis,5,TCGA-FS-A1ZZ-06,Metastasis,0.9430303573608398,True
1125,TCGA-D3-A3CC-06,Metastasis,6,TCGA-EE-A3AG-06,Metastasis,0.9269607663154602,True
1125,TCGA-D3-A3CC-06,Metastasis,7,TCGA-ER-A19N-06,Metastasis,0.9257973432540894,True
1125,TCGA-D3-A3CC-06,Metastasis,8,TCGA-BF-A3DJ-01,Primary Tumor,0.9241414666175842,False
1125,TCGA-D3-A3CC-06,Metastasis,9,TCGA-FS-A1ZA-06,Metastasis,0.9191641807556152,True
1249,GTEX-ZVP2-0326-SM-57WBP,Normal Tissue,0,GTEX-Y5V6-2326-SM-4VDSA,Normal Tissue,0.9997493624687195,True
1249,GTEX-ZVP2-0326-SM-57WBP,Normal Tissue,1,GTEX-ZLV1-1526-SM-4WWBC,Normal Tissue,0.9994772672653198,True
1249,GTEX-ZVP2-0326-SM-57WBP,Normal Tissue,2,GTEX-11ZU8-0126-SM-5EQ58,Normal Tissue,0.9987863302230835,True
1249,GTEX-ZVP2-0326-SM-57WBP,Normal Tissue,3,GTEX-133LE-2326-SM-5K7W3,Normal Tissue,0.9982697367668152,True
1249,GTEX-ZVP2-0326-SM-57WBP,Normal Tissue,4,GTEX-W5X1-2526-SM-3GILC,Normal Tissue,0.9979147911071777,True
1249,GTEX-ZVP2-0326-SM-57WBP,Normal Tissue,5,GTEX-ZF29-0926-SM-4WKFZ,Normal Tissue,0.9978346824645996,True
1249,GTEX-ZVP2-0326-SM-57WBP,Normal Tissue,6,GTEX-WI4N-1026-SM-3LK7N,Normal Tissue,0.9977903366088867,True
1249,GTEX-ZVP2-0326-SM-57WBP,Normal Tissue,7,GTEX-Y3IK-1626-SM-4YCF5,Normal Tissue,0.9976940751075745,True
1249,GTEX-ZVP2-0326-SM-57WBP,Normal Tissue,8,GTEX-1313W-0626-SM-5EQ4H,Normal Tissue,0.9972748160362244,True
1249,GTEX-ZVP2-0326-SM-57WBP,Normal Tissue,9,GTEX-11OF3-0126-SM-5PNYF,Normal Tissue,0.9968416094779968,True
788,GTEX-ZQG8-0008-SM-4YCE7,Normal Tissue,0,GTEX-S341-0008-SM-4AD6D,Normal Tissue,0.9988623857498169,True
788,GTEX-ZQG8-0008-SM-4YCE7,Normal Tissue,1,GTEX-WXYG-0008-SM-4ONDU,Normal Tissue,0.9986606240272522,True
788,GTEX-ZQG8-0008-SM-4YCE7,Normal Tissue,2,GTEX-XUZC-0008-SM-4BOQG,Normal Tissue,0.9973656535148621,True
788,GTEX-ZQG8-0008-SM-4YCE7,Normal Tissue,3,GTEX-T2YK-0008-SM-4DM6M,Normal Tissue,0.9971121549606323,True
788,GTEX-ZQG8-0008-SM-4YCE7,Normal Tissue,4,GTEX-RTLS-0008-SM-48FET,Normal Tissue,0.9970017671585083,True
788,GTEX-ZQG8-0008-SM-4YCE7,Normal Tissue,5,GTEX-111VG-0008-SM-5Q5BG,Normal Tissue,0.9939505457878113,True
788,GTEX-ZQG8-0008-SM-4YCE7,Normal Tissue,6,GTEX-PSDG-0008-SM-48TE5,Normal Tissue,0.9919536709785461,True
788,GTEX-ZQG8-0008-SM-4YCE7,Normal Tissue,7,GTEX-W5WG-0008-SM-4KL25,Normal Tissue,0.9902156591415405,True
788,GTEX-ZQG8-0008-SM-4YCE7,Normal Tissue,8,GTEX-WFG7-0008-SM-4LMKB,Normal Tissue,0.9892349243164062,True
788,GTEX-ZQG8-0008-SM-4YCE7,Normal Tissue,9,GTEX-OOBK-0008-SM-3NB27,Normal Tissue,0.9869508147239685,True
463,GTEX-WFON-1926-SM-3LK7L,Normal Tissue,0,GTEX-XAJ8-1426-SM-47JYM,Normal Tissue,0.9996868371963501,True
463,GTEX-WFON-1926-SM-3LK7L,Normal Tissue,1,GTEX-XPVG-2126-SM-4B667,Normal Tissue,0.9996776580810547,True
463,GTEX-WFON-1926-SM-3LK7L,Normal Tissue,2,GTEX-Z93S-1626-SM-5CVMB,Normal Tissue,0.9989135265350342,True
463,GTEX-WFON-1926-SM-3LK7L,Normal Tissue,3,GTEX-139TU-0726-SM-5L3EK,Normal Tissue,0.9984738230705261,True
463,GTEX-WFON-1926-SM-3LK7L,Normal Tissue,4,GTEX-WHPG-2626-SM-3NMBR,Normal Tissue,0.9981401562690735,True
463,GTEX-WFON-1926-SM-3LK7L,Normal Tissue,5,GTEX-145ME-1826-SM-5SI9G,Normal Tissue,0.99759441614151,True
463,GTEX-WFON-1926-SM-3LK7L,Normal Tissue,6,GTEX-X4EO-0326-SM-3P5YO,Normal Tissue,0.997102677822113,True
463,GTEX-WFON-1926-SM-3LK7L,Normal Tissue,7,GTEX-146FR-1326-SM-5SIAJ,Normal Tissue,0.9955222010612488,True
463,GTEX-WFON-1926-SM-3LK7L,Normal Tissue,8,GTEX-WH7G-2026-SM-3NMBL,Normal Tissue,0.9939348101615906,True
463,GTEX-WFON-1926-SM-3LK7L,Normal Tissue,9,GTEX-XK95-0226-SM-4AT58,Normal Tissue,0.9934468865394592,True
710,TCGA-EB-A97M-01,Primary Tumor,0,TCGA-RP-A695-06,Metastasis,0.9984732866287231,False
710,TCGA-EB-A97M-01,Primary Tumor,1,TCGA-FW-A3R5-06,Metastasis,0.9962946176528931,False
710,TCGA-EB-A97M-01,Primary Tumor,2,TCGA-ER-A2NC-06,Metastasis,0.9961166381835938,False
710,TCGA-EB-A97M-01,Primary Tumor,3,TCGA-DA-A1I0-06,Metastasis,0.9950141310691833,False
710,TCGA-EB-A97M-01,Primary Tumor,4,TCGA-DA-A1I2-06,Metastasis,0.9903768301010132,False
710,TCGA-EB-A97M-01,Primary Tumor,5,TCGA-FR-A3YO-06,Metastasis,0.9892705678939819,False
710,TCGA-EB-A97M-01,Primary Tumor,6,TCGA-D9-A148-06,Metastasis,0.9883247017860413,False
710,TCGA-EB-A97M-01,Primary Tumor,7,TCGA-EE-A29X-06,Metastasis,0.9860941171646118,False
710,TCGA-EB-A97M-01,Primary Tumor,8,TCGA-BF-A5ES-01,Primary Tumor,0.9812138080596924,True
710,TCGA-EB-A97M-01,Primary Tumor,9,TCGA-EE-A2M6-06,Metastasis,0.9789000153541565,False
160,GTEX-XUW1-0008-SM-4BOQH,Normal Tissue,0,GTEX-Z93S-0008-SM-4RGM5,Normal Tissue,0.9968441724777222,True
160,GTEX-XUW1-0008-SM-4BOQH,Normal Tissue,1,GTEX-Y9LG-0008-SM-4VBRJ,Normal Tissue,0.9966537952423096,True
160,GTEX-XUW1-0008-SM-4BOQH,Normal Tissue,2,GTEX-ZVP2-0008-SM-51MSL,Normal Tissue,0.9965518712997437,True
160,GTEX-XUW1-0008-SM-4BOQH,Normal Tissue,3,GTEX-ZPIC-0008-SM-4E3JF,Normal Tissue,0.996278703212738,True
160,GTEX-XUW1-0008-SM-4BOQH,Normal Tissue,4,GTEX-OOBK-0008-SM-3NB27,Normal Tissue,0.9957562685012817,True
160,GTEX-XUW1-0008-SM-4BOQH,Normal Tissue,5,GTEX-WVJS-0008-SM-4MVPC,Normal Tissue,0.9956898093223572,True
160,GTEX-XUW1-0008-SM-4BOQH,Normal Tissue,6,GTEX-Y8E4-0008-SM-4V6FW,Normal Tissue,0.9955800771713257,True
160,GTEX-XUW1-0008-SM-4BOQH,Normal Tissue,7,GTEX-XBEW-0008-SM-4AT3Y,Normal Tissue,0.9952762722969055,True
160,GTEX-XUW1-0008-SM-4BOQH,Normal Tissue,8,GTEX-W5WG-0008-SM-4KL25,Normal Tissue,0.9950629472732544,True
160,GTEX-XUW1-0008-SM-4BOQH,Normal Tissue,9,GTEX-UJHI-0008-SM-4IHL1,Normal Tissue,0.9950196146965027,True
903,TCGA-ER-A197-06,Metastasis,0,TCGA-D3-A3CC-06,Metastasis,0.9782688021659851,True
903,TCGA-ER-A197-06,Metastasis,1,TCGA-DA-A1IC-06,Metastasis,0.9778680801391602,True
903,TCGA-ER-A197-06,Metastasis,2,TCGA-FS-A1ZZ-06,Metastasis,0.9770361185073853,True
903,TCGA-ER-A197-06,Metastasis,3,TCGA-EE-A3AG-06,Metastasis,0.971875011920929,True
903,TCGA-ER-A197-06,Metastasis,4,TCGA-EB-A3Y7-01,Primary Tumor,0.9475650787353516,False
903,TCGA-ER-A197-06,Metastasis,5,TCGA-FS-A4FB-06,Metastasis,0.9467067718505859,True
903,TCGA-ER-A197-06,Metastasis,6,GTEX-VUSG-0008-SM-4KL24,Normal Tissue,0.9460986256599426,False
903,TCGA-ER-A197-06,Metastasis,7,GTEX-ZV7C-0926-SM-59HL1,Normal Tissue,0.9445479512214661,False
903,TCGA-ER-A197-06,Metastasis,8,TCGA-EE-A29L-06,Metastasis,0.9427527189254761,True
903,TCGA-ER-A197-06,Metastasis,9,TCGA-FS-A1ZA-06,Metastasis,0.9422652125358582,True
900,GTEX-WI4N-2726-SM-3LK7Y,Normal Tissue,0,GTEX-12WSJ-1126-SM-5LZVJ,Normal Tissue,0.995307445526123,True
900,GTEX-WI4N-2726-SM-3LK7Y,Normal Tissue,1,GTEX-11ZUS-2626-SM-5FQUR,Normal Tissue,0.9944942593574524,True
900,GTEX-WI4N-2726-SM-3LK7Y,Normal Tissue,2,GTEX-1399S-0126-SM-5IJCF,Normal Tissue,0.9927272796630859,True
900,GTEX-WI4N-2726-SM-3LK7Y,Normal Tissue,3,GTEX-11DZ1-0126-SM-5985Q,Normal Tissue,0.9919585585594177,True
900,GTEX-WI4N-2726-SM-3LK7Y,Normal Tissue,4,GTEX-1313W-0626-SM-5EQ4H,Normal Tissue,0.9897536039352417,True
900,GTEX-WI4N-2726-SM-3LK7Y,Normal Tissue,5,GTEX-13VXU-0626-SM-5L3F9,Normal Tissue,0.9887056946754456,True
900,GTEX-WI4N-2726-SM-3LK7Y,Normal Tissue,6,GTEX-X62O-0126-SM-4E3JN,Normal Tissue,0.9880375266075134,True
900,GTEX-WI4N-2726-SM-3LK7Y,Normal Tissue,7,GTEX-12BJ1-0926-SM-5EQ62,Normal Tissue,0.9873916506767273,True
900,GTEX-WI4N-2726-SM-3LK7Y,Normal Tissue,8,GTEX-WI4N-1026-SM-3LK7N,Normal Tissue,0.9870571494102478,True
900,GTEX-WI4N-2726-SM-3LK7Y,Normal Tissue,9,GTEX-133LE-2326-SM-5K7W3,Normal Tissue,0.9863795042037964,True
1005,GTEX-XOTO-0726-SM-4B659,Normal Tissue,0,GTEX-XUW1-0926-SM-4BONX,Normal Tissue,0.9993383288383484,True
1005,GTEX-XOTO-0726-SM-4B659,Normal Tissue,1,GTEX-139T8-0626-SM-5KLZX,Normal Tissue,0.9993066191673279,True
1005,GTEX-XOTO-0726-SM-4B659,Normal Tissue,2,GTEX-Y8LW-1526-SM-5IFHL,Normal Tissue,0.9991769790649414,True
1005,GTEX-XOTO-0726-SM-4B659,Normal Tissue,3,GTEX-13CF3-2426-SM-5IFGX,Normal Tissue,0.9984676837921143,True
1005,GTEX-XOTO-0726-SM-4B659,Normal Tissue,4,GTEX-ZE7O-0126-SM-57WC1,Normal Tissue,0.9979345798492432,True
1005,GTEX-XOTO-0726-SM-4B659,Normal Tissue,5,GTEX-131XH-2226-SM-5DUXJ,Normal Tissue,0.9976336359977722,True
1005,GTEX-XOTO-0726-SM-4B659,Normal Tissue,6,GTEX-ZXG5-2126-SM-59HKD,Normal Tissue,0.9974226355552673,True
1005,GTEX-XOTO-0726-SM-4B659,Normal Tissue,7,GTEX-XQ8I-0926-SM-4BOOF,Normal Tissue,0.9972146153450012,True
1005,GTEX-XOTO-0726-SM-4B659,Normal Tissue,8,GTEX-11OF3-0126-SM-5PNYF,Normal Tissue,0.997042179107666,True
1005,GTEX-XOTO-0726-SM-4B659,Normal Tissue,9,GTEX-13113-1926-SM-5LZWG,Normal Tissue,0.9963781833648682,True
806,GTEX-139T8-0626-SM-5KLZX,Normal Tissue,0,GTEX-XOTO-0726-SM-4B659,Normal Tissue,0.9993066191673279,True
806,GTEX-139T8-0626-SM-5KLZX,Normal Tissue,1,GTEX-XUW1-0926-SM-4BONX,Normal Tissue,0.9991564154624939,True
806,GTEX-139T8-0626-SM-5KLZX,Normal Tissue,2,GTEX-XQ8I-0926-SM-4BOOF,Normal Tissue,0.998649001121521,True
806,GTEX-139T8-0626-SM-5KLZX,Normal Tissue,3,GTEX-Y8LW-1526-SM-5IFHL,Normal Tissue,0.9983633756637573,True
806,GTEX-139T8-0626-SM-5KLZX,Normal Tissue,4,GTEX-ZXG5-2126-SM-59HKD,Normal Tissue,0.9980515837669373,True
806,GTEX-139T8-0626-SM-5KLZX,Normal Tissue,5,GTEX-13CF3-2426-SM-5IFGX,Normal Tissue,0.9977433681488037,True
806,GTEX-139T8-0626-SM-5KLZX,Normal Tissue,6,GTEX-11OF3-0126-SM-5PNYF,Normal Tissue,0.9969903826713562,True
806,GTEX-139T8-0626-SM-5KLZX,Normal Tissue,7,GTEX-TML8-1926-SM-32QOS,Normal Tissue,0.9967418909072876,True
806,GTEX-139T8-0626-SM-5KLZX,Normal Tissue,8,GTEX-131XH-2226-SM-5DUXJ,Normal Tissue,0.99659264087677,True
806,GTEX-139T8-0626-SM-5KLZX,Normal Tissue,9,GTEX-ZE7O-0126-SM-57WC1,Normal Tissue,0.996177077293396,True
313,GTEX-12BJ1-0926-SM-5EQ62,Normal Tissue,0,GTEX-13VXU-0626-SM-5L3F9,Normal Tissue,0.9963540434837341,True
313,GTEX-12BJ1-0926-SM-5EQ62,Normal Tissue,1,GTEX-13PVQ-0126-SM-5SIB4,Normal Tissue,0.9951305389404297,True
313,GTEX-12BJ1-0926-SM-5EQ62,Normal Tissue,2,GTEX-11ZUS-2626-SM-5FQUR,Normal Tissue,0.9945393800735474,True
313,GTEX-12BJ1-0926-SM-5EQ62,Normal Tissue,3,GTEX-11DZ1-0126-SM-5985Q,Normal Tissue,0.9943197965621948,True
313,GTEX-12BJ1-0926-SM-5EQ62,Normal Tissue,4,GTEX-133LE-2326-SM-5K7W3,Normal Tissue,0.9926539659500122,True
313,GTEX-12BJ1-0926-SM-5EQ62,Normal Tissue,5,GTEX-ZY6K-1826-SM-5GZXK,Normal Tissue,0.9920749068260193,True
313,GTEX-12BJ1-0926-SM-5EQ62,Normal Tissue,6,GTEX-12696-0126-SM-5EQ4L,Normal Tissue,0.9917562007904053,True
313,GTEX-12BJ1-0926-SM-5EQ62,Normal Tissue,7,GTEX-X5EB-2226-SM-46MW4,Normal Tissue,0.9916186928749084,True
313,GTEX-12BJ1-0926-SM-5EQ62,Normal Tissue,8,GTEX-11H98-0126-SM-5EGHG,Normal Tissue,0.9912413954734802,True
313,GTEX-12BJ1-0926-SM-5EQ62,Normal Tissue,9,GTEX-X62O-0126-SM-4E3JN,Normal Tissue,0.9902275204658508,True
1205,TCGA-GN-A26C-01,Primary Tumor,0,TCGA-D3-A5GN-06,Metastasis,0.9989888668060303,False
1205,TCGA-GN-A26C-01,Primary Tumor,1,TCGA-FW-A3TU-06,Metastasis,0.9971856474876404,False
1205,TCGA-GN-A26C-01,Primary Tumor,2,TCGA-EE-A2M8-06,Metastasis,0.9969708323478699,False
1205,TCGA-GN-A26C-01,Primary Tumor,3,TCGA-DA-A95V-06,Metastasis,0.9935027956962585,False
1205,TCGA-GN-A26C-01,Primary Tumor,4,TCGA-D3-A8GO-06,Metastasis,0.9934931397438049,False
1205,TCGA-GN-A26C-01,Primary Tumor,5,TCGA-D3-A1Q7-06,Metastasis,0.9872666001319885,False
1205,TCGA-GN-A26C-01,Primary Tumor,6,TCGA-D9-A3Z4-01,Primary Tumor,0.9867231845855713,True
1205,TCGA-GN-A26C-01,Primary Tumor,7,TCGA-EE-A2A6-06,Metastasis,0.9857057929039001,False
1205,TCGA-GN-A26C-01,Primary Tumor,8,TCGA-WE-AAA0-06,Metastasis,0.9855078458786011,False
1205,TCGA-GN-A26C-01,Primary Tumor,9,TCGA-D3-A3MR-06,Metastasis,0.9853925704956055,False
1063,GTEX-11DZ1-0126-SM-5985Q,Normal Tissue,0,GTEX-11ZUS-2626-SM-5FQUR,Normal Tissue,0.9992334842681885,True
1063,GTEX-11DZ1-0126-SM-5985Q,Normal Tissue,1,GTEX-133LE-2326-SM-5K7W3,Normal Tissue,0.997958779335022,True
1063,GTEX-11DZ1-0126-SM-5985Q,Normal Tissue,2,GTEX-Y5V6-2326-SM-4VDSA,Normal Tissue,0.9970116019248962,True
1063,GTEX-11DZ1-0126-SM-5985Q,Normal Tissue,3,GTEX-ZVP2-0326-SM-57WBP,Normal Tissue,0.9965502023696899,True
1063,GTEX-11DZ1-0126-SM-5985Q,Normal Tissue,4,GTEX-WI4N-1026-SM-3LK7N,Normal Tissue,0.9960401058197021,True
1063,GTEX-11DZ1-0126-SM-5985Q,Normal Tissue,5,GTEX-13VXU-0626-SM-5L3F9,Normal Tissue,0.9960396885871887,True
1063,GTEX-11DZ1-0126-SM-5985Q,Normal Tissue,6,GTEX-X62O-0126-SM-4E3JN,Normal Tissue,0.9958043694496155,True
1063,GTEX-11DZ1-0126-SM-5985Q,Normal Tissue,7,GTEX-X5EB-2226-SM-46MW4,Normal Tissue,0.9957149028778076,True
1063,GTEX-11DZ1-0126-SM-5985Q,Normal Tissue,8,GTEX-12696-0126-SM-5EQ4L,Normal Tissue,0.9954671263694763,True
1063,GTEX-11DZ1-0126-SM-5985Q,Normal Tissue,9,GTEX-ZF29-0926-SM-4WKFZ,Normal Tissue,0.9953848719596863,True
596,GTEX-ZDTT-0426-SM-4WKFL,Normal Tissue,0,GTEX-ZE9C-2726-SM-57WB5,Normal Tissue,0.9981380701065063,True
596,GTEX-ZDTT-0426-SM-4WKFL,Normal Tissue,1,GTEX-X4EP-0626-SM-3P621,Normal Tissue,0.997956395149231,True
596,GTEX-ZDTT-0426-SM-4WKFL,Normal Tissue,2,GTEX-ZU9S-1826-SM-5NQ9E,Normal Tissue,0.9965670108795166,True
596,GTEX-ZDTT-0426-SM-4WKFL,Normal Tissue,3,GTEX-X4EO-2926-SM-4E3JH,Normal Tissue,0.9959843754768372,True
596,GTEX-ZDTT-0426-SM-4WKFL,Normal Tissue,4,GTEX-12ZZX-0126-SM-5EGK9,Normal Tissue,0.9955530762672424,True
596,GTEX-ZDTT-0426-SM-4WKFL,Normal Tissue,5,GTEX-12WS9-0126-SM-5EGL7,Normal Tissue,0.9952207207679749,True
596,GTEX-ZDTT-0426-SM-4WKFL,Normal Tissue,6,GTEX-131XH-2226-SM-5DUXJ,Normal Tissue,0.9941849112510681,True
596,GTEX-ZDTT-0426-SM-4WKFL,Normal Tissue,7,GTEX-XBEC-0726-SM-4QARZ,Normal Tissue,0.993929922580719,True
596,GTEX-ZDTT-0426-SM-4WKFL,Normal Tissue,8,GTEX-139D8-0226-SM-5KLZO,Normal Tissue,0.9930176734924316,True
596,GTEX-ZDTT-0426-SM-4WKFL,Normal Tissue,9,GTEX-11NUK-2726-SM-5A5MC,Normal Tissue,0.9930103421211243,True
317,GTEX-R55D-0008-SM-48FEV,Normal Tissue,0,GTEX-T5JW-0008-SM-4DM5X,Normal Tissue,0.9984586238861084,True
317,GTEX-R55D-0008-SM-48FEV,Normal Tissue,1,GTEX-W5X1-0008-SM-4LMKA,Normal Tissue,0.9953093528747559,True
317,GTEX-R55D-0008-SM-48FEV,Normal Tissue,2,GTEX-X5EB-0008-SM-46MU3,Normal Tissue,0.9947720766067505,True
317,GTEX-R55D-0008-SM-48FEV,Normal Tissue,3,GTEX-X3Y1-0008-SM-4PR12,Normal Tissue,0.9946891069412231,True
317,GTEX-R55D-0008-SM-48FEV,Normal Tissue,4,GTEX-P4QS-0008-SM-48TDY,Normal Tissue,0.9942998290061951,True
317,GTEX-R55D-0008-SM-48FEV,Normal Tissue,5,GTEX-UJMC-0008-SM-4IHKK,Normal Tissue,0.9942804574966431,True
317,GTEX-R55D-0008-SM-48FEV,Normal Tissue,6,GTEX-WEY5-0008-SM-4LMKC,Normal Tissue,0.9924342632293701,True
317,GTEX-R55D-0008-SM-48FEV,Normal Tissue,7,GTEX-XBEW-0008-SM-4AT3Y,Normal Tissue,0.9911143183708191,True
317,GTEX-R55D-0008-SM-48FEV,Normal Tissue,8,GTEX-UJHI-0008-SM-4IHL1,Normal Tissue,0.9906725287437439,True
317,GTEX-R55D-0008-SM-48FEV,Normal Tissue,9,GTEX-WWYW-0008-SM-4MVPF,Normal Tissue,0.9901935458183289,True
894,TCGA-D9-A4Z5-01,Primary Tumor,0,TCGA-FS-A1ZY-06,Metastasis,0.9977459907531738,False
894,TCGA-D9-A4Z5-01,Primary Tumor,1,TCGA-D9-A6EG-06,Metastasis,0.9964703917503357,False
894,TCGA-D9-A4Z5-01,Primary Tumor,2,TCGA-EE-A29B-06,Metastasis,0.9951909780502319,False
894,TCGA-D9-A4Z5-01,Primary Tumor,3,GTEX-139T4-0008-SM-5S2WF,Normal Tissue,0.993992269039154,False
894,TCGA-D9-A4Z5-01,Primary Tumor,4,TCGA-D3-A51G-06,Metastasis,0.990287184715271,False
894,TCGA-D9-A4Z5-01,Primary Tumor,5,TCGA-IH-A3EA-01,Primary Tumor,0.9883257150650024,True
894,TCGA-D9-A4Z5-01,Primary Tumor,6,TCGA-ER-A42H-01,Primary Tumor,0.9875336289405823,True
894,TCGA-D9-A4Z5-01,Primary Tumor,7,TCGA-D3-A8GK-06,Metastasis,0.9849496483802795,False
894,TCGA-D9-A4Z5-01,Primary Tumor,8,TCGA-YG-AA3P-06,Metastasis,0.9801811575889587,False
894,TCGA-D9-A4Z5-01,Primary Tumor,9,TCGA-BF-A3DM-01,Primary Tumor,0.9797946214675903,True
1074,TCGA-EB-A3Y7-01,Primary Tumor,0,TCGA-EB-A51B-01,Primary Tumor,0.9866825938224792,True
1074,TCGA-EB-A3Y7-01,Primary Tumor,1,TCGA-D3-A3CC-06,Metastasis,0.9621259570121765,False
1074,TCGA-EB-A3Y7-01,Primary Tumor,2,TCGA-ER-A197-06,Metastasis,0.9475650787353516,False
1074,TCGA-EB-A3Y7-01,Primary Tumor,3,TCGA-DA-A1IC-06,Metastasis,0.9474397897720337,False
1074,TCGA-EB-A3Y7-01,Primary Tumor,4,TCGA-EB-A41A-01,Primary Tumor,0.9454814791679382,True
1074,TCGA-EB-A3Y7-01,Primary Tumor,5,TCGA-FS-A4FB-06,Metastasis,0.9264256358146667,False
1074,TCGA-EB-A3Y7-01,Primary Tumor,6,TCGA-FS-A1ZZ-06,Metastasis,0.9045750498771667,False
1074,TCGA-EB-A3Y7-01,Primary Tumor,7,GTEX-ZVT3-0008-SM-51MRI,Normal Tissue,0.9023608565330505,False
1074,TCGA-EB-A3Y7-01,Primary Tumor,8,TCGA-EE-A3AG-06,Metastasis,0.9006140232086182,False
1074,TCGA-EB-A3Y7-01,Primary Tumor,9,TCGA-EE-A29L-06,Metastasis,0.8932453989982605,False
1141,TCGA-EE-A2M6-06,Metastasis,0,TCGA-EE-A2A6-06,Metastasis,0.9956908226013184,True
1141,TCGA-EE-A2M6-06,Metastasis,1,TCGA-D9-A148-06,Metastasis,0.9939491748809814,True
1141,TCGA-EE-A2M6-06,Metastasis,2,TCGA-EE-A20F-06,Metastasis,0.9936615228652954,True
1141,TCGA-EE-A2M6-06,Metastasis,3,TCGA-WE-AA9Y-06,Metastasis,0.991587221622467,True
1141,TCGA-EE-A2M6-06,Metastasis,4,TCGA-EE-A29X-06,Metastasis,0.9890932440757751,True
1141,TCGA-EE-A2M6-06,Metastasis,5,TCGA-FW-A3TU-06,Metastasis,0.9881235957145691,True
1141,TCGA-EE-A2M6-06,Metastasis,6,TCGA-D9-A3Z4-01,Primary Tumor,0.9865238070487976,False
1141,TCGA-EE-A2M6-06,Metastasis,7,TCGA-EE-A2M8-06,Metastasis,0.9863041043281555,True
1141,TCGA-EE-A2M6-06,Metastasis,8,TCGA-DA-A1I2-06,Metastasis,0.9859387278556824,True
1141,TCGA-EE-A2M6-06,Metastasis,9,TCGA-WE-AAA0-06,Metastasis,0.9854540228843689,True
845,GTEX-1497J-0226-SM-5QGPU,Normal Tissue,0,GTEX-ZAJG-0126-SM-5HL94,Normal Tissue,0.9971175193786621,True
845,GTEX-1497J-0226-SM-5QGPU,Normal Tissue,1,GTEX-Y5LM-1926-SM-5RQJH,Normal Tissue,0.9968258738517761,True
845,GTEX-1497J-0226-SM-5QGPU,Normal Tissue,2,GTEX-W5X1-2526-SM-3GILC,Normal Tissue,0.9965765476226807,True
845,GTEX-1497J-0226-SM-5QGPU,Normal Tissue,3,GTEX-147F4-0226-SM-5QGPW,Normal Tissue,0.9961954355239868,True
845,GTEX-1497J-0226-SM-5QGPU,Normal Tissue,4,GTEX-11ZU8-0126-SM-5EQ58,Normal Tissue,0.9952612519264221,True
845,GTEX-1497J-0226-SM-5QGPU,Normal Tissue,5,GTEX-11EQ9-2426-SM-5HL5T,Normal Tissue,0.9949501156806946,True
845,GTEX-1497J-0226-SM-5QGPU,Normal Tissue,6,GTEX-Y3IK-1626-SM-4YCF5,Normal Tissue,0.9943638443946838,True
845,GTEX-1497J-0226-SM-5QGPU,Normal Tissue,7,GTEX-TMZS-0126-SM-3DB9Q,Normal Tissue,0.9941760897636414,True
845,GTEX-1497J-0226-SM-5QGPU,Normal Tissue,8,GTEX-TML8-1926-SM-32QOS,Normal Tissue,0.9939689636230469,True
845,GTEX-1497J-0226-SM-5QGPU,Normal Tissue,9,GTEX-14A6H-0126-SM-5QGPK,Normal Tissue,0.9926751852035522,True
367,TCGA-D9-A3Z3-06,Metastasis,0,TCGA-D3-A8GO-06,Metastasis,0.9913547039031982,True
367,TCGA-D9-A3Z3-06,Metastasis,1,TCGA-D3-A3MR-06,Metastasis,0.98935866355896,True
367,TCGA-D9-A3Z3-06,Metastasis,2,TCGA-D3-A5GN-06,Metastasis,0.9834168553352356,True
367,TCGA-D9-A3Z3-06,Metastasis,3,TCGA-GN-A26C-01,Primary Tumor,0.9808611273765564,False
367,TCGA-D9-A3Z3-06,Metastasis,4,TCGA-DA-A95V-06,Metastasis,0.9786798357963562,True
367,TCGA-D9-A3Z3-06,Metastasis,5,TCGA-D3-A1Q7-06,Metastasis,0.9786000847816467,True
367,TCGA-D9-A3Z3-06,Metastasis,6,TCGA-EE-A2M8-06,Metastasis,0.9722437858581543,True
367,TCGA-D9-A3Z3-06,Metastasis,7,TCGA-FW-A3TU-06,Metastasis,0.967365562915802,True
367,TCGA-D9-A3Z3-06,Metastasis,8,TCGA-GN-A9SD-06,Metastasis,0.9558588266372681,True
367,TCGA-D9-A3Z3-06,Metastasis,9,TCGA-EE-A20F-06,Metastasis,0.9509257078170776,True
1083,TCGA-BF-A3DJ-01,Primary Tumor,0,TCGA-EB-A1NK-01,Primary Tumor,0.990595281124115,True
1083,TCGA-BF-A3DJ-01,Primary Tumor,1,TCGA-DA-A1IC-06,Metastasis,0.9574123620986938,False
1083,TCGA-BF-A3DJ-01,Primary Tumor,2,TCGA-EB-A3HV-01,Primary Tumor,0.9448270201683044,True
1083,TCGA-BF-A3DJ-01,Primary Tumor,3,TCGA-D3-A3CC-06,Metastasis,0.9241414666175842,False
1083,TCGA-BF-A3DJ-01,Primary Tumor,4,TCGA-EB-A51B-01,Primary Tumor,0.9187129735946655,True
1083,TCGA-BF-A3DJ-01,Primary Tumor,5,TCGA-EB-A57M-01,Primary Tumor,0.9094737768173218,True
1083,TCGA-BF-A3DJ-01,Primary Tumor,6,TCGA-EB-A3Y7-01,Primary Tumor,0.8905181288719177,True
1083,TCGA-BF-A3DJ-01,Primary Tumor,7,TCGA-EB-A41A-01,Primary Tumor,0.8874455094337463,True
1083,TCGA-BF-A3DJ-01,Primary Tumor,8,TCGA-ER-A197-06,Metastasis,0.8775482177734375,False
1083,TCGA-BF-A3DJ-01,Primary Tumor,9,TCGA-ER-A19N-06,Metastasis,0.8402959704399109,False
1218,TCGA-BF-A5ES-01,Primary Tumor,0,TCGA-D3-A8GK-06,Metastasis,0.9959980845451355,False
1218,TCGA-BF-A5ES-01,Primary Tumor,1,TCGA-BF-A3DM-01,Primary Tumor,0.991640567779541,True
1218,TCGA-BF-A5ES-01,Primary Tumor,2,TCGA-BF-A5EP-01,Primary Tumor,0.990678071975708,True
1218,TCGA-BF-A5ES-01,Primary Tumor,3,TCGA-ER-A42H-01,Primary Tumor,0.9896917343139648,True
1218,TCGA-BF-A5ES-01,Primary Tumor,4,TCGA-D3-A51G-06,Metastasis,0.9891522526741028,False
1218,TCGA-BF-A5ES-01,Primary Tumor,5,TCGA-DA-A1I0-06,Metastasis,0.9891486763954163,False
1218,TCGA-BF-A5ES-01,Primary Tumor,6,TCGA-IH-A3EA-01,Primary Tumor,0.9854784607887268,True
1218,TCGA-BF-A5ES-01,Primary Tumor,7,TCGA-FS-A1ZY-06,Metastasis,0.9836188554763794,False
1218,TCGA-BF-A5ES-01,Primary Tumor,8,TCGA-EB-A97M-01,Primary Tumor,0.9812138080596924,True
1218,TCGA-BF-A5ES-01,Primary Tumor,9,TCGA-FR-A3YO-06,Metastasis,0.9808757305145264,False
84,TCGA-EE-A184-06,Metastasis,0,TCGA-FS-A1ZQ-06,Metastasis,0.9894842505455017,True
84,TCGA-EE-A184-06,Metastasis,1,TCGA-EE-A2GK-06,Metastasis,0.9663556218147278,True
84,TCGA-EE-A184-06,Metastasis,2,TCGA-EE-A2MS-06,Metastasis,0.9660951495170593,True
84,TCGA-EE-A184-06,Metastasis,3,TCGA-ER-A2NG-06,Metastasis,0.9639588594436646,True
84,TCGA-EE-A184-06,Metastasis,4,TCGA-EE-A29L-06,Metastasis,0.9620426893234253,True
84,TCGA-EE-A184-06,Metastasis,5,TCGA-ER-A19O-06,Metastasis,0.9557160139083862,True
84,TCGA-EE-A184-06,Metastasis,6,TCGA-FS-A1ZA-06,Metastasis,0.949041485786438,True
84,TCGA-EE-A184-06,Metastasis,7,TCGA-D3-A2JN-06,Metastasis,0.9463211297988892,True
84,TCGA-EE-A184-06,Metastasis,8,TCGA-XV-AB01-06,Metastasis,0.9456461071968079,True
84,TCGA-EE-A184-06,Metastasis,9,TCGA-FS-A1ZZ-06,Metastasis,0.9444226026535034,True
130,GTEX-12WSJ-1126-SM-5LZVJ,Normal Tissue,0,GTEX-1313W-0626-SM-5EQ4H,Normal Tissue,0.9983044266700745,True
130,GTEX-12WSJ-1126-SM-5LZVJ,Normal Tissue,1,GTEX-1399S-0126-SM-5IJCF,Normal Tissue,0.996597170829773,True
130,GTEX-12WSJ-1126-SM-5LZVJ,Normal Tissue,2,GTEX-WI4N-2726-SM-3LK7Y,Normal Tissue,0.995307445526123,True
130,GTEX-12WSJ-1126-SM-5LZVJ,Normal Tissue,3,GTEX-W5X1-2526-SM-3GILC,Normal Tissue,0.994513750076294,True
130,GTEX-12WSJ-1126-SM-5LZVJ,Normal Tissue,4,GTEX-WI4N-1026-SM-3LK7N,Normal Tissue,0.9943352341651917,True
130,GTEX-12WSJ-1126-SM-5LZVJ,Normal Tissue,5,GTEX-ZVP2-0326-SM-57WBP,Normal Tissue,0.9942387938499451,True
130,GTEX-12WSJ-1126-SM-5LZVJ,Normal Tissue,6,GTEX-ZLV1-1526-SM-4WWBC,Normal Tissue,0.9940844178199768,True
130,GTEX-12WSJ-1126-SM-5LZVJ,Normal Tissue,7,GTEX-ZAJG-0126-SM-5HL94,Normal Tissue,0.9935038089752197,True
130,GTEX-12WSJ-1126-SM-5LZVJ,Normal Tissue,8,GTEX-11DZ1-0126-SM-5985Q,Normal Tissue,0.9931995272636414,True
130,GTEX-12WSJ-1126-SM-5LZVJ,Normal Tissue,9,GTEX-11ZUS-2626-SM-5FQUR,Normal Tissue,0.9931066632270813,True
309,TCGA-D3-A3MV-06,Metastasis,0,TCGA-WE-A8ZN-06,Metastasis,0.9831649661064148,True
309,TCGA-D3-A3MV-06,Metastasis,1,TCGA-WE-A8ZM-06,Metastasis,0.9816540479660034,True
309,TCGA-D3-A3MV-06,Metastasis,2,TCGA-D3-A51R-06,Metastasis,0.9806185960769653,True
309,TCGA-D3-A3MV-06,Metastasis,3,TCGA-D3-A8GR-06,Metastasis,0.9720222353935242,True
309,TCGA-D3-A3MV-06,Metastasis,4,TCGA-YG-AA3O-06,Metastasis,0.9674923419952393,True
309,TCGA-D3-A3MV-06,Metastasis,5,TCGA-D3-A8GQ-06,Metastasis,0.9637665748596191,True
309,TCGA-D3-A3MV-06,Metastasis,6,TCGA-GN-A262-06,Metastasis,0.9553907513618469,True
309,TCGA-D3-A3MV-06,Metastasis,7,TCGA-FR-A3YO-06,Metastasis,0.9532685279846191,True
309,TCGA-D3-A3MV-06,Metastasis,8,TCGA-YG-AA3P-06,Metastasis,0.9451167583465576,True
309,TCGA-D3-A3MV-06,Metastasis,9,TCGA-DA-A1I2-06,Metastasis,0.9377830624580383,True
1084,GTEX-WWYW-0008-SM-4MVPF,Normal Tissue,0,GTEX-RVPU-0008-SM-3NM8B,Normal Tissue,0.9983928203582764,True
1084,GTEX-WWYW-0008-SM-4MVPF,Normal Tissue,1,GTEX-OHPM-0008-SM-4E3IP,Normal Tissue,0.9982680082321167,True
1084,GTEX-WWYW-0008-SM-4MVPF,Normal Tissue,2,GTEX-Y8E4-0008-SM-4V6FW,Normal Tissue,0.9965410232543945,True
1084,GTEX-WWYW-0008-SM-4MVPF,Normal Tissue,3,GTEX-WRHU-0008-SM-4MVPB,Normal Tissue,0.9960282444953918,True
1084,GTEX-WWYW-0008-SM-4MVPF,Normal Tissue,4,GTEX-Z93S-0008-SM-4RGM5,Normal Tissue,0.9952218532562256,True
1084,GTEX-WWYW-0008-SM-4MVPF,Normal Tissue,5,GTEX-UJHI-0008-SM-4IHL1,Normal Tissue,0.9943854808807373,True
1084,GTEX-WWYW-0008-SM-4MVPF,Normal Tissue,6,GTEX-WCDI-0008-SM-47JYE,Normal Tissue,0.9938535094261169,True
1084,GTEX-WWYW-0008-SM-4MVPF,Normal Tissue,7,GTEX-XBEW-0008-SM-4AT3Y,Normal Tissue,0.9935920834541321,True
1084,GTEX-WWYW-0008-SM-4MVPF,Normal Tissue,8,GTEX-WVJS-0008-SM-4MVPC,Normal Tissue,0.9934216141700745,True
1084,GTEX-WWYW-0008-SM-4MVPF,Normal Tissue,9,GTEX-UJMC-0008-SM-4IHKK,Normal Tissue,0.992838978767395,True
786,TCGA-DA-A1I2-06,Metastasis,0,TCGA-FW-A3R5-06,Metastasis,0.9980321526527405,True
786,TCGA-DA-A1I2-06,Metastasis,1,TCGA-WE-AAA0-06,Metastasis,0.9959973096847534,True
786,TCGA-DA-A1I2-06,Metastasis,2,TCGA-D9-A3Z4-01,Primary Tumor,0.995880126953125,False
786,TCGA-DA-A1I2-06,Metastasis,3,TCGA-D3-A8GQ-06,Metastasis,0.9936325550079346,True
786,TCGA-DA-A1I2-06,Metastasis,4,TCGA-D9-A148-06,Metastasis,0.9919431209564209,True
786,TCGA-DA-A1I2-06,Metastasis,5,TCGA-YG-AA3O-06,Metastasis,0.9918796420097351,True
786,TCGA-DA-A1I2-06,Metastasis,6,TCGA-FW-A3TU-06,Metastasis,0.9906370639801025,True
786,TCGA-DA-A1I2-06,Metastasis,7,TCGA-RP-A695-06,Metastasis,0.9906328320503235,True
786,TCGA-DA-A1I2-06,Metastasis,8,TCGA-EB-A97M-01,Primary Tumor,0.9903768301010132,False
786,TCGA-DA-A1I2-06,Metastasis,9,TCGA-ER-A2NC-06,Metastasis,0.990211009979248,True
949,GTEX-ZVP2-0008-SM-51MSL,Normal Tissue,0,GTEX-XBEW-0008-SM-4AT3Y,Normal Tissue,0.998634397983551,True
949,GTEX-ZVP2-0008-SM-51MSL,Normal Tissue,1,GTEX-W5WG-0008-SM-4KL25,Normal Tissue,0.9982826709747314,True
949,GTEX-ZVP2-0008-SM-51MSL,Normal Tissue,2,GTEX-UJMC-0008-SM-4IHKK,Normal Tissue,0.997938334941864,True
949,GTEX-ZVP2-0008-SM-51MSL,Normal Tissue,3,GTEX-WH7G-0008-SM-4LVNM,Normal Tissue,0.9968233704566956,True
949,GTEX-ZVP2-0008-SM-51MSL,Normal Tissue,4,GTEX-Z93S-0008-SM-4RGM5,Normal Tissue,0.996671736240387,True
949,GTEX-ZVP2-0008-SM-51MSL,Normal Tissue,5,GTEX-XUW1-0008-SM-4BOQH,Normal Tissue,0.9965518712997437,True
949,GTEX-ZVP2-0008-SM-51MSL,Normal Tissue,6,GTEX-ZPIC-0008-SM-4E3JF,Normal Tissue,0.9964867234230042,True
949,GTEX-ZVP2-0008-SM-51MSL,Normal Tissue,7,GTEX-111VG-0008-SM-5Q5BG,Normal Tissue,0.9959867596626282,True
949,GTEX-ZVP2-0008-SM-51MSL,Normal Tissue,8,GTEX-11DXX-0008-SM-5Q5B8,Normal Tissue,0.9958813190460205,True
949,GTEX-ZVP2-0008-SM-51MSL,Normal Tissue,9,GTEX-UJHI-0008-SM-4IHL1,Normal Tissue,0.995603084564209,True
837,GTEX-139D8-0226-SM-5KLZO,Normal Tissue,0,GTEX-X5EB-2226-SM-46MW4,Normal Tissue,0.9989103078842163,True
837,GTEX-139D8-0226-SM-5KLZO,Normal Tissue,1,GTEX-X4EO-2926-SM-4E3JH,Normal Tissue,0.9986909627914429,True
837,GTEX-139D8-0226-SM-5KLZO,Normal Tissue,2,GTEX-12696-0126-SM-5EQ4L,Normal Tissue,0.9984268546104431,True
837,GTEX-139D8-0226-SM-5KLZO,Normal Tissue,3,GTEX-ZE7O-0126-SM-57WC1,Normal Tissue,0.9980454444885254,True
837,GTEX-139D8-0226-SM-5KLZO,Normal Tissue,4,GTEX-XBEC-0726-SM-4QARZ,Normal Tissue,0.9977777004241943,True
837,GTEX-139D8-0226-SM-5KLZO,Normal Tissue,5,GTEX-ZF29-0926-SM-4WKFZ,Normal Tissue,0.9973035454750061,True
837,GTEX-139D8-0226-SM-5KLZO,Normal Tissue,6,GTEX-13CF3-2426-SM-5IFGX,Normal Tissue,0.9972304701805115,True
837,GTEX-139D8-0226-SM-5KLZO,Normal Tissue,7,GTEX-ZE9C-2726-SM-57WB5,Normal Tissue,0.9971752166748047,True
837,GTEX-139D8-0226-SM-5KLZO,Normal Tissue,8,GTEX-133LE-2326-SM-5K7W3,Normal Tissue,0.9963398575782776,True
837,GTEX-139D8-0226-SM-5KLZO,Normal Tissue,9,GTEX-11OF3-0126-SM-5PNYF,Normal Tissue,0.9959570169448853,True
868,GTEX-W5X1-2526-SM-3GILC,Normal Tissue,0,GTEX-ZAJG-0126-SM-5HL94,Normal Tissue,0.9987075328826904,True
868,GTEX-W5X1-2526-SM-3GILC,Normal Tissue,1,GTEX-ZVP2-0326-SM-57WBP,Normal Tissue,0.9979147911071777,True
868,GTEX-W5X1-2526-SM-3GILC,Normal Tissue,2,GTEX-1313W-0626-SM-5EQ4H,Normal Tissue,0.9977129697799683,True
868,GTEX-W5X1-2526-SM-3GILC,Normal Tissue,3,GTEX-ZLV1-1526-SM-4WWBC,Normal Tissue,0.9974460601806641,True
868,GTEX-W5X1-2526-SM-3GILC,Normal Tissue,4,GTEX-11ZU8-0126-SM-5EQ58,Normal Tissue,0.9973030686378479,True
868,GTEX-W5X1-2526-SM-3GILC,Normal Tissue,5,GTEX-Y5V6-2326-SM-4VDSA,Normal Tissue,0.9965860843658447,True
868,GTEX-W5X1-2526-SM-3GILC,Normal Tissue,6,GTEX-1497J-0226-SM-5QGPU,Normal Tissue,0.9965765476226807,True
868,GTEX-W5X1-2526-SM-3GILC,Normal Tissue,7,GTEX-WI4N-1026-SM-3LK7N,Normal Tissue,0.9964905381202698,True
868,GTEX-W5X1-2526-SM-3GILC,Normal Tissue,8,GTEX-Y3IK-1626-SM-4YCF5,Normal Tissue,0.9956104755401611,True
868,GTEX-W5X1-2526-SM-3GILC,Normal Tissue,9,GTEX-147F4-0226-SM-5QGPW,Normal Tissue,0.9955793619155884,True
1274,GTEX-ZYFD-0626-SM-5E44E,Normal Tissue,0,GTEX-WH7G-2026-SM-3NMBL,Normal Tissue,0.9962970018386841,True
1274,GTEX-ZYFD-0626-SM-5E44E,Normal Tissue,1,GTEX-X4EO-0326-SM-3P5YO,Normal Tissue,0.9896105527877808,True
1274,GTEX-ZYFD-0626-SM-5E44E,Normal Tissue,2,GTEX-WHPG-2626-SM-3NMBR,Normal Tissue,0.9884620308876038,True
1274,GTEX-ZYFD-0626-SM-5E44E,Normal Tissue,3,GTEX-ZDTT-0426-SM-4WKFL,Normal Tissue,0.9848232269287109,True
1274,GTEX-ZYFD-0626-SM-5E44E,Normal Tissue,4,GTEX-Z93S-1626-SM-5CVMB,Normal Tissue,0.9842613339424133,True
1274,GTEX-ZYFD-0626-SM-5E44E,Normal Tissue,5,GTEX-145ME-1826-SM-5SI9G,Normal Tissue,0.983492374420166,True
1274,GTEX-ZYFD-0626-SM-5E44E,Normal Tissue,6,GTEX-WFON-1926-SM-3LK7L,Normal Tissue,0.9821574091911316,True
1274,GTEX-ZYFD-0626-SM-5E44E,Normal Tissue,7,GTEX-X4EP-0626-SM-3P621,Normal Tissue,0.980610728263855,True
1274,GTEX-ZYFD-0626-SM-5E44E,Normal Tissue,8,GTEX-ZU9S-1826-SM-5NQ9E,Normal Tissue,0.9797648191452026,True
1274,GTEX-ZYFD-0626-SM-5E44E,Normal Tissue,9,GTEX-XPVG-2126-SM-4B667,Normal Tissue,0.9792471528053284,True
987,GTEX-ZV7C-0926-SM-59HL1,Normal Tissue,0,GTEX-Z93S-0008-SM-4RGM5,Normal Tissue,0.9767156839370728,True
987,GTEX-ZV7C-0926-SM-59HL1,Normal Tissue,1,GTEX-Y8E4-0008-SM-4V6FW,Normal Tissue,0.9762101769447327,True
987,GTEX-ZV7C-0926-SM-59HL1,Normal Tissue,2,GTEX-VUSG-0008-SM-4KL24,Normal Tissue,0.9755843281745911,True
987,GTEX-ZV7C-0926-SM-59HL1,Normal Tissue,3,GTEX-W5WG-0008-SM-4KL25,Normal Tissue,0.9735746383666992,True
987,GTEX-ZV7C-0926-SM-59HL1,Normal Tissue,4,GTEX-XBEW-0008-SM-4AT3Y,Normal Tissue,0.9727253317832947,True
987,GTEX-ZV7C-0926-SM-59HL1,Normal Tissue,5,GTEX-WCDI-0008-SM-47JYE,Normal Tissue,0.9724569320678711,True
987,GTEX-ZV7C-0926-SM-59HL1,Normal Tissue,6,GTEX-ZVP2-0008-SM-51MSL,Normal Tissue,0.971609890460968,True
987,GTEX-ZV7C-0926-SM-59HL1,Normal Tissue,7,GTEX-XUW1-0008-SM-4BOQH,Normal Tissue,0.9693343043327332,True
987,GTEX-ZV7C-0926-SM-59HL1,Normal Tissue,8,GTEX-WH7G-0008-SM-4LVNM,Normal Tissue,0.969106137752533,True
987,GTEX-ZV7C-0926-SM-59HL1,Normal Tissue,9,GTEX-OOBK-0008-SM-3NB27,Normal Tissue,0.9676786065101624,True
415,GTEX-X4EO-0326-SM-3P5YO,Normal Tissue,0,GTEX-WH7G-2026-SM-3NMBL,Normal Tissue,0.9973252415657043,True
415,GTEX-X4EO-0326-SM-3P5YO,Normal Tissue,1,GTEX-WFON-1926-SM-3LK7L,Normal Tissue,0.997102677822113,True
415,GTEX-X4EO-0326-SM-3P5YO,Normal Tissue,2,GTEX-WHPG-2626-SM-3NMBR,Normal Tissue,0.9965730905532837,True
415,GTEX-X4EO-0326-SM-3P5YO,Normal Tissue,3,GTEX-145ME-1826-SM-5SI9G,Normal Tissue,0.9961710572242737,True
415,GTEX-X4EO-0326-SM-3P5YO,Normal Tissue,4,GTEX-Z93S-1626-SM-5CVMB,Normal Tissue,0.9959844350814819,True
415,GTEX-X4EO-0326-SM-3P5YO,Normal Tissue,5,GTEX-XAJ8-1426-SM-47JYM,Normal Tissue,0.9954867362976074,True
415,GTEX-X4EO-0326-SM-3P5YO,Normal Tissue,6,GTEX-XPVG-2126-SM-4B667,Normal Tissue,0.9954818487167358,True
415,GTEX-X4EO-0326-SM-3P5YO,Normal Tissue,7,GTEX-139TU-0726-SM-5L3EK,Normal Tissue,0.9947075843811035,True
415,GTEX-X4EO-0326-SM-3P5YO,Normal Tissue,8,GTEX-146FR-1326-SM-5SIAJ,Normal Tissue,0.9939799308776855,True
415,GTEX-X4EO-0326-SM-3P5YO,Normal Tissue,9,GTEX-WZTO-0126-SM-3NM95,Normal Tissue,0.9928060173988342,True
19,GTEX-11DXX-0008-SM-5Q5B8,Normal Tissue,0,GTEX-QVJO-0008-SM-447AU,Normal Tissue,0.9996429681777954,True
19,GTEX-11DXX-0008-SM-5Q5B8,Normal Tissue,1,GTEX-WEY5-0008-SM-4LMKC,Normal Tissue,0.999088704586029,True
19,GTEX-11DXX-0008-SM-5Q5B8,Normal Tissue,2,GTEX-WH7G-0008-SM-4LVNM,Normal Tissue,0.9990429282188416,True
19,GTEX-11DXX-0008-SM-5Q5B8,Normal Tissue,3,GTEX-X3Y1-0008-SM-4PR12,Normal Tissue,0.9987209439277649,True
19,GTEX-11DXX-0008-SM-5Q5B8,Normal Tissue,4,GTEX-111VG-0008-SM-5Q5BG,Normal Tissue,0.9972430467605591,True
19,GTEX-11DXX-0008-SM-5Q5B8,Normal Tissue,5,GTEX-P4QS-0008-SM-48TDY,Normal Tissue,0.9968786835670471,True
19,GTEX-11DXX-0008-SM-5Q5B8,Normal Tissue,6,GTEX-UJMC-0008-SM-4IHKK,Normal Tissue,0.9967527389526367,True
19,GTEX-11DXX-0008-SM-5Q5B8,Normal Tissue,7,GTEX-W5X1-0008-SM-4LMKA,Normal Tissue,0.9960728287696838,True
19,GTEX-11DXX-0008-SM-5Q5B8,Normal Tissue,8,GTEX-ZVP2-0008-SM-51MSL,Normal Tissue,0.9958813190460205,True
19,GTEX-11DXX-0008-SM-5Q5B8,Normal Tissue,9,GTEX-W5WG-0008-SM-4KL25,Normal Tissue,0.9957335591316223,True
310,TCGA-XV-AB01-06,Metastasis,0,TCGA-ER-A19O-06,Metastasis,0.9915897846221924,True
310,TCGA-XV-AB01-06,Metastasis,1,TCGA-EE-A29X-06,Metastasis,0.9875328540802002,True
310,TCGA-XV-AB01-06,Metastasis,2,TCGA-DA-A1I0-06,Metastasis,0.9742840528488159,True
310,TCGA-XV-AB01-06,Metastasis,3,TCGA-RP-A695-06,Metastasis,0.9605108499526978,True
310,TCGA-XV-AB01-06,Metastasis,4,TCGA-EB-A97M-01,Primary Tumor,0.9595428705215454,False
310,TCGA-XV-AB01-06,Metastasis,5,TCGA-EE-A2M6-06,Metastasis,0.9586225152015686,True
310,TCGA-XV-AB01-06,Metastasis,6,TCGA-WE-AA9Y-06,Metastasis,0.9579663872718811,True
310,TCGA-XV-AB01-06,Metastasis,7,TCGA-EE-A2MS-06,Metastasis,0.9501180648803711,True
310,TCGA-XV-AB01-06,Metastasis,8,TCGA-EE-A2GK-06,Metastasis,0.9492737650871277,True
310,TCGA-XV-AB01-06,Metastasis,9,TCGA-EE-A20F-06,Metastasis,0.9474914073944092,True
1001,TCGA-EE-A20F-06,Metastasis,0,TCGA-EE-A2M6-06,Metastasis,0.9936615228652954,True
1001,TCGA-EE-A20F-06,Metastasis,1,TCGA-WE-AA9Y-06,Metastasis,0.9933023452758789,True
1001,TCGA-EE-A20F-06,Metastasis,2,TCGA-GN-A9SD-06,Metastasis,0.99307781457901,True
1001,TCGA-EE-A20F-06,Metastasis,3,TCGA-DA-A95V-06,Metastasis,0.992790162563324,True
1001,TCGA-EE-A20F-06,Metastasis,4,TCGA-EE-A2A6-06,Metastasis,0.9913630485534668,True
1001,TCGA-EE-A20F-06,Metastasis,5,TCGA-EE-A2M8-06,Metastasis,0.9879642128944397,True
1001,TCGA-EE-A20F-06,Metastasis,6,TCGA-FW-A3TU-06,Metastasis,0.9865347146987915,True
1001,TCGA-EE-A20F-06,Metastasis,7,TCGA-GN-A26C-01,Primary Tumor,0.9815030694007874,False
1001,TCGA-EE-A20F-06,Metastasis,8,TCGA-D3-A3MR-06,Metastasis,0.9798427224159241,True
1001,TCGA-EE-A20F-06,Metastasis,9,TCGA-YD-A9TA-06,Metastasis,0.9791860580444336,True
107,GTEX-OOBK-0008-SM-3NB27,Normal Tissue,0,GTEX-XUW1-0008-SM-4BOQH,Normal Tissue,0.9957562685012817,True
107,GTEX-OOBK-0008-SM-3NB27,Normal Tissue,1,GTEX-VUSG-0008-SM-4KL24,Normal Tissue,0.9940162897109985,True
107,GTEX-OOBK-0008-SM-3NB27,Normal Tissue,2,GTEX-Y9LG-0008-SM-4VBRJ,Normal Tissue,0.9937831163406372,True
107,GTEX-OOBK-0008-SM-3NB27,Normal Tissue,3,GTEX-RTLS-0008-SM-48FET,Normal Tissue,0.9915518760681152,True
107,GTEX-OOBK-0008-SM-3NB27,Normal Tissue,4,GTEX-W5WG-0008-SM-4KL25,Normal Tissue,0.9911499619483948,True
107,GTEX-OOBK-0008-SM-3NB27,Normal Tissue,5,GTEX-ZPIC-0008-SM-4E3JF,Normal Tissue,0.9892472624778748,True
107,GTEX-OOBK-0008-SM-3NB27,Normal Tissue,6,GTEX-S341-0008-SM-4AD6D,Normal Tissue,0.9889744520187378,True
107,GTEX-OOBK-0008-SM-3NB27,Normal Tissue,7,GTEX-ZVP2-0008-SM-51MSL,Normal Tissue,0.9889213442802429,True
107,GTEX-OOBK-0008-SM-3NB27,Normal Tissue,8,GTEX-WVJS-0008-SM-4MVPC,Normal Tissue,0.9887477159500122,True
107,GTEX-OOBK-0008-SM-3NB27,Normal Tissue,9,GTEX-XUZC-0008-SM-4BOQG,Normal Tissue,0.9885693788528442,True
825,GTEX-12ZZY-0226-SM-5LZVE,Normal Tissue,0,GTEX-146FR-1326-SM-5SIAJ,Normal Tissue,0.9955923557281494,True
825,GTEX-12ZZY-0226-SM-5LZVE,Normal Tissue,1,GTEX-WZTO-0126-SM-3NM95,Normal Tissue,0.9949148297309875,True
825,GTEX-12ZZY-0226-SM-5LZVE,Normal Tissue,2,GTEX-XPVG-2126-SM-4B667,Normal Tissue,0.9911468625068665,True
825,GTEX-12ZZY-0226-SM-5LZVE,Normal Tissue,3,GTEX-WFON-1926-SM-3LK7L,Normal Tissue,0.9897747039794922,True
825,GTEX-12ZZY-0226-SM-5LZVE,Normal Tissue,4,GTEX-XAJ8-1426-SM-47JYM,Normal Tissue,0.9893738627433777,True
825,GTEX-12ZZY-0226-SM-5LZVE,Normal Tissue,5,GTEX-139TU-0726-SM-5L3EK,Normal Tissue,0.9882679581642151,True
825,GTEX-12ZZY-0226-SM-5LZVE,Normal Tissue,6,GTEX-X4EO-0326-SM-3P5YO,Normal Tissue,0.9857688546180725,True
825,GTEX-12ZZY-0226-SM-5LZVE,Normal Tissue,7,GTEX-T5JC-0426-SM-32PLO,Normal Tissue,0.9856979846954346,True
825,GTEX-12ZZY-0226-SM-5LZVE,Normal Tissue,8,GTEX-Z93S-1626-SM-5CVMB,Normal Tissue,0.9836590886116028,True
825,GTEX-12ZZY-0226-SM-5LZVE,Normal Tissue,9,GTEX-WHPG-2626-SM-3NMBR,Normal Tissue,0.9810941219329834,True
998,TCGA-WE-A8ZM-06,Metastasis,0,TCGA-WE-A8ZN-06,Metastasis,0.9975100755691528,True
998,TCGA-WE-A8ZM-06,Metastasis,1,TCGA-D3-A51R-06,Metastasis,0.9961653351783752,True
998,TCGA-WE-A8ZM-06,Metastasis,2,TCGA-D3-A8GR-06,Metastasis,0.9948707222938538,True
998,TCGA-WE-A8ZM-06,Metastasis,3,TCGA-YG-AA3O-06,Metastasis,0.9855011701583862,True
998,TCGA-WE-A8ZM-06,Metastasis,4,TCGA-D3-A8GQ-06,Metastasis,0.9852503538131714,True
998,TCGA-WE-A8ZM-06,Metastasis,5,TCGA-FR-A3YO-06,Metastasis,0.9849803447723389,True
998,TCGA-WE-A8ZM-06,Metastasis,6,TCGA-D3-A3MV-06,Metastasis,0.9816540479660034,True
998,TCGA-WE-A8ZM-06,Metastasis,7,TCGA-GN-A262-06,Metastasis,0.97602778673172,True
998,TCGA-WE-A8ZM-06,Metastasis,8,TCGA-YG-AA3P-06,Metastasis,0.9756747484207153,True
998,TCGA-WE-A8ZM-06,Metastasis,9,TCGA-FW-A3R5-06,Metastasis,0.9723600149154663,True
657,GTEX-WRHU-0008-SM-4MVPB,Normal Tissue,0,GTEX-RVPU-0008-SM-3NM8B,Normal Tissue,0.9992406964302063,True
657,GTEX-WRHU-0008-SM-4MVPB,Normal Tissue,1,GTEX-WVJS-0008-SM-4MVPC,Normal Tissue,0.9985249638557434,True
657,GTEX-WRHU-0008-SM-4MVPB,Normal Tissue,2,GTEX-WWYW-0008-SM-4MVPF,Normal Tissue,0.9960282444953918,True
657,GTEX-WRHU-0008-SM-4MVPB,Normal Tissue,3,GTEX-Y9LG-0008-SM-4VBRJ,Normal Tissue,0.9958347082138062,True
657,GTEX-WRHU-0008-SM-4MVPB,Normal Tissue,4,GTEX-Y8E4-0008-SM-4V6FW,Normal Tissue,0.9957553744316101,True
657,GTEX-WRHU-0008-SM-4MVPB,Normal Tissue,5,GTEX-Z93S-0008-SM-4RGM5,Normal Tissue,0.9946013689041138,True
657,GTEX-WRHU-0008-SM-4MVPB,Normal Tissue,6,GTEX-OHPM-0008-SM-4E3IP,Normal Tissue,0.9940230250358582,True
657,GTEX-WRHU-0008-SM-4MVPB,Normal Tissue,7,GTEX-UJHI-0008-SM-4IHL1,Normal Tissue,0.9931644797325134,True
657,GTEX-WRHU-0008-SM-4MVPB,Normal Tissue,8,GTEX-XUW1-0008-SM-4BOQH,Normal Tissue,0.9926612377166748,True
657,GTEX-WRHU-0008-SM-4MVPB,Normal Tissue,9,GTEX-WCDI-0008-SM-47JYE,Normal Tissue,0.9906428456306458,True
199,TCGA-D3-A1Q7-06,Metastasis,0,TCGA-D3-A8GO-06,Metastasis,0.9958299398422241,True
199,TCGA-D3-A1Q7-06,Metastasis,1,TCGA-D3-A5GN-06,Metastasis,0.9889912009239197,True
199,TCGA-D3-A1Q7-06,Metastasis,2,TCGA-GN-A26C-01,Primary Tumor,0.9872666001319885,False
199,TCGA-D3-A1Q7-06,Metastasis,3,TCGA-FW-A3TU-06,Metastasis,0.9862621426582336,True
199,TCGA-D3-A1Q7-06,Metastasis,4,TCGA-EE-A2M8-06,Metastasis,0.9856911301612854,True
199,TCGA-D3-A1Q7-06,Metastasis,5,TCGA-D9-A3Z4-01,Primary Tumor,0.984860360622406,False
199,TCGA-D3-A1Q7-06,Metastasis,6,TCGA-WE-AAA0-06,Metastasis,0.983275830745697,True
199,TCGA-D3-A1Q7-06,Metastasis,7,TCGA-YG-AA3O-06,Metastasis,0.9812231659889221,True
199,TCGA-D3-A1Q7-06,Metastasis,8,TCGA-D3-A8GQ-06,Metastasis,0.9794278144836426,True
199,TCGA-D3-A1Q7-06,Metastasis,9,TCGA-D9-A3Z3-06,Metastasis,0.9786000847816467,True
282,GTEX-T2YK-0008-SM-4DM6M,Normal Tissue,0,GTEX-WXYG-0008-SM-4ONDU,Normal Tissue,0.9977378845214844,True
282,GTEX-T2YK-0008-SM-4DM6M,Normal Tissue,1,GTEX-111VG-0008-SM-5Q5BG,Normal Tissue,0.9974663257598877,True
282,GTEX-T2YK-0008-SM-4DM6M,Normal Tissue,2,GTEX-RTLS-0008-SM-48FET,Normal Tissue,0.9973954558372498,True
282,GTEX-T2YK-0008-SM-4DM6M,Normal Tissue,3,GTEX-ZQG8-0008-SM-4YCE7,Normal Tissue,0.9971121549606323,True
282,GTEX-T2YK-0008-SM-4DM6M,Normal Tissue,4,GTEX-WFG7-0008-SM-4LMKB,Normal Tissue,0.9969460368156433,True
282,GTEX-T2YK-0008-SM-4DM6M,Normal Tissue,5,GTEX-XUZC-0008-SM-4BOQG,Normal Tissue,0.9944831132888794,True
282,GTEX-T2YK-0008-SM-4DM6M,Normal Tissue,6,GTEX-QVJO-0008-SM-447AU,Normal Tissue,0.9932819604873657,True
282,GTEX-T2YK-0008-SM-4DM6M,Normal Tissue,7,GTEX-S341-0008-SM-4AD6D,Normal Tissue,0.9929487109184265,True
282,GTEX-T2YK-0008-SM-4DM6M,Normal Tissue,8,GTEX-W5WG-0008-SM-4KL25,Normal Tissue,0.9925620555877686,True
282,GTEX-T2YK-0008-SM-4DM6M,Normal Tissue,9,GTEX-11DXX-0008-SM-5Q5B8,Normal Tissue,0.991721510887146,True
1186,TCGA-EB-A3HV-01,Primary Tumor,0,TCGA-EB-A57M-01,Primary Tumor,0.9599856734275818,True
1186,TCGA-EB-A3HV-01,Primary Tumor,1,TCGA-EB-A1NK-01,Primary Tumor,0.9517908096313477,True
1186,TCGA-EB-A3HV-01,Primary Tumor,2,TCGA-BF-A3DJ-01,Primary Tumor,0.9448270201683044,True
1186,TCGA-EB-A3HV-01,Primary Tumor,3,TCGA-DA-A1IC-06,Metastasis,0.9148424863815308,False
1186,TCGA-EB-A3HV-01,Primary Tumor,4,GTEX-12WSB-2926-SM-59HKL,Normal Tissue,0.8907250165939331,False
1186,TCGA-EB-A3HV-01,Primary Tumor,5,GTEX-WI4N-2726-SM-3LK7Y,Normal Tissue,0.8810523152351379,False
1186,TCGA-EB-A3HV-01,Primary Tumor,6,GTEX-12BJ1-0926-SM-5EQ62,Normal Tissue,0.8598441481590271,False
1186,TCGA-EB-A3HV-01,Primary Tumor,7,GTEX-ZUA1-2626-SM-5NQ92,Normal Tissue,0.8545422554016113,False
1186,TCGA-EB-A3HV-01,Primary Tumor,8,GTEX-13PVQ-0126-SM-5SIB4,Normal Tissue,0.8518141508102417,False
1186,TCGA-EB-A3HV-01,Primary Tumor,9,GTEX-11ZUS-2626-SM-5FQUR,Normal Tissue,0.846566379070282,False
656,GTEX-WHSE-0008-SM-4M1ZO,Normal Tissue,0,GTEX-P4QS-0008-SM-48TDY,Normal Tissue,0.9972918033599854,True
656,GTEX-WHSE-0008-SM-4M1ZO,Normal Tissue,1,GTEX-WEY5-0008-SM-4LMKC,Normal Tissue,0.9956037998199463,True
656,GTEX-WHSE-0008-SM-4M1ZO,Normal Tissue,2,GTEX-X5EB-0008-SM-46MU3,Normal Tissue,0.99409419298172,True
656,GTEX-WHSE-0008-SM-4M1ZO,Normal Tissue,3,GTEX-QVJO-0008-SM-447AU,Normal Tissue,0.9924691319465637,True
656,GTEX-WHSE-0008-SM-4M1ZO,Normal Tissue,4,GTEX-11DXX-0008-SM-5Q5B8,Normal Tissue,0.9923099875450134,True
656,GTEX-WHSE-0008-SM-4M1ZO,Normal Tissue,5,GTEX-X3Y1-0008-SM-4PR12,Normal Tissue,0.9922719597816467,True
656,GTEX-WHSE-0008-SM-4M1ZO,Normal Tissue,6,GTEX-T5JW-0008-SM-4DM5X,Normal Tissue,0.9921485781669617,True
656,GTEX-WHSE-0008-SM-4M1ZO,Normal Tissue,7,GTEX-W5X1-0008-SM-4LMKA,Normal Tissue,0.9894927740097046,True
656,GTEX-WHSE-0008-SM-4M1ZO,Normal Tissue,8,GTEX-WH7G-0008-SM-4LVNM,Normal Tissue,0.9877564907073975,True
656,GTEX-WHSE-0008-SM-4M1ZO,Normal Tissue,9,GTEX-R55D-0008-SM-48FEV,Normal Tissue,0.9875848293304443,True
733,TCGA-EE-A2A6-06,Metastasis,0,TCGA-EE-A2M6-06,Metastasis,0.9956908226013184,True
733,TCGA-EE-A2A6-06,Metastasis,1,TCGA-FW-A3TU-06,Metastasis,0.9946337342262268,True
733,TCGA-EE-A2A6-06,Metastasis,2,TCGA-D9-A3Z4-01,Primary Tumor,0.9945817589759827,False
733,TCGA-EE-A2A6-06,Metastasis,3,TCGA-EE-A2M8-06,Metastasis,0.9939453601837158,True
733,TCGA-EE-A2A6-06,Metastasis,4,TCGA-D9-A148-06,Metastasis,0.993253767490387,True
733,TCGA-EE-A2A6-06,Metastasis,5,TCGA-WE-AAA0-06,Metastasis,0.9925515651702881,True
733,TCGA-EE-A2A6-06,Metastasis,6,TCGA-EE-A20F-06,Metastasis,0.9913630485534668,True
733,TCGA-EE-A2A6-06,Metastasis,7,TCGA-DA-A1I2-06,Metastasis,0.9883900880813599,True
733,TCGA-EE-A2A6-06,Metastasis,8,TCGA-GN-A26C-01,Primary Tumor,0.9857057929039001,False
733,TCGA-EE-A2A6-06,Metastasis,9,TCGA-DA-A95V-06,Metastasis,0.9846826791763306,True
523,TCGA-EE-A3AG-06,Metastasis,0,TCGA-EE-A29L-06,Metastasis,0.9861201047897339,True
523,TCGA-EE-A3AG-06,Metastasis,1,TCGA-FS-A1ZZ-06,Metastasis,0.9739535450935364,True
523,TCGA-EE-A3AG-06,Metastasis,2,TCGA-FS-A4FB-06,Metastasis,0.9731441140174866,True
523,TCGA-EE-A3AG-06,Metastasis,3,TCGA-GN-A264-06,Metastasis,0.9728105068206787,True
523,TCGA-EE-A3AG-06,Metastasis,4,TCGA-ER-A197-06,Metastasis,0.971875011920929,True
523,TCGA-EE-A3AG-06,Metastasis,5,GTEX-ZV7C-0926-SM-59HL1,Normal Tissue,0.9647268056869507,False
523,TCGA-EE-A3AG-06,Metastasis,6,GTEX-WCDI-0008-SM-47JYE,Normal Tissue,0.9602321982383728,False
523,TCGA-EE-A3AG-06,Metastasis,7,GTEX-VUSG-0008-SM-4KL24,Normal Tissue,0.9545642137527466,False
523,TCGA-EE-A3AG-06,Metastasis,8,TCGA-BF-A5EP-01,Primary Tumor,0.9542011618614197,False
523,TCGA-EE-A3AG-06,Metastasis,9,TCGA-FS-A1ZA-06,Metastasis,0.9526052474975586,True
39,TCGA-D3-A51G-06,Metastasis,0,TCGA-ER-A42H-01,Primary Tumor,0.9976511001586914,False
39,TCGA-D3-A51G-06,Metastasis,1,TCGA-BF-A3DM-01,Primary Tumor,0.994583785533905,False
39,TCGA-D3-A51G-06,Metastasis,2,TCGA-FS-A1ZY-06,Metastasis,0.994480311870575,True
39,TCGA-D3-A51G-06,Metastasis,3,TCGA-YG-AA3P-06,Metastasis,0.9935197830200195,True
39,TCGA-D3-A51G-06,Metastasis,4,TCGA-D3-A8GK-06,Metastasis,0.9932949542999268,True
39,TCGA-D3-A51G-06,Metastasis,5,TCGA-D9-A6EG-06,Metastasis,0.9924477934837341,True
39,TCGA-D3-A51G-06,Metastasis,6,TCGA-D9-A4Z5-01,Primary Tumor,0.990287184715271,False
39,TCGA-D3-A51G-06,Metastasis,7,TCGA-IH-A3EA-01,Primary Tumor,0.9902007579803467,False
39,TCGA-D3-A51G-06,Metastasis,8,TCGA-EE-A29B-06,Metastasis,0.9899990558624268,True
39,TCGA-D3-A51G-06,Metastasis,9,TCGA-BF-A5ES-01,Primary Tumor,0.9891522526741028,False
265,GTEX-VUSG-0008-SM-4KL24,Normal Tissue,0,GTEX-Y9LG-0008-SM-4VBRJ,Normal Tissue,0.9970507025718689,True
265,GTEX-VUSG-0008-SM-4KL24,Normal Tissue,1,GTEX-WVJS-0008-SM-4MVPC,Normal Tissue,0.9950607419013977,True
265,GTEX-VUSG-0008-SM-4KL24,Normal Tissue,2,GTEX-OOBK-0008-SM-3NB27,Normal Tissue,0.9940162897109985,True
265,GTEX-VUSG-0008-SM-4KL24,Normal Tissue,3,GTEX-XUW1-0008-SM-4BOQH,Normal Tissue,0.9933145642280579,True
265,GTEX-VUSG-0008-SM-4KL24,Normal Tissue,4,GTEX-Y8E4-0008-SM-4V6FW,Normal Tissue,0.9920388460159302,True
265,GTEX-VUSG-0008-SM-4KL24,Normal Tissue,5,GTEX-Z93S-0008-SM-4RGM5,Normal Tissue,0.9915292859077454,True
265,GTEX-VUSG-0008-SM-4KL24,Normal Tissue,6,GTEX-WRHU-0008-SM-4MVPB,Normal Tissue,0.9897314310073853,True
265,GTEX-VUSG-0008-SM-4KL24,Normal Tissue,7,GTEX-RVPU-0008-SM-3NM8B,Normal Tissue,0.9881619215011597,True
265,GTEX-VUSG-0008-SM-4KL24,Normal Tissue,8,GTEX-W5WG-0008-SM-4KL25,Normal Tissue,0.9855471849441528,True
265,GTEX-VUSG-0008-SM-4KL24,Normal Tissue,9,GTEX-ZVP2-0008-SM-51MSL,Normal Tissue,0.9841105937957764,True
21,GTEX-Y8LW-1526-SM-5IFHL,Normal Tissue,0,GTEX-XOTO-0726-SM-4B659,Normal Tissue,0.9991769790649414,True
21,GTEX-Y8LW-1526-SM-5IFHL,Normal Tissue,1,GTEX-XUW1-0926-SM-4BONX,Normal Tissue,0.9990283250808716,True
21,GTEX-Y8LW-1526-SM-5IFHL,Normal Tissue,2,GTEX-139T8-0626-SM-5KLZX,Normal Tissue,0.9983633756637573,True
21,GTEX-Y8LW-1526-SM-5IFHL,Normal Tissue,3,GTEX-ZE7O-0126-SM-57WC1,Normal Tissue,0.9977745413780212,True
21,GTEX-Y8LW-1526-SM-5IFHL,Normal Tissue,4,GTEX-13CF3-2426-SM-5IFGX,Normal Tissue,0.9974406957626343,True
21,GTEX-Y8LW-1526-SM-5IFHL,Normal Tissue,5,GTEX-111CU-1926-SM-5GZYZ,Normal Tissue,0.9973898530006409,True
21,GTEX-Y8LW-1526-SM-5IFHL,Normal Tissue,6,GTEX-131XH-2226-SM-5DUXJ,Normal Tissue,0.9970925450325012,True
21,GTEX-Y8LW-1526-SM-5IFHL,Normal Tissue,7,GTEX-ZVT2-0126-SM-5GIDQ,Normal Tissue,0.9968467354774475,True
21,GTEX-Y8LW-1526-SM-5IFHL,Normal Tissue,8,GTEX-XQ8I-0926-SM-4BOOF,Normal Tissue,0.996733546257019,True
21,GTEX-Y8LW-1526-SM-5IFHL,Normal Tissue,9,GTEX-ZXG5-2126-SM-59HKD,Normal Tissue,0.9966883063316345,True
291,GTEX-Y3IK-1626-SM-4YCF5,Normal Tissue,0,GTEX-11ZU8-0126-SM-5EQ58,Normal Tissue,0.9993972778320312,True
291,GTEX-Y3IK-1626-SM-4YCF5,Normal Tissue,1,GTEX-14A6H-0126-SM-5QGPK,Normal Tissue,0.9988387227058411,True
291,GTEX-Y3IK-1626-SM-4YCF5,Normal Tissue,2,GTEX-147F4-0226-SM-5QGPW,Normal Tissue,0.9988338351249695,True
291,GTEX-Y3IK-1626-SM-4YCF5,Normal Tissue,3,GTEX-11OF3-0126-SM-5PNYF,Normal Tissue,0.9983646273612976,True
291,GTEX-Y3IK-1626-SM-4YCF5,Normal Tissue,4,GTEX-13CF3-2426-SM-5IFGX,Normal Tissue,0.9982491731643677,True
291,GTEX-Y3IK-1626-SM-4YCF5,Normal Tissue,5,GTEX-ZF29-0926-SM-4WKFZ,Normal Tissue,0.9979148507118225,True
291,GTEX-Y3IK-1626-SM-4YCF5,Normal Tissue,6,GTEX-Y5V6-2326-SM-4VDSA,Normal Tissue,0.9977533221244812,True
291,GTEX-Y3IK-1626-SM-4YCF5,Normal Tissue,7,GTEX-ZVP2-0326-SM-57WBP,Normal Tissue,0.9976940751075745,True
291,GTEX-Y3IK-1626-SM-4YCF5,Normal Tissue,8,GTEX-ZE7O-0126-SM-57WC1,Normal Tissue,0.9976277351379395,True
291,GTEX-Y3IK-1626-SM-4YCF5,Normal Tissue,9,GTEX-13113-1926-SM-5LZWG,Normal Tissue,0.9972550272941589,True
489,TCGA-IH-A3EA-01,Primary Tumor,0,TCGA-D3-A8GK-06,Metastasis,0.9959183931350708,False
489,TCGA-IH-A3EA-01,Primary Tumor,1,TCGA-ER-A42H-01,Primary Tumor,0.9954206943511963,True
489,TCGA-IH-A3EA-01,Primary Tumor,2,TCGA-EE-A29B-06,Metastasis,0.9952670931816101,False
489,TCGA-IH-A3EA-01,Primary Tumor,3,TCGA-FS-A1ZY-06,Metastasis,0.9938268065452576,False
489,TCGA-IH-A3EA-01,Primary Tumor,4,TCGA-YG-AA3P-06,Metastasis,0.9910475611686707,False
489,TCGA-IH-A3EA-01,Primary Tumor,5,TCGA-D3-A51G-06,Metastasis,0.9902007579803467,False
489,TCGA-IH-A3EA-01,Primary Tumor,6,TCGA-D9-A4Z5-01,Primary Tumor,0.9883257150650024,True
489,TCGA-IH-A3EA-01,Primary Tumor,7,TCGA-GN-A262-06,Metastasis,0.9868636131286621,False
489,TCGA-IH-A3EA-01,Primary Tumor,8,TCGA-BF-A5ES-01,Primary Tumor,0.9854784607887268,True
489,TCGA-IH-A3EA-01,Primary Tumor,9,TCGA-D9-A6EG-06,Metastasis,0.9842717051506042,False
106,GTEX-12696-0126-SM-5EQ4L,Normal Tissue,0,GTEX-X5EB-2226-SM-46MW4,Normal Tissue,0.9993457794189453,True
106,GTEX-12696-0126-SM-5EQ4L,Normal Tissue,1,GTEX-139D8-0226-SM-5KLZO,Normal Tissue,0.9984268546104431,True
106,GTEX-12696-0126-SM-5EQ4L,Normal Tissue,2,GTEX-XBEC-0726-SM-4QARZ,Normal Tissue,0.998353898525238,True
106,GTEX-12696-0126-SM-5EQ4L,Normal Tissue,3,GTEX-X4EO-2926-SM-4E3JH,Normal Tissue,0.9980083107948303,True
106,GTEX-12696-0126-SM-5EQ4L,Normal Tissue,4,GTEX-11NUK-2726-SM-5A5MC,Normal Tissue,0.9967566132545471,True
106,GTEX-12696-0126-SM-5EQ4L,Normal Tissue,5,GTEX-133LE-2326-SM-5K7W3,Normal Tissue,0.996735692024231,True
106,GTEX-12696-0126-SM-5EQ4L,Normal Tissue,6,GTEX-ZF29-0926-SM-4WKFZ,Normal Tissue,0.996620237827301,True
106,GTEX-12696-0126-SM-5EQ4L,Normal Tissue,7,GTEX-ZE9C-2726-SM-57WB5,Normal Tissue,0.9966189861297607,True
106,GTEX-12696-0126-SM-5EQ4L,Normal Tissue,8,GTEX-ZE7O-0126-SM-57WC1,Normal Tissue,0.9959596395492554,True
106,GTEX-12696-0126-SM-5EQ4L,Normal Tissue,9,GTEX-13CF3-2426-SM-5IFGX,Normal Tissue,0.9956627488136292,True
663,GTEX-XPVG-2126-SM-4B667,Normal Tissue,0,GTEX-XAJ8-1426-SM-47JYM,Normal Tissue,0.9997373223304749,True
663,GTEX-XPVG-2126-SM-4B667,Normal Tissue,1,GTEX-WFON-1926-SM-3LK7L,Normal Tissue,0.9996776580810547,True
663,GTEX-XPVG-2126-SM-4B667,Normal Tissue,2,GTEX-139TU-0726-SM-5L3EK,Normal Tissue,0.9984059929847717,True
663,GTEX-XPVG-2126-SM-4B667,Normal Tissue,3,GTEX-Z93S-1626-SM-5CVMB,Normal Tissue,0.9984012246131897,True
663,GTEX-XPVG-2126-SM-4B667,Normal Tissue,4,GTEX-WHPG-2626-SM-3NMBR,Normal Tissue,0.997174084186554,True
663,GTEX-XPVG-2126-SM-4B667,Normal Tissue,5,GTEX-145ME-1826-SM-5SI9G,Normal Tissue,0.99644935131073,True
663,GTEX-XPVG-2126-SM-4B667,Normal Tissue,6,GTEX-146FR-1326-SM-5SIAJ,Normal Tissue,0.9955608248710632,True
663,GTEX-XPVG-2126-SM-4B667,Normal Tissue,7,GTEX-X4EO-0326-SM-3P5YO,Normal Tissue,0.9954818487167358,True
663,GTEX-XPVG-2126-SM-4B667,Normal Tissue,8,GTEX-T5JC-0426-SM-32PLO,Normal Tissue,0.9931251406669617,True
663,GTEX-XPVG-2126-SM-4B667,Normal Tissue,9,GTEX-XK95-0226-SM-4AT58,Normal Tissue,0.9925476312637329,True
195,TCGA-EE-A2MS-06,Metastasis,0,TCGA-EE-A2GK-06,Metastasis,0.9996952414512634,True
195,TCGA-EE-A2MS-06,Metastasis,1,TCGA-D3-A2JN-06,Metastasis,0.9946009516716003,True
195,TCGA-EE-A2MS-06,Metastasis,2,TCGA-FS-A1ZQ-06,Metastasis,0.9863213896751404,True
195,TCGA-EE-A2MS-06,Metastasis,3,TCGA-WE-AA9Y-06,Metastasis,0.9820427894592285,True
195,TCGA-EE-A2MS-06,Metastasis,4,TCGA-ER-A19O-06,Metastasis,0.9769341349601746,True
195,TCGA-EE-A2MS-06,Metastasis,5,TCGA-EE-A2M6-06,Metastasis,0.9683771729469299,True
195,TCGA-EE-A2MS-06,Metastasis,6,TCGA-EE-A184-06,Metastasis,0.9660951495170593,True
195,TCGA-EE-A2MS-06,Metastasis,7,TCGA-EE-A29X-06,Metastasis,0.9657496809959412,True
195,TCGA-EE-A2MS-06,Metastasis,8,TCGA-D9-A148-06,Metastasis,0.9657416343688965,True
195,TCGA-EE-A2MS-06,Metastasis,9,TCGA-FS-A1ZA-06,Metastasis,0.9608080387115479,True
556,TCGA-EE-A2M8-06,Metastasis,0,TCGA-FW-A3TU-06,Metastasis,0.9984376430511475,True
556,TCGA-EE-A2M8-06,Metastasis,1,TCGA-GN-A26C-01,Primary Tumor,0.9969708323478699,False
556,TCGA-EE-A2M8-06,Metastasis,2,TCGA-D3-A5GN-06,Metastasis,0.9944974184036255,True
556,TCGA-EE-A2M8-06,Metastasis,3,TCGA-EE-A2A6-06,Metastasis,0.9939453601837158,True
556,TCGA-EE-A2M8-06,Metastasis,4,TCGA-DA-A95V-06,Metastasis,0.9936386346817017,True
556,TCGA-EE-A2M8-06,Metastasis,5,TCGA-D9-A3Z4-01,Primary Tumor,0.9918898344039917,False
556,TCGA-EE-A2M8-06,Metastasis,6,TCGA-D3-A8GO-06,Metastasis,0.9893689155578613,True
556,TCGA-EE-A2M8-06,Metastasis,7,TCGA-WE-AAA0-06,Metastasis,0.9890214800834656,True
556,TCGA-EE-A2M8-06,Metastasis,8,TCGA-EE-A20F-06,Metastasis,0.9879642128944397,True
556,TCGA-EE-A2M8-06,Metastasis,9,TCGA-EE-A2M6-06,Metastasis,0.9863041043281555,True
233,GTEX-XAJ8-1426-SM-47JYM,Normal Tissue,0,GTEX-XPVG-2126-SM-4B667,Normal Tissue,0.9997373223304749,True
233,GTEX-XAJ8-1426-SM-47JYM,Normal Tissue,1,GTEX-WFON-1926-SM-3LK7L,Normal Tissue,0.9996868371963501,True
233,GTEX-XAJ8-1426-SM-47JYM,Normal Tissue,2,GTEX-139TU-0726-SM-5L3EK,Normal Tissue,0.9989364147186279,True
233,GTEX-XAJ8-1426-SM-47JYM,Normal Tissue,3,GTEX-Z93S-1626-SM-5CVMB,Normal Tissue,0.99882972240448,True
233,GTEX-XAJ8-1426-SM-47JYM,Normal Tissue,4,GTEX-145ME-1826-SM-5SI9G,Normal Tissue,0.9975495338439941,True
233,GTEX-XAJ8-1426-SM-47JYM,Normal Tissue,5,GTEX-WHPG-2626-SM-3NMBR,Normal Tissue,0.9975457787513733,True
233,GTEX-XAJ8-1426-SM-47JYM,Normal Tissue,6,GTEX-X4EO-0326-SM-3P5YO,Normal Tissue,0.9954867362976074,True
233,GTEX-XAJ8-1426-SM-47JYM,Normal Tissue,7,GTEX-146FR-1326-SM-5SIAJ,Normal Tissue,0.9950670599937439,True
233,GTEX-XAJ8-1426-SM-47JYM,Normal Tissue,8,GTEX-XK95-0226-SM-4AT58,Normal Tissue,0.9943594932556152,True
233,GTEX-XAJ8-1426-SM-47JYM,Normal Tissue,9,GTEX-T5JC-0426-SM-32PLO,Normal Tissue,0.9938470125198364,True
1231,GTEX-ZLV1-1526-SM-4WWBC,Normal Tissue,0,GTEX-ZVP2-0326-SM-57WBP,Normal Tissue,0.9994772672653198,True
1231,GTEX-ZLV1-1526-SM-4WWBC,Normal Tissue,1,GTEX-Y5V6-2326-SM-4VDSA,Normal Tissue,0.9992634654045105,True
1231,GTEX-ZLV1-1526-SM-4WWBC,Normal Tissue,2,GTEX-133LE-2326-SM-5K7W3,Normal Tissue,0.9981606602668762,True
1231,GTEX-ZLV1-1526-SM-4WWBC,Normal Tissue,3,GTEX-11ZU8-0126-SM-5EQ58,Normal Tissue,0.9980294108390808,True
1231,GTEX-ZLV1-1526-SM-4WWBC,Normal Tissue,4,GTEX-1313W-0626-SM-5EQ4H,Normal Tissue,0.9978857040405273,True
1231,GTEX-ZLV1-1526-SM-4WWBC,Normal Tissue,5,GTEX-W5X1-2526-SM-3GILC,Normal Tissue,0.9974460601806641,True
1231,GTEX-ZLV1-1526-SM-4WWBC,Normal Tissue,6,GTEX-11EQ9-2426-SM-5HL5T,Normal Tissue,0.9973709583282471,True
1231,GTEX-ZLV1-1526-SM-4WWBC,Normal Tissue,7,GTEX-11OF3-0126-SM-5PNYF,Normal Tissue,0.9966318011283875,True
1231,GTEX-ZLV1-1526-SM-4WWBC,Normal Tissue,8,GTEX-ZF29-0926-SM-4WKFZ,Normal Tissue,0.9961610436439514,True
1231,GTEX-ZLV1-1526-SM-4WWBC,Normal Tissue,9,GTEX-Y3IK-1626-SM-4YCF5,Normal Tissue,0.996143102645874,True
701,GTEX-WZTO-0126-SM-3NM95,Normal Tissue,0,GTEX-146FR-1326-SM-5SIAJ,Normal Tissue,0.9954628944396973,True
701,GTEX-WZTO-0126-SM-3NM95,Normal Tissue,1,GTEX-12ZZY-0226-SM-5LZVE,Normal Tissue,0.9949148297309875,True
701,GTEX-WZTO-0126-SM-3NM95,Normal Tissue,2,GTEX-X4EO-0326-SM-3P5YO,Normal Tissue,0.9928060173988342,True
701,GTEX-WZTO-0126-SM-3NM95,Normal Tissue,3,GTEX-WFON-1926-SM-3LK7L,Normal Tissue,0.990654468536377,True
701,GTEX-WZTO-0126-SM-3NM95,Normal Tissue,4,GTEX-XPVG-2126-SM-4B667,Normal Tissue,0.9903079867362976,True
701,GTEX-WZTO-0126-SM-3NM95,Normal Tissue,5,GTEX-XAJ8-1426-SM-47JYM,Normal Tissue,0.9884136319160461,True
701,GTEX-WZTO-0126-SM-3NM95,Normal Tissue,6,GTEX-WH7G-2026-SM-3NMBL,Normal Tissue,0.9860103130340576,True
701,GTEX-WZTO-0126-SM-3NM95,Normal Tissue,7,GTEX-139TU-0726-SM-5L3EK,Normal Tissue,0.9856093525886536,True
701,GTEX-WZTO-0126-SM-3NM95,Normal Tissue,8,GTEX-WHPG-2626-SM-3NMBR,Normal Tissue,0.985533595085144,True
701,GTEX-WZTO-0126-SM-3NM95,Normal Tissue,9,GTEX-Z93S-1626-SM-5CVMB,Normal Tissue,0.9847300052642822,True
122,GTEX-XUZC-0008-SM-4BOQG,Normal Tissue,0,GTEX-WXYG-0008-SM-4ONDU,Normal Tissue,0.9991008043289185,True
122,GTEX-XUZC-0008-SM-4BOQG,Normal Tissue,1,GTEX-ZQG8-0008-SM-4YCE7,Normal Tissue,0.9973656535148621,True
122,GTEX-XUZC-0008-SM-4BOQG,Normal Tissue,2,GTEX-S341-0008-SM-4AD6D,Normal Tissue,0.9973477125167847,True
122,GTEX-XUZC-0008-SM-4BOQG,Normal Tissue,3,GTEX-111VG-0008-SM-5Q5BG,Normal Tissue,0.995830774307251,True
122,GTEX-XUZC-0008-SM-4BOQG,Normal Tissue,4,GTEX-RTLS-0008-SM-48FET,Normal Tissue,0.9952913522720337,True
122,GTEX-XUZC-0008-SM-4BOQG,Normal Tissue,5,GTEX-T2YK-0008-SM-4DM6M,Normal Tissue,0.9944831132888794,True
122,GTEX-XUZC-0008-SM-4BOQG,Normal Tissue,6,GTEX-ZPIC-0008-SM-4E3JF,Normal Tissue,0.9930883049964905,True
122,GTEX-XUZC-0008-SM-4BOQG,Normal Tissue,7,GTEX-W5WG-0008-SM-4KL25,Normal Tissue,0.9918692708015442,True
122,GTEX-XUZC-0008-SM-4BOQG,Normal Tissue,8,GTEX-ZVP2-0008-SM-51MSL,Normal Tissue,0.9910703301429749,True
122,GTEX-XUZC-0008-SM-4BOQG,Normal Tissue,9,GTEX-PSDG-0008-SM-48TE5,Normal Tissue,0.9902837872505188,True
62,GTEX-12WSB-0126-SM-59HJN,Normal Tissue,0,GTEX-ZY6K-1826-SM-5GZXK,Normal Tissue,0.997135579586029,True
62,GTEX-12WSB-0126-SM-59HJN,Normal Tissue,1,GTEX-11H98-0126-SM-5EGHG,Normal Tissue,0.9966111183166504,True
62,GTEX-12WSB-0126-SM-59HJN,Normal Tissue,2,GTEX-ZE9C-2526-SM-5IJDR,Normal Tissue,0.9953038096427917,True
62,GTEX-12WSB-0126-SM-59HJN,Normal Tissue,3,GTEX-YECK-0326-SM-4W1YS,Normal Tissue,0.9949376583099365,True
62,GTEX-12WSB-0126-SM-59HJN,Normal Tissue,4,GTEX-11NUK-2726-SM-5A5MC,Normal Tissue,0.9928495287895203,True
62,GTEX-12WSB-0126-SM-59HJN,Normal Tissue,5,GTEX-13PVQ-0126-SM-5SIB4,Normal Tissue,0.9901463985443115,True
62,GTEX-12WSB-0126-SM-59HJN,Normal Tissue,6,GTEX-ZWKS-0626-SM-5GIDV,Normal Tissue,0.9894264936447144,True
62,GTEX-12WSB-0126-SM-59HJN,Normal Tissue,7,GTEX-XBEC-0726-SM-4QARZ,Normal Tissue,0.9892581105232239,True
62,GTEX-12WSB-0126-SM-59HJN,Normal Tissue,8,GTEX-12696-0126-SM-5EQ4L,Normal Tissue,0.9889035820960999,True
62,GTEX-12WSB-0126-SM-59HJN,Normal Tissue,9,GTEX-X4EP-0626-SM-3P621,Normal Tissue,0.9885703921318054,True
155,GTEX-ZTTD-2826-SM-4YCFA,Normal Tissue,0,GTEX-YECK-0326-SM-4W1YS,Normal Tissue,0.9935140013694763,True
155,GTEX-ZTTD-2826-SM-4YCFA,Normal Tissue,1,GTEX-ZUA1-2626-SM-5NQ92,Normal Tissue,0.9883390069007874,True
155,GTEX-ZTTD-2826-SM-4YCFA,Normal Tissue,2,GTEX-12WSB-0126-SM-59HJN,Normal Tissue,0.9849982261657715,True
155,GTEX-ZTTD-2826-SM-4YCFA,Normal Tissue,3,GTEX-ZY6K-1826-SM-5GZXK,Normal Tissue,0.9766034483909607,True
155,GTEX-ZTTD-2826-SM-4YCFA,Normal Tissue,4,GTEX-ZE9C-2526-SM-5IJDR,Normal Tissue,0.9737605452537537,True
155,GTEX-ZTTD-2826-SM-4YCFA,Normal Tissue,5,GTEX-ZYFD-0626-SM-5E44E,Normal Tissue,0.972853422164917,True
155,GTEX-ZTTD-2826-SM-4YCFA,Normal Tissue,6,GTEX-11H98-0126-SM-5EGHG,Normal Tissue,0.9726997017860413,True
155,GTEX-ZTTD-2826-SM-4YCFA,Normal Tissue,7,GTEX-12WSB-2926-SM-59HKL,Normal Tissue,0.9695008397102356,True
155,GTEX-ZTTD-2826-SM-4YCFA,Normal Tissue,8,GTEX-X4EP-0626-SM-3P621,Normal Tissue,0.9667860269546509,True
155,GTEX-ZTTD-2826-SM-4YCFA,Normal Tissue,9,GTEX-ZDTT-0426-SM-4WKFL,Normal Tissue,0.9643281698226929,True
49,GTEX-WI4N-1026-SM-3LK7N,Normal Tissue,0,GTEX-ZVP2-0326-SM-57WBP,Normal Tissue,0.9977903366088867,True
49,GTEX-WI4N-1026-SM-3LK7N,Normal Tissue,1,GTEX-Y5V6-2326-SM-4VDSA,Normal Tissue,0.9974122643470764,True
49,GTEX-WI4N-1026-SM-3LK7N,Normal Tissue,2,GTEX-X62O-0126-SM-4E3JN,Normal Tissue,0.9970730543136597,True
49,GTEX-WI4N-1026-SM-3LK7N,Normal Tissue,3,GTEX-Y3IK-1626-SM-4YCF5,Normal Tissue,0.9964988827705383,True
49,GTEX-WI4N-1026-SM-3LK7N,Normal Tissue,4,GTEX-W5X1-2526-SM-3GILC,Normal Tissue,0.9964905381202698,True
49,GTEX-WI4N-1026-SM-3LK7N,Normal Tissue,5,GTEX-ZF29-0926-SM-4WKFZ,Normal Tissue,0.9961487054824829,True
49,GTEX-WI4N-1026-SM-3LK7N,Normal Tissue,6,GTEX-11DZ1-0126-SM-5985Q,Normal Tissue,0.9960401058197021,True
49,GTEX-WI4N-1026-SM-3LK7N,Normal Tissue,7,GTEX-11ZU8-0126-SM-5EQ58,Normal Tissue,0.9960293173789978,True
49,GTEX-WI4N-1026-SM-3LK7N,Normal Tissue,8,GTEX-ZLV1-1526-SM-4WWBC,Normal Tissue,0.9956960678100586,True
49,GTEX-WI4N-1026-SM-3LK7N,Normal Tissue,9,GTEX-ZAJG-0126-SM-5HL94,Normal Tissue,0.9956830143928528,True
1006,TCGA-YD-A9TA-06,Metastasis,0,TCGA-GN-A9SD-06,Metastasis,0.9869089126586914,True
1006,TCGA-YD-A9TA-06,Metastasis,1,TCGA-EE-A20F-06,Metastasis,0.9791860580444336,True
1006,TCGA-YD-A9TA-06,Metastasis,2,TCGA-WE-AA9Y-06,Metastasis,0.9758703708648682,True
1006,TCGA-YD-A9TA-06,Metastasis,3,TCGA-DA-A95V-06,Metastasis,0.9695994853973389,True
1006,TCGA-YD-A9TA-06,Metastasis,4,TCGA-EE-A2A6-06,Metastasis,0.9686693549156189,True
1006,TCGA-YD-A9TA-06,Metastasis,5,TCGA-EE-A2M6-06,Metastasis,0.965286135673523,True
1006,TCGA-YD-A9TA-06,Metastasis,6,TCGA-D3-A3MR-06,Metastasis,0.9652819037437439,True
1006,TCGA-YD-A9TA-06,Metastasis,7,TCGA-FW-A3TU-06,Metastasis,0.959883451461792,True
1006,TCGA-YD-A9TA-06,Metastasis,8,TCGA-EE-A2M8-06,Metastasis,0.9587917327880859,True
1006,TCGA-YD-A9TA-06,Metastasis,9,TCGA-D3-A8GO-06,Metastasis,0.9568835496902466,True
1173,TCGA-FS-A4FB-06,Metastasis,0,GTEX-WCDI-0008-SM-47JYE,Normal Tissue,0.9871564507484436,False
1173,TCGA-FS-A4FB-06,Metastasis,1,GTEX-WRHU-0008-SM-4MVPB,Normal Tissue,0.9793206453323364,False
1173,TCGA-FS-A4FB-06,Metastasis,2,GTEX-WVJS-0008-SM-4MVPC,Normal Tissue,0.9783016443252563,False
1173,TCGA-FS-A4FB-06,Metastasis,3,GTEX-OHPM-0008-SM-4E3IP,Normal Tissue,0.9781485795974731,False
1173,TCGA-FS-A4FB-06,Metastasis,4,GTEX-RVPU-0008-SM-3NM8B,Normal Tissue,0.9768990874290466,False
1173,TCGA-FS-A4FB-06,Metastasis,5,GTEX-R55F-0008-SM-48FE6,Normal Tissue,0.9765881299972534,False
1173,TCGA-FS-A4FB-06,Metastasis,6,TCGA-EE-A29L-06,Metastasis,0.9745804667472839,True
1173,TCGA-FS-A4FB-06,Metastasis,7,TCGA-EE-A3AG-06,Metastasis,0.9731441140174866,True
1173,TCGA-FS-A4FB-06,Metastasis,8,GTEX-WWYW-0008-SM-4MVPF,Normal Tissue,0.9719209671020508,False
1173,TCGA-FS-A4FB-06,Metastasis,9,GTEX-Y9LG-0008-SM-4VBRJ,Normal Tissue,0.9719078540802002,False
823,TCGA-D3-A51R-06,Metastasis,0,TCGA-WE-A8ZM-06,Metastasis,0.9961653351783752,True
823,TCGA-D3-A51R-06,Metastasis,1,TCGA-D3-A8GR-06,Metastasis,0.9941332936286926,True
823,TCGA-D3-A51R-06,Metastasis,2,TCGA-WE-A8ZN-06,Metastasis,0.9907744526863098,True
823,TCGA-D3-A51R-06,Metastasis,3,TCGA-D3-A3MV-06,Metastasis,0.9806185960769653,True
823,TCGA-D3-A51R-06,Metastasis,4,TCGA-YG-AA3P-06,Metastasis,0.9800876975059509,True
823,TCGA-D3-A51R-06,Metastasis,5,TCGA-FR-A3YO-06,Metastasis,0.9792659282684326,True
823,TCGA-D3-A51R-06,Metastasis,6,TCGA-GN-A262-06,Metastasis,0.9772802591323853,True
823,TCGA-D3-A51R-06,Metastasis,7,TCGA-YG-AA3O-06,Metastasis,0.9696671962738037,True
823,TCGA-D3-A51R-06,Metastasis,8,TCGA-D3-A8GQ-06,Metastasis,0.9694070816040039,True
823,TCGA-D3-A51R-06,Metastasis,9,TCGA-D3-A51G-06,Metastasis,0.9687175154685974,True
641,GTEX-TML8-1926-SM-32QOS,Normal Tissue,0,GTEX-145LS-0126-SM-5QGP1,Normal Tissue,0.9989285469055176,True
641,GTEX-TML8-1926-SM-32QOS,Normal Tissue,1,GTEX-TMZS-0126-SM-3DB9Q,Normal Tissue,0.9988584518432617,True
641,GTEX-TML8-1926-SM-32QOS,Normal Tissue,2,GTEX-XQ8I-0926-SM-4BOOF,Normal Tissue,0.9988232851028442,True
641,GTEX-TML8-1926-SM-32QOS,Normal Tissue,3,GTEX-147F4-0226-SM-5QGPW,Normal Tissue,0.9985989928245544,True
641,GTEX-TML8-1926-SM-32QOS,Normal Tissue,4,GTEX-Y5LM-1926-SM-5RQJH,Normal Tissue,0.998215913772583,True
641,GTEX-TML8-1926-SM-32QOS,Normal Tissue,5,GTEX-11OF3-0126-SM-5PNYF,Normal Tissue,0.9969187378883362,True
641,GTEX-TML8-1926-SM-32QOS,Normal Tissue,6,GTEX-11ZU8-0126-SM-5EQ58,Normal Tissue,0.9967558979988098,True
641,GTEX-TML8-1926-SM-32QOS,Normal Tissue,7,GTEX-139T8-0626-SM-5KLZX,Normal Tissue,0.9967418909072876,True
641,GTEX-TML8-1926-SM-32QOS,Normal Tissue,8,GTEX-13113-1926-SM-5LZWG,Normal Tissue,0.996432900428772,True
641,GTEX-TML8-1926-SM-32QOS,Normal Tissue,9,GTEX-14A6H-0126-SM-5QGPK,Normal Tissue,0.9963378310203552,True
1203,TCGA-FS-A1ZQ-06,Metastasis,0,TCGA-EE-A184-06,Metastasis,0.9894842505455017,True
1203,TCGA-FS-A1ZQ-06,Metastasis,1,TCGA-EE-A2GK-06,Metastasis,0.9870733022689819,True
1203,TCGA-FS-A1ZQ-06,Metastasis,2,TCGA-EE-A2MS-06,Metastasis,0.9863213896751404,True
1203,TCGA-FS-A1ZQ-06,Metastasis,3,TCGA-D3-A2JN-06,Metastasis,0.9712491631507874,True
1203,TCGA-FS-A1ZQ-06,Metastasis,4,TCGA-FS-A1ZA-06,Metastasis,0.967104971408844,True
1203,TCGA-FS-A1ZQ-06,Metastasis,5,TCGA-ER-A2NG-06,Metastasis,0.9625832438468933,True
1203,TCGA-FS-A1ZQ-06,Metastasis,6,TCGA-ER-A19O-06,Metastasis,0.958428680896759,True
1203,TCGA-FS-A1ZQ-06,Metastasis,7,TCGA-EE-A29L-06,Metastasis,0.946850061416626,True
1203,TCGA-FS-A1ZQ-06,Metastasis,8,TCGA-FS-A1ZZ-06,Metastasis,0.9463769793510437,True
1203,TCGA-FS-A1ZQ-06,Metastasis,9,TCGA-WE-AA9Y-06,Metastasis,0.9459893703460693,True
1050,TCGA-FS-A1ZY-06,Metastasis,0,TCGA-D9-A4Z5-01,Primary Tumor,0.9977459907531738,False
1050,TCGA-FS-A1ZY-06,Metastasis,1,TCGA-D9-A6EG-06,Metastasis,0.9971020817756653,True
1050,TCGA-FS-A1ZY-06,Metastasis,2,TCGA-EE-A29B-06,Metastasis,0.9952301979064941,True
1050,TCGA-FS-A1ZY-06,Metastasis,3,TCGA-D3-A51G-06,Metastasis,0.994480311870575,True
1050,TCGA-FS-A1ZY-06,Metastasis,4,TCGA-IH-A3EA-01,Primary Tumor,0.9938268065452576,False
1050,TCGA-FS-A1ZY-06,Metastasis,5,TCGA-ER-A42H-01,Primary Tumor,0.9937601089477539,False
1050,TCGA-FS-A1ZY-06,Metastasis,6,TCGA-D3-A8GK-06,Metastasis,0.9931382536888123,True
1050,TCGA-FS-A1ZY-06,Metastasis,7,TCGA-BF-A3DM-01,Primary Tumor,0.9882656335830688,False
1050,TCGA-FS-A1ZY-06,Metastasis,8,TCGA-YG-AA3P-06,Metastasis,0.9862746000289917,True
1050,TCGA-FS-A1ZY-06,Metastasis,9,TCGA-BF-A5EP-01,Primary Tumor,0.9861488938331604,False
965,GTEX-XBEC-0726-SM-4QARZ,Normal Tissue,0,GTEX-X4EO-2926-SM-4E3JH,Normal Tissue,0.9993789792060852,True
965,GTEX-XBEC-0726-SM-4QARZ,Normal Tissue,1,GTEX-12696-0126-SM-5EQ4L,Normal Tissue,0.998353898525238,True
965,GTEX-XBEC-0726-SM-4QARZ,Normal Tissue,2,GTEX-11NUK-2726-SM-5A5MC,Normal Tissue,0.9979546070098877,True
965,GTEX-XBEC-0726-SM-4QARZ,Normal Tissue,3,GTEX-X5EB-2226-SM-46MW4,Normal Tissue,0.9979280829429626,True
965,GTEX-XBEC-0726-SM-4QARZ,Normal Tissue,4,GTEX-139D8-0226-SM-5KLZO,Normal Tissue,0.9977777004241943,True
965,GTEX-XBEC-0726-SM-4QARZ,Normal Tissue,5,GTEX-ZWKS-0626-SM-5GIDV,Normal Tissue,0.99673992395401,True
965,GTEX-XBEC-0726-SM-4QARZ,Normal Tissue,6,GTEX-ZE9C-2726-SM-57WB5,Normal Tissue,0.9966017007827759,True
965,GTEX-XBEC-0726-SM-4QARZ,Normal Tissue,7,GTEX-131XH-2226-SM-5DUXJ,Normal Tissue,0.9958017468452454,True
965,GTEX-XBEC-0726-SM-4QARZ,Normal Tissue,8,GTEX-ZU9S-1826-SM-5NQ9E,Normal Tissue,0.9951900839805603,True
965,GTEX-XBEC-0726-SM-4QARZ,Normal Tissue,9,GTEX-X4EP-0626-SM-3P621,Normal Tissue,0.9946640729904175,True
747,GTEX-14A6H-0126-SM-5QGPK,Normal Tissue,0,GTEX-147F4-0226-SM-5QGPW,Normal Tissue,0.9988849759101868,True
747,GTEX-14A6H-0126-SM-5QGPK,Normal Tissue,1,GTEX-Y3IK-1626-SM-4YCF5,Normal Tissue,0.9988387227058411,True
747,GTEX-14A6H-0126-SM-5QGPK,Normal Tissue,2,GTEX-11ZU8-0126-SM-5EQ58,Normal Tissue,0.9985815286636353,True
747,GTEX-14A6H-0126-SM-5QGPK,Normal Tissue,3,GTEX-ZF29-0926-SM-4WKFZ,Normal Tissue,0.9984979629516602,True
747,GTEX-14A6H-0126-SM-5QGPK,Normal Tissue,4,GTEX-13113-1926-SM-5LZWG,Normal Tissue,0.9982609152793884,True
747,GTEX-14A6H-0126-SM-5QGPK,Normal Tissue,5,GTEX-13CF3-2426-SM-5IFGX,Normal Tissue,0.9979772567749023,True
747,GTEX-14A6H-0126-SM-5QGPK,Normal Tissue,6,GTEX-ZE7O-0126-SM-57WC1,Normal Tissue,0.9978686571121216,True
747,GTEX-14A6H-0126-SM-5QGPK,Normal Tissue,7,GTEX-11OF3-0126-SM-5PNYF,Normal Tissue,0.9974755048751831,True
747,GTEX-14A6H-0126-SM-5QGPK,Normal Tissue,8,GTEX-TMZS-0126-SM-3DB9Q,Normal Tissue,0.9973999857902527,True
747,GTEX-14A6H-0126-SM-5QGPK,Normal Tissue,9,GTEX-Y5V6-2326-SM-4VDSA,Normal Tissue,0.9971812963485718,True
670,TCGA-D3-A8GO-06,Metastasis,0,TCGA-D3-A1Q7-06,Metastasis,0.9958299398422241,True
670,TCGA-D3-A8GO-06,Metastasis,1,TCGA-D3-A5GN-06,Metastasis,0.9950704574584961,True
670,TCGA-D3-A8GO-06,Metastasis,2,TCGA-GN-A26C-01,Primary Tumor,0.9934931397438049,False
670,TCGA-D3-A8GO-06,Metastasis,3,TCGA-D9-A3Z3-06,Metastasis,0.9913547039031982,True
670,TCGA-D3-A8GO-06,Metastasis,4,TCGA-EE-A2M8-06,Metastasis,0.9893689155578613,True
670,TCGA-D3-A8GO-06,Metastasis,5,TCGA-FW-A3TU-06,Metastasis,0.988538384437561,True
670,TCGA-D3-A8GO-06,Metastasis,6,TCGA-DA-A95V-06,Metastasis,0.984950602054596,True
670,TCGA-D3-A8GO-06,Metastasis,7,TCGA-D3-A3MR-06,Metastasis,0.9839200377464294,True
670,TCGA-D3-A8GO-06,Metastasis,8,TCGA-D9-A3Z4-01,Primary Tumor,0.9793791770935059,False
670,TCGA-D3-A8GO-06,Metastasis,9,TCGA-WE-AAA0-06,Metastasis,0.9782155752182007,True
904,GTEX-11ZU8-0126-SM-5EQ58,Normal Tissue,0,GTEX-Y3IK-1626-SM-4YCF5,Normal Tissue,0.9993972778320312,True
904,GTEX-11ZU8-0126-SM-5EQ58,Normal Tissue,1,GTEX-147F4-0226-SM-5QGPW,Normal Tissue,0.9988847970962524,True
904,GTEX-11ZU8-0126-SM-5EQ58,Normal Tissue,2,GTEX-ZVP2-0326-SM-57WBP,Normal Tissue,0.9987863302230835,True
904,GTEX-11ZU8-0126-SM-5EQ58,Normal Tissue,3,GTEX-11OF3-0126-SM-5PNYF,Normal Tissue,0.9987369179725647,True
904,GTEX-11ZU8-0126-SM-5EQ58,Normal Tissue,4,GTEX-Y5V6-2326-SM-4VDSA,Normal Tissue,0.9986276030540466,True
904,GTEX-11ZU8-0126-SM-5EQ58,Normal Tissue,5,GTEX-14A6H-0126-SM-5QGPK,Normal Tissue,0.9985815286636353,True
904,GTEX-11ZU8-0126-SM-5EQ58,Normal Tissue,6,GTEX-13CF3-2426-SM-5IFGX,Normal Tissue,0.9981347322463989,True
904,GTEX-11ZU8-0126-SM-5EQ58,Normal Tissue,7,GTEX-ZLV1-1526-SM-4WWBC,Normal Tissue,0.9980294108390808,True
904,GTEX-11ZU8-0126-SM-5EQ58,Normal Tissue,8,GTEX-ZF29-0926-SM-4WKFZ,Normal Tissue,0.9980118274688721,True
904,GTEX-11ZU8-0126-SM-5EQ58,Normal Tissue,9,GTEX-11EQ9-2426-SM-5HL5T,Normal Tissue,0.9976804256439209,True
1207,GTEX-11OF3-0126-SM-5PNYF,Normal Tissue,0,GTEX-13CF3-2426-SM-5IFGX,Normal Tissue,0.9994490146636963,True
1207,GTEX-11OF3-0126-SM-5PNYF,Normal Tissue,1,GTEX-11ZU8-0126-SM-5EQ58,Normal Tissue,0.9987369179725647,True
1207,GTEX-11OF3-0126-SM-5PNYF,Normal Tissue,2,GTEX-Y3IK-1626-SM-4YCF5,Normal Tissue,0.9983646273612976,True
1207,GTEX-11OF3-0126-SM-5PNYF,Normal Tissue,3,GTEX-Y5V6-2326-SM-4VDSA,Normal Tissue,0.9976534843444824,True
1207,GTEX-11OF3-0126-SM-5PNYF,Normal Tissue,4,GTEX-ZF29-0926-SM-4WKFZ,Normal Tissue,0.9975419640541077,True
1207,GTEX-11OF3-0126-SM-5PNYF,Normal Tissue,5,GTEX-14A6H-0126-SM-5QGPK,Normal Tissue,0.9974755048751831,True
1207,GTEX-11OF3-0126-SM-5PNYF,Normal Tissue,6,GTEX-147F4-0226-SM-5QGPW,Normal Tissue,0.997398316860199,True
1207,GTEX-11OF3-0126-SM-5PNYF,Normal Tissue,7,GTEX-11EQ9-2426-SM-5HL5T,Normal Tissue,0.9973104596138,True
1207,GTEX-11OF3-0126-SM-5PNYF,Normal Tissue,8,GTEX-ZE7O-0126-SM-57WC1,Normal Tissue,0.9972215294837952,True
1207,GTEX-11OF3-0126-SM-5PNYF,Normal Tissue,9,GTEX-145LS-0126-SM-5QGP1,Normal Tissue,0.9971136450767517,True
592,GTEX-13PVQ-0126-SM-5SIB4,Normal Tissue,0,GTEX-11H98-0126-SM-5EGHG,Normal Tissue,0.9979372024536133,True
592,GTEX-13PVQ-0126-SM-5SIB4,Normal Tissue,1,GTEX-ZY6K-1826-SM-5GZXK,Normal Tissue,0.9973556399345398,True
592,GTEX-13PVQ-0126-SM-5SIB4,Normal Tissue,2,GTEX-11ZUS-2626-SM-5FQUR,Normal Tissue,0.9954583644866943,True
592,GTEX-13PVQ-0126-SM-5SIB4,Normal Tissue,3,GTEX-11DZ1-0126-SM-5985Q,Normal Tissue,0.9953159689903259,True
592,GTEX-13PVQ-0126-SM-5SIB4,Normal Tissue,4,GTEX-12BJ1-0926-SM-5EQ62,Normal Tissue,0.9951305389404297,True
592,GTEX-13PVQ-0126-SM-5SIB4,Normal Tissue,5,GTEX-12696-0126-SM-5EQ4L,Normal Tissue,0.9944074749946594,True
592,GTEX-13PVQ-0126-SM-5SIB4,Normal Tissue,6,GTEX-13VXU-0626-SM-5L3F9,Normal Tissue,0.9928342700004578,True
592,GTEX-13PVQ-0126-SM-5SIB4,Normal Tissue,7,GTEX-12WSB-2926-SM-59HKL,Normal Tissue,0.9922643303871155,True
592,GTEX-13PVQ-0126-SM-5SIB4,Normal Tissue,8,GTEX-X5EB-2226-SM-46MW4,Normal Tissue,0.9920377135276794,True
592,GTEX-13PVQ-0126-SM-5SIB4,Normal Tissue,9,GTEX-133LE-2326-SM-5K7W3,Normal Tissue,0.9915500283241272,True
267,TCGA-FW-A3R5-06,Metastasis,0,TCGA-DA-A1I2-06,Metastasis,0.9980321526527405,True
267,TCGA-FW-A3R5-06,Metastasis,1,TCGA-RP-A695-06,Metastasis,0.9965746402740479,True
267,TCGA-FW-A3R5-06,Metastasis,2,TCGA-EB-A97M-01,Primary Tumor,0.9962946176528931,False
267,TCGA-FW-A3R5-06,Metastasis,3,TCGA-ER-A2NC-06,Metastasis,0.9931753873825073,True
267,TCGA-FW-A3R5-06,Metastasis,4,TCGA-D9-A148-06,Metastasis,0.9913344383239746,True
267,TCGA-FW-A3R5-06,Metastasis,5,TCGA-D9-A3Z4-01,Primary Tumor,0.9903970956802368,False
267,TCGA-FW-A3R5-06,Metastasis,6,TCGA-D3-A8GQ-06,Metastasis,0.9900492429733276,True
267,TCGA-FW-A3R5-06,Metastasis,7,TCGA-WE-AAA0-06,Metastasis,0.9892575740814209,True
267,TCGA-FW-A3R5-06,Metastasis,8,TCGA-YG-AA3O-06,Metastasis,0.9874154925346375,True
267,TCGA-FW-A3R5-06,Metastasis,9,TCGA-FR-A3YO-06,Metastasis,0.9868378639221191,True
887,TCGA-BF-A3DM-01,Primary Tumor,0,TCGA-BF-A5EP-01,Primary Tumor,0.9947859048843384,True
887,TCGA-BF-A3DM-01,Primary Tumor,1,TCGA-D3-A51G-06,Metastasis,0.994583785533905,False
887,TCGA-BF-A3DM-01,Primary Tumor,2,TCGA-BF-A5ES-01,Primary Tumor,0.991640567779541,True
887,TCGA-BF-A3DM-01,Primary Tumor,3,TCGA-ER-A42H-01,Primary Tumor,0.9911996126174927,True
887,TCGA-BF-A3DM-01,Primary Tumor,4,TCGA-GN-A264-06,Metastasis,0.9906492233276367,False
887,TCGA-BF-A3DM-01,Primary Tumor,5,TCGA-D9-A6EG-06,Metastasis,0.989372730255127,False
887,TCGA-BF-A3DM-01,Primary Tumor,6,TCGA-D3-A8GK-06,Metastasis,0.9893651008605957,False
887,TCGA-BF-A3DM-01,Primary Tumor,7,TCGA-FS-A1ZY-06,Metastasis,0.9882656335830688,False
887,TCGA-BF-A3DM-01,Primary Tumor,8,TCGA-YG-AA3P-06,Metastasis,0.9838481545448303,False
887,TCGA-BF-A3DM-01,Primary Tumor,9,TCGA-FR-A3YO-06,Metastasis,0.9809964895248413,False
1198,GTEX-WXYG-0008-SM-4ONDU,Normal Tissue,0,GTEX-XUZC-0008-SM-4BOQG,Normal Tissue,0.9991008043289185,True
1198,GTEX-WXYG-0008-SM-4ONDU,Normal Tissue,1,GTEX-ZQG8-0008-SM-4YCE7,Normal Tissue,0.9986606240272522,True
1198,GTEX-WXYG-0008-SM-4ONDU,Normal Tissue,2,GTEX-T2YK-0008-SM-4DM6M,Normal Tissue,0.9977378845214844,True
1198,GTEX-WXYG-0008-SM-4ONDU,Normal Tissue,3,GTEX-111VG-0008-SM-5Q5BG,Normal Tissue,0.9977174401283264,True
1198,GTEX-WXYG-0008-SM-4ONDU,Normal Tissue,4,GTEX-RTLS-0008-SM-48FET,Normal Tissue,0.9974364638328552,True
1198,GTEX-WXYG-0008-SM-4ONDU,Normal Tissue,5,GTEX-S341-0008-SM-4AD6D,Normal Tissue,0.9972732067108154,True
1198,GTEX-WXYG-0008-SM-4ONDU,Normal Tissue,6,GTEX-W5WG-0008-SM-4KL25,Normal Tissue,0.994149386882782,True
1198,GTEX-WXYG-0008-SM-4ONDU,Normal Tissue,7,GTEX-ZPIC-0008-SM-4E3JF,Normal Tissue,0.9924765825271606,True
1198,GTEX-WXYG-0008-SM-4ONDU,Normal Tissue,8,GTEX-QVJO-0008-SM-447AU,Normal Tissue,0.9923344850540161,True
1198,GTEX-WXYG-0008-SM-4ONDU,Normal Tissue,9,GTEX-11DXX-0008-SM-5Q5B8,Normal Tissue,0.9921209812164307,True
437,TCGA-ER-A2NC-06,Metastasis,0,TCGA-EB-A97M-01,Primary Tumor,0.9961166381835938,False
437,TCGA-ER-A2NC-06,Metastasis,1,TCGA-FW-A3R5-06,Metastasis,0.9931753873825073,True
437,TCGA-ER-A2NC-06,Metastasis,2,TCGA-RP-A695-06,Metastasis,0.9915109872817993,True
437,TCGA-ER-A2NC-06,Metastasis,3,TCGA-DA-A1I2-06,Metastasis,0.990211009979248,True
437,TCGA-ER-A2NC-06,Metastasis,4,TCGA-D9-A148-06,Metastasis,0.989558219909668,True
437,TCGA-ER-A2NC-06,Metastasis,5,TCGA-DA-A1I0-06,Metastasis,0.9881770014762878,True
437,TCGA-ER-A2NC-06,Metastasis,6,TCGA-FR-A3YO-06,Metastasis,0.9862244129180908,True
437,TCGA-ER-A2NC-06,Metastasis,7,TCGA-BF-A5ES-01,Primary Tumor,0.9798855185508728,False
437,TCGA-ER-A2NC-06,Metastasis,8,TCGA-WE-AAA0-06,Metastasis,0.9791801571846008,True
437,TCGA-ER-A2NC-06,Metastasis,9,TCGA-D3-A8GQ-06,Metastasis,0.9786140322685242,True
1037,GTEX-S341-0008-SM-4AD6D,Normal Tissue,0,GTEX-ZQG8-0008-SM-4YCE7,Normal Tissue,0.9988623857498169,True
1037,GTEX-S341-0008-SM-4AD6D,Normal Tissue,1,GTEX-XUZC-0008-SM-4BOQG,Normal Tissue,0.9973477125167847,True
1037,GTEX-S341-0008-SM-4AD6D,Normal Tissue,2,GTEX-WXYG-0008-SM-4ONDU,Normal Tissue,0.9972732067108154,True
1037,GTEX-S341-0008-SM-4AD6D,Normal Tissue,3,GTEX-PSDG-0008-SM-48TE5,Normal Tissue,0.9944598078727722,True
1037,GTEX-S341-0008-SM-4AD6D,Normal Tissue,4,GTEX-RTLS-0008-SM-48FET,Normal Tissue,0.9943161010742188,True
1037,GTEX-S341-0008-SM-4AD6D,Normal Tissue,5,GTEX-T2YK-0008-SM-4DM6M,Normal Tissue,0.9929487109184265,True
1037,GTEX-S341-0008-SM-4AD6D,Normal Tissue,6,GTEX-111VG-0008-SM-5Q5BG,Normal Tissue,0.9903691411018372,True
1037,GTEX-S341-0008-SM-4AD6D,Normal Tissue,7,GTEX-OOBK-0008-SM-3NB27,Normal Tissue,0.9889744520187378,True
1037,GTEX-S341-0008-SM-4AD6D,Normal Tissue,8,GTEX-W5WG-0008-SM-4KL25,Normal Tissue,0.9874345660209656,True
1037,GTEX-S341-0008-SM-4AD6D,Normal Tissue,9,GTEX-ZPIC-0008-SM-4E3JF,Normal Tissue,0.9873306751251221,True
1106,GTEX-WH7G-2026-SM-3NMBL,Normal Tissue,0,GTEX-X4EO-0326-SM-3P5YO,Normal Tissue,0.9973252415657043,True
1106,GTEX-WH7G-2026-SM-3NMBL,Normal Tissue,1,GTEX-WHPG-2626-SM-3NMBR,Normal Tissue,0.997101366519928,True
1106,GTEX-WH7G-2026-SM-3NMBL,Normal Tissue,2,GTEX-ZYFD-0626-SM-5E44E,Normal Tissue,0.9962970018386841,True
1106,GTEX-WH7G-2026-SM-3NMBL,Normal Tissue,3,GTEX-Z93S-1626-SM-5CVMB,Normal Tissue,0.9953020215034485,True
1106,GTEX-WH7G-2026-SM-3NMBL,Normal Tissue,4,GTEX-145ME-1826-SM-5SI9G,Normal Tissue,0.9951130151748657,True
1106,GTEX-WH7G-2026-SM-3NMBL,Normal Tissue,5,GTEX-WFON-1926-SM-3LK7L,Normal Tissue,0.9939348101615906,True
1106,GTEX-WH7G-2026-SM-3NMBL,Normal Tissue,6,GTEX-XAJ8-1426-SM-47JYM,Normal Tissue,0.9918650984764099,True
1106,GTEX-WH7G-2026-SM-3NMBL,Normal Tissue,7,GTEX-XPVG-2126-SM-4B667,Normal Tissue,0.9917830228805542,True
1106,GTEX-WH7G-2026-SM-3NMBL,Normal Tissue,8,GTEX-ZDTT-0426-SM-4WKFL,Normal Tissue,0.9916383624076843,True
1106,GTEX-WH7G-2026-SM-3NMBL,Normal Tissue,9,GTEX-139TU-0726-SM-5L3EK,Normal Tissue,0.9914795756340027,True
731,TCGA-D9-A3Z4-01,Primary Tumor,0,TCGA-WE-AAA0-06,Metastasis,0.9991342425346375,False
731,TCGA-D9-A3Z4-01,Primary Tumor,1,TCGA-DA-A1I2-06,Metastasis,0.995880126953125,False
731,TCGA-D9-A3Z4-01,Primary Tumor,2,TCGA-FW-A3TU-06,Metastasis,0.9951244592666626,False
731,TCGA-D9-A3Z4-01,Primary Tumor,3,TCGA-D3-A8GQ-06,Metastasis,0.9947299957275391,False
731,TCGA-D9-A3Z4-01,Primary Tumor,4,TCGA-EE-A2A6-06,Metastasis,0.9945817589759827,False
731,TCGA-D9-A3Z4-01,Primary Tumor,5,TCGA-YG-AA3O-06,Metastasis,0.9940999150276184,False
731,TCGA-D9-A3Z4-01,Primary Tumor,6,TCGA-EE-A2M8-06,Metastasis,0.9918898344039917,False
731,TCGA-D9-A3Z4-01,Primary Tumor,7,TCGA-D9-A148-06,Metastasis,0.9908463954925537,False
731,TCGA-D9-A3Z4-01,Primary Tumor,8,TCGA-FW-A3R5-06,Metastasis,0.9903970956802368,False
731,TCGA-D9-A3Z4-01,Primary Tumor,9,TCGA-GN-A26C-01,Primary Tumor,0.9867231845855713,True
1123,GTEX-X5EB-2226-SM-46MW4,Normal Tissue,0,GTEX-12696-0126-SM-5EQ4L,Normal Tissue,0.9993457794189453,True
1123,GTEX-X5EB-2226-SM-46MW4,Normal Tissue,1,GTEX-139D8-0226-SM-5KLZO,Normal Tissue,0.9989103078842163,True
1123,GTEX-X5EB-2226-SM-46MW4,Normal Tissue,2,GTEX-ZF29-0926-SM-4WKFZ,Normal Tissue,0.9987371563911438,True
1123,GTEX-X5EB-2226-SM-46MW4,Normal Tissue,3,GTEX-ZE7O-0126-SM-57WC1,Normal Tissue,0.9979618191719055,True
1123,GTEX-X5EB-2226-SM-46MW4,Normal Tissue,4,GTEX-XBEC-0726-SM-4QARZ,Normal Tissue,0.9979280829429626,True
1123,GTEX-X5EB-2226-SM-46MW4,Normal Tissue,5,GTEX-13CF3-2426-SM-5IFGX,Normal Tissue,0.9977276921272278,True
1123,GTEX-X5EB-2226-SM-46MW4,Normal Tissue,6,GTEX-133LE-2326-SM-5K7W3,Normal Tissue,0.9976625442504883,True
1123,GTEX-X5EB-2226-SM-46MW4,Normal Tissue,7,GTEX-X4EO-2926-SM-4E3JH,Normal Tissue,0.9976369142532349,True
1123,GTEX-X5EB-2226-SM-46MW4,Normal Tissue,8,GTEX-Y5V6-2326-SM-4VDSA,Normal Tissue,0.9969943165779114,True
1123,GTEX-X5EB-2226-SM-46MW4,Normal Tissue,9,GTEX-11OF3-0126-SM-5PNYF,Normal Tissue,0.9963837265968323,True
396,GTEX-Y5V6-2326-SM-4VDSA,Normal Tissue,0,GTEX-ZVP2-0326-SM-57WBP,Normal Tissue,0.9997493624687195,True
396,GTEX-Y5V6-2326-SM-4VDSA,Normal Tissue,1,GTEX-ZLV1-1526-SM-4WWBC,Normal Tissue,0.9992634654045105,True
396,GTEX-Y5V6-2326-SM-4VDSA,Normal Tissue,2,GTEX-133LE-2326-SM-5K7W3,Normal Tissue,0.9990155696868896,True
396,GTEX-Y5V6-2326-SM-4VDSA,Normal Tissue,3,GTEX-11ZU8-0126-SM-5EQ58,Normal Tissue,0.9986276030540466,True
396,GTEX-Y5V6-2326-SM-4VDSA,Normal Tissue,4,GTEX-ZF29-0926-SM-4WKFZ,Normal Tissue,0.9985211491584778,True
396,GTEX-Y5V6-2326-SM-4VDSA,Normal Tissue,5,GTEX-Y3IK-1626-SM-4YCF5,Normal Tissue,0.9977533221244812,True
396,GTEX-Y5V6-2326-SM-4VDSA,Normal Tissue,6,GTEX-11OF3-0126-SM-5PNYF,Normal Tissue,0.9976534843444824,True
396,GTEX-Y5V6-2326-SM-4VDSA,Normal Tissue,7,GTEX-WI4N-1026-SM-3LK7N,Normal Tissue,0.9974122643470764,True
396,GTEX-Y5V6-2326-SM-4VDSA,Normal Tissue,8,GTEX-14A6H-0126-SM-5QGPK,Normal Tissue,0.9971812963485718,True
396,GTEX-Y5V6-2326-SM-4VDSA,Normal Tissue,9,GTEX-13CF3-2426-SM-5IFGX,Normal Tissue,0.9970753788948059,True
886,GTEX-X4EO-2926-SM-4E3JH,Normal Tissue,0,GTEX-XBEC-0726-SM-4QARZ,Normal Tissue,0.9993789792060852,True
886,GTEX-X4EO-2926-SM-4E3JH,Normal Tissue,1,GTEX-139D8-0226-SM-5KLZO,Normal Tissue,0.9986909627914429,True
886,GTEX-X4EO-2926-SM-4E3JH,Normal Tissue,2,GTEX-ZE9C-2726-SM-57WB5,Normal Tissue,0.9983722567558289,True
886,GTEX-X4EO-2926-SM-4E3JH,Normal Tissue,3,GTEX-12696-0126-SM-5EQ4L,Normal Tissue,0.9980083107948303,True
886,GTEX-X4EO-2926-SM-4E3JH,Normal Tissue,4,GTEX-X5EB-2226-SM-46MW4,Normal Tissue,0.9976369142532349,True
886,GTEX-X4EO-2926-SM-4E3JH,Normal Tissue,5,GTEX-11NUK-2726-SM-5A5MC,Normal Tissue,0.9974790215492249,True
886,GTEX-X4EO-2926-SM-4E3JH,Normal Tissue,6,GTEX-131XH-2226-SM-5DUXJ,Normal Tissue,0.9974003434181213,True
886,GTEX-X4EO-2926-SM-4E3JH,Normal Tissue,7,GTEX-ZU9S-1826-SM-5NQ9E,Normal Tissue,0.9971141219139099,True
886,GTEX-X4EO-2926-SM-4E3JH,Normal Tissue,8,GTEX-ZDTT-0426-SM-4WKFL,Normal Tissue,0.9959843754768372,True
886,GTEX-X4EO-2926-SM-4E3JH,Normal Tissue,9,GTEX-X4EP-0626-SM-3P621,Normal Tissue,0.9957858920097351,True
1229,GTEX-UJHI-0008-SM-4IHL1,Normal Tissue,0,GTEX-ZPIC-0008-SM-4E3JF,Normal Tissue,0.9981185793876648,True
1229,GTEX-UJHI-0008-SM-4IHL1,Normal Tissue,1,GTEX-W5X1-0008-SM-4LMKA,Normal Tissue,0.997885525226593,True
1229,GTEX-UJHI-0008-SM-4IHL1,Normal Tissue,2,GTEX-UJMC-0008-SM-4IHKK,Normal Tissue,0.9973837733268738,True
1229,GTEX-UJHI-0008-SM-4IHL1,Normal Tissue,3,GTEX-XBEW-0008-SM-4AT3Y,Normal Tissue,0.9966611862182617,True
1229,GTEX-UJHI-0008-SM-4IHL1,Normal Tissue,4,GTEX-ZVP2-0008-SM-51MSL,Normal Tissue,0.995603084564209,True
1229,GTEX-UJHI-0008-SM-4IHL1,Normal Tissue,5,GTEX-Z93S-0008-SM-4RGM5,Normal Tissue,0.9955524206161499,True
1229,GTEX-UJHI-0008-SM-4IHL1,Normal Tissue,6,GTEX-XUW1-0008-SM-4BOQH,Normal Tissue,0.9950196146965027,True
1229,GTEX-UJHI-0008-SM-4IHL1,Normal Tissue,7,GTEX-RVPU-0008-SM-3NM8B,Normal Tissue,0.9949900507926941,True
1229,GTEX-UJHI-0008-SM-4IHL1,Normal Tissue,8,GTEX-Y8E4-0008-SM-4V6FW,Normal Tissue,0.9946948289871216,True
1229,GTEX-UJHI-0008-SM-4IHL1,Normal Tissue,9,GTEX-WWYW-0008-SM-4MVPF,Normal Tissue,0.9943854808807373,True
620,GTEX-XBEW-0008-SM-4AT3Y,Normal Tissue,0,GTEX-UJMC-0008-SM-4IHKK,Normal Tissue,0.9989783763885498,True
620,GTEX-XBEW-0008-SM-4AT3Y,Normal Tissue,1,GTEX-ZVP2-0008-SM-51MSL,Normal Tissue,0.998634397983551,True
620,GTEX-XBEW-0008-SM-4AT3Y,Normal Tissue,2,GTEX-Z93S-0008-SM-4RGM5,Normal Tissue,0.9982445240020752,True
620,GTEX-XBEW-0008-SM-4AT3Y,Normal Tissue,3,GTEX-Y8E4-0008-SM-4V6FW,Normal Tissue,0.9970875382423401,True
620,GTEX-XBEW-0008-SM-4AT3Y,Normal Tissue,4,GTEX-UJHI-0008-SM-4IHL1,Normal Tissue,0.9966611862182617,True
620,GTEX-XBEW-0008-SM-4AT3Y,Normal Tissue,5,GTEX-W5X1-0008-SM-4LMKA,Normal Tissue,0.9962049126625061,True
620,GTEX-XBEW-0008-SM-4AT3Y,Normal Tissue,6,GTEX-W5WG-0008-SM-4KL25,Normal Tissue,0.9955309629440308,True
620,GTEX-XBEW-0008-SM-4AT3Y,Normal Tissue,7,GTEX-XUW1-0008-SM-4BOQH,Normal Tissue,0.9952762722969055,True
620,GTEX-XBEW-0008-SM-4AT3Y,Normal Tissue,8,GTEX-WH7G-0008-SM-4LVNM,Normal Tissue,0.9952185153961182,True
620,GTEX-XBEW-0008-SM-4AT3Y,Normal Tissue,9,GTEX-X3Y1-0008-SM-4PR12,Normal Tissue,0.9949483871459961,True
284,GTEX-WHPG-2626-SM-3NMBR,Normal Tissue,0,GTEX-Z93S-1626-SM-5CVMB,Normal Tissue,0.9990947842597961,True
284,GTEX-WHPG-2626-SM-3NMBR,Normal Tissue,1,GTEX-145ME-1826-SM-5SI9G,Normal Tissue,0.9983280897140503,True
284,GTEX-WHPG-2626-SM-3NMBR,Normal Tissue,2,GTEX-WFON-1926-SM-3LK7L,Normal Tissue,0.9981401562690735,True
284,GTEX-WHPG-2626-SM-3NMBR,Normal Tissue,3,GTEX-XAJ8-1426-SM-47JYM,Normal Tissue,0.9975457787513733,True
284,GTEX-WHPG-2626-SM-3NMBR,Normal Tissue,4,GTEX-XPVG-2126-SM-4B667,Normal Tissue,0.997174084186554,True
284,GTEX-WHPG-2626-SM-3NMBR,Normal Tissue,5,GTEX-WH7G-2026-SM-3NMBL,Normal Tissue,0.997101366519928,True
284,GTEX-WHPG-2626-SM-3NMBR,Normal Tissue,6,GTEX-X4EO-0326-SM-3P5YO,Normal Tissue,0.9965730905532837,True
284,GTEX-WHPG-2626-SM-3NMBR,Normal Tissue,7,GTEX-139TU-0726-SM-5L3EK,Normal Tissue,0.9959479570388794,True
284,GTEX-WHPG-2626-SM-3NMBR,Normal Tissue,8,GTEX-12ZZX-0126-SM-5EGK9,Normal Tissue,0.9947189688682556,True
284,GTEX-WHPG-2626-SM-3NMBR,Normal Tissue,9,GTEX-XK95-0226-SM-4AT58,Normal Tissue,0.9937068223953247,True
1041,GTEX-13113-1926-SM-5LZWG,Normal Tissue,0,GTEX-TMZS-0126-SM-3DB9Q,Normal Tissue,0.9983471632003784,True
1041,GTEX-13113-1926-SM-5LZWG,Normal Tissue,1,GTEX-ZE7O-0126-SM-57WC1,Normal Tissue,0.998315691947937,True
1041,GTEX-13113-1926-SM-5LZWG,Normal Tissue,2,GTEX-14A6H-0126-SM-5QGPK,Normal Tissue,0.9982609152793884,True
1041,GTEX-13113-1926-SM-5LZWG,Normal Tissue,3,GTEX-147F4-0226-SM-5QGPW,Normal Tissue,0.9979715347290039,True
1041,GTEX-13113-1926-SM-5LZWG,Normal Tissue,4,GTEX-ZVT2-0126-SM-5GIDQ,Normal Tissue,0.9975169897079468,True
1041,GTEX-13113-1926-SM-5LZWG,Normal Tissue,5,GTEX-Y3IK-1626-SM-4YCF5,Normal Tissue,0.9972550272941589,True
1041,GTEX-13113-1926-SM-5LZWG,Normal Tissue,6,GTEX-13CF3-2426-SM-5IFGX,Normal Tissue,0.9971046447753906,True
1041,GTEX-13113-1926-SM-5LZWG,Normal Tissue,7,GTEX-XQ8I-0926-SM-4BOOF,Normal Tissue,0.997006893157959,True
1041,GTEX-13113-1926-SM-5LZWG,Normal Tissue,8,GTEX-145LS-0126-SM-5QGP1,Normal Tissue,0.9970058798789978,True
1041,GTEX-13113-1926-SM-5LZWG,Normal Tissue,9,GTEX-ZF29-0926-SM-4WKFZ,Normal Tissue,0.9969720840454102,True
1052,GTEX-WYBS-0008-SM-4ONDX,Normal Tissue,0,GTEX-OHPM-0008-SM-4E3IP,Normal Tissue,0.9942846298217773,True
1052,GTEX-WYBS-0008-SM-4ONDX,Normal Tissue,1,GTEX-R55F-0008-SM-48FE6,Normal Tissue,0.9921136498451233,True
1052,GTEX-WYBS-0008-SM-4ONDX,Normal Tissue,2,GTEX-WCDI-0008-SM-47JYE,Normal Tissue,0.9907968044281006,True
1052,GTEX-WYBS-0008-SM-4ONDX,Normal Tissue,3,GTEX-WWYW-0008-SM-4MVPF,Normal Tissue,0.9891365766525269,True
1052,GTEX-WYBS-0008-SM-4ONDX,Normal Tissue,4,GTEX-R55D-0008-SM-48FEV,Normal Tissue,0.9863819479942322,True
1052,GTEX-WYBS-0008-SM-4ONDX,Normal Tissue,5,GTEX-RVPU-0008-SM-3NM8B,Normal Tissue,0.9834948182106018,True
1052,GTEX-WYBS-0008-SM-4ONDX,Normal Tissue,6,GTEX-WRHU-0008-SM-4MVPB,Normal Tissue,0.9806513786315918,True
1052,GTEX-WYBS-0008-SM-4ONDX,Normal Tissue,7,GTEX-Y8E4-0008-SM-4V6FW,Normal Tissue,0.9798491597175598,True
1052,GTEX-WYBS-0008-SM-4ONDX,Normal Tissue,8,GTEX-T5JW-0008-SM-4DM5X,Normal Tissue,0.9789743423461914,True
1052,GTEX-WYBS-0008-SM-4ONDX,Normal Tissue,9,GTEX-XBEW-0008-SM-4AT3Y,Normal Tissue,0.9783715605735779,True
725,GTEX-145ME-1826-SM-5SI9G,Normal Tissue,0,GTEX-Z93S-1626-SM-5CVMB,Normal Tissue,0.999142587184906,True
725,GTEX-145ME-1826-SM-5SI9G,Normal Tissue,1,GTEX-WHPG-2626-SM-3NMBR,Normal Tissue,0.9983280897140503,True
725,GTEX-145ME-1826-SM-5SI9G,Normal Tissue,2,GTEX-12ZZX-0126-SM-5EGK9,Normal Tissue,0.9981755614280701,True
725,GTEX-145ME-1826-SM-5SI9G,Normal Tissue,3,GTEX-139TU-0726-SM-5L3EK,Normal Tissue,0.9977876543998718,True
725,GTEX-145ME-1826-SM-5SI9G,Normal Tissue,4,GTEX-XK95-0226-SM-4AT58,Normal Tissue,0.9977726340293884,True
725,GTEX-145ME-1826-SM-5SI9G,Normal Tissue,5,GTEX-WFON-1926-SM-3LK7L,Normal Tissue,0.99759441614151,True
725,GTEX-145ME-1826-SM-5SI9G,Normal Tissue,6,GTEX-XAJ8-1426-SM-47JYM,Normal Tissue,0.9975495338439941,True
725,GTEX-145ME-1826-SM-5SI9G,Normal Tissue,7,GTEX-12WS9-0126-SM-5EGL7,Normal Tissue,0.9967311024665833,True
725,GTEX-145ME-1826-SM-5SI9G,Normal Tissue,8,GTEX-XPVG-2126-SM-4B667,Normal Tissue,0.99644935131073,True
725,GTEX-145ME-1826-SM-5SI9G,Normal Tissue,9,GTEX-X4EO-0326-SM-3P5YO,Normal Tissue,0.9961710572242737,True
836,GTEX-139TU-0726-SM-5L3EK,Normal Tissue,0,GTEX-XAJ8-1426-SM-47JYM,Normal Tissue,0.9989364147186279,True
836,GTEX-139TU-0726-SM-5L3EK,Normal Tissue,1,GTEX-Z93S-1626-SM-5CVMB,Normal Tissue,0.9985622763633728,True
836,GTEX-139TU-0726-SM-5L3EK,Normal Tissue,2,GTEX-WFON-1926-SM-3LK7L,Normal Tissue,0.9984738230705261,True
836,GTEX-139TU-0726-SM-5L3EK,Normal Tissue,3,GTEX-XPVG-2126-SM-4B667,Normal Tissue,0.9984059929847717,True
836,GTEX-139TU-0726-SM-5L3EK,Normal Tissue,4,GTEX-145ME-1826-SM-5SI9G,Normal Tissue,0.9977876543998718,True
836,GTEX-139TU-0726-SM-5L3EK,Normal Tissue,5,GTEX-WHPG-2626-SM-3NMBR,Normal Tissue,0.9959479570388794,True
836,GTEX-139TU-0726-SM-5L3EK,Normal Tissue,6,GTEX-XK95-0226-SM-4AT58,Normal Tissue,0.9949961304664612,True
836,GTEX-139TU-0726-SM-5L3EK,Normal Tissue,7,GTEX-X4EO-0326-SM-3P5YO,Normal Tissue,0.9947075843811035,True
836,GTEX-139TU-0726-SM-5L3EK,Normal Tissue,8,GTEX-12WS9-0126-SM-5EGL7,Normal Tissue,0.9939000010490417,True
836,GTEX-139TU-0726-SM-5L3EK,Normal Tissue,9,GTEX-T5JC-0426-SM-32PLO,Normal Tissue,0.9938199520111084,True
240,GTEX-ZVT3-0008-SM-51MRI,Normal Tissue,0,GTEX-OOBK-0008-SM-3NB27,Normal Tissue,0.980245053768158,True
240,GTEX-ZVT3-0008-SM-51MRI,Normal Tissue,1,GTEX-PSDG-0008-SM-48TE5,Normal Tissue,0.9760645627975464,True
240,GTEX-ZVT3-0008-SM-51MRI,Normal Tissue,2,GTEX-Y9LG-0008-SM-4VBRJ,Normal Tissue,0.971045970916748,True
240,GTEX-ZVT3-0008-SM-51MRI,Normal Tissue,3,GTEX-S341-0008-SM-4AD6D,Normal Tissue,0.970166802406311,True
240,GTEX-ZVT3-0008-SM-51MRI,Normal Tissue,4,GTEX-VUSG-0008-SM-4KL24,Normal Tissue,0.9672188758850098,True
240,GTEX-ZVT3-0008-SM-51MRI,Normal Tissue,5,GTEX-XUW1-0008-SM-4BOQH,Normal Tissue,0.9659886360168457,True
240,GTEX-ZVT3-0008-SM-51MRI,Normal Tissue,6,GTEX-XUZC-0008-SM-4BOQG,Normal Tissue,0.9630446434020996,True
240,GTEX-ZVT3-0008-SM-51MRI,Normal Tissue,7,GTEX-ZQG8-0008-SM-4YCE7,Normal Tissue,0.960297703742981,True
240,GTEX-ZVT3-0008-SM-51MRI,Normal Tissue,8,GTEX-WVJS-0008-SM-4MVPC,Normal Tissue,0.9600962996482849,True
240,GTEX-ZVT3-0008-SM-51MRI,Normal Tissue,9,GTEX-RTLS-0008-SM-48FET,Normal Tissue,0.9565496444702148,True
27,TCGA-D3-A8GK-06,Metastasis,0,TCGA-BF-A5ES-01,Primary Tumor,0.9959980845451355,False
27,TCGA-D3-A8GK-06,Metastasis,1,TCGA-IH-A3EA-01,Primary Tumor,0.9959183931350708,False
27,TCGA-D3-A8GK-06,Metastasis,2,TCGA-ER-A42H-01,Primary Tumor,0.9955495595932007,False
27,TCGA-D3-A8GK-06,Metastasis,3,TCGA-D3-A51G-06,Metastasis,0.9932949542999268,True
27,TCGA-D3-A8GK-06,Metastasis,4,TCGA-FS-A1ZY-06,Metastasis,0.9931382536888123,True
27,TCGA-D3-A8GK-06,Metastasis,5,TCGA-BF-A3DM-01,Primary Tumor,0.9893651008605957,False
27,TCGA-D3-A8GK-06,Metastasis,6,TCGA-YG-AA3P-06,Metastasis,0.9875023365020752,True
27,TCGA-D3-A8GK-06,Metastasis,7,TCGA-BF-A5EP-01,Primary Tumor,0.9874523878097534,False
27,TCGA-D3-A8GK-06,Metastasis,8,TCGA-EE-A29B-06,Metastasis,0.9870305061340332,True
27,TCGA-D3-A8GK-06,Metastasis,9,TCGA-D9-A6EG-06,Metastasis,0.9852975606918335,True
821,GTEX-12WS9-0126-SM-5EGL7,Normal Tissue,0,GTEX-12ZZX-0126-SM-5EGK9,Normal Tissue,0.9982454776763916,True
821,GTEX-12WS9-0126-SM-5EGL7,Normal Tissue,1,GTEX-XK95-0226-SM-4AT58,Normal Tissue,0.9976229667663574,True
821,GTEX-12WS9-0126-SM-5EGL7,Normal Tissue,2,GTEX-145ME-1826-SM-5SI9G,Normal Tissue,0.9967311024665833,True
821,GTEX-12WS9-0126-SM-5EGL7,Normal Tissue,3,GTEX-ZU9S-1826-SM-5NQ9E,Normal Tissue,0.9967233538627625,True
821,GTEX-12WS9-0126-SM-5EGL7,Normal Tissue,4,GTEX-131XH-2226-SM-5DUXJ,Normal Tissue,0.9962553977966309,True
821,GTEX-12WS9-0126-SM-5EGL7,Normal Tissue,5,GTEX-ZVT2-0126-SM-5GIDQ,Normal Tissue,0.9959354996681213,True
821,GTEX-12WS9-0126-SM-5EGL7,Normal Tissue,6,GTEX-ZDTT-0426-SM-4WKFL,Normal Tissue,0.9952207207679749,True
821,GTEX-12WS9-0126-SM-5EGL7,Normal Tissue,7,GTEX-XUW1-0926-SM-4BONX,Normal Tissue,0.9943822026252747,True
821,GTEX-12WS9-0126-SM-5EGL7,Normal Tissue,8,GTEX-Z93S-1626-SM-5CVMB,Normal Tissue,0.9941336512565613,True
821,GTEX-12WS9-0126-SM-5EGL7,Normal Tissue,9,GTEX-X4EO-2926-SM-4E3JH,Normal Tissue,0.9941256642341614,True
599,TCGA-GN-A9SD-06,Metastasis,0,TCGA-EE-A20F-06,Metastasis,0.99307781457901,True
599,TCGA-GN-A9SD-06,Metastasis,1,TCGA-DA-A95V-06,Metastasis,0.9888826608657837,True
599,TCGA-GN-A9SD-06,Metastasis,2,TCGA-YD-A9TA-06,Metastasis,0.9869089126586914,True
599,TCGA-GN-A9SD-06,Metastasis,3,TCGA-D3-A3MR-06,Metastasis,0.9858643412590027,True
599,TCGA-GN-A9SD-06,Metastasis,4,TCGA-WE-AA9Y-06,Metastasis,0.9850192070007324,True
599,TCGA-GN-A9SD-06,Metastasis,5,TCGA-EE-A2M6-06,Metastasis,0.9748953580856323,True
599,TCGA-GN-A9SD-06,Metastasis,6,TCGA-EE-A2A6-06,Metastasis,0.9734586477279663,True
599,TCGA-GN-A9SD-06,Metastasis,7,TCGA-EE-A2M8-06,Metastasis,0.9727685451507568,True
599,TCGA-GN-A9SD-06,Metastasis,8,TCGA-FW-A3TU-06,Metastasis,0.9697082042694092,True
599,TCGA-GN-A9SD-06,Metastasis,9,TCGA-GN-A26C-01,Primary Tumor,0.9690441489219666,False
405,TCGA-YG-AA3O-06,Metastasis,0,TCGA-D3-A8GQ-06,Metastasis,0.9995546340942383,True
405,TCGA-YG-AA3O-06,Metastasis,1,TCGA-D9-A3Z4-01,Primary Tumor,0.9940999150276184,False
405,TCGA-YG-AA3O-06,Metastasis,2,TCGA-WE-AAA0-06,Metastasis,0.993934690952301,True
405,TCGA-YG-AA3O-06,Metastasis,3,TCGA-DA-A1I2-06,Metastasis,0.9918796420097351,True
405,TCGA-YG-AA3O-06,Metastasis,4,TCGA-WE-A8ZN-06,Metastasis,0.991272509098053,True
405,TCGA-YG-AA3O-06,Metastasis,5,TCGA-FW-A3R5-06,Metastasis,0.9874154925346375,True
405,TCGA-YG-AA3O-06,Metastasis,6,TCGA-WE-A8ZM-06,Metastasis,0.9855011701583862,True
405,TCGA-YG-AA3O-06,Metastasis,7,TCGA-FW-A3TU-06,Metastasis,0.9820030331611633,True
405,TCGA-YG-AA3O-06,Metastasis,8,TCGA-D3-A1Q7-06,Metastasis,0.9812231659889221,True
405,TCGA-YG-AA3O-06,Metastasis,9,TCGA-D9-A148-06,Metastasis,0.9807623624801636,True
719,GTEX-111CU-1926-SM-5GZYZ,Normal Tissue,0,GTEX-ZVT2-0126-SM-5GIDQ,Normal Tissue,0.9983240365982056,True
719,GTEX-111CU-1926-SM-5GZYZ,Normal Tissue,1,GTEX-Y8LW-1526-SM-5IFHL,Normal Tissue,0.9973898530006409,True
719,GTEX-111CU-1926-SM-5GZYZ,Normal Tissue,2,GTEX-ZE7O-0126-SM-57WC1,Normal Tissue,0.9973689913749695,True
719,GTEX-111CU-1926-SM-5GZYZ,Normal Tissue,3,GTEX-13113-1926-SM-5LZWG,Normal Tissue,0.9968817830085754,True
719,GTEX-111CU-1926-SM-5GZYZ,Normal Tissue,4,GTEX-XUW1-0926-SM-4BONX,Normal Tissue,0.9958631992340088,True
719,GTEX-111CU-1926-SM-5GZYZ,Normal Tissue,5,GTEX-XOTO-0726-SM-4B659,Normal Tissue,0.9955106377601624,True
719,GTEX-111CU-1926-SM-5GZYZ,Normal Tissue,6,GTEX-ZU9S-1826-SM-5NQ9E,Normal Tissue,0.9949176907539368,True
719,GTEX-111CU-1926-SM-5GZYZ,Normal Tissue,7,GTEX-12ZZX-0126-SM-5EGK9,Normal Tissue,0.9943680167198181,True
719,GTEX-111CU-1926-SM-5GZYZ,Normal Tissue,8,GTEX-14A6H-0126-SM-5QGPK,Normal Tissue,0.9943267107009888,True
719,GTEX-111CU-1926-SM-5GZYZ,Normal Tissue,9,GTEX-ZF29-0926-SM-4WKFZ,Normal Tissue,0.9940260052680969,True
594,GTEX-12ZZX-0126-SM-5EGK9,Normal Tissue,0,GTEX-ZU9S-1826-SM-5NQ9E,Normal Tissue,0.9989116787910461,True
594,GTEX-12ZZX-0126-SM-5EGK9,Normal Tissue,1,GTEX-XK95-0226-SM-4AT58,Normal Tissue,0.9987409710884094,True
594,GTEX-12ZZX-0126-SM-5EGK9,Normal Tissue,2,GTEX-12WS9-0126-SM-5EGL7,Normal Tissue,0.9982454776763916,True
594,GTEX-12ZZX-0126-SM-5EGK9,Normal Tissue,3,GTEX-131XH-2226-SM-5DUXJ,Normal Tissue,0.9982110261917114,True
594,GTEX-12ZZX-0126-SM-5EGK9,Normal Tissue,4,GTEX-145ME-1826-SM-5SI9G,Normal Tissue,0.9981755614280701,True
594,GTEX-12ZZX-0126-SM-5EGK9,Normal Tissue,5,GTEX-ZXG5-2126-SM-59HKD,Normal Tissue,0.9963836073875427,True
594,GTEX-12ZZX-0126-SM-5EGK9,Normal Tissue,6,GTEX-XUW1-0926-SM-4BONX,Normal Tissue,0.9962871670722961,True
594,GTEX-12ZZX-0126-SM-5EGK9,Normal Tissue,7,GTEX-ZVT2-0126-SM-5GIDQ,Normal Tissue,0.996245265007019,True
594,GTEX-12ZZX-0126-SM-5EGK9,Normal Tissue,8,GTEX-Z93S-1626-SM-5CVMB,Normal Tissue,0.9955671429634094,True
594,GTEX-12ZZX-0126-SM-5EGK9,Normal Tissue,9,GTEX-ZDTT-0426-SM-4WKFL,Normal Tissue,0.9955530762672424,True
1015,TCGA-DA-A95V-06,Metastasis,0,TCGA-D3-A3MR-06,Metastasis,0.9949951767921448,True
1015,TCGA-DA-A95V-06,Metastasis,1,TCGA-EE-A2M8-06,Metastasis,0.9936386346817017,True
1015,TCGA-DA-A95V-06,Metastasis,2,TCGA-GN-A26C-01,Primary Tumor,0.9935027956962585,False
1015,TCGA-DA-A95V-06,Metastasis,3,TCGA-EE-A20F-06,Metastasis,0.992790162563324,True
1015,TCGA-DA-A95V-06,Metastasis,4,TCGA-FW-A3TU-06,Metastasis,0.9907311201095581,True
1015,TCGA-DA-A95V-06,Metastasis,5,TCGA-D3-A5GN-06,Metastasis,0.990444004535675,True
1015,TCGA-DA-A95V-06,Metastasis,6,TCGA-GN-A9SD-06,Metastasis,0.9888826608657837,True
1015,TCGA-DA-A95V-06,Metastasis,7,TCGA-D3-A8GO-06,Metastasis,0.984950602054596,True
1015,TCGA-DA-A95V-06,Metastasis,8,TCGA-EE-A2A6-06,Metastasis,0.9846826791763306,True
1015,TCGA-DA-A95V-06,Metastasis,9,TCGA-EE-A2M6-06,Metastasis,0.9805827736854553,True
869,GTEX-1313W-0626-SM-5EQ4H,Normal Tissue,0,GTEX-12WSJ-1126-SM-5LZVJ,Normal Tissue,0.9983044266700745,True
869,GTEX-1313W-0626-SM-5EQ4H,Normal Tissue,1,GTEX-ZLV1-1526-SM-4WWBC,Normal Tissue,0.9978857040405273,True
869,GTEX-1313W-0626-SM-5EQ4H,Normal Tissue,2,GTEX-W5X1-2526-SM-3GILC,Normal Tissue,0.9977129697799683,True
869,GTEX-1313W-0626-SM-5EQ4H,Normal Tissue,3,GTEX-ZVP2-0326-SM-57WBP,Normal Tissue,0.9972748160362244,True
869,GTEX-1313W-0626-SM-5EQ4H,Normal Tissue,4,GTEX-Y5V6-2326-SM-4VDSA,Normal Tissue,0.9963026642799377,True
869,GTEX-1313W-0626-SM-5EQ4H,Normal Tissue,5,GTEX-ZAJG-0126-SM-5HL94,Normal Tissue,0.9954490065574646,True
869,GTEX-1313W-0626-SM-5EQ4H,Normal Tissue,6,GTEX-WI4N-1026-SM-3LK7N,Normal Tissue,0.9952713251113892,True
869,GTEX-1313W-0626-SM-5EQ4H,Normal Tissue,7,GTEX-1399S-0126-SM-5IJCF,Normal Tissue,0.9951823949813843,True
869,GTEX-1313W-0626-SM-5EQ4H,Normal Tissue,8,GTEX-133LE-2326-SM-5K7W3,Normal Tissue,0.995153546333313,True
869,GTEX-1313W-0626-SM-5EQ4H,Normal Tissue,9,GTEX-11ZU8-0126-SM-5EQ58,Normal Tissue,0.9937834143638611,True
794,GTEX-146FR-1326-SM-5SIAJ,Normal Tissue,0,GTEX-12ZZY-0226-SM-5LZVE,Normal Tissue,0.9955923557281494,True
794,GTEX-146FR-1326-SM-5SIAJ,Normal Tissue,1,GTEX-XPVG-2126-SM-4B667,Normal Tissue,0.9955608248710632,True
794,GTEX-146FR-1326-SM-5SIAJ,Normal Tissue,2,GTEX-WFON-1926-SM-3LK7L,Normal Tissue,0.9955222010612488,True
794,GTEX-146FR-1326-SM-5SIAJ,Normal Tissue,3,GTEX-WZTO-0126-SM-3NM95,Normal Tissue,0.9954628944396973,True
794,GTEX-146FR-1326-SM-5SIAJ,Normal Tissue,4,GTEX-XAJ8-1426-SM-47JYM,Normal Tissue,0.9950670599937439,True
794,GTEX-146FR-1326-SM-5SIAJ,Normal Tissue,5,GTEX-X4EO-0326-SM-3P5YO,Normal Tissue,0.9939799308776855,True
794,GTEX-146FR-1326-SM-5SIAJ,Normal Tissue,6,GTEX-139TU-0726-SM-5L3EK,Normal Tissue,0.9934776425361633,True
794,GTEX-146FR-1326-SM-5SIAJ,Normal Tissue,7,GTEX-T5JC-0426-SM-32PLO,Normal Tissue,0.992293655872345,True
794,GTEX-146FR-1326-SM-5SIAJ,Normal Tissue,8,GTEX-Z93S-1626-SM-5CVMB,Normal Tissue,0.9905966520309448,True
794,GTEX-146FR-1326-SM-5SIAJ,Normal Tissue,9,GTEX-145ME-1826-SM-5SI9G,Normal Tissue,0.9894266128540039,True
341,TCGA-EE-A29X-06,Metastasis,0,TCGA-ER-A19O-06,Metastasis,0.9956722259521484,True
341,TCGA-EE-A29X-06,Metastasis,1,TCGA-EE-A2M6-06,Metastasis,0.9890932440757751,True
341,TCGA-EE-A29X-06,Metastasis,2,TCGA-DA-A1I0-06,Metastasis,0.9876680970191956,True
341,TCGA-EE-A29X-06,Metastasis,3,TCGA-XV-AB01-06,Metastasis,0.9875328540802002,True
341,TCGA-EE-A29X-06,Metastasis,4,TCGA-RP-A695-06,Metastasis,0.9861235618591309,True
341,TCGA-EE-A29X-06,Metastasis,5,TCGA-EB-A97M-01,Primary Tumor,0.9860941171646118,False
341,TCGA-EE-A29X-06,Metastasis,6,TCGA-D9-A148-06,Metastasis,0.9833910465240479,True
341,TCGA-EE-A29X-06,Metastasis,7,TCGA-FW-A3R5-06,Metastasis,0.9806182980537415,True
341,TCGA-EE-A29X-06,Metastasis,8,TCGA-WE-AA9Y-06,Metastasis,0.9801803231239319,True
341,TCGA-EE-A29X-06,Metastasis,9,TCGA-ER-A2NC-06,Metastasis,0.9779965877532959,True
532,GTEX-W5X1-0008-SM-4LMKA,Normal Tissue,0,GTEX-UJMC-0008-SM-4IHKK,Normal Tissue,0.9985098242759705,True
532,GTEX-W5X1-0008-SM-4LMKA,Normal Tissue,1,GTEX-UJHI-0008-SM-4IHL1,Normal Tissue,0.997885525226593,True
532,GTEX-W5X1-0008-SM-4LMKA,Normal Tissue,2,GTEX-WEY5-0008-SM-4LMKC,Normal Tissue,0.9976640939712524,True
532,GTEX-W5X1-0008-SM-4LMKA,Normal Tissue,3,GTEX-X3Y1-0008-SM-4PR12,Normal Tissue,0.9975512623786926,True
532,GTEX-W5X1-0008-SM-4LMKA,Normal Tissue,4,GTEX-T5JW-0008-SM-4DM5X,Normal Tissue,0.9965718984603882,True
532,GTEX-W5X1-0008-SM-4LMKA,Normal Tissue,5,GTEX-XBEW-0008-SM-4AT3Y,Normal Tissue,0.9962049126625061,True
532,GTEX-W5X1-0008-SM-4LMKA,Normal Tissue,6,GTEX-11DXX-0008-SM-5Q5B8,Normal Tissue,0.9960728287696838,True
532,GTEX-W5X1-0008-SM-4LMKA,Normal Tissue,7,GTEX-ZPIC-0008-SM-4E3JF,Normal Tissue,0.9959076046943665,True
532,GTEX-W5X1-0008-SM-4LMKA,Normal Tissue,8,GTEX-ZVP2-0008-SM-51MSL,Normal Tissue,0.9955408573150635,True
532,GTEX-W5X1-0008-SM-4LMKA,Normal Tissue,9,GTEX-R55D-0008-SM-48FEV,Normal Tissue,0.9953093528747559,True
148,GTEX-ZVT2-0126-SM-5GIDQ,Normal Tissue,0,GTEX-111CU-1926-SM-5GZYZ,Normal Tissue,0.9983240365982056,True
148,GTEX-ZVT2-0126-SM-5GIDQ,Normal Tissue,1,GTEX-13113-1926-SM-5LZWG,Normal Tissue,0.9975169897079468,True
148,GTEX-ZVT2-0126-SM-5GIDQ,Normal Tissue,2,GTEX-XUW1-0926-SM-4BONX,Normal Tissue,0.9975005984306335,True
148,GTEX-ZVT2-0126-SM-5GIDQ,Normal Tissue,3,GTEX-ZE7O-0126-SM-57WC1,Normal Tissue,0.9974947571754456,True
148,GTEX-ZVT2-0126-SM-5GIDQ,Normal Tissue,4,GTEX-Y8LW-1526-SM-5IFHL,Normal Tissue,0.9968467354774475,True
148,GTEX-ZVT2-0126-SM-5GIDQ,Normal Tissue,5,GTEX-12ZZX-0126-SM-5EGK9,Normal Tissue,0.996245265007019,True
148,GTEX-ZVT2-0126-SM-5GIDQ,Normal Tissue,6,GTEX-XOTO-0726-SM-4B659,Normal Tissue,0.9961344599723816,True
148,GTEX-ZVT2-0126-SM-5GIDQ,Normal Tissue,7,GTEX-12WS9-0126-SM-5EGL7,Normal Tissue,0.9959354996681213,True
148,GTEX-ZVT2-0126-SM-5GIDQ,Normal Tissue,8,GTEX-131XH-2226-SM-5DUXJ,Normal Tissue,0.9958510398864746,True
148,GTEX-ZVT2-0126-SM-5GIDQ,Normal Tissue,9,GTEX-ZU9S-1826-SM-5NQ9E,Normal Tissue,0.9958046078681946,True
597,TCGA-DA-A1I0-06,Metastasis,0,TCGA-EB-A97M-01,Primary Tumor,0.9950141310691833,False
597,TCGA-DA-A1I0-06,Metastasis,1,TCGA-RP-A695-06,Metastasis,0.992647647857666,True
597,TCGA-DA-A1I0-06,Metastasis,2,TCGA-BF-A5ES-01,Primary Tumor,0.9891486763954163,False
597,TCGA-DA-A1I0-06,Metastasis,3,TCGA-ER-A2NC-06,Metastasis,0.9881770014762878,True
597,TCGA-DA-A1I0-06,Metastasis,4,TCGA-EE-A29X-06,Metastasis,0.9876680970191956,True
597,TCGA-DA-A1I0-06,Metastasis,5,TCGA-ER-A19O-06,Metastasis,0.9852579236030579,True
597,TCGA-DA-A1I0-06,Metastasis,6,TCGA-FW-A3R5-06,Metastasis,0.9836502075195312,True
597,TCGA-DA-A1I0-06,Metastasis,7,TCGA-FR-A3YO-06,Metastasis,0.9806315302848816,True
597,TCGA-DA-A1I0-06,Metastasis,8,TCGA-D3-A8GK-06,Metastasis,0.9781107306480408,True
597,TCGA-DA-A1I0-06,Metastasis,9,TCGA-D9-A148-06,Metastasis,0.9773171544075012,True
1090,GTEX-WCDI-0008-SM-47JYE,Normal Tissue,0,GTEX-OHPM-0008-SM-4E3IP,Normal Tissue,0.9955168962478638,True
1090,GTEX-WCDI-0008-SM-47JYE,Normal Tissue,1,GTEX-WWYW-0008-SM-4MVPF,Normal Tissue,0.9938535094261169,True
1090,GTEX-WCDI-0008-SM-47JYE,Normal Tissue,2,GTEX-Y8E4-0008-SM-4V6FW,Normal Tissue,0.9920994639396667,True
1090,GTEX-WCDI-0008-SM-47JYE,Normal Tissue,3,GTEX-RVPU-0008-SM-3NM8B,Normal Tissue,0.9920936226844788,True
1090,GTEX-WCDI-0008-SM-47JYE,Normal Tissue,4,GTEX-WYBS-0008-SM-4ONDX,Normal Tissue,0.9907968044281006,True
1090,GTEX-WCDI-0008-SM-47JYE,Normal Tissue,5,GTEX-WRHU-0008-SM-4MVPB,Normal Tissue,0.9906428456306458,True
1090,GTEX-WCDI-0008-SM-47JYE,Normal Tissue,6,GTEX-Z93S-0008-SM-4RGM5,Normal Tissue,0.9896643161773682,True
1090,GTEX-WCDI-0008-SM-47JYE,Normal Tissue,7,GTEX-WVJS-0008-SM-4MVPC,Normal Tissue,0.9880492091178894,True
1090,GTEX-WCDI-0008-SM-47JYE,Normal Tissue,8,TCGA-FS-A4FB-06,Metastasis,0.9871564507484436,False
1090,GTEX-WCDI-0008-SM-47JYE,Normal Tissue,9,GTEX-R55F-0008-SM-48FE6,Normal Tissue,0.985527515411377,True
804,GTEX-QCQG-1726-SM-3GIJ9,Normal Tissue,0,GTEX-T5JC-0426-SM-32PLO,Normal Tissue,0.9903957843780518,True
804,GTEX-QCQG-1726-SM-3GIJ9,Normal Tissue,1,GTEX-T6MO-1626-SM-32QOM,Normal Tissue,0.9817697405815125,True
804,GTEX-QCQG-1726-SM-3GIJ9,Normal Tissue,2,GTEX-XK95-0226-SM-4AT58,Normal Tissue,0.9743067622184753,True
804,GTEX-QCQG-1726-SM-3GIJ9,Normal Tissue,3,GTEX-146FR-1326-SM-5SIAJ,Normal Tissue,0.9724964499473572,True
804,GTEX-QCQG-1726-SM-3GIJ9,Normal Tissue,4,GTEX-139TU-0726-SM-5L3EK,Normal Tissue,0.9722155928611755,True
804,GTEX-QCQG-1726-SM-3GIJ9,Normal Tissue,5,GTEX-XQ8I-0926-SM-4BOOF,Normal Tissue,0.9712896943092346,True
804,GTEX-QCQG-1726-SM-3GIJ9,Normal Tissue,6,GTEX-XAJ8-1426-SM-47JYM,Normal Tissue,0.9699988961219788,True
804,GTEX-QCQG-1726-SM-3GIJ9,Normal Tissue,7,GTEX-TMZS-0126-SM-3DB9Q,Normal Tissue,0.9689096212387085,True
804,GTEX-QCQG-1726-SM-3GIJ9,Normal Tissue,8,GTEX-Y5LM-1926-SM-5RQJH,Normal Tissue,0.9682685136795044,True
804,GTEX-QCQG-1726-SM-3GIJ9,Normal Tissue,9,GTEX-XPVG-2126-SM-4B667,Normal Tissue,0.9680107235908508,True
274,GTEX-WVJS-0008-SM-4MVPC,Normal Tissue,0,GTEX-Y9LG-0008-SM-4VBRJ,Normal Tissue,0.9985640048980713,True
274,GTEX-WVJS-0008-SM-4MVPC,Normal Tissue,1,GTEX-WRHU-0008-SM-4MVPB,Normal Tissue,0.9985249638557434,True
274,GTEX-WVJS-0008-SM-4MVPC,Normal Tissue,2,GTEX-RVPU-0008-SM-3NM8B,Normal Tissue,0.9978963732719421,True
274,GTEX-WVJS-0008-SM-4MVPC,Normal Tissue,3,GTEX-Y8E4-0008-SM-4V6FW,Normal Tissue,0.9961732625961304,True
274,GTEX-WVJS-0008-SM-4MVPC,Normal Tissue,4,GTEX-XUW1-0008-SM-4BOQH,Normal Tissue,0.9956898093223572,True
274,GTEX-WVJS-0008-SM-4MVPC,Normal Tissue,5,GTEX-Z93S-0008-SM-4RGM5,Normal Tissue,0.9953500628471375,True
274,GTEX-WVJS-0008-SM-4MVPC,Normal Tissue,6,GTEX-VUSG-0008-SM-4KL24,Normal Tissue,0.9950607419013977,True
274,GTEX-WVJS-0008-SM-4MVPC,Normal Tissue,7,GTEX-WWYW-0008-SM-4MVPF,Normal Tissue,0.9934216141700745,True
274,GTEX-WVJS-0008-SM-4MVPC,Normal Tissue,8,GTEX-UJHI-0008-SM-4IHL1,Normal Tissue,0.9921858310699463,True
274,GTEX-WVJS-0008-SM-4MVPC,Normal Tissue,9,GTEX-XBEW-0008-SM-4AT3Y,Normal Tissue,0.9904111623764038,True
607,GTEX-P4QS-0008-SM-48TDY,Normal Tissue,0,GTEX-X5EB-0008-SM-46MU3,Normal Tissue,0.9987761974334717,True
607,GTEX-P4QS-0008-SM-48TDY,Normal Tissue,1,GTEX-WEY5-0008-SM-4LMKC,Normal Tissue,0.9985442161560059,True
607,GTEX-P4QS-0008-SM-48TDY,Normal Tissue,2,GTEX-T5JW-0008-SM-4DM5X,Normal Tissue,0.9981626272201538,True
607,GTEX-P4QS-0008-SM-48TDY,Normal Tissue,3,GTEX-X3Y1-0008-SM-4PR12,Normal Tissue,0.9981615543365479,True
607,GTEX-P4QS-0008-SM-48TDY,Normal Tissue,4,GTEX-WHSE-0008-SM-4M1ZO,Normal Tissue,0.9972918033599854,True
607,GTEX-P4QS-0008-SM-48TDY,Normal Tissue,5,GTEX-11DXX-0008-SM-5Q5B8,Normal Tissue,0.9968786835670471,True
607,GTEX-P4QS-0008-SM-48TDY,Normal Tissue,6,GTEX-QVJO-0008-SM-447AU,Normal Tissue,0.9964696168899536,True
607,GTEX-P4QS-0008-SM-48TDY,Normal Tissue,7,GTEX-W5X1-0008-SM-4LMKA,Normal Tissue,0.9948887825012207,True
607,GTEX-P4QS-0008-SM-48TDY,Normal Tissue,8,GTEX-WH7G-0008-SM-4LVNM,Normal Tissue,0.994595468044281,True
607,GTEX-P4QS-0008-SM-48TDY,Normal Tissue,9,GTEX-R55D-0008-SM-48FEV,Normal Tissue,0.9942998290061951,True
1190,TCGA-FS-A1ZZ-06,Metastasis,0,TCGA-FS-A1ZA-06,Metastasis,0.9884632229804993,True
1190,TCGA-FS-A1ZZ-06,Metastasis,1,TCGA-ER-A2NG-06,Metastasis,0.9833195805549622,True
1190,TCGA-FS-A1ZZ-06,Metastasis,2,TCGA-ER-A197-06,Metastasis,0.9770361185073853,True
1190,TCGA-FS-A1ZZ-06,Metastasis,3,TCGA-EE-A3AG-06,Metastasis,0.9739535450935364,True
1190,TCGA-FS-A1ZZ-06,Metastasis,4,TCGA-EE-A29L-06,Metastasis,0.9701111912727356,True
1190,TCGA-FS-A1ZZ-06,Metastasis,5,GTEX-ZV7C-0926-SM-59HL1,Normal Tissue,0.9537776112556458,False
1190,TCGA-FS-A1ZZ-06,Metastasis,6,TCGA-ER-A19N-06,Metastasis,0.951709508895874,True
1190,TCGA-FS-A1ZZ-06,Metastasis,7,TCGA-FS-A1ZQ-06,Metastasis,0.9463769793510437,True
1190,TCGA-FS-A1ZZ-06,Metastasis,8,TCGA-DA-A1IC-06,Metastasis,0.945041298866272,True
1190,TCGA-FS-A1ZZ-06,Metastasis,9,TCGA-EE-A184-06,Metastasis,0.9444226026535034,True
372,GTEX-ZUA1-2626-SM-5NQ92,Normal Tissue,0,GTEX-YECK-0326-SM-4W1YS,Normal Tissue,0.9900474548339844,True
372,GTEX-ZUA1-2626-SM-5NQ92,Normal Tissue,1,GTEX-ZTTD-2826-SM-4YCFA,Normal Tissue,0.9883390069007874,True
372,GTEX-ZUA1-2626-SM-5NQ92,Normal Tissue,2,GTEX-ZY6K-1826-SM-5GZXK,Normal Tissue,0.984877347946167,True
372,GTEX-ZUA1-2626-SM-5NQ92,Normal Tissue,3,GTEX-X4EP-0626-SM-3P621,Normal Tissue,0.9826186895370483,True
372,GTEX-ZUA1-2626-SM-5NQ92,Normal Tissue,4,GTEX-12WSB-0126-SM-59HJN,Normal Tissue,0.9820286631584167,True
372,GTEX-ZUA1-2626-SM-5NQ92,Normal Tissue,5,GTEX-11H98-0126-SM-5EGHG,Normal Tissue,0.9800988435745239,True
372,GTEX-ZUA1-2626-SM-5NQ92,Normal Tissue,6,GTEX-ZDTT-0426-SM-4WKFL,Normal Tissue,0.9789575338363647,True
372,GTEX-ZUA1-2626-SM-5NQ92,Normal Tissue,7,GTEX-13PVQ-0126-SM-5SIB4,Normal Tissue,0.9784667491912842,True
372,GTEX-ZUA1-2626-SM-5NQ92,Normal Tissue,8,GTEX-12BJ1-0926-SM-5EQ62,Normal Tissue,0.9757562279701233,True
372,GTEX-ZUA1-2626-SM-5NQ92,Normal Tissue,9,GTEX-12WSB-2926-SM-59HKL,Normal Tissue,0.9756449460983276,True
161,TCGA-EE-A2GK-06,Metastasis,0,TCGA-EE-A2MS-06,Metastasis,0.9996952414512634,True
161,TCGA-EE-A2GK-06,Metastasis,1,TCGA-D3-A2JN-06,Metastasis,0.9932119846343994,True
161,TCGA-EE-A2GK-06,Metastasis,2,TCGA-FS-A1ZQ-06,Metastasis,0.9870733022689819,True
161,TCGA-EE-A2GK-06,Metastasis,3,TCGA-WE-AA9Y-06,Metastasis,0.9813865423202515,True
161,TCGA-EE-A2GK-06,Metastasis,4,TCGA-ER-A19O-06,Metastasis,0.9760619401931763,True
161,TCGA-EE-A2GK-06,Metastasis,5,TCGA-EE-A2M6-06,Metastasis,0.9670560956001282,True
161,TCGA-EE-A2GK-06,Metastasis,6,TCGA-EE-A184-06,Metastasis,0.9663556218147278,True
161,TCGA-EE-A2GK-06,Metastasis,7,TCGA-EE-A29X-06,Metastasis,0.964435875415802,True
161,TCGA-EE-A2GK-06,Metastasis,8,TCGA-D9-A148-06,Metastasis,0.9642170071601868,True
161,TCGA-EE-A2GK-06,Metastasis,9,TCGA-FS-A1ZA-06,Metastasis,0.9602975845336914,True
251,TCGA-ER-A42H-01,Primary Tumor,0,TCGA-D3-A51G-06,Metastasis,0.9976511001586914,False
251,TCGA-ER-A42H-01,Primary Tumor,1,TCGA-YG-AA3P-06,Metastasis,0.9972383379936218,False
251,TCGA-ER-A42H-01,Primary Tumor,2,TCGA-D3-A8GK-06,Metastasis,0.9955495595932007,False
251,TCGA-ER-A42H-01,Primary Tumor,3,TCGA-IH-A3EA-01,Primary Tumor,0.9954206943511963,True
251,TCGA-ER-A42H-01,Primary Tumor,4,TCGA-FS-A1ZY-06,Metastasis,0.9937601089477539,False
251,TCGA-ER-A42H-01,Primary Tumor,5,TCGA-EE-A29B-06,Metastasis,0.992457926273346,False
251,TCGA-ER-A42H-01,Primary Tumor,6,TCGA-BF-A3DM-01,Primary Tumor,0.9911996126174927,True
251,TCGA-ER-A42H-01,Primary Tumor,7,TCGA-GN-A262-06,Metastasis,0.9908867478370667,False
251,TCGA-ER-A42H-01,Primary Tumor,8,TCGA-BF-A5ES-01,Primary Tumor,0.9896917343139648,True
251,TCGA-ER-A42H-01,Primary Tumor,9,TCGA-D9-A6EG-06,Metastasis,0.9889418482780457,False
