query_idx,query_id,query_class,rank,neighbor_id,neighbor_class,cosine,same_class
498,GTEX-RVPU-0008-SM-3NM8B,Normal Tissue,0,GTEX-WRHU-0008-SM-4MVPB,Normal Tissue,0.9996792078018188,True
498,GTEX-RVPU-0008-SM-3NM8B,Normal Tissue,1,GTEX-WWYW-0008-SM-4MVPF,Normal Tissue,0.9984662532806396,True
498,GTEX-RVPU-0008-SM-3NM8B,Normal Tissue,2,GTEX-Y9LG-0008-SM-4VBRJ,Normal Tissue,0.9967357516288757,True
498,GTEX-RVPU-0008-SM-3NM8B,Normal Tissue,3,GTEX-UJHI-0008-SM-4IHL1,Normal Tissue,0.9960474371910095,True
498,GTEX-RVPU-0008-SM-3NM8B,Normal Tissue,4,GTEX-OHPM-0008-SM-4E3IP,Normal Tissue,0.9960421323776245,True
498,GTEX-RVPU-0008-SM-3NM8B,Normal Tissue,5,GTEX-Y8E4-0008-SM-4V6FW,Normal Tissue,0.9948838353157043,True
498,GTEX-RVPU-0008-SM-3NM8B,Normal Tissue,6,GTEX-R55F-0008-SM-48FE6,Normal Tissue,0.9946472644805908,True
498,GTEX-RVPU-0008-SM-3NM8B,Normal Tissue,7,GTEX-ZPIC-0008-SM-4E3JF,Normal Tissue,0.9938746094703674,True
498,GTEX-RVPU-0008-SM-3NM8B,Normal Tissue,8,GTEX-VUSG-0008-SM-4KL24,Normal Tissue,0.9933961629867554,True
498,GTEX-RVPU-0008-SM-3NM8B,Normal Tissue,9,GTEX-WVJS-0008-SM-4MVPC,Normal Tissue,0.9932199716567993,True
675,GTEX-ZAJG-0126-SM-5HL94,Normal Tissue,0,GTEX-1497J-0226-SM-5QGPU,Normal Tissue,0.998458206653595,True
675,GTEX-ZAJG-0126-SM-5HL94,Normal Tissue,1,GTEX-147F4-0226-SM-5QGPW,Normal Tissue,0.998081386089325,True
675,GTEX-ZAJG-0126-SM-5HL94,Normal Tissue,2,GTEX-W5X1-2526-SM-3GILC,Normal Tissue,0.997663676738739,True
675,GTEX-ZAJG-0126-SM-5HL94,Normal Tissue,3,GTEX-TMZS-0126-SM-3DB9Q,Normal Tissue,0.9971156716346741,True
675,GTEX-ZAJG-0126-SM-5HL94,Normal Tissue,4,GTEX-1313W-0626-SM-5EQ4H,Normal Tissue,0.9966273307800293,True
675,GTEX-ZAJG-0126-SM-5HL94,Normal Tissue,5,GTEX-ZVP2-0326-SM-57WBP,Normal Tissue,0.995495080947876,True
675,GTEX-ZAJG-0126-SM-5HL94,Normal Tissue,6,GTEX-Y5LM-1926-SM-5RQJH,Normal Tissue,0.995487630367279,True
675,GTEX-ZAJG-0126-SM-5HL94,Normal Tissue,7,GTEX-11ZU8-0126-SM-5EQ58,Normal Tissue,0.9954652190208435,True
675,GTEX-ZAJG-0126-SM-5HL94,Normal Tissue,8,GTEX-Y3IK-1626-SM-4YCF5,Normal Tissue,0.9952550530433655,True
675,GTEX-ZAJG-0126-SM-5HL94,Normal Tissue,9,GTEX-1399S-0126-SM-5IJCF,Normal Tissue,0.9943529963493347,True
779,GTEX-13VXU-0626-SM-5L3F9,Normal Tissue,0,GTEX-14A6H-0126-SM-5QGPK,Normal Tissue,0.9986647367477417,True
779,GTEX-13VXU-0626-SM-5L3F9,Normal Tissue,1,GTEX-Y5V6-2326-SM-4VDSA,Normal Tissue,0.9982900023460388,True
779,GTEX-13VXU-0626-SM-5L3F9,Normal Tissue,2,GTEX-133LE-2326-SM-5K7W3,Normal Tissue,0.9982374310493469,True
779,GTEX-13VXU-0626-SM-5L3F9,Normal Tissue,3,GTEX-11DZ1-0126-SM-5985Q,Normal Tissue,0.9981032609939575,True
779,GTEX-13VXU-0626-SM-5L3F9,Normal Tissue,4,GTEX-WI4N-1026-SM-3LK7N,Normal Tissue,0.9979897141456604,True
779,GTEX-13VXU-0626-SM-5L3F9,Normal Tissue,5,GTEX-12WS9-0126-SM-5EGL7,Normal Tissue,0.9978758692741394,True
779,GTEX-13VXU-0626-SM-5L3F9,Normal Tissue,6,GTEX-12696-0126-SM-5EQ4L,Normal Tissue,0.9977933168411255,True
779,GTEX-13VXU-0626-SM-5L3F9,Normal Tissue,7,GTEX-11ZUS-2626-SM-5FQUR,Normal Tissue,0.9977391958236694,True
779,GTEX-13VXU-0626-SM-5L3F9,Normal Tissue,8,GTEX-ZE7O-0126-SM-57WC1,Normal Tissue,0.9975891709327698,True
779,GTEX-13VXU-0626-SM-5L3F9,Normal Tissue,9,GTEX-1399S-0126-SM-5IJCF,Normal Tissue,0.9975682497024536,True
1102,GTEX-PSDG-0008-SM-48TE5,Normal Tissue,0,GTEX-XUZC-0008-SM-4BOQG,Normal Tissue,0.9960711598396301,True
1102,GTEX-PSDG-0008-SM-48TE5,Normal Tissue,1,GTEX-ZQG8-0008-SM-4YCE7,Normal Tissue,0.9959082007408142,True
1102,GTEX-PSDG-0008-SM-48TE5,Normal Tissue,2,GTEX-T2YK-0008-SM-4DM6M,Normal Tissue,0.9951289892196655,True
1102,GTEX-PSDG-0008-SM-48TE5,Normal Tissue,3,GTEX-S341-0008-SM-4AD6D,Normal Tissue,0.9948313236236572,True
1102,GTEX-PSDG-0008-SM-48TE5,Normal Tissue,4,GTEX-WXYG-0008-SM-4ONDU,Normal Tissue,0.9947929382324219,True
1102,GTEX-PSDG-0008-SM-48TE5,Normal Tissue,5,GTEX-111VG-0008-SM-5Q5BG,Normal Tissue,0.9934471845626831,True
1102,GTEX-PSDG-0008-SM-48TE5,Normal Tissue,6,GTEX-ZVP2-0008-SM-51MSL,Normal Tissue,0.9927802681922913,True
1102,GTEX-PSDG-0008-SM-48TE5,Normal Tissue,7,GTEX-W5WG-0008-SM-4KL25,Normal Tissue,0.9926425814628601,True
1102,GTEX-PSDG-0008-SM-48TE5,Normal Tissue,8,GTEX-XUW1-0008-SM-4BOQH,Normal Tissue,0.9915985465049744,True
1102,GTEX-PSDG-0008-SM-48TE5,Normal Tissue,9,GTEX-RTLS-0008-SM-48FET,Normal Tissue,0.9897768497467041,True
668,GTEX-ZE9C-2526-SM-5IJDR,Normal Tissue,0,GTEX-XBEC-0726-SM-4QARZ,Normal Tissue,0.9991785287857056,True
668,GTEX-ZE9C-2526-SM-5IJDR,Normal Tissue,1,GTEX-Y8LW-1526-SM-5IFHL,Normal Tissue,0.9980465173721313,True
668,GTEX-ZE9C-2526-SM-5IJDR,Normal Tissue,2,GTEX-ZWKS-0626-SM-5GIDV,Normal Tissue,0.9977208375930786,True
668,GTEX-ZE9C-2526-SM-5IJDR,Normal Tissue,3,GTEX-12696-0126-SM-5EQ4L,Normal Tissue,0.9976865649223328,True
668,GTEX-ZE9C-2526-SM-5IJDR,Normal Tissue,4,GTEX-11NUK-2726-SM-5A5MC,Normal Tissue,0.99753338098526,True
668,GTEX-ZE9C-2526-SM-5IJDR,Normal Tissue,5,GTEX-12WS9-0126-SM-5EGL7,Normal Tissue,0.9970225691795349,True
668,GTEX-ZE9C-2526-SM-5IJDR,Normal Tissue,6,GTEX-11H98-0126-SM-5EGHG,Normal Tissue,0.9967768788337708,True
668,GTEX-ZE9C-2526-SM-5IJDR,Normal Tissue,7,GTEX-X5EB-2226-SM-46MW4,Normal Tissue,0.9962558150291443,True
668,GTEX-ZE9C-2526-SM-5IJDR,Normal Tissue,8,GTEX-11DZ1-0126-SM-5985Q,Normal Tissue,0.9962002038955688,True
668,GTEX-ZE9C-2526-SM-5IJDR,Normal Tissue,9,GTEX-X4EO-2926-SM-4E3JH,Normal Tissue,0.9951030611991882,True
234,GTEX-X5EB-0008-SM-46MU3,Normal Tissue,0,GTEX-T5JW-0008-SM-4DM5X,Normal Tissue,0.9994974136352539,True
234,GTEX-X5EB-0008-SM-46MU3,Normal Tissue,1,GTEX-P4QS-0008-SM-48TDY,Normal Tissue,0.9985043406486511,True
234,GTEX-X5EB-0008-SM-46MU3,Normal Tissue,2,GTEX-UJMC-0008-SM-4IHKK,Normal Tissue,0.997292160987854,True
234,GTEX-X5EB-0008-SM-46MU3,Normal Tissue,3,GTEX-WEY5-0008-SM-4LMKC,Normal Tissue,0.9972286820411682,True
234,GTEX-X5EB-0008-SM-46MU3,Normal Tissue,4,GTEX-QVJO-0008-SM-447AU,Normal Tissue,0.9951632022857666,True
234,GTEX-X5EB-0008-SM-46MU3,Normal Tissue,5,GTEX-11DXX-0008-SM-5Q5B8,Normal Tissue,0.9950994849205017,True
234,GTEX-X5EB-0008-SM-46MU3,Normal Tissue,6,GTEX-X3Y1-0008-SM-4PR12,Normal Tissue,0.9945703744888306,True
234,GTEX-X5EB-0008-SM-46MU3,Normal Tissue,7,GTEX-W5X1-0008-SM-4LMKA,Normal Tissue,0.9945107698440552,True
234,GTEX-X5EB-0008-SM-46MU3,Normal Tissue,8,GTEX-WHSE-0008-SM-4M1ZO,Normal Tissue,0.9930439591407776,True
234,GTEX-X5EB-0008-SM-46MU3,Normal Tissue,9,GTEX-RTLS-0008-SM-48FET,Normal Tissue,0.9920413494110107,True
366,GTEX-WEY5-0008-SM-4LMKC,Normal Tissue,0,GTEX-X3Y1-0008-SM-4PR12,Normal Tissue,0.9989093542098999,True
366,GTEX-WEY5-0008-SM-4LMKC,Normal Tissue,1,GTEX-UJMC-0008-SM-4IHKK,Normal Tissue,0.9984480142593384,True
366,GTEX-WEY5-0008-SM-4LMKC,Normal Tissue,2,GTEX-T5JW-0008-SM-4DM5X,Normal Tissue,0.9982742071151733,True
366,GTEX-WEY5-0008-SM-4LMKC,Normal Tissue,3,GTEX-11DXX-0008-SM-5Q5B8,Normal Tissue,0.9982704520225525,True
366,GTEX-WEY5-0008-SM-4LMKC,Normal Tissue,4,GTEX-X5EB-0008-SM-46MU3,Normal Tissue,0.9972286820411682,True
366,GTEX-WEY5-0008-SM-4LMKC,Normal Tissue,5,GTEX-P4QS-0008-SM-48TDY,Normal Tissue,0.9971972703933716,True
366,GTEX-WEY5-0008-SM-4LMKC,Normal Tissue,6,GTEX-W5X1-0008-SM-4LMKA,Normal Tissue,0.9957975745201111,True
366,GTEX-WEY5-0008-SM-4LMKC,Normal Tissue,7,GTEX-WXYG-0008-SM-4ONDU,Normal Tissue,0.9956006407737732,True
366,GTEX-WEY5-0008-SM-4LMKC,Normal Tissue,8,GTEX-ZVP2-0008-SM-51MSL,Normal Tissue,0.9954354166984558,True
366,GTEX-WEY5-0008-SM-4LMKC,Normal Tissue,9,GTEX-W5WG-0008-SM-4KL25,Normal Tissue,0.9948503971099854,True
66,GTEX-Z93S-0008-SM-4RGM5,Normal Tissue,0,GTEX-WH7G-0008-SM-4LVNM,Normal Tissue,0.9992970824241638,True
66,GTEX-Z93S-0008-SM-4RGM5,Normal Tissue,1,GTEX-Y8E4-0008-SM-4V6FW,Normal Tissue,0.9982157945632935,True
66,GTEX-Z93S-0008-SM-4RGM5,Normal Tissue,2,GTEX-XBEW-0008-SM-4AT3Y,Normal Tissue,0.9980870485305786,True
66,GTEX-Z93S-0008-SM-4RGM5,Normal Tissue,3,GTEX-QVJO-0008-SM-447AU,Normal Tissue,0.9962401390075684,True
66,GTEX-Z93S-0008-SM-4RGM5,Normal Tissue,4,GTEX-XUW1-0008-SM-4BOQH,Normal Tissue,0.9957348704338074,True
66,GTEX-Z93S-0008-SM-4RGM5,Normal Tissue,5,GTEX-W5X1-0008-SM-4LMKA,Normal Tissue,0.9946611523628235,True
66,GTEX-Z93S-0008-SM-4RGM5,Normal Tissue,6,GTEX-WCDI-0008-SM-47JYE,Normal Tissue,0.9945802092552185,True
66,GTEX-Z93S-0008-SM-4RGM5,Normal Tissue,7,GTEX-UJMC-0008-SM-4IHKK,Normal Tissue,0.9944825172424316,True
66,GTEX-Z93S-0008-SM-4RGM5,Normal Tissue,8,GTEX-ZVP2-0008-SM-51MSL,Normal Tissue,0.9941703081130981,True
66,GTEX-Z93S-0008-SM-4RGM5,Normal Tissue,9,GTEX-WVJS-0008-SM-4MVPC,Normal Tissue,0.9930371046066284,True
999,GTEX-12WSB-2926-SM-59HKL,Normal Tissue,0,GTEX-11DZ1-0126-SM-5985Q,Normal Tissue,0.9976301193237305,True
999,GTEX-12WSB-2926-SM-59HKL,Normal Tissue,1,GTEX-X4EP-0626-SM-3P621,Normal Tissue,0.9973968267440796,True
999,GTEX-12WSB-2926-SM-59HKL,Normal Tissue,2,GTEX-ZE7O-0126-SM-57WC1,Normal Tissue,0.9968093037605286,True
999,GTEX-12WSB-2926-SM-59HKL,Normal Tissue,3,GTEX-11ZUS-2626-SM-5FQUR,Normal Tissue,0.9964490532875061,True
999,GTEX-12WSB-2926-SM-59HKL,Normal Tissue,4,GTEX-X4EO-2926-SM-4E3JH,Normal Tissue,0.9960862398147583,True
999,GTEX-12WSB-2926-SM-59HKL,Normal Tissue,5,GTEX-13PVQ-0126-SM-5SIB4,Normal Tissue,0.9959568977355957,True
999,GTEX-12WSB-2926-SM-59HKL,Normal Tissue,6,GTEX-WI4N-1026-SM-3LK7N,Normal Tissue,0.9959471821784973,True
999,GTEX-12WSB-2926-SM-59HKL,Normal Tissue,7,GTEX-139D8-0226-SM-5KLZO,Normal Tissue,0.9957026243209839,True
999,GTEX-12WSB-2926-SM-59HKL,Normal Tissue,8,GTEX-12696-0126-SM-5EQ4L,Normal Tissue,0.995375394821167,True
999,GTEX-12WSB-2926-SM-59HKL,Normal Tissue,9,GTEX-133LE-2326-SM-5K7W3,Normal Tissue,0.9951605796813965,True
1013,TCGA-D3-A8GR-06,Metastasis,0,TCGA-D3-A3MV-06,Metastasis,0.9973605871200562,True
1013,TCGA-D3-A8GR-06,Metastasis,1,TCGA-WE-A8ZN-06,Metastasis,0.9971181154251099,True
1013,TCGA-D3-A8GR-06,Metastasis,2,TCGA-GN-A262-06,Metastasis,0.9937020540237427,True
1013,TCGA-D3-A8GR-06,Metastasis,3,TCGA-WE-A8ZM-06,Metastasis,0.9889426827430725,True
1013,TCGA-D3-A8GR-06,Metastasis,4,TCGA-D3-A51G-06,Metastasis,0.9887983202934265,True
1013,TCGA-D3-A8GR-06,Metastasis,5,TCGA-YG-AA3P-06,Metastasis,0.9885327219963074,True
1013,TCGA-D3-A8GR-06,Metastasis,6,TCGA-D3-A51R-06,Metastasis,0.987908124923706,True
1013,TCGA-D3-A8GR-06,Metastasis,7,TCGA-FR-A3YO-06,Metastasis,0.9878877401351929,True
1013,TCGA-D3-A8GR-06,Metastasis,8,TCGA-ER-A42H-01,Primary Tumor,0.9877799153327942,False
1013,TCGA-D3-A8GR-06,Metastasis,9,TCGA-D3-A8GQ-06,Metastasis,0.9812974333763123,True
315,GTEX-WFG7-0008-SM-4LMKB,Normal Tissue,0,GTEX-111VG-0008-SM-5Q5BG,Normal Tissue,0.9942876696586609,True
315,GTEX-WFG7-0008-SM-4LMKB,Normal Tissue,1,GTEX-WHSE-0008-SM-4M1ZO,Normal Tissue,0.9926131963729858,True
315,GTEX-WFG7-0008-SM-4LMKB,Normal Tissue,2,GTEX-11DXX-0008-SM-5Q5B8,Normal Tissue,0.9906453490257263,True
315,GTEX-WFG7-0008-SM-4LMKB,Normal Tissue,3,GTEX-W5WG-0008-SM-4KL25,Normal Tissue,0.9899396896362305,True
315,GTEX-WFG7-0008-SM-4LMKB,Normal Tissue,4,GTEX-T2YK-0008-SM-4DM6M,Normal Tissue,0.9897722601890564,True
315,GTEX-WFG7-0008-SM-4LMKB,Normal Tissue,5,GTEX-P4QS-0008-SM-48TDY,Normal Tissue,0.9891606569290161,True
315,GTEX-WFG7-0008-SM-4LMKB,Normal Tissue,6,GTEX-RTLS-0008-SM-48FET,Normal Tissue,0.9879262447357178,True
315,GTEX-WFG7-0008-SM-4LMKB,Normal Tissue,7,GTEX-X5EB-0008-SM-46MU3,Normal Tissue,0.9860667586326599,True
315,GTEX-WFG7-0008-SM-4LMKB,Normal Tissue,8,GTEX-WEY5-0008-SM-4LMKC,Normal Tissue,0.9857482314109802,True
315,GTEX-WFG7-0008-SM-4LMKB,Normal Tissue,9,GTEX-WXYG-0008-SM-4ONDU,Normal Tissue,0.9847495555877686,True
578,TCGA-EB-A1NK-01,Primary Tumor,0,TCGA-BF-A3DJ-01,Primary Tumor,0.9404985308647156,True
578,TCGA-EB-A1NK-01,Primary Tumor,1,TCGA-EB-A3HV-01,Primary Tumor,0.9048613905906677,True
578,TCGA-EB-A1NK-01,Primary Tumor,2,TCGA-EB-A51B-01,Primary Tumor,0.8844494819641113,True
578,TCGA-EB-A1NK-01,Primary Tumor,3,TCGA-DA-A1IC-06,Metastasis,0.8818896412849426,False
578,TCGA-EB-A1NK-01,Primary Tumor,4,TCGA-EB-A57M-01,Primary Tumor,0.8342038989067078,True
578,TCGA-EB-A1NK-01,Primary Tumor,5,TCGA-EB-A41A-01,Primary Tumor,0.7718757390975952,True
578,TCGA-EB-A1NK-01,Primary Tumor,6,TCGA-EB-A3Y7-01,Primary Tumor,0.7040509581565857,True
578,TCGA-EB-A1NK-01,Primary Tumor,7,TCGA-ER-A197-06,Metastasis,0.6598522663116455,False
578,TCGA-EB-A1NK-01,Primary Tumor,8,GTEX-WI4N-2726-SM-3LK7Y,Normal Tissue,0.6450074315071106,False
578,TCGA-EB-A1NK-01,Primary Tumor,9,TCGA-D3-A3CC-06,Metastasis,0.6426911950111389,False
299,GTEX-UJMC-0008-SM-4IHKK,Normal Tissue,0,GTEX-WEY5-0008-SM-4LMKC,Normal Tissue,0.9984480142593384,True
299,GTEX-UJMC-0008-SM-4IHKK,Normal Tissue,1,GTEX-X3Y1-0008-SM-4PR12,Normal Tissue,0.998418927192688,True
299,GTEX-UJMC-0008-SM-4IHKK,Normal Tissue,2,GTEX-T5JW-0008-SM-4DM5X,Normal Tissue,0.9982679486274719,True
299,GTEX-UJMC-0008-SM-4IHKK,Normal Tissue,3,GTEX-X5EB-0008-SM-46MU3,Normal Tissue,0.997292160987854,True
299,GTEX-UJMC-0008-SM-4IHKK,Normal Tissue,4,GTEX-W5X1-0008-SM-4LMKA,Normal Tissue,0.9972345232963562,True
299,GTEX-UJMC-0008-SM-4IHKK,Normal Tissue,5,GTEX-ZVP2-0008-SM-51MSL,Normal Tissue,0.9965686202049255,True
299,GTEX-UJMC-0008-SM-4IHKK,Normal Tissue,6,GTEX-11DXX-0008-SM-5Q5B8,Normal Tissue,0.9964743852615356,True
299,GTEX-UJMC-0008-SM-4IHKK,Normal Tissue,7,GTEX-QVJO-0008-SM-447AU,Normal Tissue,0.996470034122467,True
299,GTEX-UJMC-0008-SM-4IHKK,Normal Tissue,8,GTEX-WH7G-0008-SM-4LVNM,Normal Tissue,0.9964418411254883,True
299,GTEX-UJMC-0008-SM-4IHKK,Normal Tissue,9,GTEX-RTLS-0008-SM-48FET,Normal Tissue,0.9953151345252991,True
357,GTEX-Y5LM-1926-SM-5RQJH,Normal Tissue,0,GTEX-TMZS-0126-SM-3DB9Q,Normal Tissue,0.9990003108978271,True
357,GTEX-Y5LM-1926-SM-5RQJH,Normal Tissue,1,GTEX-T6MO-1626-SM-32QOM,Normal Tissue,0.998665452003479,True
357,GTEX-Y5LM-1926-SM-5RQJH,Normal Tissue,2,GTEX-TML8-1926-SM-32QOS,Normal Tissue,0.9977042078971863,True
357,GTEX-Y5LM-1926-SM-5RQJH,Normal Tissue,3,GTEX-147F4-0226-SM-5QGPW,Normal Tissue,0.9972596764564514,True
357,GTEX-Y5LM-1926-SM-5RQJH,Normal Tissue,4,GTEX-13113-1926-SM-5LZWG,Normal Tissue,0.9972043037414551,True
357,GTEX-Y5LM-1926-SM-5RQJH,Normal Tissue,5,GTEX-145LS-0126-SM-5QGP1,Normal Tissue,0.9971949458122253,True
357,GTEX-Y5LM-1926-SM-5RQJH,Normal Tissue,6,GTEX-Y3IK-1626-SM-4YCF5,Normal Tissue,0.9970679879188538,True
357,GTEX-Y5LM-1926-SM-5RQJH,Normal Tissue,7,GTEX-XQ8I-0926-SM-4BOOF,Normal Tissue,0.996881902217865,True
357,GTEX-Y5LM-1926-SM-5RQJH,Normal Tissue,8,GTEX-1497J-0226-SM-5QGPU,Normal Tissue,0.9961725473403931,True
357,GTEX-Y5LM-1926-SM-5RQJH,Normal Tissue,9,GTEX-11ZU8-0126-SM-5EQ58,Normal Tissue,0.995750904083252,True
1092,GTEX-1399S-0126-SM-5IJCF,Normal Tissue,0,GTEX-12WSJ-1126-SM-5LZVJ,Normal Tissue,0.9988224506378174,True
1092,GTEX-1399S-0126-SM-5IJCF,Normal Tissue,1,GTEX-W5X1-2526-SM-3GILC,Normal Tissue,0.998206615447998,True
1092,GTEX-1399S-0126-SM-5IJCF,Normal Tissue,2,GTEX-WI4N-1026-SM-3LK7N,Normal Tissue,0.9979075789451599,True
1092,GTEX-1399S-0126-SM-5IJCF,Normal Tissue,3,GTEX-13VXU-0626-SM-5L3F9,Normal Tissue,0.9975682497024536,True
1092,GTEX-1399S-0126-SM-5IJCF,Normal Tissue,4,GTEX-11ZUS-2626-SM-5FQUR,Normal Tissue,0.9974732398986816,True
1092,GTEX-1399S-0126-SM-5IJCF,Normal Tissue,5,GTEX-133LE-2326-SM-5K7W3,Normal Tissue,0.9973291158676147,True
1092,GTEX-1399S-0126-SM-5IJCF,Normal Tissue,6,GTEX-1313W-0626-SM-5EQ4H,Normal Tissue,0.9972334504127502,True
1092,GTEX-1399S-0126-SM-5IJCF,Normal Tissue,7,GTEX-ZVP2-0326-SM-57WBP,Normal Tissue,0.9969717264175415,True
1092,GTEX-1399S-0126-SM-5IJCF,Normal Tissue,8,GTEX-ZE7O-0126-SM-57WC1,Normal Tissue,0.9967716336250305,True
1092,GTEX-1399S-0126-SM-5IJCF,Normal Tissue,9,GTEX-Y5V6-2326-SM-4VDSA,Normal Tissue,0.9967442750930786,True
541,GTEX-Y9LG-0008-SM-4VBRJ,Normal Tissue,0,GTEX-VUSG-0008-SM-4KL24,Normal Tissue,0.9983350038528442,True
541,GTEX-Y9LG-0008-SM-4VBRJ,Normal Tissue,1,GTEX-WRHU-0008-SM-4MVPB,Normal Tissue,0.9974983334541321,True
541,GTEX-Y9LG-0008-SM-4VBRJ,Normal Tissue,2,GTEX-RVPU-0008-SM-3NM8B,Normal Tissue,0.9967357516288757,True
541,GTEX-Y9LG-0008-SM-4VBRJ,Normal Tissue,3,GTEX-OOBK-0008-SM-3NB27,Normal Tissue,0.9957719445228577,True
541,GTEX-Y9LG-0008-SM-4VBRJ,Normal Tissue,4,GTEX-WVJS-0008-SM-4MVPC,Normal Tissue,0.9937145113945007,True
541,GTEX-Y9LG-0008-SM-4VBRJ,Normal Tissue,5,GTEX-WWYW-0008-SM-4MVPF,Normal Tissue,0.99315345287323,True
541,GTEX-Y9LG-0008-SM-4VBRJ,Normal Tissue,6,GTEX-Y8E4-0008-SM-4V6FW,Normal Tissue,0.9908449649810791,True
541,GTEX-Y9LG-0008-SM-4VBRJ,Normal Tissue,7,GTEX-UJHI-0008-SM-4IHL1,Normal Tissue,0.9900986552238464,True
541,GTEX-Y9LG-0008-SM-4VBRJ,Normal Tissue,8,GTEX-OHPM-0008-SM-4E3IP,Normal Tissue,0.9893986582756042,True
541,GTEX-Y9LG-0008-SM-4VBRJ,Normal Tissue,9,GTEX-ZPIC-0008-SM-4E3JF,Normal Tissue,0.9889338612556458,True
189,GTEX-T5JC-0426-SM-32PLO,Normal Tissue,0,GTEX-TML8-1926-SM-32QOS,Normal Tissue,0.9986249208450317,True
189,GTEX-T5JC-0426-SM-32PLO,Normal Tissue,1,GTEX-XQ8I-0926-SM-4BOOF,Normal Tissue,0.9983113408088684,True
189,GTEX-T5JC-0426-SM-32PLO,Normal Tissue,2,GTEX-11EQ9-2426-SM-5HL5T,Normal Tissue,0.9978727102279663,True
189,GTEX-T5JC-0426-SM-32PLO,Normal Tissue,3,GTEX-ZXG5-2126-SM-59HKD,Normal Tissue,0.9957836270332336,True
189,GTEX-T5JC-0426-SM-32PLO,Normal Tissue,4,GTEX-XOTO-0726-SM-4B659,Normal Tissue,0.9957556128501892,True
189,GTEX-T5JC-0426-SM-32PLO,Normal Tissue,5,GTEX-139T8-0626-SM-5KLZX,Normal Tissue,0.9955609440803528,True
189,GTEX-T5JC-0426-SM-32PLO,Normal Tissue,6,GTEX-145LS-0126-SM-5QGP1,Normal Tissue,0.9952860474586487,True
189,GTEX-T5JC-0426-SM-32PLO,Normal Tissue,7,GTEX-XK95-0226-SM-4AT58,Normal Tissue,0.9952365159988403,True
189,GTEX-T5JC-0426-SM-32PLO,Normal Tissue,8,GTEX-131XH-2226-SM-5DUXJ,Normal Tissue,0.9948122501373291,True
189,GTEX-T5JC-0426-SM-32PLO,Normal Tissue,9,GTEX-13CF3-2426-SM-5IFGX,Normal Tissue,0.9947823882102966,True
633,GTEX-XK95-0226-SM-4AT58,Normal Tissue,0,GTEX-X4EO-0326-SM-3P5YO,Normal Tissue,0.9992501735687256,True
633,GTEX-XK95-0226-SM-4AT58,Normal Tissue,1,GTEX-131XH-2226-SM-5DUXJ,Normal Tissue,0.999202311038971,True
633,GTEX-XK95-0226-SM-4AT58,Normal Tissue,2,GTEX-ZXG5-2126-SM-59HKD,Normal Tissue,0.9989978075027466,True
633,GTEX-XK95-0226-SM-4AT58,Normal Tissue,3,GTEX-Z93S-1626-SM-5CVMB,Normal Tissue,0.9989162087440491,True
633,GTEX-XK95-0226-SM-4AT58,Normal Tissue,4,GTEX-145ME-1826-SM-5SI9G,Normal Tissue,0.9987764954566956,True
633,GTEX-XK95-0226-SM-4AT58,Normal Tissue,5,GTEX-139T8-0626-SM-5KLZX,Normal Tissue,0.9986746311187744,True
633,GTEX-XK95-0226-SM-4AT58,Normal Tissue,6,GTEX-XOTO-0726-SM-4B659,Normal Tissue,0.9986144304275513,True
633,GTEX-XK95-0226-SM-4AT58,Normal Tissue,7,GTEX-WFON-1926-SM-3LK7L,Normal Tissue,0.9984980821609497,True
633,GTEX-XK95-0226-SM-4AT58,Normal Tissue,8,GTEX-ZU9S-1826-SM-5NQ9E,Normal Tissue,0.998386800289154,True
633,GTEX-XK95-0226-SM-4AT58,Normal Tissue,9,GTEX-XUW1-0926-SM-4BONX,Normal Tissue,0.9983596801757812,True
68,GTEX-XUW1-0926-SM-4BONX,Normal Tissue,0,GTEX-XOTO-0726-SM-4B659,Normal Tissue,0.9993882775306702,True
68,GTEX-XUW1-0926-SM-4BONX,Normal Tissue,1,GTEX-139T8-0626-SM-5KLZX,Normal Tissue,0.9993661046028137,True
68,GTEX-XUW1-0926-SM-4BONX,Normal Tissue,2,GTEX-131XH-2226-SM-5DUXJ,Normal Tissue,0.9991347193717957,True
68,GTEX-XUW1-0926-SM-4BONX,Normal Tissue,3,GTEX-111CU-1926-SM-5GZYZ,Normal Tissue,0.9985826015472412,True
68,GTEX-XUW1-0926-SM-4BONX,Normal Tissue,4,GTEX-11EQ9-2426-SM-5HL5T,Normal Tissue,0.9985713958740234,True
68,GTEX-XUW1-0926-SM-4BONX,Normal Tissue,5,GTEX-XK95-0226-SM-4AT58,Normal Tissue,0.9983596801757812,True
68,GTEX-XUW1-0926-SM-4BONX,Normal Tissue,6,GTEX-13CF3-2426-SM-5IFGX,Normal Tissue,0.9982860684394836,True
68,GTEX-XUW1-0926-SM-4BONX,Normal Tissue,7,GTEX-ZXG5-2126-SM-59HKD,Normal Tissue,0.998271107673645,True
68,GTEX-XUW1-0926-SM-4BONX,Normal Tissue,8,GTEX-X4EO-0326-SM-3P5YO,Normal Tissue,0.997631311416626,True
68,GTEX-XUW1-0926-SM-4BONX,Normal Tissue,9,GTEX-ZVT2-0126-SM-5GIDQ,Normal Tissue,0.9973751306533813,True
812,TCGA-EE-A29B-06,Metastasis,0,TCGA-IH-A3EA-01,Primary Tumor,0.9949088096618652,False
812,TCGA-EE-A29B-06,Metastasis,1,TCGA-YG-AA3P-06,Metastasis,0.992404580116272,True
812,TCGA-EE-A29B-06,Metastasis,2,TCGA-D9-A6EG-06,Metastasis,0.9923642873764038,True
812,TCGA-EE-A29B-06,Metastasis,3,TCGA-ER-A42H-01,Primary Tumor,0.9911308288574219,False
812,TCGA-EE-A29B-06,Metastasis,4,TCGA-D3-A51G-06,Metastasis,0.9908939599990845,True
812,TCGA-EE-A29B-06,Metastasis,5,TCGA-FS-A1ZY-06,Metastasis,0.9908068180084229,True
812,TCGA-EE-A29B-06,Metastasis,6,TCGA-GN-A262-06,Metastasis,0.9856141805648804,True
812,TCGA-EE-A29B-06,Metastasis,7,TCGA-D9-A4Z5-01,Primary Tumor,0.983640730381012,False
812,TCGA-EE-A29B-06,Metastasis,8,TCGA-D3-A8GK-06,Metastasis,0.9825544357299805,True
812,TCGA-EE-A29B-06,Metastasis,9,TCGA-WE-A8ZM-06,Metastasis,0.978782594203949,True
1168,GTEX-X62O-0126-SM-4E3JN,Normal Tissue,0,GTEX-12BJ1-0926-SM-5EQ62,Normal Tissue,0.9961194396018982,True
1168,GTEX-X62O-0126-SM-4E3JN,Normal Tissue,1,GTEX-WI4N-2726-SM-3LK7Y,Normal Tissue,0.9959248900413513,True
1168,GTEX-X62O-0126-SM-4E3JN,Normal Tissue,2,GTEX-12WSJ-1126-SM-5LZVJ,Normal Tissue,0.9914029240608215,True
1168,GTEX-X62O-0126-SM-4E3JN,Normal Tissue,3,GTEX-ZUA1-2626-SM-5NQ92,Normal Tissue,0.9909929633140564,True
1168,GTEX-X62O-0126-SM-4E3JN,Normal Tissue,4,GTEX-13VXU-0626-SM-5L3F9,Normal Tissue,0.9903163909912109,True
1168,GTEX-X62O-0126-SM-4E3JN,Normal Tissue,5,GTEX-1399S-0126-SM-5IJCF,Normal Tissue,0.9889501333236694,True
1168,GTEX-X62O-0126-SM-4E3JN,Normal Tissue,6,GTEX-11ZUS-2626-SM-5FQUR,Normal Tissue,0.9886234402656555,True
1168,GTEX-X62O-0126-SM-4E3JN,Normal Tissue,7,GTEX-11DZ1-0126-SM-5985Q,Normal Tissue,0.988613486289978,True
1168,GTEX-X62O-0126-SM-4E3JN,Normal Tissue,8,GTEX-12696-0126-SM-5EQ4L,Normal Tissue,0.9883422255516052,True
1168,GTEX-X62O-0126-SM-4E3JN,Normal Tissue,9,GTEX-12WSB-2926-SM-59HKL,Normal Tissue,0.9867154955863953,True
1113,TCGA-YG-AA3P-06,Metastasis,0,TCGA-ER-A42H-01,Primary Tumor,0.9991123676300049,False
1113,TCGA-YG-AA3P-06,Metastasis,1,TCGA-D3-A51G-06,Metastasis,0.998965322971344,True
1113,TCGA-YG-AA3P-06,Metastasis,2,TCGA-GN-A262-06,Metastasis,0.9982795119285583,True
1113,TCGA-YG-AA3P-06,Metastasis,3,TCGA-WE-A8ZM-06,Metastasis,0.9932796359062195,True
1113,TCGA-YG-AA3P-06,Metastasis,4,TCGA-EE-A29B-06,Metastasis,0.992404580116272,True
1113,TCGA-YG-AA3P-06,Metastasis,5,TCGA-D9-A6EG-06,Metastasis,0.9909997582435608,True
1113,TCGA-YG-AA3P-06,Metastasis,6,TCGA-D3-A3MV-06,Metastasis,0.9906729459762573,True
1113,TCGA-YG-AA3P-06,Metastasis,7,TCGA-D3-A8GK-06,Metastasis,0.9898061752319336,True
1113,TCGA-YG-AA3P-06,Metastasis,8,TCGA-IH-A3EA-01,Primary Tumor,0.9887335300445557,False
1113,TCGA-YG-AA3P-06,Metastasis,9,TCGA-D3-A8GR-06,Metastasis,0.9885327219963074,True
24,GTEX-T6MO-1626-SM-32QOM,Normal Tissue,0,GTEX-Y5LM-1926-SM-5RQJH,Normal Tissue,0.998665452003479,True
24,GTEX-T6MO-1626-SM-32QOM,Normal Tissue,1,GTEX-TMZS-0126-SM-3DB9Q,Normal Tissue,0.9966607093811035,True
24,GTEX-T6MO-1626-SM-32QOM,Normal Tissue,2,GTEX-1497J-0226-SM-5QGPU,Normal Tissue,0.9954137206077576,True
24,GTEX-T6MO-1626-SM-32QOM,Normal Tissue,3,GTEX-TML8-1926-SM-32QOS,Normal Tissue,0.9950841665267944,True
24,GTEX-T6MO-1626-SM-32QOM,Normal Tissue,4,GTEX-QCQG-1726-SM-3GIJ9,Normal Tissue,0.994796097278595,True
24,GTEX-T6MO-1626-SM-32QOM,Normal Tissue,5,GTEX-147F4-0226-SM-5QGPW,Normal Tissue,0.9941996932029724,True
24,GTEX-T6MO-1626-SM-32QOM,Normal Tissue,6,GTEX-XQ8I-0926-SM-4BOOF,Normal Tissue,0.9936112761497498,True
24,GTEX-T6MO-1626-SM-32QOM,Normal Tissue,7,GTEX-145LS-0126-SM-5QGP1,Normal Tissue,0.993159830570221,True
24,GTEX-T6MO-1626-SM-32QOM,Normal Tissue,8,GTEX-ZAJG-0126-SM-5HL94,Normal Tissue,0.9931322336196899,True
24,GTEX-T6MO-1626-SM-32QOM,Normal Tissue,9,GTEX-13113-1926-SM-5LZWG,Normal Tissue,0.9924631714820862,True
939,GTEX-YECK-0326-SM-4W1YS,Normal Tissue,0,GTEX-12WSB-0126-SM-59HJN,Normal Tissue,0.9978780746459961,True
939,GTEX-YECK-0326-SM-4W1YS,Normal Tissue,1,GTEX-ZWKS-0626-SM-5GIDV,Normal Tissue,0.9976908564567566,True
939,GTEX-YECK-0326-SM-4W1YS,Normal Tissue,2,GTEX-11H98-0126-SM-5EGHG,Normal Tissue,0.9970747232437134,True
939,GTEX-YECK-0326-SM-4W1YS,Normal Tissue,3,GTEX-11NUK-2726-SM-5A5MC,Normal Tissue,0.9966854453086853,True
939,GTEX-YECK-0326-SM-4W1YS,Normal Tissue,4,GTEX-ZYFD-0626-SM-5E44E,Normal Tissue,0.9956734776496887,True
939,GTEX-YECK-0326-SM-4W1YS,Normal Tissue,5,GTEX-X4EP-0626-SM-3P621,Normal Tissue,0.9953965544700623,True
939,GTEX-YECK-0326-SM-4W1YS,Normal Tissue,6,GTEX-ZDTT-0426-SM-4WKFL,Normal Tissue,0.9950491786003113,True
939,GTEX-YECK-0326-SM-4W1YS,Normal Tissue,7,GTEX-ZTTD-2826-SM-4YCFA,Normal Tissue,0.9950025081634521,True
939,GTEX-YECK-0326-SM-4W1YS,Normal Tissue,8,GTEX-ZE9C-2526-SM-5IJDR,Normal Tissue,0.9948303699493408,True
939,GTEX-YECK-0326-SM-4W1YS,Normal Tissue,9,GTEX-13PVQ-0126-SM-5SIB4,Normal Tissue,0.9947906732559204,True
0,GTEX-ZF29-0926-SM-4WKFZ,Normal Tissue,0,GTEX-11ZU8-0126-SM-5EQ58,Normal Tissue,0.9992709755897522,True
0,GTEX-ZF29-0926-SM-4WKFZ,Normal Tissue,1,GTEX-ZE7O-0126-SM-57WC1,Normal Tissue,0.9990835189819336,True
0,GTEX-ZF29-0926-SM-4WKFZ,Normal Tissue,2,GTEX-Y3IK-1626-SM-4YCF5,Normal Tissue,0.99903404712677,True
0,GTEX-ZF29-0926-SM-4WKFZ,Normal Tissue,3,GTEX-11OF3-0126-SM-5PNYF,Normal Tissue,0.9989877939224243,True
0,GTEX-ZF29-0926-SM-4WKFZ,Normal Tissue,4,GTEX-13CF3-2426-SM-5IFGX,Normal Tissue,0.9989393353462219,True
0,GTEX-ZF29-0926-SM-4WKFZ,Normal Tissue,5,GTEX-WI4N-1026-SM-3LK7N,Normal Tissue,0.9989218711853027,True
0,GTEX-ZF29-0926-SM-4WKFZ,Normal Tissue,6,GTEX-133LE-2326-SM-5K7W3,Normal Tissue,0.9988914728164673,True
0,GTEX-ZF29-0926-SM-4WKFZ,Normal Tissue,7,GTEX-ZLV1-1526-SM-4WWBC,Normal Tissue,0.9987802505493164,True
0,GTEX-ZF29-0926-SM-4WKFZ,Normal Tissue,8,GTEX-ZVP2-0326-SM-57WBP,Normal Tissue,0.9987634420394897,True
0,GTEX-ZF29-0926-SM-4WKFZ,Normal Tissue,9,GTEX-145LS-0126-SM-5QGP1,Normal Tissue,0.9983577132225037,True
395,TCGA-D3-A2JN-06,Metastasis,0,TCGA-WE-AA9Y-06,Metastasis,0.9951286911964417,True
395,TCGA-D3-A2JN-06,Metastasis,1,TCGA-EE-A20F-06,Metastasis,0.9897863268852234,True
395,TCGA-D3-A2JN-06,Metastasis,2,TCGA-EE-A2GK-06,Metastasis,0.9878290295600891,True
395,TCGA-D3-A2JN-06,Metastasis,3,TCGA-EE-A2M6-06,Metastasis,0.9854150414466858,True
395,TCGA-D3-A2JN-06,Metastasis,4,TCGA-EE-A2A6-06,Metastasis,0.9812718629837036,True
395,TCGA-D3-A2JN-06,Metastasis,5,TCGA-EE-A2MS-06,Metastasis,0.9802985787391663,True
395,TCGA-D3-A2JN-06,Metastasis,6,TCGA-EE-A2M8-06,Metastasis,0.9783092737197876,True
395,TCGA-D3-A2JN-06,Metastasis,7,TCGA-EE-A29X-06,Metastasis,0.9751636385917664,True
395,TCGA-D3-A2JN-06,Metastasis,8,TCGA-D9-A148-06,Metastasis,0.9726500511169434,True
395,TCGA-D3-A2JN-06,Metastasis,9,TCGA-GN-A26C-01,Primary Tumor,0.971036970615387,False
853,TCGA-ER-A19N-06,Metastasis,0,TCGA-FS-A1ZA-06,Metastasis,0.9861821532249451,True
853,TCGA-ER-A19N-06,Metastasis,1,TCGA-ER-A2NG-06,Metastasis,0.9614527225494385,True
853,TCGA-ER-A19N-06,Metastasis,2,TCGA-D3-A2JN-06,Metastasis,0.9597123265266418,True
853,TCGA-ER-A19N-06,Metastasis,3,TCGA-EE-A2MS-06,Metastasis,0.9518589973449707,True
853,TCGA-ER-A19N-06,Metastasis,4,TCGA-EE-A2GK-06,Metastasis,0.9482904076576233,True
853,TCGA-ER-A19N-06,Metastasis,5,TCGA-FS-A1ZQ-06,Metastasis,0.947460412979126,True
853,TCGA-ER-A19N-06,Metastasis,6,TCGA-WE-AA9Y-06,Metastasis,0.9309067726135254,True
853,TCGA-ER-A19N-06,Metastasis,7,TCGA-FS-A1ZZ-06,Metastasis,0.9282138347625732,True
853,TCGA-ER-A19N-06,Metastasis,8,TCGA-EE-A20F-06,Metastasis,0.9168483018875122,True
853,TCGA-ER-A19N-06,Metastasis,9,TCGA-EE-A184-06,Metastasis,0.9163749814033508,True
126,TCGA-GN-A262-06,Metastasis,0,TCGA-YG-AA3P-06,Metastasis,0.9982795119285583,True
126,TCGA-GN-A262-06,Metastasis,1,TCGA-ER-A42H-01,Primary Tumor,0.9979872107505798,False
126,TCGA-GN-A262-06,Metastasis,2,TCGA-D3-A51G-06,Metastasis,0.996832549571991,True
126,TCGA-GN-A262-06,Metastasis,3,TCGA-D3-A3MV-06,Metastasis,0.9942943453788757,True
126,TCGA-GN-A262-06,Metastasis,4,TCGA-D3-A8GR-06,Metastasis,0.9937020540237427,True
126,TCGA-GN-A262-06,Metastasis,5,TCGA-WE-A8ZM-06,Metastasis,0.993674099445343,True
126,TCGA-GN-A262-06,Metastasis,6,TCGA-FR-A3YO-06,Metastasis,0.9910441637039185,True
126,TCGA-GN-A262-06,Metastasis,7,TCGA-D3-A8GK-06,Metastasis,0.9893457889556885,True
126,TCGA-GN-A262-06,Metastasis,8,TCGA-D3-A51R-06,Metastasis,0.9873120784759521,True
126,TCGA-GN-A262-06,Metastasis,9,TCGA-D9-A6EG-06,Metastasis,0.9862872958183289,True
609,GTEX-ZXG5-2126-SM-59HKD,Normal Tissue,0,GTEX-131XH-2226-SM-5DUXJ,Normal Tissue,0.9997370839118958,True
609,GTEX-ZXG5-2126-SM-59HKD,Normal Tissue,1,GTEX-139T8-0626-SM-5KLZX,Normal Tissue,0.999426543712616,True
609,GTEX-ZXG5-2126-SM-59HKD,Normal Tissue,2,GTEX-XOTO-0726-SM-4B659,Normal Tissue,0.9993035793304443,True
609,GTEX-ZXG5-2126-SM-59HKD,Normal Tissue,3,GTEX-XK95-0226-SM-4AT58,Normal Tissue,0.9989978075027466,True
609,GTEX-ZXG5-2126-SM-59HKD,Normal Tissue,4,GTEX-X4EO-0326-SM-3P5YO,Normal Tissue,0.9986162185668945,True
609,GTEX-ZXG5-2126-SM-59HKD,Normal Tissue,5,GTEX-11EQ9-2426-SM-5HL5T,Normal Tissue,0.9984305500984192,True
609,GTEX-ZXG5-2126-SM-59HKD,Normal Tissue,6,GTEX-13CF3-2426-SM-5IFGX,Normal Tissue,0.9983107447624207,True
609,GTEX-ZXG5-2126-SM-59HKD,Normal Tissue,7,GTEX-XUW1-0926-SM-4BONX,Normal Tissue,0.998271107673645,True
609,GTEX-ZXG5-2126-SM-59HKD,Normal Tissue,8,GTEX-12ZZX-0126-SM-5EGK9,Normal Tissue,0.9981191754341125,True
609,GTEX-ZXG5-2126-SM-59HKD,Normal Tissue,9,GTEX-145ME-1826-SM-5SI9G,Normal Tissue,0.9980600476264954,True
968,GTEX-RTLS-0008-SM-48FET,Normal Tissue,0,GTEX-T2YK-0008-SM-4DM6M,Normal Tissue,0.9979718327522278,True
968,GTEX-RTLS-0008-SM-48FET,Normal Tissue,1,GTEX-ZVP2-0008-SM-51MSL,Normal Tissue,0.997534990310669,True
968,GTEX-RTLS-0008-SM-48FET,Normal Tissue,2,GTEX-WXYG-0008-SM-4ONDU,Normal Tissue,0.9963642358779907,True
968,GTEX-RTLS-0008-SM-48FET,Normal Tissue,3,GTEX-XUW1-0008-SM-4BOQH,Normal Tissue,0.9957689046859741,True
968,GTEX-RTLS-0008-SM-48FET,Normal Tissue,4,GTEX-UJMC-0008-SM-4IHKK,Normal Tissue,0.9953151345252991,True
968,GTEX-RTLS-0008-SM-48FET,Normal Tissue,5,GTEX-W5WG-0008-SM-4KL25,Normal Tissue,0.995140552520752,True
968,GTEX-RTLS-0008-SM-48FET,Normal Tissue,6,GTEX-111VG-0008-SM-5Q5BG,Normal Tissue,0.9943365454673767,True
968,GTEX-RTLS-0008-SM-48FET,Normal Tissue,7,GTEX-XBEW-0008-SM-4AT3Y,Normal Tissue,0.994070827960968,True
968,GTEX-RTLS-0008-SM-48FET,Normal Tissue,8,GTEX-WH7G-0008-SM-4LVNM,Normal Tissue,0.9940653443336487,True
968,GTEX-RTLS-0008-SM-48FET,Normal Tissue,9,GTEX-ZQG8-0008-SM-4YCE7,Normal Tissue,0.9937052130699158,True
232,GTEX-111VG-0008-SM-5Q5BG,Normal Tissue,0,GTEX-W5WG-0008-SM-4KL25,Normal Tissue,0.9983982443809509,True
232,GTEX-111VG-0008-SM-5Q5BG,Normal Tissue,1,GTEX-T2YK-0008-SM-4DM6M,Normal Tissue,0.9981264472007751,True
232,GTEX-111VG-0008-SM-5Q5BG,Normal Tissue,2,GTEX-WXYG-0008-SM-4ONDU,Normal Tissue,0.9968481659889221,True
232,GTEX-111VG-0008-SM-5Q5BG,Normal Tissue,3,GTEX-11DXX-0008-SM-5Q5B8,Normal Tissue,0.9963595271110535,True
232,GTEX-111VG-0008-SM-5Q5BG,Normal Tissue,4,GTEX-ZQG8-0008-SM-4YCE7,Normal Tissue,0.9951388239860535,True
232,GTEX-111VG-0008-SM-5Q5BG,Normal Tissue,5,GTEX-ZVP2-0008-SM-51MSL,Normal Tissue,0.9948806166648865,True
232,GTEX-111VG-0008-SM-5Q5BG,Normal Tissue,6,GTEX-WEY5-0008-SM-4LMKC,Normal Tissue,0.9946563243865967,True
232,GTEX-111VG-0008-SM-5Q5BG,Normal Tissue,7,GTEX-RTLS-0008-SM-48FET,Normal Tissue,0.9943365454673767,True
232,GTEX-111VG-0008-SM-5Q5BG,Normal Tissue,8,GTEX-WFG7-0008-SM-4LMKB,Normal Tissue,0.9942876696586609,True
232,GTEX-111VG-0008-SM-5Q5BG,Normal Tissue,9,GTEX-S341-0008-SM-4AD6D,Normal Tissue,0.9935628175735474,True
705,GTEX-145LS-0126-SM-5QGP1,Normal Tissue,0,GTEX-ZLV1-1526-SM-4WWBC,Normal Tissue,0.9991074204444885,True
705,GTEX-145LS-0126-SM-5QGP1,Normal Tissue,1,GTEX-11ZU8-0126-SM-5EQ58,Normal Tissue,0.999072790145874,True
705,GTEX-145LS-0126-SM-5QGP1,Normal Tissue,2,GTEX-Y3IK-1626-SM-4YCF5,Normal Tissue,0.9987748861312866,True
705,GTEX-145LS-0126-SM-5QGP1,Normal Tissue,3,GTEX-ZVP2-0326-SM-57WBP,Normal Tissue,0.9986962676048279,True
705,GTEX-145LS-0126-SM-5QGP1,Normal Tissue,4,GTEX-13CF3-2426-SM-5IFGX,Normal Tissue,0.998382568359375,True
705,GTEX-145LS-0126-SM-5QGP1,Normal Tissue,5,GTEX-ZF29-0926-SM-4WKFZ,Normal Tissue,0.9983577132225037,True
705,GTEX-145LS-0126-SM-5QGP1,Normal Tissue,6,GTEX-11EQ9-2426-SM-5HL5T,Normal Tissue,0.9983468055725098,True
705,GTEX-145LS-0126-SM-5QGP1,Normal Tissue,7,GTEX-11OF3-0126-SM-5PNYF,Normal Tissue,0.9981189966201782,True
705,GTEX-145LS-0126-SM-5QGP1,Normal Tissue,8,GTEX-13113-1926-SM-5LZWG,Normal Tissue,0.9980951547622681,True
705,GTEX-145LS-0126-SM-5QGP1,Normal Tissue,9,GTEX-TMZS-0126-SM-3DB9Q,Normal Tissue,0.9980470538139343,True
917,GTEX-XQ8I-0926-SM-4BOOF,Normal Tissue,0,GTEX-TML8-1926-SM-32QOS,Normal Tissue,0.9997702240943909,True
917,GTEX-XQ8I-0926-SM-4BOOF,Normal Tissue,1,GTEX-11EQ9-2426-SM-5HL5T,Normal Tissue,0.9987432360649109,True
917,GTEX-XQ8I-0926-SM-4BOOF,Normal Tissue,2,GTEX-T5JC-0426-SM-32PLO,Normal Tissue,0.9983113408088684,True
917,GTEX-XQ8I-0926-SM-4BOOF,Normal Tissue,3,GTEX-13113-1926-SM-5LZWG,Normal Tissue,0.9979949593544006,True
917,GTEX-XQ8I-0926-SM-4BOOF,Normal Tissue,4,GTEX-ZVT2-0126-SM-5GIDQ,Normal Tissue,0.9973170161247253,True
917,GTEX-XQ8I-0926-SM-4BOOF,Normal Tissue,5,GTEX-XOTO-0726-SM-4B659,Normal Tissue,0.9969617128372192,True
917,GTEX-XQ8I-0926-SM-4BOOF,Normal Tissue,6,GTEX-145LS-0126-SM-5QGP1,Normal Tissue,0.9968984127044678,True
917,GTEX-XQ8I-0926-SM-4BOOF,Normal Tissue,7,GTEX-Y5LM-1926-SM-5RQJH,Normal Tissue,0.996881902217865,True
917,GTEX-XQ8I-0926-SM-4BOOF,Normal Tissue,8,GTEX-XUW1-0926-SM-4BONX,Normal Tissue,0.9968751072883606,True
917,GTEX-XQ8I-0926-SM-4BOOF,Normal Tissue,9,GTEX-139T8-0626-SM-5KLZX,Normal Tissue,0.9966424703598022,True
778,GTEX-OHPM-0008-SM-4E3IP,Normal Tissue,0,GTEX-R55F-0008-SM-48FE6,Normal Tissue,0.9990671873092651,True
778,GTEX-OHPM-0008-SM-4E3IP,Normal Tissue,1,GTEX-WWYW-0008-SM-4MVPF,Normal Tissue,0.9989225268363953,True
778,GTEX-OHPM-0008-SM-4E3IP,Normal Tissue,2,GTEX-WCDI-0008-SM-47JYE,Normal Tissue,0.9960828423500061,True
778,GTEX-OHPM-0008-SM-4E3IP,Normal Tissue,3,GTEX-RVPU-0008-SM-3NM8B,Normal Tissue,0.9960421323776245,True
778,GTEX-OHPM-0008-SM-4E3IP,Normal Tissue,4,GTEX-WRHU-0008-SM-4MVPB,Normal Tissue,0.9959886074066162,True
778,GTEX-OHPM-0008-SM-4E3IP,Normal Tissue,5,GTEX-R55D-0008-SM-48FEV,Normal Tissue,0.9946850538253784,True
778,GTEX-OHPM-0008-SM-4E3IP,Normal Tissue,6,GTEX-139T4-0008-SM-5S2WF,Normal Tissue,0.993631899356842,True
778,GTEX-OHPM-0008-SM-4E3IP,Normal Tissue,7,GTEX-Y8E4-0008-SM-4V6FW,Normal Tissue,0.9894201755523682,True
778,GTEX-OHPM-0008-SM-4E3IP,Normal Tissue,8,GTEX-Y9LG-0008-SM-4VBRJ,Normal Tissue,0.9893986582756042,True
778,GTEX-OHPM-0008-SM-4E3IP,Normal Tissue,9,GTEX-UJHI-0008-SM-4IHL1,Normal Tissue,0.9889711141586304,True
460,GTEX-ZWKS-0626-SM-5GIDV,Normal Tissue,0,GTEX-11NUK-2726-SM-5A5MC,Normal Tissue,0.9988330602645874,True
460,GTEX-ZWKS-0626-SM-5GIDV,Normal Tissue,1,GTEX-11H98-0126-SM-5EGHG,Normal Tissue,0.9982853531837463,True
460,GTEX-ZWKS-0626-SM-5GIDV,Normal Tissue,2,GTEX-ZE9C-2526-SM-5IJDR,Normal Tissue,0.9977208375930786,True
460,GTEX-ZWKS-0626-SM-5GIDV,Normal Tissue,3,GTEX-YECK-0326-SM-4W1YS,Normal Tissue,0.9976908564567566,True
460,GTEX-ZWKS-0626-SM-5GIDV,Normal Tissue,4,GTEX-XBEC-0726-SM-4QARZ,Normal Tissue,0.9974544644355774,True
460,GTEX-ZWKS-0626-SM-5GIDV,Normal Tissue,5,GTEX-12WSB-0126-SM-59HJN,Normal Tissue,0.9972925782203674,True
460,GTEX-ZWKS-0626-SM-5GIDV,Normal Tissue,6,GTEX-Y8LW-1526-SM-5IFHL,Normal Tissue,0.9966942667961121,True
460,GTEX-ZWKS-0626-SM-5GIDV,Normal Tissue,7,GTEX-ZTTD-2826-SM-4YCFA,Normal Tissue,0.9954312443733215,True
460,GTEX-ZWKS-0626-SM-5GIDV,Normal Tissue,8,GTEX-ZDTT-0426-SM-4WKFL,Normal Tissue,0.9946513772010803,True
460,GTEX-ZWKS-0626-SM-5GIDV,Normal Tissue,9,GTEX-12696-0126-SM-5EQ4L,Normal Tissue,0.994519054889679,True
740,TCGA-D3-A5GN-06,Metastasis,0,TCGA-FW-A3TU-06,Metastasis,0.9981915950775146,True
740,TCGA-D3-A5GN-06,Metastasis,1,TCGA-GN-A26C-01,Primary Tumor,0.9932221174240112,False
740,TCGA-D3-A5GN-06,Metastasis,2,TCGA-DA-A95V-06,Metastasis,0.9925843477249146,True
740,TCGA-D3-A5GN-06,Metastasis,3,TCGA-D3-A8GO-06,Metastasis,0.9896926879882812,True
740,TCGA-D3-A5GN-06,Metastasis,4,TCGA-EE-A2A6-06,Metastasis,0.9841377139091492,True
740,TCGA-D3-A5GN-06,Metastasis,5,TCGA-D9-A3Z4-01,Primary Tumor,0.9831748604774475,False
740,TCGA-D3-A5GN-06,Metastasis,6,TCGA-D3-A1Q7-06,Metastasis,0.9807535409927368,True
740,TCGA-D3-A5GN-06,Metastasis,7,TCGA-D9-A3Z3-06,Metastasis,0.9798246026039124,True
740,TCGA-D3-A5GN-06,Metastasis,8,TCGA-D3-A3MR-06,Metastasis,0.9797111749649048,True
740,TCGA-D3-A5GN-06,Metastasis,9,TCGA-EE-A2M6-06,Metastasis,0.9794941544532776,True
626,GTEX-11NUK-2726-SM-5A5MC,Normal Tissue,0,GTEX-11H98-0126-SM-5EGHG,Normal Tissue,0.9996784329414368,True
626,GTEX-11NUK-2726-SM-5A5MC,Normal Tissue,1,GTEX-ZWKS-0626-SM-5GIDV,Normal Tissue,0.9988330602645874,True
626,GTEX-11NUK-2726-SM-5A5MC,Normal Tissue,2,GTEX-XBEC-0726-SM-4QARZ,Normal Tissue,0.9984501600265503,True
626,GTEX-11NUK-2726-SM-5A5MC,Normal Tissue,3,GTEX-ZE9C-2526-SM-5IJDR,Normal Tissue,0.99753338098526,True
626,GTEX-11NUK-2726-SM-5A5MC,Normal Tissue,4,GTEX-12WSB-0126-SM-59HJN,Normal Tissue,0.9971410632133484,True
626,GTEX-11NUK-2726-SM-5A5MC,Normal Tissue,5,GTEX-ZTTD-2826-SM-4YCFA,Normal Tissue,0.9968213438987732,True
626,GTEX-11NUK-2726-SM-5A5MC,Normal Tissue,6,GTEX-YECK-0326-SM-4W1YS,Normal Tissue,0.9966854453086853,True
626,GTEX-11NUK-2726-SM-5A5MC,Normal Tissue,7,GTEX-Y8LW-1526-SM-5IFHL,Normal Tissue,0.9965443015098572,True
626,GTEX-11NUK-2726-SM-5A5MC,Normal Tissue,8,GTEX-12696-0126-SM-5EQ4L,Normal Tissue,0.9959266185760498,True
626,GTEX-11NUK-2726-SM-5A5MC,Normal Tissue,9,GTEX-ZY6K-1826-SM-5GZXK,Normal Tissue,0.9949958324432373,True
422,GTEX-ZU9S-1826-SM-5NQ9E,Normal Tissue,0,GTEX-145ME-1826-SM-5SI9G,Normal Tissue,0.9997643232345581,True
422,GTEX-ZU9S-1826-SM-5NQ9E,Normal Tissue,1,GTEX-X4EO-0326-SM-3P5YO,Normal Tissue,0.999542772769928,True
422,GTEX-ZU9S-1826-SM-5NQ9E,Normal Tissue,2,GTEX-Z93S-1626-SM-5CVMB,Normal Tissue,0.9991656541824341,True
422,GTEX-ZU9S-1826-SM-5NQ9E,Normal Tissue,3,GTEX-12ZZX-0126-SM-5EGK9,Normal Tissue,0.9990302920341492,True
422,GTEX-ZU9S-1826-SM-5NQ9E,Normal Tissue,4,GTEX-ZDTT-0426-SM-4WKFL,Normal Tissue,0.9985573887825012,True
422,GTEX-ZU9S-1826-SM-5NQ9E,Normal Tissue,5,GTEX-XK95-0226-SM-4AT58,Normal Tissue,0.998386800289154,True
422,GTEX-ZU9S-1826-SM-5NQ9E,Normal Tissue,6,GTEX-131XH-2226-SM-5DUXJ,Normal Tissue,0.9981036186218262,True
422,GTEX-ZU9S-1826-SM-5NQ9E,Normal Tissue,7,GTEX-WH7G-2026-SM-3NMBL,Normal Tissue,0.997956395149231,True
422,GTEX-ZU9S-1826-SM-5NQ9E,Normal Tissue,8,GTEX-X4EO-2926-SM-4E3JH,Normal Tissue,0.9975879192352295,True
422,GTEX-ZU9S-1826-SM-5NQ9E,Normal Tissue,9,GTEX-111CU-1926-SM-5GZYZ,Normal Tissue,0.9975225329399109,True
1278,TCGA-EE-A29L-06,Metastasis,0,TCGA-BF-A3DM-01,Primary Tumor,0.9878647327423096,False
1278,TCGA-EE-A29L-06,Metastasis,1,TCGA-GN-A264-06,Metastasis,0.9866930246353149,True
1278,TCGA-EE-A29L-06,Metastasis,2,TCGA-BF-A5ES-01,Primary Tumor,0.9841686487197876,False
1278,TCGA-EE-A29L-06,Metastasis,3,TCGA-BF-A5EP-01,Primary Tumor,0.9835976362228394,False
1278,TCGA-EE-A29L-06,Metastasis,4,TCGA-ER-A2NC-06,Metastasis,0.9830157160758972,True
1278,TCGA-EE-A29L-06,Metastasis,5,TCGA-WE-A8ZM-06,Metastasis,0.982342541217804,True
1278,TCGA-EE-A29L-06,Metastasis,6,TCGA-FR-A3YO-06,Metastasis,0.9767330884933472,True
1278,TCGA-EE-A29L-06,Metastasis,7,TCGA-D9-A148-06,Metastasis,0.9719823002815247,True
1278,TCGA-EE-A29L-06,Metastasis,8,TCGA-ER-A42H-01,Primary Tumor,0.9703660607337952,False
1278,TCGA-EE-A29L-06,Metastasis,9,TCGA-D3-A8GK-06,Metastasis,0.9693594574928284,True
711,TCGA-D9-A6EG-06,Metastasis,0,TCGA-ER-A42H-01,Primary Tumor,0.993686318397522,False
711,TCGA-D9-A6EG-06,Metastasis,1,TCGA-FS-A1ZY-06,Metastasis,0.9927043318748474,True
711,TCGA-D9-A6EG-06,Metastasis,2,TCGA-EE-A29B-06,Metastasis,0.9923642873764038,True
711,TCGA-D9-A6EG-06,Metastasis,3,TCGA-YG-AA3P-06,Metastasis,0.9909997582435608,True
711,TCGA-D9-A6EG-06,Metastasis,4,TCGA-D3-A51G-06,Metastasis,0.9891350865364075,True
711,TCGA-D9-A6EG-06,Metastasis,5,TCGA-IH-A3EA-01,Primary Tumor,0.9869078397750854,False
711,TCGA-D9-A6EG-06,Metastasis,6,TCGA-GN-A262-06,Metastasis,0.9862872958183289,True
711,TCGA-D9-A6EG-06,Metastasis,7,TCGA-WE-A8ZM-06,Metastasis,0.9857996106147766,True
711,TCGA-D9-A6EG-06,Metastasis,8,TCGA-D9-A4Z5-01,Primary Tumor,0.983759880065918,False
711,TCGA-D9-A6EG-06,Metastasis,9,TCGA-D3-A51R-06,Metastasis,0.9835213422775269,True
1209,TCGA-WE-AAA0-06,Metastasis,0,TCGA-D9-A3Z4-01,Primary Tumor,0.9975991249084473,False
1209,TCGA-WE-AAA0-06,Metastasis,1,TCGA-DA-A1I2-06,Metastasis,0.9966793060302734,True
1209,TCGA-WE-AAA0-06,Metastasis,2,TCGA-FW-A3R5-06,Metastasis,0.9939152598381042,True
1209,TCGA-WE-AAA0-06,Metastasis,3,TCGA-EE-A2A6-06,Metastasis,0.9924732446670532,True
1209,TCGA-WE-AAA0-06,Metastasis,4,TCGA-D9-A148-06,Metastasis,0.9923781156539917,True
1209,TCGA-WE-AAA0-06,Metastasis,5,TCGA-EB-A97M-01,Primary Tumor,0.9917288422584534,False
1209,TCGA-WE-AAA0-06,Metastasis,6,TCGA-D3-A8GQ-06,Metastasis,0.9904664158821106,True
1209,TCGA-WE-AAA0-06,Metastasis,7,TCGA-YG-AA3O-06,Metastasis,0.9902792572975159,True
1209,TCGA-WE-AAA0-06,Metastasis,8,TCGA-EE-A2M6-06,Metastasis,0.9877942800521851,True
1209,TCGA-WE-AAA0-06,Metastasis,9,TCGA-D3-A1Q7-06,Metastasis,0.984662652015686,True
242,GTEX-Z93S-1626-SM-5CVMB,Normal Tissue,0,GTEX-145ME-1826-SM-5SI9G,Normal Tissue,0.9993383288383484,True
242,GTEX-Z93S-1626-SM-5CVMB,Normal Tissue,1,GTEX-X4EO-0326-SM-3P5YO,Normal Tissue,0.9992902278900146,True
242,GTEX-Z93S-1626-SM-5CVMB,Normal Tissue,2,GTEX-ZU9S-1826-SM-5NQ9E,Normal Tissue,0.9991656541824341,True
242,GTEX-Z93S-1626-SM-5CVMB,Normal Tissue,3,GTEX-WFON-1926-SM-3LK7L,Normal Tissue,0.9989691376686096,True
242,GTEX-Z93S-1626-SM-5CVMB,Normal Tissue,4,GTEX-XK95-0226-SM-4AT58,Normal Tissue,0.9989162087440491,True
242,GTEX-Z93S-1626-SM-5CVMB,Normal Tissue,5,GTEX-WH7G-2026-SM-3NMBL,Normal Tissue,0.9987830519676208,True
242,GTEX-Z93S-1626-SM-5CVMB,Normal Tissue,6,GTEX-12ZZX-0126-SM-5EGK9,Normal Tissue,0.9981522560119629,True
242,GTEX-Z93S-1626-SM-5CVMB,Normal Tissue,7,GTEX-12ZZY-0226-SM-5LZVE,Normal Tissue,0.998042106628418,True
242,GTEX-Z93S-1626-SM-5CVMB,Normal Tissue,8,GTEX-131XH-2226-SM-5DUXJ,Normal Tissue,0.9979135990142822,True
242,GTEX-Z93S-1626-SM-5CVMB,Normal Tissue,9,GTEX-ZXG5-2126-SM-59HKD,Normal Tissue,0.9976919293403625,True
784,GTEX-ZE7O-0126-SM-57WC1,Normal Tissue,0,GTEX-133LE-2326-SM-5K7W3,Normal Tissue,0.9996674060821533,True
784,GTEX-ZE7O-0126-SM-57WC1,Normal Tissue,1,GTEX-WI4N-1026-SM-3LK7N,Normal Tissue,0.9994531869888306,True
784,GTEX-ZE7O-0126-SM-57WC1,Normal Tissue,2,GTEX-11ZUS-2626-SM-5FQUR,Normal Tissue,0.999267041683197,True
784,GTEX-ZE7O-0126-SM-57WC1,Normal Tissue,3,GTEX-ZF29-0926-SM-4WKFZ,Normal Tissue,0.9990835189819336,True
784,GTEX-ZE7O-0126-SM-57WC1,Normal Tissue,4,GTEX-11OF3-0126-SM-5PNYF,Normal Tissue,0.9987940192222595,True
784,GTEX-ZE7O-0126-SM-57WC1,Normal Tissue,5,GTEX-ZVP2-0326-SM-57WBP,Normal Tissue,0.9985353946685791,True
784,GTEX-ZE7O-0126-SM-57WC1,Normal Tissue,6,GTEX-14A6H-0126-SM-5QGPK,Normal Tissue,0.9984455704689026,True
784,GTEX-ZE7O-0126-SM-57WC1,Normal Tissue,7,GTEX-11ZU8-0126-SM-5EQ58,Normal Tissue,0.9984308481216431,True
784,GTEX-ZE7O-0126-SM-57WC1,Normal Tissue,8,GTEX-ZLV1-1526-SM-4WWBC,Normal Tissue,0.9983645081520081,True
784,GTEX-ZE7O-0126-SM-57WC1,Normal Tissue,9,GTEX-Y5V6-2326-SM-4VDSA,Normal Tissue,0.9982233047485352,True
1085,TCGA-D9-A148-06,Metastasis,0,TCGA-WE-AAA0-06,Metastasis,0.9923781156539917,True
1085,TCGA-D9-A148-06,Metastasis,1,TCGA-FW-A3R5-06,Metastasis,0.9886964559555054,True
1085,TCGA-D9-A148-06,Metastasis,2,TCGA-DA-A1I2-06,Metastasis,0.987151026725769,True
1085,TCGA-D9-A148-06,Metastasis,3,TCGA-EE-A2A6-06,Metastasis,0.9867459535598755,True
1085,TCGA-D9-A148-06,Metastasis,4,TCGA-EE-A2M6-06,Metastasis,0.9866125583648682,True
1085,TCGA-D9-A148-06,Metastasis,5,TCGA-RP-A695-06,Metastasis,0.9863154888153076,True
1085,TCGA-D9-A148-06,Metastasis,6,TCGA-D9-A3Z4-01,Primary Tumor,0.9849075078964233,False
1085,TCGA-D9-A148-06,Metastasis,7,TCGA-EB-A97M-01,Primary Tumor,0.9845730066299438,False
1085,TCGA-D9-A148-06,Metastasis,8,TCGA-ER-A2NC-06,Metastasis,0.9840530753135681,True
1085,TCGA-D9-A148-06,Metastasis,9,TCGA-D3-A8GQ-06,Metastasis,0.9815226793289185,True
425,GTEX-133LE-2326-SM-5K7W3,Normal Tissue,0,GTEX-ZE7O-0126-SM-57WC1,Normal Tissue,0.9996674060821533,True
425,GTEX-133LE-2326-SM-5K7W3,Normal Tissue,1,GTEX-WI4N-1026-SM-3LK7N,Normal Tissue,0.9993062019348145,True
425,GTEX-133LE-2326-SM-5K7W3,Normal Tissue,2,GTEX-ZVP2-0326-SM-57WBP,Normal Tissue,0.9992783069610596,True
425,GTEX-133LE-2326-SM-5K7W3,Normal Tissue,3,GTEX-ZLV1-1526-SM-4WWBC,Normal Tissue,0.999265730381012,True
425,GTEX-133LE-2326-SM-5K7W3,Normal Tissue,4,GTEX-Y5V6-2326-SM-4VDSA,Normal Tissue,0.9991703033447266,True
425,GTEX-133LE-2326-SM-5K7W3,Normal Tissue,5,GTEX-14A6H-0126-SM-5QGPK,Normal Tissue,0.9990414977073669,True
425,GTEX-133LE-2326-SM-5K7W3,Normal Tissue,6,GTEX-11OF3-0126-SM-5PNYF,Normal Tissue,0.9990299940109253,True
425,GTEX-133LE-2326-SM-5K7W3,Normal Tissue,7,GTEX-ZF29-0926-SM-4WKFZ,Normal Tissue,0.9988914728164673,True
425,GTEX-133LE-2326-SM-5K7W3,Normal Tissue,8,GTEX-11ZU8-0126-SM-5EQ58,Normal Tissue,0.9988405704498291,True
425,GTEX-133LE-2326-SM-5K7W3,Normal Tissue,9,GTEX-11ZUS-2626-SM-5FQUR,Normal Tissue,0.9986968040466309,True
762,TCGA-ER-A2NG-06,Metastasis,0,TCGA-FS-A1ZQ-06,Metastasis,0.993502140045166,True
762,TCGA-ER-A2NG-06,Metastasis,1,TCGA-FS-A1ZZ-06,Metastasis,0.98417067527771,True
762,TCGA-ER-A2NG-06,Metastasis,2,TCGA-FS-A1ZA-06,Metastasis,0.981569766998291,True
762,TCGA-ER-A2NG-06,Metastasis,3,TCGA-EE-A184-06,Metastasis,0.9651678800582886,True
762,TCGA-ER-A2NG-06,Metastasis,4,TCGA-ER-A19N-06,Metastasis,0.9614527225494385,True
762,TCGA-ER-A2NG-06,Metastasis,5,TCGA-EE-A2MS-06,Metastasis,0.9587876200675964,True
762,TCGA-ER-A2NG-06,Metastasis,6,TCGA-EE-A2GK-06,Metastasis,0.9425330758094788,True
762,TCGA-ER-A2NG-06,Metastasis,7,TCGA-D3-A2JN-06,Metastasis,0.9154853224754333,True
762,TCGA-ER-A2NG-06,Metastasis,8,TCGA-ER-A19O-06,Metastasis,0.9107939004898071,True
762,TCGA-ER-A2NG-06,Metastasis,9,TCGA-EE-A29L-06,Metastasis,0.9099926352500916,True
715,GTEX-R55F-0008-SM-48FE6,Normal Tissue,0,GTEX-OHPM-0008-SM-4E3IP,Normal Tissue,0.9990671873092651,True
715,GTEX-R55F-0008-SM-48FE6,Normal Tissue,1,GTEX-WWYW-0008-SM-4MVPF,Normal Tissue,0.998040497303009,True
715,GTEX-R55F-0008-SM-48FE6,Normal Tissue,2,GTEX-139T4-0008-SM-5S2WF,Normal Tissue,0.995959997177124,True
715,GTEX-R55F-0008-SM-48FE6,Normal Tissue,3,GTEX-WRHU-0008-SM-4MVPB,Normal Tissue,0.9953360557556152,True
715,GTEX-R55F-0008-SM-48FE6,Normal Tissue,4,GTEX-RVPU-0008-SM-3NM8B,Normal Tissue,0.9946472644805908,True
715,GTEX-R55F-0008-SM-48FE6,Normal Tissue,5,GTEX-R55D-0008-SM-48FEV,Normal Tissue,0.9927778244018555,True
715,GTEX-R55F-0008-SM-48FE6,Normal Tissue,6,GTEX-WCDI-0008-SM-47JYE,Normal Tissue,0.9923139810562134,True
715,GTEX-R55F-0008-SM-48FE6,Normal Tissue,7,GTEX-Y9LG-0008-SM-4VBRJ,Normal Tissue,0.9883561730384827,True
715,GTEX-R55F-0008-SM-48FE6,Normal Tissue,8,GTEX-UJHI-0008-SM-4IHL1,Normal Tissue,0.9866600036621094,True
715,GTEX-R55F-0008-SM-48FE6,Normal Tissue,9,GTEX-WYBS-0008-SM-4ONDX,Normal Tissue,0.9866129755973816,True
854,TCGA-BF-A5EP-01,Primary Tumor,0,TCGA-BF-A3DM-01,Primary Tumor,0.9987006187438965,True
854,TCGA-BF-A5EP-01,Primary Tumor,1,TCGA-FS-A1ZY-06,Metastasis,0.9872640371322632,False
854,TCGA-BF-A5EP-01,Primary Tumor,2,TCGA-EE-A29L-06,Metastasis,0.9835976362228394,False
854,TCGA-BF-A5EP-01,Primary Tumor,3,TCGA-GN-A264-06,Metastasis,0.9818412661552429,False
854,TCGA-BF-A5EP-01,Primary Tumor,4,TCGA-IH-A3EA-01,Primary Tumor,0.9791445732116699,True
854,TCGA-BF-A5EP-01,Primary Tumor,5,TCGA-D9-A4Z5-01,Primary Tumor,0.9784743189811707,True
854,TCGA-BF-A5EP-01,Primary Tumor,6,TCGA-FS-A4FB-06,Metastasis,0.9771566390991211,False
854,TCGA-BF-A5EP-01,Primary Tumor,7,TCGA-BF-A5ES-01,Primary Tumor,0.9759436249732971,True
854,TCGA-BF-A5EP-01,Primary Tumor,8,TCGA-D9-A6EG-06,Metastasis,0.9706370830535889,False
854,TCGA-BF-A5EP-01,Primary Tumor,9,TCGA-EE-A29B-06,Metastasis,0.9683223962783813,False
1199,GTEX-ZY6K-1826-SM-5GZXK,Normal Tissue,0,GTEX-ZTTD-2826-SM-4YCFA,Normal Tissue,0.9987568259239197,True
1199,GTEX-ZY6K-1826-SM-5GZXK,Normal Tissue,1,GTEX-12WSB-0126-SM-59HJN,Normal Tissue,0.9971257448196411,True
1199,GTEX-ZY6K-1826-SM-5GZXK,Normal Tissue,2,GTEX-11H98-0126-SM-5EGHG,Normal Tissue,0.9957550168037415,True
1199,GTEX-ZY6K-1826-SM-5GZXK,Normal Tissue,3,GTEX-ZUA1-2626-SM-5NQ92,Normal Tissue,0.9954046010971069,True
1199,GTEX-ZY6K-1826-SM-5GZXK,Normal Tissue,4,GTEX-11NUK-2726-SM-5A5MC,Normal Tissue,0.9949958324432373,True
1199,GTEX-ZY6K-1826-SM-5GZXK,Normal Tissue,5,GTEX-13PVQ-0126-SM-5SIB4,Normal Tissue,0.9932167530059814,True
1199,GTEX-ZY6K-1826-SM-5GZXK,Normal Tissue,6,GTEX-YECK-0326-SM-4W1YS,Normal Tissue,0.9927762746810913,True
1199,GTEX-ZY6K-1826-SM-5GZXK,Normal Tissue,7,GTEX-ZWKS-0626-SM-5GIDV,Normal Tissue,0.9925234317779541,True
1199,GTEX-ZY6K-1826-SM-5GZXK,Normal Tissue,8,GTEX-XBEC-0726-SM-4QARZ,Normal Tissue,0.9904019832611084,True
1199,GTEX-ZY6K-1826-SM-5GZXK,Normal Tissue,9,GTEX-ZE9C-2526-SM-5IJDR,Normal Tissue,0.9878210425376892,True
630,TCGA-WE-A8ZN-06,Metastasis,0,TCGA-D3-A8GR-06,Metastasis,0.9971181154251099,True
630,TCGA-WE-A8ZN-06,Metastasis,1,TCGA-D3-A8GQ-06,Metastasis,0.9914667010307312,True
630,TCGA-WE-A8ZN-06,Metastasis,2,TCGA-D3-A3MV-06,Metastasis,0.9914244413375854,True
630,TCGA-WE-A8ZN-06,Metastasis,3,TCGA-YG-AA3O-06,Metastasis,0.9891528487205505,True
630,TCGA-WE-A8ZN-06,Metastasis,4,TCGA-GN-A262-06,Metastasis,0.984736442565918,True
630,TCGA-WE-A8ZN-06,Metastasis,5,TCGA-FR-A3YO-06,Metastasis,0.9838116765022278,True
630,TCGA-WE-A8ZN-06,Metastasis,6,TCGA-WE-A8ZM-06,Metastasis,0.9820166230201721,True
630,TCGA-WE-A8ZN-06,Metastasis,7,TCGA-EB-A97M-01,Primary Tumor,0.9791982173919678,False
630,TCGA-WE-A8ZN-06,Metastasis,8,TCGA-D3-A51R-06,Metastasis,0.9784548282623291,True
630,TCGA-WE-A8ZN-06,Metastasis,9,TCGA-DA-A1I2-06,Metastasis,0.9769710302352905,True
272,GTEX-Y8E4-0008-SM-4V6FW,Normal Tissue,0,GTEX-Z93S-0008-SM-4RGM5,Normal Tissue,0.9982157945632935,True
272,GTEX-Y8E4-0008-SM-4V6FW,Normal Tissue,1,GTEX-WVJS-0008-SM-4MVPC,Normal Tissue,0.997214674949646,True
272,GTEX-Y8E4-0008-SM-4V6FW,Normal Tissue,2,GTEX-UJHI-0008-SM-4IHL1,Normal Tissue,0.9971696734428406,True
272,GTEX-Y8E4-0008-SM-4V6FW,Normal Tissue,3,GTEX-WH7G-0008-SM-4LVNM,Normal Tissue,0.9971211552619934,True
272,GTEX-Y8E4-0008-SM-4V6FW,Normal Tissue,4,GTEX-ZPIC-0008-SM-4E3JF,Normal Tissue,0.9967477917671204,True
272,GTEX-Y8E4-0008-SM-4V6FW,Normal Tissue,5,GTEX-XUW1-0008-SM-4BOQH,Normal Tissue,0.9949779510498047,True
272,GTEX-Y8E4-0008-SM-4V6FW,Normal Tissue,6,GTEX-RVPU-0008-SM-3NM8B,Normal Tissue,0.9948838353157043,True
272,GTEX-Y8E4-0008-SM-4V6FW,Normal Tissue,7,GTEX-XBEW-0008-SM-4AT3Y,Normal Tissue,0.9934455156326294,True
272,GTEX-Y8E4-0008-SM-4V6FW,Normal Tissue,8,GTEX-WRHU-0008-SM-4MVPB,Normal Tissue,0.9927244186401367,True
272,GTEX-Y8E4-0008-SM-4V6FW,Normal Tissue,9,GTEX-W5X1-0008-SM-4LMKA,Normal Tissue,0.992662250995636,True
958,GTEX-147F4-0226-SM-5QGPW,Normal Tissue,0,GTEX-TMZS-0126-SM-3DB9Q,Normal Tissue,0.9994522333145142,True
958,GTEX-147F4-0226-SM-5QGPW,Normal Tissue,1,GTEX-1497J-0226-SM-5QGPU,Normal Tissue,0.9984645843505859,True
958,GTEX-147F4-0226-SM-5QGPW,Normal Tissue,2,GTEX-11ZU8-0126-SM-5EQ58,Normal Tissue,0.9983434677124023,True
958,GTEX-147F4-0226-SM-5QGPW,Normal Tissue,3,GTEX-Y3IK-1626-SM-4YCF5,Normal Tissue,0.9981546998023987,True
958,GTEX-147F4-0226-SM-5QGPW,Normal Tissue,4,GTEX-ZAJG-0126-SM-5HL94,Normal Tissue,0.998081386089325,True
958,GTEX-147F4-0226-SM-5QGPW,Normal Tissue,5,GTEX-ZVP2-0326-SM-57WBP,Normal Tissue,0.998064398765564,True
958,GTEX-147F4-0226-SM-5QGPW,Normal Tissue,6,GTEX-145LS-0126-SM-5QGP1,Normal Tissue,0.9977579712867737,True
958,GTEX-147F4-0226-SM-5QGPW,Normal Tissue,7,GTEX-Y5LM-1926-SM-5RQJH,Normal Tissue,0.9972596764564514,True
958,GTEX-147F4-0226-SM-5QGPW,Normal Tissue,8,GTEX-ZLV1-1526-SM-4WWBC,Normal Tissue,0.9971654415130615,True
958,GTEX-147F4-0226-SM-5QGPW,Normal Tissue,9,GTEX-W5X1-2526-SM-3GILC,Normal Tissue,0.996883749961853,True
1193,GTEX-ZPIC-0008-SM-4E3JF,Normal Tissue,0,GTEX-UJHI-0008-SM-4IHL1,Normal Tissue,0.999464213848114,True
1193,GTEX-ZPIC-0008-SM-4E3JF,Normal Tissue,1,GTEX-WVJS-0008-SM-4MVPC,Normal Tissue,0.9968528747558594,True
1193,GTEX-ZPIC-0008-SM-4E3JF,Normal Tissue,2,GTEX-Y8E4-0008-SM-4V6FW,Normal Tissue,0.9967477917671204,True
1193,GTEX-ZPIC-0008-SM-4E3JF,Normal Tissue,3,GTEX-RVPU-0008-SM-3NM8B,Normal Tissue,0.9938746094703674,True
1193,GTEX-ZPIC-0008-SM-4E3JF,Normal Tissue,4,GTEX-WH7G-0008-SM-4LVNM,Normal Tissue,0.9921029806137085,True
1193,GTEX-ZPIC-0008-SM-4E3JF,Normal Tissue,5,GTEX-XUW1-0008-SM-4BOQH,Normal Tissue,0.9920269846916199,True
1193,GTEX-ZPIC-0008-SM-4E3JF,Normal Tissue,6,GTEX-Z93S-0008-SM-4RGM5,Normal Tissue,0.9918451309204102,True
1193,GTEX-ZPIC-0008-SM-4E3JF,Normal Tissue,7,GTEX-WRHU-0008-SM-4MVPB,Normal Tissue,0.991804838180542,True
1193,GTEX-ZPIC-0008-SM-4E3JF,Normal Tissue,8,GTEX-W5X1-0008-SM-4LMKA,Normal Tissue,0.9912696480751038,True
1193,GTEX-ZPIC-0008-SM-4E3JF,Normal Tissue,9,GTEX-X3Y1-0008-SM-4PR12,Normal Tissue,0.9891818165779114,True
800,GTEX-11EQ9-2426-SM-5HL5T,Normal Tissue,0,GTEX-139T8-0626-SM-5KLZX,Normal Tissue,0.9992724657058716,True
800,GTEX-11EQ9-2426-SM-5HL5T,Normal Tissue,1,GTEX-XOTO-0726-SM-4B659,Normal Tissue,0.9990689754486084,True
800,GTEX-11EQ9-2426-SM-5HL5T,Normal Tissue,2,GTEX-13CF3-2426-SM-5IFGX,Normal Tissue,0.9990638494491577,True
800,GTEX-11EQ9-2426-SM-5HL5T,Normal Tissue,3,GTEX-XQ8I-0926-SM-4BOOF,Normal Tissue,0.9987432360649109,True
800,GTEX-11EQ9-2426-SM-5HL5T,Normal Tissue,4,GTEX-TML8-1926-SM-32QOS,Normal Tissue,0.9986656308174133,True
800,GTEX-11EQ9-2426-SM-5HL5T,Normal Tissue,5,GTEX-XUW1-0926-SM-4BONX,Normal Tissue,0.9985713958740234,True
800,GTEX-11EQ9-2426-SM-5HL5T,Normal Tissue,6,GTEX-ZXG5-2126-SM-59HKD,Normal Tissue,0.9984305500984192,True
800,GTEX-11EQ9-2426-SM-5HL5T,Normal Tissue,7,GTEX-131XH-2226-SM-5DUXJ,Normal Tissue,0.9984099864959717,True
800,GTEX-11EQ9-2426-SM-5HL5T,Normal Tissue,8,GTEX-145LS-0126-SM-5QGP1,Normal Tissue,0.9983468055725098,True
800,GTEX-11EQ9-2426-SM-5HL5T,Normal Tissue,9,GTEX-T5JC-0426-SM-32PLO,Normal Tissue,0.9978727102279663,True
100,GTEX-T5JW-0008-SM-4DM5X,Normal Tissue,0,GTEX-X5EB-0008-SM-46MU3,Normal Tissue,0.9994974136352539,True
100,GTEX-T5JW-0008-SM-4DM5X,Normal Tissue,1,GTEX-P4QS-0008-SM-48TDY,Normal Tissue,0.9983980655670166,True
100,GTEX-T5JW-0008-SM-4DM5X,Normal Tissue,2,GTEX-WEY5-0008-SM-4LMKC,Normal Tissue,0.9982742071151733,True
100,GTEX-T5JW-0008-SM-4DM5X,Normal Tissue,3,GTEX-UJMC-0008-SM-4IHKK,Normal Tissue,0.9982679486274719,True
100,GTEX-T5JW-0008-SM-4DM5X,Normal Tissue,4,GTEX-X3Y1-0008-SM-4PR12,Normal Tissue,0.9965282678604126,True
100,GTEX-T5JW-0008-SM-4DM5X,Normal Tissue,5,GTEX-W5X1-0008-SM-4LMKA,Normal Tissue,0.9963259100914001,True
100,GTEX-T5JW-0008-SM-4DM5X,Normal Tissue,6,GTEX-11DXX-0008-SM-5Q5B8,Normal Tissue,0.9960976243019104,True
100,GTEX-T5JW-0008-SM-4DM5X,Normal Tissue,7,GTEX-QVJO-0008-SM-447AU,Normal Tissue,0.9953752756118774,True
100,GTEX-T5JW-0008-SM-4DM5X,Normal Tissue,8,GTEX-WHSE-0008-SM-4M1ZO,Normal Tissue,0.9922113418579102,True
100,GTEX-T5JW-0008-SM-4DM5X,Normal Tissue,9,GTEX-WH7G-0008-SM-4LVNM,Normal Tissue,0.9918738603591919,True
303,TCGA-D3-A3MR-06,Metastasis,0,TCGA-DA-A95V-06,Metastasis,0.9939757585525513,True
303,TCGA-D3-A3MR-06,Metastasis,1,TCGA-GN-A9SD-06,Metastasis,0.9897920489311218,True
303,TCGA-D3-A3MR-06,Metastasis,2,TCGA-D9-A3Z3-06,Metastasis,0.9876105189323425,True
303,TCGA-D3-A3MR-06,Metastasis,3,TCGA-YD-A9TA-06,Metastasis,0.9869076609611511,True
303,TCGA-D3-A3MR-06,Metastasis,4,TCGA-GN-A26C-01,Primary Tumor,0.9817243218421936,False
303,TCGA-D3-A3MR-06,Metastasis,5,TCGA-D3-A5GN-06,Metastasis,0.9797111749649048,True
303,TCGA-D3-A3MR-06,Metastasis,6,TCGA-EE-A20F-06,Metastasis,0.9739187359809875,True
303,TCGA-D3-A3MR-06,Metastasis,7,TCGA-D3-A8GO-06,Metastasis,0.9738196730613708,True
303,TCGA-D3-A3MR-06,Metastasis,8,TCGA-FW-A3TU-06,Metastasis,0.9729183912277222,True
303,TCGA-D3-A3MR-06,Metastasis,9,TCGA-WE-AA9Y-06,Metastasis,0.9673744440078735,True
535,GTEX-139T4-0008-SM-5S2WF,Normal Tissue,0,GTEX-R55F-0008-SM-48FE6,Normal Tissue,0.995959997177124,True
535,GTEX-139T4-0008-SM-5S2WF,Normal Tissue,1,GTEX-OHPM-0008-SM-4E3IP,Normal Tissue,0.993631899356842,True
535,GTEX-139T4-0008-SM-5S2WF,Normal Tissue,2,GTEX-WWYW-0008-SM-4MVPF,Normal Tissue,0.9923206567764282,True
535,GTEX-139T4-0008-SM-5S2WF,Normal Tissue,3,GTEX-WRHU-0008-SM-4MVPB,Normal Tissue,0.9864124655723572,True
535,GTEX-139T4-0008-SM-5S2WF,Normal Tissue,4,GTEX-WYBS-0008-SM-4ONDX,Normal Tissue,0.9856516122817993,True
535,GTEX-139T4-0008-SM-5S2WF,Normal Tissue,5,GTEX-RVPU-0008-SM-3NM8B,Normal Tissue,0.9846961498260498,True
535,GTEX-139T4-0008-SM-5S2WF,Normal Tissue,6,GTEX-R55D-0008-SM-48FEV,Normal Tissue,0.9837858080863953,True
535,GTEX-139T4-0008-SM-5S2WF,Normal Tissue,7,GTEX-WCDI-0008-SM-47JYE,Normal Tissue,0.9828209280967712,True
535,GTEX-139T4-0008-SM-5S2WF,Normal Tissue,8,TCGA-D9-A4Z5-01,Primary Tumor,0.980535626411438,False
535,GTEX-139T4-0008-SM-5S2WF,Normal Tissue,9,GTEX-Y9LG-0008-SM-4VBRJ,Normal Tissue,0.976678192615509,True
669,GTEX-11ZUS-2626-SM-5FQUR,Normal Tissue,0,GTEX-WI4N-1026-SM-3LK7N,Normal Tissue,0.9993863701820374,True
669,GTEX-11ZUS-2626-SM-5FQUR,Normal Tissue,1,GTEX-ZE7O-0126-SM-57WC1,Normal Tissue,0.999267041683197,True
669,GTEX-11ZUS-2626-SM-5FQUR,Normal Tissue,2,GTEX-133LE-2326-SM-5K7W3,Normal Tissue,0.9986968040466309,True
669,GTEX-11ZUS-2626-SM-5FQUR,Normal Tissue,3,GTEX-14A6H-0126-SM-5QGPK,Normal Tissue,0.9981184601783752,True
669,GTEX-11ZUS-2626-SM-5FQUR,Normal Tissue,4,GTEX-ZF29-0926-SM-4WKFZ,Normal Tissue,0.9980832934379578,True
669,GTEX-11ZUS-2626-SM-5FQUR,Normal Tissue,5,GTEX-11ZU8-0126-SM-5EQ58,Normal Tissue,0.9980756640434265,True
669,GTEX-11ZUS-2626-SM-5FQUR,Normal Tissue,6,GTEX-13VXU-0626-SM-5L3F9,Normal Tissue,0.9977391958236694,True
669,GTEX-11ZUS-2626-SM-5FQUR,Normal Tissue,7,GTEX-ZVP2-0326-SM-57WBP,Normal Tissue,0.9976990818977356,True
669,GTEX-11ZUS-2626-SM-5FQUR,Normal Tissue,8,GTEX-1399S-0126-SM-5IJCF,Normal Tissue,0.9974732398986816,True
669,GTEX-11ZUS-2626-SM-5FQUR,Normal Tissue,9,GTEX-Y5V6-2326-SM-4VDSA,Normal Tissue,0.9972490072250366,True
414,TCGA-WE-AA9Y-06,Metastasis,0,TCGA-EE-A20F-06,Metastasis,0.9985826015472412,True
414,TCGA-WE-AA9Y-06,Metastasis,1,TCGA-D3-A2JN-06,Metastasis,0.9951286911964417,True
414,TCGA-WE-AA9Y-06,Metastasis,2,TCGA-EE-A2M6-06,Metastasis,0.9925296902656555,True
414,TCGA-WE-AA9Y-06,Metastasis,3,TCGA-EE-A2M8-06,Metastasis,0.9899941086769104,True
414,TCGA-WE-AA9Y-06,Metastasis,4,TCGA-EE-A2A6-06,Metastasis,0.9881635308265686,True
414,TCGA-WE-AA9Y-06,Metastasis,5,TCGA-GN-A26C-01,Primary Tumor,0.9865095019340515,False
414,TCGA-WE-AA9Y-06,Metastasis,6,TCGA-EE-A29X-06,Metastasis,0.9854263663291931,True
414,TCGA-WE-AA9Y-06,Metastasis,7,TCGA-EE-A2GK-06,Metastasis,0.9854022860527039,True
414,TCGA-WE-AA9Y-06,Metastasis,8,TCGA-GN-A9SD-06,Metastasis,0.9829753637313843,True
414,TCGA-WE-AA9Y-06,Metastasis,9,TCGA-DA-A95V-06,Metastasis,0.9815393090248108,True
791,GTEX-TMZS-0126-SM-3DB9Q,Normal Tissue,0,GTEX-147F4-0226-SM-5QGPW,Normal Tissue,0.9994522333145142,True
791,GTEX-TMZS-0126-SM-3DB9Q,Normal Tissue,1,GTEX-Y5LM-1926-SM-5RQJH,Normal Tissue,0.9990003108978271,True
791,GTEX-TMZS-0126-SM-3DB9Q,Normal Tissue,2,GTEX-Y3IK-1626-SM-4YCF5,Normal Tissue,0.9983326196670532,True
791,GTEX-TMZS-0126-SM-3DB9Q,Normal Tissue,3,GTEX-1497J-0226-SM-5QGPU,Normal Tissue,0.9980477094650269,True
791,GTEX-TMZS-0126-SM-3DB9Q,Normal Tissue,4,GTEX-145LS-0126-SM-5QGP1,Normal Tissue,0.9980470538139343,True
791,GTEX-TMZS-0126-SM-3DB9Q,Normal Tissue,5,GTEX-11ZU8-0126-SM-5EQ58,Normal Tissue,0.9977202415466309,True
791,GTEX-TMZS-0126-SM-3DB9Q,Normal Tissue,6,GTEX-ZAJG-0126-SM-5HL94,Normal Tissue,0.9971156716346741,True
791,GTEX-TMZS-0126-SM-3DB9Q,Normal Tissue,7,GTEX-ZVP2-0326-SM-57WBP,Normal Tissue,0.9970261454582214,True
791,GTEX-TMZS-0126-SM-3DB9Q,Normal Tissue,8,GTEX-TML8-1926-SM-32QOS,Normal Tissue,0.9968302249908447,True
791,GTEX-TMZS-0126-SM-3DB9Q,Normal Tissue,9,GTEX-T6MO-1626-SM-32QOM,Normal Tissue,0.9966607093811035,True
924,TCGA-GN-A264-06,Metastasis,0,TCGA-EE-A3AG-06,Metastasis,0.9919729232788086,True
924,TCGA-GN-A264-06,Metastasis,1,TCGA-FS-A4FB-06,Metastasis,0.9874122738838196,True
924,TCGA-GN-A264-06,Metastasis,2,TCGA-EE-A29L-06,Metastasis,0.9866930246353149,True
924,TCGA-GN-A264-06,Metastasis,3,TCGA-D9-A6EG-06,Metastasis,0.9822031259536743,True
924,TCGA-GN-A264-06,Metastasis,4,TCGA-BF-A5EP-01,Primary Tumor,0.9818412661552429,False
924,TCGA-GN-A264-06,Metastasis,5,TCGA-BF-A3DM-01,Primary Tumor,0.980849027633667,False
924,TCGA-GN-A264-06,Metastasis,6,TCGA-FS-A1ZY-06,Metastasis,0.9805605411529541,True
924,TCGA-GN-A264-06,Metastasis,7,TCGA-WE-A8ZM-06,Metastasis,0.9770891666412354,True
924,TCGA-GN-A264-06,Metastasis,8,TCGA-ER-A42H-01,Primary Tumor,0.9724178314208984,False
924,TCGA-GN-A264-06,Metastasis,9,TCGA-D9-A4Z5-01,Primary Tumor,0.9667460322380066,False
1234,GTEX-11H98-0126-SM-5EGHG,Normal Tissue,0,GTEX-11NUK-2726-SM-5A5MC,Normal Tissue,0.9996784329414368,True
1234,GTEX-11H98-0126-SM-5EGHG,Normal Tissue,1,GTEX-ZWKS-0626-SM-5GIDV,Normal Tissue,0.9982853531837463,True
1234,GTEX-11H98-0126-SM-5EGHG,Normal Tissue,2,GTEX-XBEC-0726-SM-4QARZ,Normal Tissue,0.9978607892990112,True
1234,GTEX-11H98-0126-SM-5EGHG,Normal Tissue,3,GTEX-12WSB-0126-SM-59HJN,Normal Tissue,0.9974422454833984,True
1234,GTEX-11H98-0126-SM-5EGHG,Normal Tissue,4,GTEX-YECK-0326-SM-4W1YS,Normal Tissue,0.9970747232437134,True
1234,GTEX-11H98-0126-SM-5EGHG,Normal Tissue,5,GTEX-ZTTD-2826-SM-4YCFA,Normal Tissue,0.9968562126159668,True
1234,GTEX-11H98-0126-SM-5EGHG,Normal Tissue,6,GTEX-ZE9C-2526-SM-5IJDR,Normal Tissue,0.9967768788337708,True
1234,GTEX-11H98-0126-SM-5EGHG,Normal Tissue,7,GTEX-Y8LW-1526-SM-5IFHL,Normal Tissue,0.9966512322425842,True
1234,GTEX-11H98-0126-SM-5EGHG,Normal Tissue,8,GTEX-12696-0126-SM-5EQ4L,Normal Tissue,0.9962772727012634,True
1234,GTEX-11H98-0126-SM-5EGHG,Normal Tissue,9,GTEX-ZY6K-1826-SM-5GZXK,Normal Tissue,0.9957550168037415,True
959,TCGA-EB-A57M-01,Primary Tumor,0,TCGA-EB-A3HV-01,Primary Tumor,0.9821070432662964,True
959,TCGA-EB-A57M-01,Primary Tumor,1,GTEX-ZUA1-2626-SM-5NQ92,Normal Tissue,0.9291306138038635,False
959,TCGA-EB-A57M-01,Primary Tumor,2,GTEX-ZY6K-1826-SM-5GZXK,Normal Tissue,0.9223246574401855,False
959,TCGA-EB-A57M-01,Primary Tumor,3,GTEX-WI4N-2726-SM-3LK7Y,Normal Tissue,0.919157862663269,False
959,TCGA-EB-A57M-01,Primary Tumor,4,TCGA-BF-A3DJ-01,Primary Tumor,0.9155455827713013,True
959,TCGA-EB-A57M-01,Primary Tumor,5,GTEX-X62O-0126-SM-4E3JN,Normal Tissue,0.91261887550354,False
959,TCGA-EB-A57M-01,Primary Tumor,6,GTEX-13PVQ-0126-SM-5SIB4,Normal Tissue,0.9095214009284973,False
959,TCGA-EB-A57M-01,Primary Tumor,7,GTEX-ZTTD-2826-SM-4YCFA,Normal Tissue,0.9051540493965149,False
959,TCGA-EB-A57M-01,Primary Tumor,8,GTEX-12BJ1-0926-SM-5EQ62,Normal Tissue,0.900334894657135,False
959,TCGA-EB-A57M-01,Primary Tumor,9,GTEX-12WSB-0126-SM-59HJN,Normal Tissue,0.8971104621887207,False
11,TCGA-EB-A41A-01,Primary Tumor,0,TCGA-D3-A3CC-06,Metastasis,0.9665940999984741,False
11,TCGA-EB-A41A-01,Primary Tumor,1,TCGA-EB-A3Y7-01,Primary Tumor,0.9578754305839539,True
11,TCGA-EB-A41A-01,Primary Tumor,2,TCGA-ER-A197-06,Metastasis,0.9354544281959534,False
11,TCGA-EB-A41A-01,Primary Tumor,3,TCGA-DA-A1IC-06,Metastasis,0.9351218342781067,False
11,TCGA-EB-A41A-01,Primary Tumor,4,TCGA-EB-A51B-01,Primary Tumor,0.9310163855552673,True
11,TCGA-EB-A41A-01,Primary Tumor,5,GTEX-ZVT3-0008-SM-51MRI,Normal Tissue,0.8736778497695923,False
11,TCGA-EB-A41A-01,Primary Tumor,6,TCGA-FS-A1ZZ-06,Metastasis,0.8671471476554871,False
11,TCGA-EB-A41A-01,Primary Tumor,7,GTEX-OOBK-0008-SM-3NB27,Normal Tissue,0.8629837036132812,False
11,TCGA-EB-A41A-01,Primary Tumor,8,TCGA-EE-A3AG-06,Metastasis,0.8503178954124451,False
11,TCGA-EB-A41A-01,Primary Tumor,9,TCGA-BF-A3DJ-01,Primary Tumor,0.8472660183906555,True
261,GTEX-W5WG-0008-SM-4KL25,Normal Tissue,0,GTEX-T2YK-0008-SM-4DM6M,Normal Tissue,0.9984356164932251,True
261,GTEX-W5WG-0008-SM-4KL25,Normal Tissue,1,GTEX-111VG-0008-SM-5Q5BG,Normal Tissue,0.9983982443809509,True
261,GTEX-W5WG-0008-SM-4KL25,Normal Tissue,2,GTEX-WXYG-0008-SM-4ONDU,Normal Tissue,0.9979685544967651,True
261,GTEX-W5WG-0008-SM-4KL25,Normal Tissue,3,GTEX-ZQG8-0008-SM-4YCE7,Normal Tissue,0.9977329969406128,True
261,GTEX-W5WG-0008-SM-4KL25,Normal Tissue,4,GTEX-11DXX-0008-SM-5Q5B8,Normal Tissue,0.9969935417175293,True
261,GTEX-W5WG-0008-SM-4KL25,Normal Tissue,5,GTEX-S341-0008-SM-4AD6D,Normal Tissue,0.9965119957923889,True
261,GTEX-W5WG-0008-SM-4KL25,Normal Tissue,6,GTEX-ZVP2-0008-SM-51MSL,Normal Tissue,0.9963465332984924,True
261,GTEX-W5WG-0008-SM-4KL25,Normal Tissue,7,GTEX-X3Y1-0008-SM-4PR12,Normal Tissue,0.9956386089324951,True
261,GTEX-W5WG-0008-SM-4KL25,Normal Tissue,8,GTEX-RTLS-0008-SM-48FET,Normal Tissue,0.995140552520752,True
261,GTEX-W5WG-0008-SM-4KL25,Normal Tissue,9,GTEX-WEY5-0008-SM-4LMKC,Normal Tissue,0.9948503971099854,True
1217,GTEX-ZE9C-2726-SM-57WB5,Normal Tissue,0,GTEX-ZU9S-1826-SM-5NQ9E,Normal Tissue,0.9963252544403076,True
1217,GTEX-ZE9C-2726-SM-57WB5,Normal Tissue,1,GTEX-ZDTT-0426-SM-4WKFL,Normal Tissue,0.996278703212738,True
1217,GTEX-ZE9C-2726-SM-57WB5,Normal Tissue,2,GTEX-X4EP-0626-SM-3P621,Normal Tissue,0.9961497783660889,True
1217,GTEX-ZE9C-2726-SM-57WB5,Normal Tissue,3,GTEX-X4EO-0326-SM-3P5YO,Normal Tissue,0.994649350643158,True
1217,GTEX-ZE9C-2726-SM-57WB5,Normal Tissue,4,GTEX-145ME-1826-SM-5SI9G,Normal Tissue,0.994625449180603,True
1217,GTEX-ZE9C-2726-SM-57WB5,Normal Tissue,5,GTEX-111CU-1926-SM-5GZYZ,Normal Tissue,0.9945075511932373,True
1217,GTEX-ZE9C-2726-SM-57WB5,Normal Tissue,6,GTEX-XUW1-0926-SM-4BONX,Normal Tissue,0.9944856762886047,True
1217,GTEX-ZE9C-2726-SM-57WB5,Normal Tissue,7,GTEX-X4EO-2926-SM-4E3JH,Normal Tissue,0.99439537525177,True
1217,GTEX-ZE9C-2726-SM-57WB5,Normal Tissue,8,GTEX-WH7G-2026-SM-3NMBL,Normal Tissue,0.9934113025665283,True
1217,GTEX-ZE9C-2726-SM-57WB5,Normal Tissue,9,GTEX-12ZZX-0126-SM-5EGK9,Normal Tissue,0.9933865070343018,True
271,GTEX-131XH-2226-SM-5DUXJ,Normal Tissue,0,GTEX-ZXG5-2126-SM-59HKD,Normal Tissue,0.9997370839118958,True
271,GTEX-131XH-2226-SM-5DUXJ,Normal Tissue,1,GTEX-139T8-0626-SM-5KLZX,Normal Tissue,0.999696671962738,True
271,GTEX-131XH-2226-SM-5DUXJ,Normal Tissue,2,GTEX-XOTO-0726-SM-4B659,Normal Tissue,0.999681293964386,True
271,GTEX-131XH-2226-SM-5DUXJ,Normal Tissue,3,GTEX-XK95-0226-SM-4AT58,Normal Tissue,0.999202311038971,True
271,GTEX-131XH-2226-SM-5DUXJ,Normal Tissue,4,GTEX-XUW1-0926-SM-4BONX,Normal Tissue,0.9991347193717957,True
271,GTEX-131XH-2226-SM-5DUXJ,Normal Tissue,5,GTEX-X4EO-0326-SM-3P5YO,Normal Tissue,0.999100923538208,True
271,GTEX-131XH-2226-SM-5DUXJ,Normal Tissue,6,GTEX-13CF3-2426-SM-5IFGX,Normal Tissue,0.9986388087272644,True
271,GTEX-131XH-2226-SM-5DUXJ,Normal Tissue,7,GTEX-111CU-1926-SM-5GZYZ,Normal Tissue,0.9986050128936768,True
271,GTEX-131XH-2226-SM-5DUXJ,Normal Tissue,8,GTEX-145ME-1826-SM-5SI9G,Normal Tissue,0.9984975457191467,True
271,GTEX-131XH-2226-SM-5DUXJ,Normal Tissue,9,GTEX-12ZZX-0126-SM-5EGK9,Normal Tissue,0.9984706044197083,True
91,TCGA-D3-A8GQ-06,Metastasis,0,TCGA-YG-AA3O-06,Metastasis,0.9967148303985596,True
91,TCGA-D3-A8GQ-06,Metastasis,1,TCGA-WE-A8ZN-06,Metastasis,0.9914667010307312,True
91,TCGA-D3-A8GQ-06,Metastasis,2,TCGA-WE-AAA0-06,Metastasis,0.9904664158821106,True
91,TCGA-D3-A8GQ-06,Metastasis,3,TCGA-D9-A3Z4-01,Primary Tumor,0.9902252554893494,False
91,TCGA-D3-A8GQ-06,Metastasis,4,TCGA-DA-A1I2-06,Metastasis,0.9873552322387695,True
91,TCGA-D3-A8GQ-06,Metastasis,5,TCGA-EB-A97M-01,Primary Tumor,0.9835410714149475,False
91,TCGA-D3-A8GQ-06,Metastasis,6,TCGA-D3-A1Q7-06,Metastasis,0.982215940952301,True
91,TCGA-D3-A8GQ-06,Metastasis,7,TCGA-D9-A148-06,Metastasis,0.9815226793289185,True
91,TCGA-D3-A8GQ-06,Metastasis,8,TCGA-D3-A8GR-06,Metastasis,0.9812974333763123,True
91,TCGA-D3-A8GQ-06,Metastasis,9,TCGA-FW-A3R5-06,Metastasis,0.9805371761322021,True
98,TCGA-FW-A3TU-06,Metastasis,0,TCGA-D3-A5GN-06,Metastasis,0.9981915950775146,True
98,TCGA-FW-A3TU-06,Metastasis,1,TCGA-D3-A8GO-06,Metastasis,0.9945209622383118,True
98,TCGA-FW-A3TU-06,Metastasis,2,TCGA-GN-A26C-01,Primary Tumor,0.9901140332221985,False
98,TCGA-FW-A3TU-06,Metastasis,3,TCGA-D3-A1Q7-06,Metastasis,0.9892268180847168,True
98,TCGA-FW-A3TU-06,Metastasis,4,TCGA-D9-A3Z4-01,Primary Tumor,0.9888128638267517,False
98,TCGA-FW-A3TU-06,Metastasis,5,TCGA-DA-A95V-06,Metastasis,0.9887040257453918,True
98,TCGA-FW-A3TU-06,Metastasis,6,TCGA-EE-A2A6-06,Metastasis,0.9855343103408813,True
98,TCGA-FW-A3TU-06,Metastasis,7,TCGA-D9-A3Z3-06,Metastasis,0.980442225933075,True
98,TCGA-FW-A3TU-06,Metastasis,8,TCGA-WE-AAA0-06,Metastasis,0.9795666337013245,True
98,TCGA-FW-A3TU-06,Metastasis,9,TCGA-DA-A1I2-06,Metastasis,0.9782566428184509,True
605,TCGA-EB-A51B-01,Primary Tumor,0,TCGA-DA-A1IC-06,Metastasis,0.949922502040863,False
605,TCGA-EB-A51B-01,Primary Tumor,1,TCGA-EB-A41A-01,Primary Tumor,0.9310163855552673,True
605,TCGA-EB-A51B-01,Primary Tumor,2,TCGA-EB-A3Y7-01,Primary Tumor,0.9048886895179749,True
605,TCGA-EB-A51B-01,Primary Tumor,3,GTEX-ZVT3-0008-SM-51MRI,Normal Tissue,0.8904839754104614,False
605,TCGA-EB-A51B-01,Primary Tumor,4,TCGA-EB-A1NK-01,Primary Tumor,0.8844494819641113,True
605,TCGA-EB-A51B-01,Primary Tumor,5,TCGA-ER-A197-06,Metastasis,0.8739888668060303,False
605,TCGA-EB-A51B-01,Primary Tumor,6,TCGA-BF-A3DJ-01,Primary Tumor,0.8582994937896729,True
605,TCGA-EB-A51B-01,Primary Tumor,7,GTEX-PSDG-0008-SM-48TE5,Normal Tissue,0.8268228769302368,False
605,TCGA-EB-A51B-01,Primary Tumor,8,GTEX-OOBK-0008-SM-3NB27,Normal Tissue,0.8229852914810181,False
605,TCGA-EB-A51B-01,Primary Tumor,9,TCGA-D3-A3CC-06,Metastasis,0.8137994408607483,False
204,GTEX-WH7G-0008-SM-4LVNM,Normal Tissue,0,GTEX-Z93S-0008-SM-4RGM5,Normal Tissue,0.9992970824241638,True
204,GTEX-WH7G-0008-SM-4LVNM,Normal Tissue,1,GTEX-XBEW-0008-SM-4AT3Y,Normal Tissue,0.9989535212516785,True
204,GTEX-WH7G-0008-SM-4LVNM,Normal Tissue,2,GTEX-QVJO-0008-SM-447AU,Normal Tissue,0.9978356957435608,True
204,GTEX-WH7G-0008-SM-4LVNM,Normal Tissue,3,GTEX-Y8E4-0008-SM-4V6FW,Normal Tissue,0.9971211552619934,True
204,GTEX-WH7G-0008-SM-4LVNM,Normal Tissue,4,GTEX-W5X1-0008-SM-4LMKA,Normal Tissue,0.9970455765724182,True
204,GTEX-WH7G-0008-SM-4LVNM,Normal Tissue,5,GTEX-XUW1-0008-SM-4BOQH,Normal Tissue,0.9966541528701782,True
204,GTEX-WH7G-0008-SM-4LVNM,Normal Tissue,6,GTEX-UJMC-0008-SM-4IHKK,Normal Tissue,0.9964418411254883,True
204,GTEX-WH7G-0008-SM-4LVNM,Normal Tissue,7,GTEX-ZVP2-0008-SM-51MSL,Normal Tissue,0.9958418607711792,True
204,GTEX-WH7G-0008-SM-4LVNM,Normal Tissue,8,GTEX-RTLS-0008-SM-48FET,Normal Tissue,0.9940653443336487,True
204,GTEX-WH7G-0008-SM-4LVNM,Normal Tissue,9,GTEX-X3Y1-0008-SM-4PR12,Normal Tissue,0.9930825233459473,True
218,GTEX-13CF3-2426-SM-5IFGX,Normal Tissue,0,GTEX-11OF3-0126-SM-5PNYF,Normal Tissue,0.999587893486023,True
218,GTEX-13CF3-2426-SM-5IFGX,Normal Tissue,1,GTEX-139T8-0626-SM-5KLZX,Normal Tissue,0.9993929266929626,True
218,GTEX-13CF3-2426-SM-5IFGX,Normal Tissue,2,GTEX-XOTO-0726-SM-4B659,Normal Tissue,0.9991256594657898,True
218,GTEX-13CF3-2426-SM-5IFGX,Normal Tissue,3,GTEX-11EQ9-2426-SM-5HL5T,Normal Tissue,0.9990638494491577,True
218,GTEX-13CF3-2426-SM-5IFGX,Normal Tissue,4,GTEX-ZF29-0926-SM-4WKFZ,Normal Tissue,0.9989393353462219,True
218,GTEX-13CF3-2426-SM-5IFGX,Normal Tissue,5,GTEX-131XH-2226-SM-5DUXJ,Normal Tissue,0.9986388087272644,True
218,GTEX-13CF3-2426-SM-5IFGX,Normal Tissue,6,GTEX-ZLV1-1526-SM-4WWBC,Normal Tissue,0.9986056089401245,True
218,GTEX-13CF3-2426-SM-5IFGX,Normal Tissue,7,GTEX-111CU-1926-SM-5GZYZ,Normal Tissue,0.9985013604164124,True
218,GTEX-13CF3-2426-SM-5IFGX,Normal Tissue,8,GTEX-145LS-0126-SM-5QGP1,Normal Tissue,0.998382568359375,True
218,GTEX-13CF3-2426-SM-5IFGX,Normal Tissue,9,GTEX-ZXG5-2126-SM-59HKD,Normal Tissue,0.9983107447624207,True
64,GTEX-QVJO-0008-SM-447AU,Normal Tissue,0,GTEX-XBEW-0008-SM-4AT3Y,Normal Tissue,0.9982412457466125,True
64,GTEX-QVJO-0008-SM-447AU,Normal Tissue,1,GTEX-WH7G-0008-SM-4LVNM,Normal Tissue,0.9978356957435608,True
64,GTEX-QVJO-0008-SM-447AU,Normal Tissue,2,GTEX-W5X1-0008-SM-4LMKA,Normal Tissue,0.9977006912231445,True
64,GTEX-QVJO-0008-SM-447AU,Normal Tissue,3,GTEX-UJMC-0008-SM-4IHKK,Normal Tissue,0.996470034122467,True
64,GTEX-QVJO-0008-SM-447AU,Normal Tissue,4,GTEX-Z93S-0008-SM-4RGM5,Normal Tissue,0.9962401390075684,True
64,GTEX-QVJO-0008-SM-447AU,Normal Tissue,5,GTEX-T5JW-0008-SM-4DM5X,Normal Tissue,0.9953752756118774,True
64,GTEX-QVJO-0008-SM-447AU,Normal Tissue,6,GTEX-R55D-0008-SM-48FEV,Normal Tissue,0.9953582882881165,True
64,GTEX-QVJO-0008-SM-447AU,Normal Tissue,7,GTEX-X5EB-0008-SM-46MU3,Normal Tissue,0.9951632022857666,True
64,GTEX-QVJO-0008-SM-447AU,Normal Tissue,8,GTEX-WEY5-0008-SM-4LMKC,Normal Tissue,0.9926632046699524,True
64,GTEX-QVJO-0008-SM-447AU,Normal Tissue,9,GTEX-RTLS-0008-SM-48FET,Normal Tissue,0.9919359087944031,True
6,TCGA-FS-A1ZA-06,Metastasis,0,TCGA-ER-A19N-06,Metastasis,0.9861821532249451,True
6,TCGA-FS-A1ZA-06,Metastasis,1,TCGA-ER-A2NG-06,Metastasis,0.981569766998291,True
6,TCGA-FS-A1ZA-06,Metastasis,2,TCGA-EE-A2MS-06,Metastasis,0.9751663208007812,True
6,TCGA-FS-A1ZA-06,Metastasis,3,TCGA-FS-A1ZQ-06,Metastasis,0.9733755588531494,True
6,TCGA-FS-A1ZA-06,Metastasis,4,TCGA-EE-A2GK-06,Metastasis,0.9703039526939392,True
6,TCGA-FS-A1ZA-06,Metastasis,5,TCGA-D3-A2JN-06,Metastasis,0.9596366286277771,True
6,TCGA-FS-A1ZA-06,Metastasis,6,TCGA-FS-A1ZZ-06,Metastasis,0.9573929905891418,True
6,TCGA-FS-A1ZA-06,Metastasis,7,TCGA-EE-A184-06,Metastasis,0.9565058350563049,True
6,TCGA-FS-A1ZA-06,Metastasis,8,TCGA-EE-A29L-06,Metastasis,0.941356897354126,True
6,TCGA-FS-A1ZA-06,Metastasis,9,TCGA-D9-A148-06,Metastasis,0.9389165043830872,True
171,TCGA-DA-A1IC-06,Metastasis,0,TCGA-EB-A51B-01,Primary Tumor,0.949922502040863,False
171,TCGA-DA-A1IC-06,Metastasis,1,TCGA-EB-A3Y7-01,Primary Tumor,0.942976176738739,False
171,TCGA-DA-A1IC-06,Metastasis,2,TCGA-BF-A3DJ-01,Primary Tumor,0.9405266046524048,False
171,TCGA-DA-A1IC-06,Metastasis,3,TCGA-EB-A41A-01,Primary Tumor,0.9351218342781067,False
171,TCGA-DA-A1IC-06,Metastasis,4,TCGA-ER-A197-06,Metastasis,0.9338762164115906,True
171,TCGA-DA-A1IC-06,Metastasis,5,TCGA-FS-A1ZZ-06,Metastasis,0.8991575837135315,True
171,TCGA-DA-A1IC-06,Metastasis,6,TCGA-EB-A1NK-01,Primary Tumor,0.8818896412849426,False
171,TCGA-DA-A1IC-06,Metastasis,7,TCGA-D3-A3CC-06,Metastasis,0.8724596500396729,True
171,TCGA-DA-A1IC-06,Metastasis,8,GTEX-ZVT3-0008-SM-51MRI,Normal Tissue,0.8667868971824646,False
171,TCGA-DA-A1IC-06,Metastasis,9,TCGA-EB-A3HV-01,Primary Tumor,0.8535851836204529,False
1031,GTEX-X3Y1-0008-SM-4PR12,Normal Tissue,0,GTEX-WEY5-0008-SM-4LMKC,Normal Tissue,0.9989093542098999,True
1031,GTEX-X3Y1-0008-SM-4PR12,Normal Tissue,1,GTEX-UJMC-0008-SM-4IHKK,Normal Tissue,0.998418927192688,True
1031,GTEX-X3Y1-0008-SM-4PR12,Normal Tissue,2,GTEX-11DXX-0008-SM-5Q5B8,Normal Tissue,0.9979183077812195,True
1031,GTEX-X3Y1-0008-SM-4PR12,Normal Tissue,3,GTEX-T5JW-0008-SM-4DM5X,Normal Tissue,0.9965282678604126,True
1031,GTEX-X3Y1-0008-SM-4PR12,Normal Tissue,4,GTEX-ZVP2-0008-SM-51MSL,Normal Tissue,0.9959179759025574,True
1031,GTEX-X3Y1-0008-SM-4PR12,Normal Tissue,5,GTEX-WXYG-0008-SM-4ONDU,Normal Tissue,0.9957478642463684,True
1031,GTEX-X3Y1-0008-SM-4PR12,Normal Tissue,6,GTEX-W5WG-0008-SM-4KL25,Normal Tissue,0.9956386089324951,True
1031,GTEX-X3Y1-0008-SM-4PR12,Normal Tissue,7,GTEX-W5X1-0008-SM-4LMKA,Normal Tissue,0.9953072667121887,True
1031,GTEX-X3Y1-0008-SM-4PR12,Normal Tissue,8,GTEX-X5EB-0008-SM-46MU3,Normal Tissue,0.9945703744888306,True
1031,GTEX-X3Y1-0008-SM-4PR12,Normal Tissue,9,GTEX-T2YK-0008-SM-4DM6M,Normal Tissue,0.9942357540130615,True
121,TCGA-RP-A695-06,Metastasis,0,TCGA-ER-A2NC-06,Metastasis,0.9965841770172119,True
121,TCGA-RP-A695-06,Metastasis,1,TCGA-DA-A1I0-06,Metastasis,0.996408224105835,True
121,TCGA-RP-A695-06,Metastasis,2,TCGA-FW-A3R5-06,Metastasis,0.9940885901451111,True
121,TCGA-RP-A695-06,Metastasis,3,TCGA-EB-A97M-01,Primary Tumor,0.9909540414810181,False
121,TCGA-RP-A695-06,Metastasis,4,TCGA-DA-A1I2-06,Metastasis,0.9875709414482117,True
121,TCGA-RP-A695-06,Metastasis,5,TCGA-EE-A29X-06,Metastasis,0.9870209693908691,True
121,TCGA-RP-A695-06,Metastasis,6,TCGA-D9-A148-06,Metastasis,0.9863154888153076,True
121,TCGA-RP-A695-06,Metastasis,7,TCGA-FR-A3YO-06,Metastasis,0.9855804443359375,True
121,TCGA-RP-A695-06,Metastasis,8,TCGA-BF-A5ES-01,Primary Tumor,0.9849271774291992,False
121,TCGA-RP-A695-06,Metastasis,9,TCGA-D3-A8GK-06,Metastasis,0.9809834361076355,True
167,TCGA-FR-A3YO-06,Metastasis,0,TCGA-D3-A8GK-06,Metastasis,0.9961015582084656,True
167,TCGA-FR-A3YO-06,Metastasis,1,TCGA-WE-A8ZM-06,Metastasis,0.9936920404434204,True
167,TCGA-FR-A3YO-06,Metastasis,2,TCGA-BF-A5ES-01,Primary Tumor,0.9932764768600464,False
167,TCGA-FR-A3YO-06,Metastasis,3,TCGA-GN-A262-06,Metastasis,0.9910441637039185,True
167,TCGA-FR-A3YO-06,Metastasis,4,TCGA-D3-A51G-06,Metastasis,0.9904688000679016,True
167,TCGA-FR-A3YO-06,Metastasis,5,TCGA-ER-A2NC-06,Metastasis,0.9902291893959045,True
167,TCGA-FR-A3YO-06,Metastasis,6,TCGA-ER-A42H-01,Primary Tumor,0.9890351295471191,False
167,TCGA-FR-A3YO-06,Metastasis,7,TCGA-EB-A97M-01,Primary Tumor,0.9884222149848938,False
167,TCGA-FR-A3YO-06,Metastasis,8,TCGA-YG-AA3P-06,Metastasis,0.988172173500061,True
167,TCGA-FR-A3YO-06,Metastasis,9,TCGA-D3-A8GR-06,Metastasis,0.9878877401351929,True
635,GTEX-X4EP-0626-SM-3P621,Normal Tissue,0,GTEX-ZDTT-0426-SM-4WKFL,Normal Tissue,0.9988530874252319,True
635,GTEX-X4EP-0626-SM-3P621,Normal Tissue,1,GTEX-X4EO-2926-SM-4E3JH,Normal Tissue,0.9975820779800415,True
635,GTEX-X4EP-0626-SM-3P621,Normal Tissue,2,GTEX-12WSB-2926-SM-59HKL,Normal Tissue,0.9973968267440796,True
635,GTEX-X4EP-0626-SM-3P621,Normal Tissue,3,GTEX-ZU9S-1826-SM-5NQ9E,Normal Tissue,0.9964274168014526,True
635,GTEX-X4EP-0626-SM-3P621,Normal Tissue,4,GTEX-ZE9C-2726-SM-57WB5,Normal Tissue,0.9961497783660889,True
635,GTEX-X4EP-0626-SM-3P621,Normal Tissue,5,GTEX-Y8LW-1526-SM-5IFHL,Normal Tissue,0.9961485266685486,True
635,GTEX-X4EP-0626-SM-3P621,Normal Tissue,6,GTEX-11DZ1-0126-SM-5985Q,Normal Tissue,0.9960756301879883,True
635,GTEX-X4EP-0626-SM-3P621,Normal Tissue,7,GTEX-12ZZX-0126-SM-5EGK9,Normal Tissue,0.9960098266601562,True
635,GTEX-X4EP-0626-SM-3P621,Normal Tissue,8,GTEX-145ME-1826-SM-5SI9G,Normal Tissue,0.9956744909286499,True
635,GTEX-X4EP-0626-SM-3P621,Normal Tissue,9,GTEX-139D8-0226-SM-5KLZO,Normal Tissue,0.9956582188606262,True
893,TCGA-ER-A19O-06,Metastasis,0,TCGA-XV-AB01-06,Metastasis,0.9956652522087097,True
893,TCGA-ER-A19O-06,Metastasis,1,TCGA-EE-A2M8-06,Metastasis,0.9923689365386963,True
893,TCGA-ER-A19O-06,Metastasis,2,TCGA-EE-A29X-06,Metastasis,0.9862208962440491,True
893,TCGA-ER-A19O-06,Metastasis,3,TCGA-DA-A1I0-06,Metastasis,0.9858721494674683,True
893,TCGA-ER-A19O-06,Metastasis,4,TCGA-EE-A184-06,Metastasis,0.9803317189216614,True
893,TCGA-ER-A19O-06,Metastasis,5,TCGA-EE-A2MS-06,Metastasis,0.9786584973335266,True
893,TCGA-ER-A19O-06,Metastasis,6,TCGA-EE-A2GK-06,Metastasis,0.9768861532211304,True
893,TCGA-ER-A19O-06,Metastasis,7,TCGA-EE-A20F-06,Metastasis,0.9745540618896484,True
893,TCGA-ER-A19O-06,Metastasis,8,TCGA-EE-A2M6-06,Metastasis,0.9716785550117493,True
893,TCGA-ER-A19O-06,Metastasis,9,TCGA-RP-A695-06,Metastasis,0.9716415405273438,True
1125,TCGA-D3-A3CC-06,Metastasis,0,TCGA-EB-A41A-01,Primary Tumor,0.9665940999984741,False
1125,TCGA-D3-A3CC-06,Metastasis,1,TCGA-EB-A3Y7-01,Primary Tumor,0.9362192749977112,False
1125,TCGA-D3-A3CC-06,Metastasis,2,TCGA-ER-A197-06,Metastasis,0.9251337647438049,True
1125,TCGA-D3-A3CC-06,Metastasis,3,TCGA-EE-A3AG-06,Metastasis,0.9177418351173401,True
1125,TCGA-D3-A3CC-06,Metastasis,4,TCGA-FS-A1ZA-06,Metastasis,0.9072279334068298,True
1125,TCGA-D3-A3CC-06,Metastasis,5,TCGA-FS-A1ZZ-06,Metastasis,0.9036585092544556,True
1125,TCGA-D3-A3CC-06,Metastasis,6,TCGA-GN-A264-06,Metastasis,0.8995733261108398,True
1125,TCGA-D3-A3CC-06,Metastasis,7,TCGA-ER-A19N-06,Metastasis,0.8891617059707642,True
1125,TCGA-D3-A3CC-06,Metastasis,8,TCGA-FS-A4FB-06,Metastasis,0.8796053528785706,True
1125,TCGA-D3-A3CC-06,Metastasis,9,TCGA-DA-A1IC-06,Metastasis,0.8724596500396729,True
1249,GTEX-ZVP2-0326-SM-57WBP,Normal Tissue,0,GTEX-ZLV1-1526-SM-4WWBC,Normal Tissue,0.9996330142021179,True
1249,GTEX-ZVP2-0326-SM-57WBP,Normal Tissue,1,GTEX-11ZU8-0126-SM-5EQ58,Normal Tissue,0.9995619654655457,True
1249,GTEX-ZVP2-0326-SM-57WBP,Normal Tissue,2,GTEX-133LE-2326-SM-5K7W3,Normal Tissue,0.9992783069610596,True
1249,GTEX-ZVP2-0326-SM-57WBP,Normal Tissue,3,GTEX-Y5V6-2326-SM-4VDSA,Normal Tissue,0.99901282787323,True
1249,GTEX-ZVP2-0326-SM-57WBP,Normal Tissue,4,GTEX-ZF29-0926-SM-4WKFZ,Normal Tissue,0.9987634420394897,True
1249,GTEX-ZVP2-0326-SM-57WBP,Normal Tissue,5,GTEX-14A6H-0126-SM-5QGPK,Normal Tissue,0.9987360239028931,True
1249,GTEX-ZVP2-0326-SM-57WBP,Normal Tissue,6,GTEX-Y3IK-1626-SM-4YCF5,Normal Tissue,0.9987037181854248,True
1249,GTEX-ZVP2-0326-SM-57WBP,Normal Tissue,7,GTEX-145LS-0126-SM-5QGP1,Normal Tissue,0.9986962676048279,True
1249,GTEX-ZVP2-0326-SM-57WBP,Normal Tissue,8,GTEX-ZE7O-0126-SM-57WC1,Normal Tissue,0.9985353946685791,True
1249,GTEX-ZVP2-0326-SM-57WBP,Normal Tissue,9,GTEX-11OF3-0126-SM-5PNYF,Normal Tissue,0.9984174370765686,True
788,GTEX-ZQG8-0008-SM-4YCE7,Normal Tissue,0,GTEX-S341-0008-SM-4AD6D,Normal Tissue,0.9996200203895569,True
788,GTEX-ZQG8-0008-SM-4YCE7,Normal Tissue,1,GTEX-WXYG-0008-SM-4ONDU,Normal Tissue,0.9990397691726685,True
788,GTEX-ZQG8-0008-SM-4YCE7,Normal Tissue,2,GTEX-XUZC-0008-SM-4BOQG,Normal Tissue,0.9981585741043091,True
788,GTEX-ZQG8-0008-SM-4YCE7,Normal Tissue,3,GTEX-T2YK-0008-SM-4DM6M,Normal Tissue,0.9978310465812683,True
788,GTEX-ZQG8-0008-SM-4YCE7,Normal Tissue,4,GTEX-W5WG-0008-SM-4KL25,Normal Tissue,0.9977329969406128,True
788,GTEX-ZQG8-0008-SM-4YCE7,Normal Tissue,5,GTEX-ZVP2-0008-SM-51MSL,Normal Tissue,0.9977131485939026,True
788,GTEX-ZQG8-0008-SM-4YCE7,Normal Tissue,6,GTEX-XUW1-0008-SM-4BOQH,Normal Tissue,0.9972441792488098,True
788,GTEX-ZQG8-0008-SM-4YCE7,Normal Tissue,7,GTEX-PSDG-0008-SM-48TE5,Normal Tissue,0.9959082007408142,True
788,GTEX-ZQG8-0008-SM-4YCE7,Normal Tissue,8,GTEX-111VG-0008-SM-5Q5BG,Normal Tissue,0.9951388239860535,True
788,GTEX-ZQG8-0008-SM-4YCE7,Normal Tissue,9,GTEX-RTLS-0008-SM-48FET,Normal Tissue,0.9937052130699158,True
463,GTEX-WFON-1926-SM-3LK7L,Normal Tissue,0,GTEX-12ZZY-0226-SM-5LZVE,Normal Tissue,0.9993664622306824,True
463,GTEX-WFON-1926-SM-3LK7L,Normal Tissue,1,GTEX-Z93S-1626-SM-5CVMB,Normal Tissue,0.9989691376686096,True
463,GTEX-WFON-1926-SM-3LK7L,Normal Tissue,2,GTEX-XK95-0226-SM-4AT58,Normal Tissue,0.9984980821609497,True
463,GTEX-WFON-1926-SM-3LK7L,Normal Tissue,3,GTEX-X4EO-0326-SM-3P5YO,Normal Tissue,0.9978252649307251,True
463,GTEX-WFON-1926-SM-3LK7L,Normal Tissue,4,GTEX-XAJ8-1426-SM-47JYM,Normal Tissue,0.9977139830589294,True
463,GTEX-WFON-1926-SM-3LK7L,Normal Tissue,5,GTEX-139TU-0726-SM-5L3EK,Normal Tissue,0.9976212382316589,True
463,GTEX-WFON-1926-SM-3LK7L,Normal Tissue,6,GTEX-ZXG5-2126-SM-59HKD,Normal Tissue,0.9975234270095825,True
463,GTEX-WFON-1926-SM-3LK7L,Normal Tissue,7,GTEX-XPVG-2126-SM-4B667,Normal Tissue,0.9973727464675903,True
463,GTEX-WFON-1926-SM-3LK7L,Normal Tissue,8,GTEX-145ME-1826-SM-5SI9G,Normal Tissue,0.9972473978996277,True
463,GTEX-WFON-1926-SM-3LK7L,Normal Tissue,9,GTEX-WH7G-2026-SM-3NMBL,Normal Tissue,0.9972275495529175,True
710,TCGA-EB-A97M-01,Primary Tumor,0,TCGA-FW-A3R5-06,Metastasis,0.9984815716743469,False
710,TCGA-EB-A97M-01,Primary Tumor,1,TCGA-DA-A1I2-06,Metastasis,0.9975911974906921,False
710,TCGA-EB-A97M-01,Primary Tumor,2,TCGA-WE-AAA0-06,Metastasis,0.9917288422584534,False
710,TCGA-EB-A97M-01,Primary Tumor,3,TCGA-RP-A695-06,Metastasis,0.9909540414810181,False
710,TCGA-EB-A97M-01,Primary Tumor,4,TCGA-FR-A3YO-06,Metastasis,0.9884222149848938,False
710,TCGA-EB-A97M-01,Primary Tumor,5,TCGA-D9-A3Z4-01,Primary Tumor,0.988171398639679,True
710,TCGA-EB-A97M-01,Primary Tumor,6,TCGA-ER-A2NC-06,Metastasis,0.9862490296363831,False
710,TCGA-EB-A97M-01,Primary Tumor,7,TCGA-YG-AA3O-06,Metastasis,0.9850133657455444,False
710,TCGA-EB-A97M-01,Primary Tumor,8,TCGA-D9-A148-06,Metastasis,0.9845730066299438,False
710,TCGA-EB-A97M-01,Primary Tumor,9,TCGA-D3-A8GQ-06,Metastasis,0.9835410714149475,False
160,GTEX-XUW1-0008-SM-4BOQH,Normal Tissue,0,GTEX-ZVP2-0008-SM-51MSL,Normal Tissue,0.9991227984428406,True
160,GTEX-XUW1-0008-SM-4BOQH,Normal Tissue,1,GTEX-WXYG-0008-SM-4ONDU,Normal Tissue,0.9978535175323486,True
160,GTEX-XUW1-0008-SM-4BOQH,Normal Tissue,2,GTEX-ZQG8-0008-SM-4YCE7,Normal Tissue,0.9972441792488098,True
160,GTEX-XUW1-0008-SM-4BOQH,Normal Tissue,3,GTEX-WH7G-0008-SM-4LVNM,Normal Tissue,0.9966541528701782,True
160,GTEX-XUW1-0008-SM-4BOQH,Normal Tissue,4,GTEX-T2YK-0008-SM-4DM6M,Normal Tissue,0.9963261485099792,True
160,GTEX-XUW1-0008-SM-4BOQH,Normal Tissue,5,GTEX-S341-0008-SM-4AD6D,Normal Tissue,0.9963053464889526,True
160,GTEX-XUW1-0008-SM-4BOQH,Normal Tissue,6,GTEX-XUZC-0008-SM-4BOQG,Normal Tissue,0.995932936668396,True
160,GTEX-XUW1-0008-SM-4BOQH,Normal Tissue,7,GTEX-RTLS-0008-SM-48FET,Normal Tissue,0.9957689046859741,True
160,GTEX-XUW1-0008-SM-4BOQH,Normal Tissue,8,GTEX-Z93S-0008-SM-4RGM5,Normal Tissue,0.9957348704338074,True
160,GTEX-XUW1-0008-SM-4BOQH,Normal Tissue,9,GTEX-Y8E4-0008-SM-4V6FW,Normal Tissue,0.9949779510498047,True
903,TCGA-ER-A197-06,Metastasis,0,TCGA-EB-A3Y7-01,Primary Tumor,0.9852390289306641,False
903,TCGA-ER-A197-06,Metastasis,1,TCGA-FS-A1ZZ-06,Metastasis,0.963732123374939,True
903,TCGA-ER-A197-06,Metastasis,2,GTEX-OOBK-0008-SM-3NB27,Normal Tissue,0.9527066349983215,False
903,TCGA-ER-A197-06,Metastasis,3,GTEX-ZV7C-0926-SM-59HL1,Normal Tissue,0.9501777291297913,False
903,TCGA-ER-A197-06,Metastasis,4,GTEX-ZVT3-0008-SM-51MRI,Normal Tissue,0.9476293325424194,False
903,TCGA-ER-A197-06,Metastasis,5,GTEX-VUSG-0008-SM-4KL24,Normal Tissue,0.9360365271568298,False
903,TCGA-ER-A197-06,Metastasis,6,TCGA-EB-A41A-01,Primary Tumor,0.9354544281959534,False
903,TCGA-ER-A197-06,Metastasis,7,GTEX-PSDG-0008-SM-48TE5,Normal Tissue,0.933957040309906,False
903,TCGA-ER-A197-06,Metastasis,8,TCGA-DA-A1IC-06,Metastasis,0.9338762164115906,True
903,TCGA-ER-A197-06,Metastasis,9,GTEX-WVJS-0008-SM-4MVPC,Normal Tissue,0.9324755668640137,False
900,GTEX-WI4N-2726-SM-3LK7Y,Normal Tissue,0,GTEX-X62O-0126-SM-4E3JN,Normal Tissue,0.9959248900413513,True
900,GTEX-WI4N-2726-SM-3LK7Y,Normal Tissue,1,GTEX-12BJ1-0926-SM-5EQ62,Normal Tissue,0.9958332180976868,True
900,GTEX-WI4N-2726-SM-3LK7Y,Normal Tissue,2,GTEX-ZUA1-2626-SM-5NQ92,Normal Tissue,0.9877011179924011,True
900,GTEX-WI4N-2726-SM-3LK7Y,Normal Tissue,3,GTEX-12WSJ-1126-SM-5LZVJ,Normal Tissue,0.9862967133522034,True
900,GTEX-WI4N-2726-SM-3LK7Y,Normal Tissue,4,GTEX-13VXU-0626-SM-5L3F9,Normal Tissue,0.9854148626327515,True
900,GTEX-WI4N-2726-SM-3LK7Y,Normal Tissue,5,GTEX-12696-0126-SM-5EQ4L,Normal Tissue,0.9842949509620667,True
900,GTEX-WI4N-2726-SM-3LK7Y,Normal Tissue,6,GTEX-XBEC-0726-SM-4QARZ,Normal Tissue,0.9831389784812927,True
900,GTEX-WI4N-2726-SM-3LK7Y,Normal Tissue,7,GTEX-ZY6K-1826-SM-5GZXK,Normal Tissue,0.9827985763549805,True
900,GTEX-WI4N-2726-SM-3LK7Y,Normal Tissue,8,GTEX-11DZ1-0126-SM-5985Q,Normal Tissue,0.9824945330619812,True
900,GTEX-WI4N-2726-SM-3LK7Y,Normal Tissue,9,GTEX-11H98-0126-SM-5EGHG,Normal Tissue,0.9819049835205078,True
1005,GTEX-XOTO-0726-SM-4B659,Normal Tissue,0,GTEX-139T8-0626-SM-5KLZX,Normal Tissue,0.9997071027755737,True
1005,GTEX-XOTO-0726-SM-4B659,Normal Tissue,1,GTEX-131XH-2226-SM-5DUXJ,Normal Tissue,0.999681293964386,True
1005,GTEX-XOTO-0726-SM-4B659,Normal Tissue,2,GTEX-XUW1-0926-SM-4BONX,Normal Tissue,0.9993882775306702,True
1005,GTEX-XOTO-0726-SM-4B659,Normal Tissue,3,GTEX-ZXG5-2126-SM-59HKD,Normal Tissue,0.9993035793304443,True
1005,GTEX-XOTO-0726-SM-4B659,Normal Tissue,4,GTEX-13CF3-2426-SM-5IFGX,Normal Tissue,0.9991256594657898,True
1005,GTEX-XOTO-0726-SM-4B659,Normal Tissue,5,GTEX-11EQ9-2426-SM-5HL5T,Normal Tissue,0.9990689754486084,True
1005,GTEX-XOTO-0726-SM-4B659,Normal Tissue,6,GTEX-111CU-1926-SM-5GZYZ,Normal Tissue,0.9990124702453613,True
1005,GTEX-XOTO-0726-SM-4B659,Normal Tissue,7,GTEX-XK95-0226-SM-4AT58,Normal Tissue,0.9986144304275513,True
1005,GTEX-XOTO-0726-SM-4B659,Normal Tissue,8,GTEX-X4EO-0326-SM-3P5YO,Normal Tissue,0.9983466863632202,True
1005,GTEX-XOTO-0726-SM-4B659,Normal Tissue,9,GTEX-11OF3-0126-SM-5PNYF,Normal Tissue,0.997745931148529,True
806,GTEX-139T8-0626-SM-5KLZX,Normal Tissue,0,GTEX-XOTO-0726-SM-4B659,Normal Tissue,0.9997071027755737,True
806,GTEX-139T8-0626-SM-5KLZX,Normal Tissue,1,GTEX-131XH-2226-SM-5DUXJ,Normal Tissue,0.999696671962738,True
806,GTEX-139T8-0626-SM-5KLZX,Normal Tissue,2,GTEX-ZXG5-2126-SM-59HKD,Normal Tissue,0.999426543712616,True
806,GTEX-139T8-0626-SM-5KLZX,Normal Tissue,3,GTEX-13CF3-2426-SM-5IFGX,Normal Tissue,0.9993929266929626,True
806,GTEX-139T8-0626-SM-5KLZX,Normal Tissue,4,GTEX-XUW1-0926-SM-4BONX,Normal Tissue,0.9993661046028137,True
806,GTEX-139T8-0626-SM-5KLZX,Normal Tissue,5,GTEX-11EQ9-2426-SM-5HL5T,Normal Tissue,0.9992724657058716,True
806,GTEX-139T8-0626-SM-5KLZX,Normal Tissue,6,GTEX-XK95-0226-SM-4AT58,Normal Tissue,0.9986746311187744,True
806,GTEX-139T8-0626-SM-5KLZX,Normal Tissue,7,GTEX-111CU-1926-SM-5GZYZ,Normal Tissue,0.9986621141433716,True
806,GTEX-139T8-0626-SM-5KLZX,Normal Tissue,8,GTEX-11OF3-0126-SM-5PNYF,Normal Tissue,0.99835604429245,True
806,GTEX-139T8-0626-SM-5KLZX,Normal Tissue,9,GTEX-X4EO-0326-SM-3P5YO,Normal Tissue,0.9981017708778381,True
313,GTEX-12BJ1-0926-SM-5EQ62,Normal Tissue,0,GTEX-13VXU-0626-SM-5L3F9,Normal Tissue,0.9963433742523193,True
313,GTEX-12BJ1-0926-SM-5EQ62,Normal Tissue,1,GTEX-X62O-0126-SM-4E3JN,Normal Tissue,0.9961194396018982,True
313,GTEX-12BJ1-0926-SM-5EQ62,Normal Tissue,2,GTEX-WI4N-2726-SM-3LK7Y,Normal Tissue,0.9958332180976868,True
313,GTEX-12BJ1-0926-SM-5EQ62,Normal Tissue,3,GTEX-12696-0126-SM-5EQ4L,Normal Tissue,0.9955061078071594,True
313,GTEX-12BJ1-0926-SM-5EQ62,Normal Tissue,4,GTEX-11DZ1-0126-SM-5985Q,Normal Tissue,0.9947378039360046,True
313,GTEX-12BJ1-0926-SM-5EQ62,Normal Tissue,5,GTEX-12WSJ-1126-SM-5LZVJ,Normal Tissue,0.9942358136177063,True
313,GTEX-12BJ1-0926-SM-5EQ62,Normal Tissue,6,GTEX-XBEC-0726-SM-4QARZ,Normal Tissue,0.9936225414276123,True
313,GTEX-12BJ1-0926-SM-5EQ62,Normal Tissue,7,GTEX-12WS9-0126-SM-5EGL7,Normal Tissue,0.9927968978881836,True
313,GTEX-12BJ1-0926-SM-5EQ62,Normal Tissue,8,GTEX-1399S-0126-SM-5IJCF,Normal Tissue,0.992390513420105,True
313,GTEX-12BJ1-0926-SM-5EQ62,Normal Tissue,9,GTEX-Y5V6-2326-SM-4VDSA,Normal Tissue,0.9923573136329651,True
1205,TCGA-GN-A26C-01,Primary Tumor,0,TCGA-DA-A95V-06,Metastasis,0.9960629940032959,False
1205,TCGA-GN-A26C-01,Primary Tumor,1,TCGA-EE-A2A6-06,Metastasis,0.9941568374633789,False
1205,TCGA-GN-A26C-01,Primary Tumor,2,TCGA-D3-A5GN-06,Metastasis,0.9932221174240112,False
1205,TCGA-GN-A26C-01,Primary Tumor,3,TCGA-EE-A2M6-06,Metastasis,0.9925752282142639,False
1205,TCGA-GN-A26C-01,Primary Tumor,4,TCGA-FW-A3TU-06,Metastasis,0.9901140332221985,False
1205,TCGA-GN-A26C-01,Primary Tumor,5,TCGA-EE-A20F-06,Metastasis,0.9884414672851562,False
1205,TCGA-GN-A26C-01,Primary Tumor,6,TCGA-EE-A29X-06,Metastasis,0.9867996573448181,False
1205,TCGA-GN-A26C-01,Primary Tumor,7,TCGA-WE-AA9Y-06,Metastasis,0.9865095019340515,False
1205,TCGA-GN-A26C-01,Primary Tumor,8,TCGA-D3-A8GO-06,Metastasis,0.9857821464538574,False
1205,TCGA-GN-A26C-01,Primary Tumor,9,TCGA-D9-A3Z4-01,Primary Tumor,0.9843363761901855,True
1063,GTEX-11DZ1-0126-SM-5985Q,Normal Tissue,0,GTEX-12696-0126-SM-5EQ4L,Normal Tissue,0.9992977380752563,True
1063,GTEX-11DZ1-0126-SM-5985Q,Normal Tissue,1,GTEX-Y8LW-1526-SM-5IFHL,Normal Tissue,0.9989729523658752,True
1063,GTEX-11DZ1-0126-SM-5985Q,Normal Tissue,2,GTEX-X5EB-2226-SM-46MW4,Normal Tissue,0.9985721111297607,True
1063,GTEX-11DZ1-0126-SM-5985Q,Normal Tissue,3,GTEX-12WS9-0126-SM-5EGL7,Normal Tissue,0.9985596537590027,True
1063,GTEX-11DZ1-0126-SM-5985Q,Normal Tissue,4,GTEX-13VXU-0626-SM-5L3F9,Normal Tissue,0.9981032609939575,True
1063,GTEX-11DZ1-0126-SM-5985Q,Normal Tissue,5,GTEX-12WSB-2926-SM-59HKL,Normal Tissue,0.9976301193237305,True
1063,GTEX-11DZ1-0126-SM-5985Q,Normal Tissue,6,GTEX-ZE7O-0126-SM-57WC1,Normal Tissue,0.9975305199623108,True
1063,GTEX-11DZ1-0126-SM-5985Q,Normal Tissue,7,GTEX-139D8-0226-SM-5KLZO,Normal Tissue,0.9971670508384705,True
1063,GTEX-11DZ1-0126-SM-5985Q,Normal Tissue,8,GTEX-X4EO-2926-SM-4E3JH,Normal Tissue,0.9971520304679871,True
1063,GTEX-11DZ1-0126-SM-5985Q,Normal Tissue,9,GTEX-133LE-2326-SM-5K7W3,Normal Tissue,0.997128963470459,True
596,GTEX-ZDTT-0426-SM-4WKFL,Normal Tissue,0,GTEX-X4EP-0626-SM-3P621,Normal Tissue,0.9988530874252319,True
596,GTEX-ZDTT-0426-SM-4WKFL,Normal Tissue,1,GTEX-ZU9S-1826-SM-5NQ9E,Normal Tissue,0.9985573887825012,True
596,GTEX-ZDTT-0426-SM-4WKFL,Normal Tissue,2,GTEX-X4EO-2926-SM-4E3JH,Normal Tissue,0.9983904957771301,True
596,GTEX-ZDTT-0426-SM-4WKFL,Normal Tissue,3,GTEX-145ME-1826-SM-5SI9G,Normal Tissue,0.9982857704162598,True
596,GTEX-ZDTT-0426-SM-4WKFL,Normal Tissue,4,GTEX-12ZZX-0126-SM-5EGK9,Normal Tissue,0.9982721209526062,True
596,GTEX-ZDTT-0426-SM-4WKFL,Normal Tissue,5,GTEX-X4EO-0326-SM-3P5YO,Normal Tissue,0.9969661235809326,True
596,GTEX-ZDTT-0426-SM-4WKFL,Normal Tissue,6,GTEX-139D8-0226-SM-5KLZO,Normal Tissue,0.9965248107910156,True
596,GTEX-ZDTT-0426-SM-4WKFL,Normal Tissue,7,GTEX-ZE9C-2726-SM-57WB5,Normal Tissue,0.996278703212738,True
596,GTEX-ZDTT-0426-SM-4WKFL,Normal Tissue,8,GTEX-Z93S-1626-SM-5CVMB,Normal Tissue,0.9962245225906372,True
596,GTEX-ZDTT-0426-SM-4WKFL,Normal Tissue,9,GTEX-WHPG-2626-SM-3NMBR,Normal Tissue,0.9961695671081543,True
317,GTEX-R55D-0008-SM-48FEV,Normal Tissue,0,GTEX-QVJO-0008-SM-447AU,Normal Tissue,0.9953582882881165,True
317,GTEX-R55D-0008-SM-48FEV,Normal Tissue,1,GTEX-W5X1-0008-SM-4LMKA,Normal Tissue,0.9952152371406555,True
317,GTEX-R55D-0008-SM-48FEV,Normal Tissue,2,GTEX-OHPM-0008-SM-4E3IP,Normal Tissue,0.9946850538253784,True
317,GTEX-R55D-0008-SM-48FEV,Normal Tissue,3,GTEX-WCDI-0008-SM-47JYE,Normal Tissue,0.9931091070175171,True
317,GTEX-R55D-0008-SM-48FEV,Normal Tissue,4,GTEX-WH7G-0008-SM-4LVNM,Normal Tissue,0.9928541779518127,True
317,GTEX-R55D-0008-SM-48FEV,Normal Tissue,5,GTEX-XBEW-0008-SM-4AT3Y,Normal Tissue,0.9927821755409241,True
317,GTEX-R55D-0008-SM-48FEV,Normal Tissue,6,GTEX-R55F-0008-SM-48FE6,Normal Tissue,0.9927778244018555,True
317,GTEX-R55D-0008-SM-48FEV,Normal Tissue,7,GTEX-Z93S-0008-SM-4RGM5,Normal Tissue,0.9917711615562439,True
317,GTEX-R55D-0008-SM-48FEV,Normal Tissue,8,GTEX-WWYW-0008-SM-4MVPF,Normal Tissue,0.991513192653656,True
317,GTEX-R55D-0008-SM-48FEV,Normal Tissue,9,GTEX-WYBS-0008-SM-4ONDX,Normal Tissue,0.9901620745658875,True
894,TCGA-D9-A4Z5-01,Primary Tumor,0,TCGA-FS-A1ZY-06,Metastasis,0.9963139891624451,False
894,TCGA-D9-A4Z5-01,Primary Tumor,1,TCGA-FS-A4FB-06,Metastasis,0.9867532849311829,False
894,TCGA-D9-A4Z5-01,Primary Tumor,2,TCGA-D9-A6EG-06,Metastasis,0.983759880065918,False
894,TCGA-D9-A4Z5-01,Primary Tumor,3,TCGA-EE-A29B-06,Metastasis,0.983640730381012,False
894,TCGA-D9-A4Z5-01,Primary Tumor,4,GTEX-139T4-0008-SM-5S2WF,Normal Tissue,0.980535626411438,False
894,TCGA-D9-A4Z5-01,Primary Tumor,5,TCGA-BF-A5EP-01,Primary Tumor,0.9784743189811707,True
894,TCGA-D9-A4Z5-01,Primary Tumor,6,TCGA-IH-A3EA-01,Primary Tumor,0.9779597520828247,True
894,TCGA-D9-A4Z5-01,Primary Tumor,7,TCGA-BF-A3DM-01,Primary Tumor,0.9748876690864563,True
894,TCGA-D9-A4Z5-01,Primary Tumor,8,GTEX-WYBS-0008-SM-4ONDX,Normal Tissue,0.972182035446167,False
894,TCGA-D9-A4Z5-01,Primary Tumor,9,TCGA-GN-A264-06,Metastasis,0.9667460322380066,False
1074,TCGA-EB-A3Y7-01,Primary Tumor,0,TCGA-ER-A197-06,Metastasis,0.9852390289306641,False
1074,TCGA-EB-A3Y7-01,Primary Tumor,1,TCGA-EB-A41A-01,Primary Tumor,0.9578754305839539,True
1074,TCGA-EB-A3Y7-01,Primary Tumor,2,TCGA-FS-A1ZZ-06,Metastasis,0.9478687047958374,False
1074,TCGA-EB-A3Y7-01,Primary Tumor,3,TCGA-DA-A1IC-06,Metastasis,0.942976176738739,False
1074,TCGA-EB-A3Y7-01,Primary Tumor,4,GTEX-OOBK-0008-SM-3NB27,Normal Tissue,0.937325119972229,False
1074,TCGA-EB-A3Y7-01,Primary Tumor,5,TCGA-D3-A3CC-06,Metastasis,0.9362192749977112,False
1074,TCGA-EB-A3Y7-01,Primary Tumor,6,GTEX-ZVT3-0008-SM-51MRI,Normal Tissue,0.935468316078186,False
1074,TCGA-EB-A3Y7-01,Primary Tumor,7,GTEX-ZV7C-0926-SM-59HL1,Normal Tissue,0.9158583879470825,False
1074,TCGA-EB-A3Y7-01,Primary Tumor,8,GTEX-PSDG-0008-SM-48TE5,Normal Tissue,0.9129577875137329,False
1074,TCGA-EB-A3Y7-01,Primary Tumor,9,GTEX-VUSG-0008-SM-4KL24,Normal Tissue,0.910973072052002,False
1141,TCGA-EE-A2M6-06,Metastasis,0,TCGA-EE-A2A6-06,Metastasis,0.997133195400238,True
1141,TCGA-EE-A2M6-06,Metastasis,1,TCGA-EE-A29X-06,Metastasis,0.9951608777046204,True
1141,TCGA-EE-A2M6-06,Metastasis,2,TCGA-GN-A26C-01,Primary Tumor,0.9925752282142639,False
1141,TCGA-EE-A2M6-06,Metastasis,3,TCGA-WE-AA9Y-06,Metastasis,0.9925296902656555,True
1141,TCGA-EE-A2M6-06,Metastasis,4,TCGA-EE-A20F-06,Metastasis,0.9916932582855225,True
1141,TCGA-EE-A2M6-06,Metastasis,5,TCGA-WE-AAA0-06,Metastasis,0.9877942800521851,True
1141,TCGA-EE-A2M6-06,Metastasis,6,TCGA-D9-A148-06,Metastasis,0.9866125583648682,True
1141,TCGA-EE-A2M6-06,Metastasis,7,TCGA-EE-A2M8-06,Metastasis,0.9863922595977783,True
1141,TCGA-EE-A2M6-06,Metastasis,8,TCGA-D3-A2JN-06,Metastasis,0.9854150414466858,True
1141,TCGA-EE-A2M6-06,Metastasis,9,TCGA-FW-A3R5-06,Metastasis,0.9852764010429382,True
845,GTEX-1497J-0226-SM-5QGPU,Normal Tissue,0,GTEX-147F4-0226-SM-5QGPW,Normal Tissue,0.9984645843505859,True
845,GTEX-1497J-0226-SM-5QGPU,Normal Tissue,1,GTEX-ZAJG-0126-SM-5HL94,Normal Tissue,0.998458206653595,True
845,GTEX-1497J-0226-SM-5QGPU,Normal Tissue,2,GTEX-TMZS-0126-SM-3DB9Q,Normal Tissue,0.9980477094650269,True
845,GTEX-1497J-0226-SM-5QGPU,Normal Tissue,3,GTEX-Y5LM-1926-SM-5RQJH,Normal Tissue,0.9961725473403931,True
845,GTEX-1497J-0226-SM-5QGPU,Normal Tissue,4,GTEX-T6MO-1626-SM-32QOM,Normal Tissue,0.9954137206077576,True
845,GTEX-1497J-0226-SM-5QGPU,Normal Tissue,5,GTEX-1313W-0626-SM-5EQ4H,Normal Tissue,0.9946232438087463,True
845,GTEX-1497J-0226-SM-5QGPU,Normal Tissue,6,GTEX-W5X1-2526-SM-3GILC,Normal Tissue,0.9941703677177429,True
845,GTEX-1497J-0226-SM-5QGPU,Normal Tissue,7,GTEX-Y3IK-1626-SM-4YCF5,Normal Tissue,0.993960440158844,True
845,GTEX-1497J-0226-SM-5QGPU,Normal Tissue,8,GTEX-11ZU8-0126-SM-5EQ58,Normal Tissue,0.9938905239105225,True
845,GTEX-1497J-0226-SM-5QGPU,Normal Tissue,9,GTEX-ZVP2-0326-SM-57WBP,Normal Tissue,0.9938079118728638,True
367,TCGA-D9-A3Z3-06,Metastasis,0,TCGA-D3-A8GO-06,Metastasis,0.9876405000686646,True
367,TCGA-D9-A3Z3-06,Metastasis,1,TCGA-D3-A3MR-06,Metastasis,0.9876105189323425,True
367,TCGA-D9-A3Z3-06,Metastasis,2,TCGA-DA-A95V-06,Metastasis,0.9839820265769958,True
367,TCGA-D9-A3Z3-06,Metastasis,3,TCGA-YD-A9TA-06,Metastasis,0.9817967414855957,True
367,TCGA-D9-A3Z3-06,Metastasis,4,TCGA-FW-A3TU-06,Metastasis,0.980442225933075,True
367,TCGA-D9-A3Z3-06,Metastasis,5,TCGA-D3-A5GN-06,Metastasis,0.9798246026039124,True
367,TCGA-D9-A3Z3-06,Metastasis,6,TCGA-GN-A26C-01,Primary Tumor,0.9706892967224121,False
367,TCGA-D9-A3Z3-06,Metastasis,7,TCGA-D3-A1Q7-06,Metastasis,0.9673359990119934,True
367,TCGA-D9-A3Z3-06,Metastasis,8,TCGA-GN-A9SD-06,Metastasis,0.95920729637146,True
367,TCGA-D9-A3Z3-06,Metastasis,9,TCGA-EE-A2A6-06,Metastasis,0.9545648694038391,True
1083,TCGA-BF-A3DJ-01,Primary Tumor,0,TCGA-EB-A3HV-01,Primary Tumor,0.9552087187767029,True
1083,TCGA-BF-A3DJ-01,Primary Tumor,1,TCGA-DA-A1IC-06,Metastasis,0.9405266046524048,False
1083,TCGA-BF-A3DJ-01,Primary Tumor,2,TCGA-EB-A1NK-01,Primary Tumor,0.9404985308647156,True
1083,TCGA-BF-A3DJ-01,Primary Tumor,3,TCGA-EB-A57M-01,Primary Tumor,0.9155455827713013,True
1083,TCGA-BF-A3DJ-01,Primary Tumor,4,TCGA-EB-A51B-01,Primary Tumor,0.8582994937896729,True
1083,TCGA-BF-A3DJ-01,Primary Tumor,5,TCGA-EB-A41A-01,Primary Tumor,0.8472660183906555,True
1083,TCGA-BF-A3DJ-01,Primary Tumor,6,TCGA-EB-A3Y7-01,Primary Tumor,0.8171452879905701,True
1083,TCGA-BF-A3DJ-01,Primary Tumor,7,TCGA-FS-A1ZZ-06,Metastasis,0.7983128428459167,False
1083,TCGA-BF-A3DJ-01,Primary Tumor,8,TCGA-D3-A3CC-06,Metastasis,0.7899068593978882,False
1083,TCGA-BF-A3DJ-01,Primary Tumor,9,TCGA-ER-A197-06,Metastasis,0.7850437164306641,False
1218,TCGA-BF-A5ES-01,Primary Tumor,0,TCGA-D3-A8GK-06,Metastasis,0.995877206325531,False
1218,TCGA-BF-A5ES-01,Primary Tumor,1,TCGA-FR-A3YO-06,Metastasis,0.9932764768600464,False
1218,TCGA-BF-A5ES-01,Primary Tumor,2,TCGA-ER-A2NC-06,Metastasis,0.9918212294578552,False
1218,TCGA-BF-A5ES-01,Primary Tumor,3,TCGA-IH-A3EA-01,Primary Tumor,0.990389883518219,True
1218,TCGA-BF-A5ES-01,Primary Tumor,4,TCGA-WE-A8ZM-06,Metastasis,0.9863032102584839,False
1218,TCGA-BF-A5ES-01,Primary Tumor,5,TCGA-RP-A695-06,Metastasis,0.9849271774291992,False
1218,TCGA-BF-A5ES-01,Primary Tumor,6,TCGA-D3-A51G-06,Metastasis,0.9849160313606262,False
1218,TCGA-BF-A5ES-01,Primary Tumor,7,TCGA-BF-A3DM-01,Primary Tumor,0.9843126535415649,True
1218,TCGA-BF-A5ES-01,Primary Tumor,8,TCGA-EE-A29L-06,Metastasis,0.9841686487197876,False
1218,TCGA-BF-A5ES-01,Primary Tumor,9,TCGA-ER-A42H-01,Primary Tumor,0.9835566878318787,True
84,TCGA-EE-A184-06,Metastasis,0,TCGA-EE-A2MS-06,Metastasis,0.9865075349807739,True
84,TCGA-EE-A184-06,Metastasis,1,TCGA-FS-A1ZQ-06,Metastasis,0.9817690253257751,True
84,TCGA-EE-A184-06,Metastasis,2,TCGA-ER-A19O-06,Metastasis,0.9803317189216614,True
84,TCGA-EE-A184-06,Metastasis,3,TCGA-EE-A2GK-06,Metastasis,0.9770058393478394,True
84,TCGA-EE-A184-06,Metastasis,4,TCGA-DA-A1I0-06,Metastasis,0.965377688407898,True
84,TCGA-EE-A184-06,Metastasis,5,TCGA-ER-A2NG-06,Metastasis,0.9651678800582886,True
84,TCGA-EE-A184-06,Metastasis,6,TCGA-EE-A2M8-06,Metastasis,0.9618501663208008,True
84,TCGA-EE-A184-06,Metastasis,7,TCGA-XV-AB01-06,Metastasis,0.9602533578872681,True
84,TCGA-EE-A184-06,Metastasis,8,TCGA-ER-A2NC-06,Metastasis,0.957740843296051,True
84,TCGA-EE-A184-06,Metastasis,9,TCGA-FS-A1ZA-06,Metastasis,0.9565058350563049,True
130,GTEX-12WSJ-1126-SM-5LZVJ,Normal Tissue,0,GTEX-1399S-0126-SM-5IJCF,Normal Tissue,0.9988224506378174,True
130,GTEX-12WSJ-1126-SM-5LZVJ,Normal Tissue,1,GTEX-1313W-0626-SM-5EQ4H,Normal Tissue,0.9984832406044006,True
130,GTEX-12WSJ-1126-SM-5LZVJ,Normal Tissue,2,GTEX-13VXU-0626-SM-5L3F9,Normal Tissue,0.9967042803764343,True
130,GTEX-12WSJ-1126-SM-5LZVJ,Normal Tissue,3,GTEX-Y5V6-2326-SM-4VDSA,Normal Tissue,0.9965183734893799,True
130,GTEX-12WSJ-1126-SM-5LZVJ,Normal Tissue,4,GTEX-W5X1-2526-SM-3GILC,Normal Tissue,0.9960594773292542,True
130,GTEX-12WSJ-1126-SM-5LZVJ,Normal Tissue,5,GTEX-133LE-2326-SM-5K7W3,Normal Tissue,0.9953462481498718,True
130,GTEX-12WSJ-1126-SM-5LZVJ,Normal Tissue,6,GTEX-ZVP2-0326-SM-57WBP,Normal Tissue,0.9951775670051575,True
130,GTEX-12WSJ-1126-SM-5LZVJ,Normal Tissue,7,GTEX-WI4N-1026-SM-3LK7N,Normal Tissue,0.9951711297035217,True
130,GTEX-12WSJ-1126-SM-5LZVJ,Normal Tissue,8,GTEX-11ZUS-2626-SM-5FQUR,Normal Tissue,0.9949496388435364,True
130,GTEX-12WSJ-1126-SM-5LZVJ,Normal Tissue,9,GTEX-12BJ1-0926-SM-5EQ62,Normal Tissue,0.9942358136177063,True
309,TCGA-D3-A3MV-06,Metastasis,0,TCGA-D3-A8GR-06,Metastasis,0.9973605871200562,True
309,TCGA-D3-A3MV-06,Metastasis,1,TCGA-D3-A51R-06,Metastasis,0.9960628747940063,True
309,TCGA-D3-A3MV-06,Metastasis,2,TCGA-GN-A262-06,Metastasis,0.9942943453788757,True
309,TCGA-D3-A3MV-06,Metastasis,3,TCGA-WE-A8ZN-06,Metastasis,0.9914244413375854,True
309,TCGA-D3-A3MV-06,Metastasis,4,TCGA-YG-AA3P-06,Metastasis,0.9906729459762573,True
309,TCGA-D3-A3MV-06,Metastasis,5,TCGA-ER-A42H-01,Primary Tumor,0.9905245304107666,False
309,TCGA-D3-A3MV-06,Metastasis,6,TCGA-D3-A51G-06,Metastasis,0.9891836047172546,True
309,TCGA-D3-A3MV-06,Metastasis,7,TCGA-WE-A8ZM-06,Metastasis,0.9883852005004883,True
309,TCGA-D3-A3MV-06,Metastasis,8,TCGA-FR-A3YO-06,Metastasis,0.9802375435829163,True
309,TCGA-D3-A3MV-06,Metastasis,9,TCGA-D9-A6EG-06,Metastasis,0.977819561958313,True
1084,GTEX-WWYW-0008-SM-4MVPF,Normal Tissue,0,GTEX-OHPM-0008-SM-4E3IP,Normal Tissue,0.9989225268363953,True
1084,GTEX-WWYW-0008-SM-4MVPF,Normal Tissue,1,GTEX-WRHU-0008-SM-4MVPB,Normal Tissue,0.9985198974609375,True
1084,GTEX-WWYW-0008-SM-4MVPF,Normal Tissue,2,GTEX-RVPU-0008-SM-3NM8B,Normal Tissue,0.9984662532806396,True
1084,GTEX-WWYW-0008-SM-4MVPF,Normal Tissue,3,GTEX-R55F-0008-SM-48FE6,Normal Tissue,0.998040497303009,True
1084,GTEX-WWYW-0008-SM-4MVPF,Normal Tissue,4,GTEX-Y9LG-0008-SM-4VBRJ,Normal Tissue,0.99315345287323,True
1084,GTEX-WWYW-0008-SM-4MVPF,Normal Tissue,5,GTEX-WCDI-0008-SM-47JYE,Normal Tissue,0.993008017539978,True
1084,GTEX-WWYW-0008-SM-4MVPF,Normal Tissue,6,GTEX-139T4-0008-SM-5S2WF,Normal Tissue,0.9923206567764282,True
1084,GTEX-WWYW-0008-SM-4MVPF,Normal Tissue,7,GTEX-UJHI-0008-SM-4IHL1,Normal Tissue,0.9915536046028137,True
1084,GTEX-WWYW-0008-SM-4MVPF,Normal Tissue,8,GTEX-R55D-0008-SM-48FEV,Normal Tissue,0.991513192653656,True
1084,GTEX-WWYW-0008-SM-4MVPF,Normal Tissue,9,GTEX-Y8E4-0008-SM-4V6FW,Normal Tissue,0.9904901385307312,True
786,TCGA-DA-A1I2-06,Metastasis,0,TCGA-FW-A3R5-06,Metastasis,0.9985151886940002,True
786,TCGA-DA-A1I2-06,Metastasis,1,TCGA-EB-A97M-01,Primary Tumor,0.9975911974906921,False
786,TCGA-DA-A1I2-06,Metastasis,2,TCGA-WE-AAA0-06,Metastasis,0.9966793060302734,True
786,TCGA-DA-A1I2-06,Metastasis,3,TCGA-D9-A3Z4-01,Primary Tumor,0.9943550229072571,False
786,TCGA-DA-A1I2-06,Metastasis,4,TCGA-YG-AA3O-06,Metastasis,0.9888573884963989,True
786,TCGA-DA-A1I2-06,Metastasis,5,TCGA-RP-A695-06,Metastasis,0.9875709414482117,True
786,TCGA-DA-A1I2-06,Metastasis,6,TCGA-D3-A8GQ-06,Metastasis,0.9873552322387695,True
786,TCGA-DA-A1I2-06,Metastasis,7,TCGA-D9-A148-06,Metastasis,0.987151026725769,True
786,TCGA-DA-A1I2-06,Metastasis,8,TCGA-EE-A2A6-06,Metastasis,0.9859701991081238,True
786,TCGA-DA-A1I2-06,Metastasis,9,TCGA-EE-A2M6-06,Metastasis,0.9831170439720154,True
949,GTEX-ZVP2-0008-SM-51MSL,Normal Tissue,0,GTEX-WXYG-0008-SM-4ONDU,Normal Tissue,0.9991729855537415,True
949,GTEX-ZVP2-0008-SM-51MSL,Normal Tissue,1,GTEX-XUW1-0008-SM-4BOQH,Normal Tissue,0.9991227984428406,True
949,GTEX-ZVP2-0008-SM-51MSL,Normal Tissue,2,GTEX-T2YK-0008-SM-4DM6M,Normal Tissue,0.9986329078674316,True
949,GTEX-ZVP2-0008-SM-51MSL,Normal Tissue,3,GTEX-ZQG8-0008-SM-4YCE7,Normal Tissue,0.9977131485939026,True
949,GTEX-ZVP2-0008-SM-51MSL,Normal Tissue,4,GTEX-RTLS-0008-SM-48FET,Normal Tissue,0.997534990310669,True
949,GTEX-ZVP2-0008-SM-51MSL,Normal Tissue,5,GTEX-UJMC-0008-SM-4IHKK,Normal Tissue,0.9965686202049255,True
949,GTEX-ZVP2-0008-SM-51MSL,Normal Tissue,6,GTEX-S341-0008-SM-4AD6D,Normal Tissue,0.9964368343353271,True
949,GTEX-ZVP2-0008-SM-51MSL,Normal Tissue,7,GTEX-W5WG-0008-SM-4KL25,Normal Tissue,0.9963465332984924,True
949,GTEX-ZVP2-0008-SM-51MSL,Normal Tissue,8,GTEX-X3Y1-0008-SM-4PR12,Normal Tissue,0.9959179759025574,True
949,GTEX-ZVP2-0008-SM-51MSL,Normal Tissue,9,GTEX-WH7G-0008-SM-4LVNM,Normal Tissue,0.9958418607711792,True
837,GTEX-139D8-0226-SM-5KLZO,Normal Tissue,0,GTEX-X4EO-2926-SM-4E3JH,Normal Tissue,0.9995198249816895,True
837,GTEX-139D8-0226-SM-5KLZO,Normal Tissue,1,GTEX-11OF3-0126-SM-5PNYF,Normal Tissue,0.9989418983459473,True
837,GTEX-139D8-0226-SM-5KLZO,Normal Tissue,2,GTEX-X5EB-2226-SM-46MW4,Normal Tissue,0.99847811460495,True
837,GTEX-139D8-0226-SM-5KLZO,Normal Tissue,3,GTEX-13CF3-2426-SM-5IFGX,Normal Tissue,0.9981188178062439,True
837,GTEX-139D8-0226-SM-5KLZO,Normal Tissue,4,GTEX-ZE7O-0126-SM-57WC1,Normal Tissue,0.9979352355003357,True
837,GTEX-139D8-0226-SM-5KLZO,Normal Tissue,5,GTEX-133LE-2326-SM-5K7W3,Normal Tissue,0.9978864192962646,True
837,GTEX-139D8-0226-SM-5KLZO,Normal Tissue,6,GTEX-12ZZX-0126-SM-5EGK9,Normal Tissue,0.9977180361747742,True
837,GTEX-139D8-0226-SM-5KLZO,Normal Tissue,7,GTEX-12WS9-0126-SM-5EGL7,Normal Tissue,0.9975277185440063,True
837,GTEX-139D8-0226-SM-5KLZO,Normal Tissue,8,GTEX-139T8-0626-SM-5KLZX,Normal Tissue,0.9974222183227539,True
837,GTEX-139D8-0226-SM-5KLZO,Normal Tissue,9,GTEX-ZLV1-1526-SM-4WWBC,Normal Tissue,0.9973565340042114,True
868,GTEX-W5X1-2526-SM-3GILC,Normal Tissue,0,GTEX-1399S-0126-SM-5IJCF,Normal Tissue,0.998206615447998,True
868,GTEX-W5X1-2526-SM-3GILC,Normal Tissue,1,GTEX-ZVP2-0326-SM-57WBP,Normal Tissue,0.9980461001396179,True
868,GTEX-W5X1-2526-SM-3GILC,Normal Tissue,2,GTEX-11ZU8-0126-SM-5EQ58,Normal Tissue,0.997944176197052,True
868,GTEX-W5X1-2526-SM-3GILC,Normal Tissue,3,GTEX-ZAJG-0126-SM-5HL94,Normal Tissue,0.997663676738739,True
868,GTEX-W5X1-2526-SM-3GILC,Normal Tissue,4,GTEX-Y3IK-1626-SM-4YCF5,Normal Tissue,0.9973758459091187,True
868,GTEX-W5X1-2526-SM-3GILC,Normal Tissue,5,GTEX-WI4N-1026-SM-3LK7N,Normal Tissue,0.9972283244132996,True
868,GTEX-W5X1-2526-SM-3GILC,Normal Tissue,6,GTEX-ZF29-0926-SM-4WKFZ,Normal Tissue,0.996994137763977,True
868,GTEX-W5X1-2526-SM-3GILC,Normal Tissue,7,GTEX-147F4-0226-SM-5QGPW,Normal Tissue,0.996883749961853,True
868,GTEX-W5X1-2526-SM-3GILC,Normal Tissue,8,GTEX-145LS-0126-SM-5QGP1,Normal Tissue,0.9967289566993713,True
868,GTEX-W5X1-2526-SM-3GILC,Normal Tissue,9,GTEX-133LE-2326-SM-5K7W3,Normal Tissue,0.9967147707939148,True
1274,GTEX-ZYFD-0626-SM-5E44E,Normal Tissue,0,GTEX-WHPG-2626-SM-3NMBR,Normal Tissue,0.9966612458229065,True
1274,GTEX-ZYFD-0626-SM-5E44E,Normal Tissue,1,GTEX-YECK-0326-SM-4W1YS,Normal Tissue,0.9956734776496887,True
1274,GTEX-ZYFD-0626-SM-5E44E,Normal Tissue,2,GTEX-ZDTT-0426-SM-4WKFL,Normal Tissue,0.9951208829879761,True
1274,GTEX-ZYFD-0626-SM-5E44E,Normal Tissue,3,GTEX-ZWKS-0626-SM-5GIDV,Normal Tissue,0.9941984415054321,True
1274,GTEX-ZYFD-0626-SM-5E44E,Normal Tissue,4,GTEX-X4EP-0626-SM-3P621,Normal Tissue,0.9940279126167297,True
1274,GTEX-ZYFD-0626-SM-5E44E,Normal Tissue,5,GTEX-WH7G-2026-SM-3NMBL,Normal Tissue,0.9935081005096436,True
1274,GTEX-ZYFD-0626-SM-5E44E,Normal Tissue,6,GTEX-12WSB-0126-SM-59HJN,Normal Tissue,0.9934036731719971,True
1274,GTEX-ZYFD-0626-SM-5E44E,Normal Tissue,7,GTEX-ZU9S-1826-SM-5NQ9E,Normal Tissue,0.9929258823394775,True
1274,GTEX-ZYFD-0626-SM-5E44E,Normal Tissue,8,GTEX-145ME-1826-SM-5SI9G,Normal Tissue,0.9921708106994629,True
1274,GTEX-ZYFD-0626-SM-5E44E,Normal Tissue,9,GTEX-12ZZX-0126-SM-5EGK9,Normal Tissue,0.9911273717880249,True
987,GTEX-ZV7C-0926-SM-59HL1,Normal Tissue,0,GTEX-RTLS-0008-SM-48FET,Normal Tissue,0.983848512172699,True
987,GTEX-ZV7C-0926-SM-59HL1,Normal Tissue,1,GTEX-WFG7-0008-SM-4LMKB,Normal Tissue,0.9787090420722961,True
987,GTEX-ZV7C-0926-SM-59HL1,Normal Tissue,2,GTEX-T2YK-0008-SM-4DM6M,Normal Tissue,0.9782384634017944,True
987,GTEX-ZV7C-0926-SM-59HL1,Normal Tissue,3,GTEX-111VG-0008-SM-5Q5BG,Normal Tissue,0.9735540151596069,True
987,GTEX-ZV7C-0926-SM-59HL1,Normal Tissue,4,GTEX-ZVP2-0008-SM-51MSL,Normal Tissue,0.9735524654388428,True
987,GTEX-ZV7C-0926-SM-59HL1,Normal Tissue,5,GTEX-W5WG-0008-SM-4KL25,Normal Tissue,0.9718127250671387,True
987,GTEX-ZV7C-0926-SM-59HL1,Normal Tissue,6,GTEX-XBEW-0008-SM-4AT3Y,Normal Tissue,0.9717624187469482,True
987,GTEX-ZV7C-0926-SM-59HL1,Normal Tissue,7,GTEX-PSDG-0008-SM-48TE5,Normal Tissue,0.971612811088562,True
987,GTEX-ZV7C-0926-SM-59HL1,Normal Tissue,8,GTEX-XUW1-0008-SM-4BOQH,Normal Tissue,0.97010338306427,True
987,GTEX-ZV7C-0926-SM-59HL1,Normal Tissue,9,GTEX-WXYG-0008-SM-4ONDU,Normal Tissue,0.9698084592819214,True
415,GTEX-X4EO-0326-SM-3P5YO,Normal Tissue,0,GTEX-145ME-1826-SM-5SI9G,Normal Tissue,0.9996120929718018,True
415,GTEX-X4EO-0326-SM-3P5YO,Normal Tissue,1,GTEX-ZU9S-1826-SM-5NQ9E,Normal Tissue,0.999542772769928,True
415,GTEX-X4EO-0326-SM-3P5YO,Normal Tissue,2,GTEX-Z93S-1626-SM-5CVMB,Normal Tissue,0.9992902278900146,True
415,GTEX-X4EO-0326-SM-3P5YO,Normal Tissue,3,GTEX-XK95-0226-SM-4AT58,Normal Tissue,0.9992501735687256,True
415,GTEX-X4EO-0326-SM-3P5YO,Normal Tissue,4,GTEX-12ZZX-0126-SM-5EGK9,Normal Tissue,0.9991023540496826,True
415,GTEX-X4EO-0326-SM-3P5YO,Normal Tissue,5,GTEX-131XH-2226-SM-5DUXJ,Normal Tissue,0.999100923538208,True
415,GTEX-X4EO-0326-SM-3P5YO,Normal Tissue,6,GTEX-ZXG5-2126-SM-59HKD,Normal Tissue,0.9986162185668945,True
415,GTEX-X4EO-0326-SM-3P5YO,Normal Tissue,7,GTEX-111CU-1926-SM-5GZYZ,Normal Tissue,0.9984484314918518,True
415,GTEX-X4EO-0326-SM-3P5YO,Normal Tissue,8,GTEX-XOTO-0726-SM-4B659,Normal Tissue,0.9983466863632202,True
415,GTEX-X4EO-0326-SM-3P5YO,Normal Tissue,9,GTEX-139T8-0626-SM-5KLZX,Normal Tissue,0.9981017708778381,True
19,GTEX-11DXX-0008-SM-5Q5B8,Normal Tissue,0,GTEX-WEY5-0008-SM-4LMKC,Normal Tissue,0.9982704520225525,True
19,GTEX-11DXX-0008-SM-5Q5B8,Normal Tissue,1,GTEX-X3Y1-0008-SM-4PR12,Normal Tissue,0.9979183077812195,True
19,GTEX-11DXX-0008-SM-5Q5B8,Normal Tissue,2,GTEX-W5WG-0008-SM-4KL25,Normal Tissue,0.9969935417175293,True
19,GTEX-11DXX-0008-SM-5Q5B8,Normal Tissue,3,GTEX-P4QS-0008-SM-48TDY,Normal Tissue,0.9968546032905579,True
19,GTEX-11DXX-0008-SM-5Q5B8,Normal Tissue,4,GTEX-UJMC-0008-SM-4IHKK,Normal Tissue,0.9964743852615356,True
19,GTEX-11DXX-0008-SM-5Q5B8,Normal Tissue,5,GTEX-111VG-0008-SM-5Q5BG,Normal Tissue,0.9963595271110535,True
19,GTEX-11DXX-0008-SM-5Q5B8,Normal Tissue,6,GTEX-T5JW-0008-SM-4DM5X,Normal Tissue,0.9960976243019104,True
19,GTEX-11DXX-0008-SM-5Q5B8,Normal Tissue,7,GTEX-X5EB-0008-SM-46MU3,Normal Tissue,0.9950994849205017,True
19,GTEX-11DXX-0008-SM-5Q5B8,Normal Tissue,8,GTEX-T2YK-0008-SM-4DM6M,Normal Tissue,0.994681715965271,True
19,GTEX-11DXX-0008-SM-5Q5B8,Normal Tissue,9,GTEX-WXYG-0008-SM-4ONDU,Normal Tissue,0.9944800138473511,True
310,TCGA-XV-AB01-06,Metastasis,0,TCGA-ER-A19O-06,Metastasis,0.9956652522087097,True
310,TCGA-XV-AB01-06,Metastasis,1,TCGA-EE-A2M8-06,Metastasis,0.9889565706253052,True
310,TCGA-XV-AB01-06,Metastasis,2,TCGA-EE-A29X-06,Metastasis,0.9818068146705627,True
310,TCGA-XV-AB01-06,Metastasis,3,TCGA-DA-A1I0-06,Metastasis,0.9789825677871704,True
310,TCGA-XV-AB01-06,Metastasis,4,TCGA-EE-A20F-06,Metastasis,0.9701278805732727,True
310,TCGA-XV-AB01-06,Metastasis,5,TCGA-EE-A2M6-06,Metastasis,0.9636994004249573,True
310,TCGA-XV-AB01-06,Metastasis,6,TCGA-RP-A695-06,Metastasis,0.9606096148490906,True
310,TCGA-XV-AB01-06,Metastasis,7,TCGA-EE-A184-06,Metastasis,0.9602533578872681,True
310,TCGA-XV-AB01-06,Metastasis,8,TCGA-WE-AA9Y-06,Metastasis,0.9601708054542542,True
310,TCGA-XV-AB01-06,Metastasis,9,TCGA-EE-A2MS-06,Metastasis,0.957777202129364,True
1001,TCGA-EE-A20F-06,Metastasis,0,TCGA-WE-AA9Y-06,Metastasis,0.9985826015472412,True
1001,TCGA-EE-A20F-06,Metastasis,1,TCGA-EE-A2M8-06,Metastasis,0.9938691854476929,True
1001,TCGA-EE-A20F-06,Metastasis,2,TCGA-EE-A2M6-06,Metastasis,0.9916932582855225,True
1001,TCGA-EE-A20F-06,Metastasis,3,TCGA-D3-A2JN-06,Metastasis,0.9897863268852234,True
1001,TCGA-EE-A20F-06,Metastasis,4,TCGA-GN-A26C-01,Primary Tumor,0.9884414672851562,False
1001,TCGA-EE-A20F-06,Metastasis,5,TCGA-GN-A9SD-06,Metastasis,0.9877969622612,True
1001,TCGA-EE-A20F-06,Metastasis,6,TCGA-EE-A29X-06,Metastasis,0.9876277446746826,True
1001,TCGA-EE-A20F-06,Metastasis,7,TCGA-EE-A2A6-06,Metastasis,0.9854519367218018,True
1001,TCGA-EE-A20F-06,Metastasis,8,TCGA-DA-A95V-06,Metastasis,0.9852349162101746,True
1001,TCGA-EE-A20F-06,Metastasis,9,TCGA-EE-A2GK-06,Metastasis,0.9807841181755066,True
107,GTEX-OOBK-0008-SM-3NB27,Normal Tissue,0,GTEX-VUSG-0008-SM-4KL24,Normal Tissue,0.9958069324493408,True
107,GTEX-OOBK-0008-SM-3NB27,Normal Tissue,1,GTEX-Y9LG-0008-SM-4VBRJ,Normal Tissue,0.9957719445228577,True
107,GTEX-OOBK-0008-SM-3NB27,Normal Tissue,2,GTEX-WVJS-0008-SM-4MVPC,Normal Tissue,0.9926696419715881,True
107,GTEX-OOBK-0008-SM-3NB27,Normal Tissue,3,GTEX-WRHU-0008-SM-4MVPB,Normal Tissue,0.990602970123291,True
107,GTEX-OOBK-0008-SM-3NB27,Normal Tissue,4,GTEX-RVPU-0008-SM-3NM8B,Normal Tissue,0.98920077085495,True
107,GTEX-OOBK-0008-SM-3NB27,Normal Tissue,5,GTEX-Y8E4-0008-SM-4V6FW,Normal Tissue,0.9866188764572144,True
107,GTEX-OOBK-0008-SM-3NB27,Normal Tissue,6,GTEX-ZVT3-0008-SM-51MRI,Normal Tissue,0.9842404127120972,True
107,GTEX-OOBK-0008-SM-3NB27,Normal Tissue,7,GTEX-UJHI-0008-SM-4IHL1,Normal Tissue,0.9838659167289734,True
107,GTEX-OOBK-0008-SM-3NB27,Normal Tissue,8,GTEX-WWYW-0008-SM-4MVPF,Normal Tissue,0.9837833046913147,True
107,GTEX-OOBK-0008-SM-3NB27,Normal Tissue,9,GTEX-ZPIC-0008-SM-4E3JF,Normal Tissue,0.9835748672485352,True
825,GTEX-12ZZY-0226-SM-5LZVE,Normal Tissue,0,GTEX-WFON-1926-SM-3LK7L,Normal Tissue,0.9993664622306824,True
825,GTEX-12ZZY-0226-SM-5LZVE,Normal Tissue,1,GTEX-139TU-0726-SM-5L3EK,Normal Tissue,0.9988948702812195,True
825,GTEX-12ZZY-0226-SM-5LZVE,Normal Tissue,2,GTEX-XAJ8-1426-SM-47JYM,Normal Tissue,0.9987810254096985,True
825,GTEX-12ZZY-0226-SM-5LZVE,Normal Tissue,3,GTEX-XPVG-2126-SM-4B667,Normal Tissue,0.9984782338142395,True
825,GTEX-12ZZY-0226-SM-5LZVE,Normal Tissue,4,GTEX-Z93S-1626-SM-5CVMB,Normal Tissue,0.998042106628418,True
825,GTEX-12ZZY-0226-SM-5LZVE,Normal Tissue,5,GTEX-XK95-0226-SM-4AT58,Normal Tissue,0.9975751042366028,True
825,GTEX-12ZZY-0226-SM-5LZVE,Normal Tissue,6,GTEX-WH7G-2026-SM-3NMBL,Normal Tissue,0.9964292049407959,True
825,GTEX-12ZZY-0226-SM-5LZVE,Normal Tissue,7,GTEX-X4EO-0326-SM-3P5YO,Normal Tissue,0.996016800403595,True
825,GTEX-12ZZY-0226-SM-5LZVE,Normal Tissue,8,GTEX-ZXG5-2126-SM-59HKD,Normal Tissue,0.9958125352859497,True
825,GTEX-12ZZY-0226-SM-5LZVE,Normal Tissue,9,GTEX-145ME-1826-SM-5SI9G,Normal Tissue,0.9956397414207458,True
998,TCGA-WE-A8ZM-06,Metastasis,0,TCGA-ER-A42H-01,Primary Tumor,0.9959824085235596,False
998,TCGA-WE-A8ZM-06,Metastasis,1,TCGA-D3-A51G-06,Metastasis,0.9941385984420776,True
998,TCGA-WE-A8ZM-06,Metastasis,2,TCGA-FR-A3YO-06,Metastasis,0.9936920404434204,True
998,TCGA-WE-A8ZM-06,Metastasis,3,TCGA-GN-A262-06,Metastasis,0.993674099445343,True
998,TCGA-WE-A8ZM-06,Metastasis,4,TCGA-YG-AA3P-06,Metastasis,0.9932796359062195,True
998,TCGA-WE-A8ZM-06,Metastasis,5,TCGA-D3-A8GR-06,Metastasis,0.9889426827430725,True
998,TCGA-WE-A8ZM-06,Metastasis,6,TCGA-D3-A3MV-06,Metastasis,0.9883852005004883,True
998,TCGA-WE-A8ZM-06,Metastasis,7,TCGA-D3-A8GK-06,Metastasis,0.9876176714897156,True
998,TCGA-WE-A8ZM-06,Metastasis,8,TCGA-BF-A5ES-01,Primary Tumor,0.9863032102584839,False
998,TCGA-WE-A8ZM-06,Metastasis,9,TCGA-D9-A6EG-06,Metastasis,0.9857996106147766,True
657,GTEX-WRHU-0008-SM-4MVPB,Normal Tissue,0,GTEX-RVPU-0008-SM-3NM8B,Normal Tissue,0.9996792078018188,True
657,GTEX-WRHU-0008-SM-4MVPB,Normal Tissue,1,GTEX-WWYW-0008-SM-4MVPF,Normal Tissue,0.9985198974609375,True
657,GTEX-WRHU-0008-SM-4MVPB,Normal Tissue,2,GTEX-Y9LG-0008-SM-4VBRJ,Normal Tissue,0.9974983334541321,True
657,GTEX-WRHU-0008-SM-4MVPB,Normal Tissue,3,GTEX-OHPM-0008-SM-4E3IP,Normal Tissue,0.9959886074066162,True
657,GTEX-WRHU-0008-SM-4MVPB,Normal Tissue,4,GTEX-R55F-0008-SM-48FE6,Normal Tissue,0.9953360557556152,True
657,GTEX-WRHU-0008-SM-4MVPB,Normal Tissue,5,GTEX-VUSG-0008-SM-4KL24,Normal Tissue,0.9946393966674805,True
657,GTEX-WRHU-0008-SM-4MVPB,Normal Tissue,6,GTEX-UJHI-0008-SM-4IHL1,Normal Tissue,0.9942320585250854,True
657,GTEX-WRHU-0008-SM-4MVPB,Normal Tissue,7,GTEX-Y8E4-0008-SM-4V6FW,Normal Tissue,0.9927244186401367,True
657,GTEX-WRHU-0008-SM-4MVPB,Normal Tissue,8,GTEX-WVJS-0008-SM-4MVPC,Normal Tissue,0.991905927658081,True
657,GTEX-WRHU-0008-SM-4MVPB,Normal Tissue,9,GTEX-ZPIC-0008-SM-4E3JF,Normal Tissue,0.991804838180542,True
199,TCGA-D3-A1Q7-06,Metastasis,0,TCGA-D3-A8GO-06,Metastasis,0.9946413636207581,True
199,TCGA-D3-A1Q7-06,Metastasis,1,TCGA-D9-A3Z4-01,Primary Tumor,0.9929578304290771,False
199,TCGA-D3-A1Q7-06,Metastasis,2,TCGA-FW-A3TU-06,Metastasis,0.9892268180847168,True
199,TCGA-D3-A1Q7-06,Metastasis,3,TCGA-YG-AA3O-06,Metastasis,0.9881085753440857,True
199,TCGA-D3-A1Q7-06,Metastasis,4,TCGA-WE-AAA0-06,Metastasis,0.984662652015686,True
199,TCGA-D3-A1Q7-06,Metastasis,5,TCGA-EE-A2A6-06,Metastasis,0.9837616682052612,True
199,TCGA-D3-A1Q7-06,Metastasis,6,TCGA-D3-A8GQ-06,Metastasis,0.982215940952301,True
199,TCGA-D3-A1Q7-06,Metastasis,7,TCGA-D3-A5GN-06,Metastasis,0.9807535409927368,True
199,TCGA-D3-A1Q7-06,Metastasis,8,TCGA-GN-A26C-01,Primary Tumor,0.9785468578338623,False
199,TCGA-D3-A1Q7-06,Metastasis,9,TCGA-DA-A1I2-06,Metastasis,0.9778458476066589,True
282,GTEX-T2YK-0008-SM-4DM6M,Normal Tissue,0,GTEX-WXYG-0008-SM-4ONDU,Normal Tissue,0.9990591406822205,True
282,GTEX-T2YK-0008-SM-4DM6M,Normal Tissue,1,GTEX-ZVP2-0008-SM-51MSL,Normal Tissue,0.9986329078674316,True
282,GTEX-T2YK-0008-SM-4DM6M,Normal Tissue,2,GTEX-W5WG-0008-SM-4KL25,Normal Tissue,0.9984356164932251,True
282,GTEX-T2YK-0008-SM-4DM6M,Normal Tissue,3,GTEX-111VG-0008-SM-5Q5BG,Normal Tissue,0.9981264472007751,True
282,GTEX-T2YK-0008-SM-4DM6M,Normal Tissue,4,GTEX-RTLS-0008-SM-48FET,Normal Tissue,0.9979718327522278,True
282,GTEX-T2YK-0008-SM-4DM6M,Normal Tissue,5,GTEX-ZQG8-0008-SM-4YCE7,Normal Tissue,0.9978310465812683,True
282,GTEX-T2YK-0008-SM-4DM6M,Normal Tissue,6,GTEX-XUW1-0008-SM-4BOQH,Normal Tissue,0.9963261485099792,True
282,GTEX-T2YK-0008-SM-4DM6M,Normal Tissue,7,GTEX-S341-0008-SM-4AD6D,Normal Tissue,0.9960795640945435,True
282,GTEX-T2YK-0008-SM-4DM6M,Normal Tissue,8,GTEX-PSDG-0008-SM-48TE5,Normal Tissue,0.9951289892196655,True
282,GTEX-T2YK-0008-SM-4DM6M,Normal Tissue,9,GTEX-11DXX-0008-SM-5Q5B8,Normal Tissue,0.994681715965271,True
1186,TCGA-EB-A3HV-01,Primary Tumor,0,TCGA-EB-A57M-01,Primary Tumor,0.9821070432662964,True
1186,TCGA-EB-A3HV-01,Primary Tumor,1,TCGA-BF-A3DJ-01,Primary Tumor,0.9552087187767029,True
1186,TCGA-EB-A3HV-01,Primary Tumor,2,TCGA-EB-A1NK-01,Primary Tumor,0.9048613905906677,True
1186,TCGA-EB-A3HV-01,Primary Tumor,3,GTEX-WI4N-2726-SM-3LK7Y,Normal Tissue,0.8913589119911194,False
1186,TCGA-EB-A3HV-01,Primary Tumor,4,GTEX-X62O-0126-SM-4E3JN,Normal Tissue,0.8821626901626587,False
1186,TCGA-EB-A3HV-01,Primary Tumor,5,GTEX-ZUA1-2626-SM-5NQ92,Normal Tissue,0.8807908296585083,False
1186,TCGA-EB-A3HV-01,Primary Tumor,6,GTEX-ZY6K-1826-SM-5GZXK,Normal Tissue,0.8652037382125854,False
1186,TCGA-EB-A3HV-01,Primary Tumor,7,GTEX-12BJ1-0926-SM-5EQ62,Normal Tissue,0.8592348694801331,False
1186,TCGA-EB-A3HV-01,Primary Tumor,8,TCGA-DA-A1IC-06,Metastasis,0.8535851836204529,False
1186,TCGA-EB-A3HV-01,Primary Tumor,9,GTEX-13PVQ-0126-SM-5SIB4,Normal Tissue,0.8523263335227966,False
656,GTEX-WHSE-0008-SM-4M1ZO,Normal Tissue,0,GTEX-P4QS-0008-SM-48TDY,Normal Tissue,0.9973209500312805,True
656,GTEX-WHSE-0008-SM-4M1ZO,Normal Tissue,1,GTEX-11DXX-0008-SM-5Q5B8,Normal Tissue,0.993908166885376,True
656,GTEX-WHSE-0008-SM-4M1ZO,Normal Tissue,2,GTEX-X5EB-0008-SM-46MU3,Normal Tissue,0.9930439591407776,True
656,GTEX-WHSE-0008-SM-4M1ZO,Normal Tissue,3,GTEX-WFG7-0008-SM-4LMKB,Normal Tissue,0.9926131963729858,True
656,GTEX-WHSE-0008-SM-4M1ZO,Normal Tissue,4,GTEX-WEY5-0008-SM-4LMKC,Normal Tissue,0.9924712777137756,True
656,GTEX-WHSE-0008-SM-4M1ZO,Normal Tissue,5,GTEX-T5JW-0008-SM-4DM5X,Normal Tissue,0.9922113418579102,True
656,GTEX-WHSE-0008-SM-4M1ZO,Normal Tissue,6,GTEX-111VG-0008-SM-5Q5BG,Normal Tissue,0.9911443591117859,True
656,GTEX-WHSE-0008-SM-4M1ZO,Normal Tissue,7,GTEX-X3Y1-0008-SM-4PR12,Normal Tissue,0.9879691004753113,True
656,GTEX-WHSE-0008-SM-4M1ZO,Normal Tissue,8,GTEX-UJMC-0008-SM-4IHKK,Normal Tissue,0.987326443195343,True
656,GTEX-WHSE-0008-SM-4M1ZO,Normal Tissue,9,GTEX-W5WG-0008-SM-4KL25,Normal Tissue,0.9861959218978882,True
733,TCGA-EE-A2A6-06,Metastasis,0,TCGA-EE-A2M6-06,Metastasis,0.997133195400238,True
733,TCGA-EE-A2A6-06,Metastasis,1,TCGA-GN-A26C-01,Primary Tumor,0.9941568374633789,False
733,TCGA-EE-A2A6-06,Metastasis,2,TCGA-D9-A3Z4-01,Primary Tumor,0.9929532408714294,False
733,TCGA-EE-A2A6-06,Metastasis,3,TCGA-WE-AAA0-06,Metastasis,0.9924732446670532,True
733,TCGA-EE-A2A6-06,Metastasis,4,TCGA-WE-AA9Y-06,Metastasis,0.9881635308265686,True
733,TCGA-EE-A2A6-06,Metastasis,5,TCGA-EE-A29X-06,Metastasis,0.9872486591339111,True
733,TCGA-EE-A2A6-06,Metastasis,6,TCGA-D9-A148-06,Metastasis,0.9867459535598755,True
733,TCGA-EE-A2A6-06,Metastasis,7,TCGA-DA-A1I2-06,Metastasis,0.9859701991081238,True
733,TCGA-EE-A2A6-06,Metastasis,8,TCGA-DA-A95V-06,Metastasis,0.9856080412864685,True
733,TCGA-EE-A2A6-06,Metastasis,9,TCGA-FW-A3TU-06,Metastasis,0.9855343103408813,True
523,TCGA-EE-A3AG-06,Metastasis,0,TCGA-GN-A264-06,Metastasis,0.9919729232788086,True
523,TCGA-EE-A3AG-06,Metastasis,1,TCGA-FS-A4FB-06,Metastasis,0.9865837097167969,True
523,TCGA-EE-A3AG-06,Metastasis,2,TCGA-D9-A6EG-06,Metastasis,0.9667496681213379,True
523,TCGA-EE-A3AG-06,Metastasis,3,TCGA-FS-A1ZY-06,Metastasis,0.9656118154525757,True
523,TCGA-EE-A3AG-06,Metastasis,4,TCGA-EE-A29L-06,Metastasis,0.9639540910720825,True
523,TCGA-EE-A3AG-06,Metastasis,5,TCGA-BF-A5EP-01,Primary Tumor,0.9637982249259949,False
523,TCGA-EE-A3AG-06,Metastasis,6,TCGA-BF-A3DM-01,Primary Tumor,0.9587661027908325,False
523,TCGA-EE-A3AG-06,Metastasis,7,TCGA-D9-A4Z5-01,Primary Tumor,0.9570302367210388,False
523,TCGA-EE-A3AG-06,Metastasis,8,TCGA-WE-A8ZM-06,Metastasis,0.9509758949279785,True
523,TCGA-EE-A3AG-06,Metastasis,9,TCGA-ER-A42H-01,Primary Tumor,0.9460263252258301,False
39,TCGA-D3-A51G-06,Metastasis,0,TCGA-YG-AA3P-06,Metastasis,0.998965322971344,True
39,TCGA-D3-A51G-06,Metastasis,1,TCGA-ER-A42H-01,Primary Tumor,0.9980958104133606,False
39,TCGA-D3-A51G-06,Metastasis,2,TCGA-GN-A262-06,Metastasis,0.996832549571991,True
39,TCGA-D3-A51G-06,Metastasis,3,TCGA-WE-A8ZM-06,Metastasis,0.9941385984420776,True
39,TCGA-D3-A51G-06,Metastasis,4,TCGA-D3-A8GK-06,Metastasis,0.9917933940887451,True
39,TCGA-D3-A51G-06,Metastasis,5,TCGA-EE-A29B-06,Metastasis,0.9908939599990845,True
39,TCGA-D3-A51G-06,Metastasis,6,TCGA-FR-A3YO-06,Metastasis,0.9904688000679016,True
39,TCGA-D3-A51G-06,Metastasis,7,TCGA-D3-A3MV-06,Metastasis,0.9891836047172546,True
39,TCGA-D3-A51G-06,Metastasis,8,TCGA-D9-A6EG-06,Metastasis,0.9891350865364075,True
39,TCGA-D3-A51G-06,Metastasis,9,TCGA-D3-A8GR-06,Metastasis,0.9887983202934265,True
265,GTEX-VUSG-0008-SM-4KL24,Normal Tissue,0,GTEX-Y9LG-0008-SM-4VBRJ,Normal Tissue,0.9983350038528442,True
265,GTEX-VUSG-0008-SM-4KL24,Normal Tissue,1,GTEX-OOBK-0008-SM-3NB27,Normal Tissue,0.9958069324493408,True
265,GTEX-VUSG-0008-SM-4KL24,Normal Tissue,2,GTEX-WRHU-0008-SM-4MVPB,Normal Tissue,0.9946393966674805,True
265,GTEX-VUSG-0008-SM-4KL24,Normal Tissue,3,GTEX-RVPU-0008-SM-3NM8B,Normal Tissue,0.9933961629867554,True
265,GTEX-VUSG-0008-SM-4KL24,Normal Tissue,4,GTEX-WVJS-0008-SM-4MVPC,Normal Tissue,0.9899007081985474,True
265,GTEX-VUSG-0008-SM-4KL24,Normal Tissue,5,GTEX-WWYW-0008-SM-4MVPF,Normal Tissue,0.9898616671562195,True
265,GTEX-VUSG-0008-SM-4KL24,Normal Tissue,6,GTEX-Y8E4-0008-SM-4V6FW,Normal Tissue,0.9863965511322021,True
265,GTEX-VUSG-0008-SM-4KL24,Normal Tissue,7,GTEX-OHPM-0008-SM-4E3IP,Normal Tissue,0.985251784324646,True
265,GTEX-VUSG-0008-SM-4KL24,Normal Tissue,8,GTEX-UJHI-0008-SM-4IHL1,Normal Tissue,0.9845751523971558,True
265,GTEX-VUSG-0008-SM-4KL24,Normal Tissue,9,GTEX-R55F-0008-SM-48FE6,Normal Tissue,0.9835021495819092,True
21,GTEX-Y8LW-1526-SM-5IFHL,Normal Tissue,0,GTEX-12696-0126-SM-5EQ4L,Normal Tissue,0.999032199382782,True
21,GTEX-Y8LW-1526-SM-5IFHL,Normal Tissue,1,GTEX-11DZ1-0126-SM-5985Q,Normal Tissue,0.9989729523658752,True
21,GTEX-Y8LW-1526-SM-5IFHL,Normal Tissue,2,GTEX-X5EB-2226-SM-46MW4,Normal Tissue,0.9988381266593933,True
21,GTEX-Y8LW-1526-SM-5IFHL,Normal Tissue,3,GTEX-12WS9-0126-SM-5EGL7,Normal Tissue,0.9985989928245544,True
21,GTEX-Y8LW-1526-SM-5IFHL,Normal Tissue,4,GTEX-ZE9C-2526-SM-5IJDR,Normal Tissue,0.9980465173721313,True
21,GTEX-Y8LW-1526-SM-5IFHL,Normal Tissue,5,GTEX-XBEC-0726-SM-4QARZ,Normal Tissue,0.9979461431503296,True
21,GTEX-Y8LW-1526-SM-5IFHL,Normal Tissue,6,GTEX-X4EO-2926-SM-4E3JH,Normal Tissue,0.9976887106895447,True
21,GTEX-Y8LW-1526-SM-5IFHL,Normal Tissue,7,GTEX-139D8-0226-SM-5KLZO,Normal Tissue,0.997165322303772,True
21,GTEX-Y8LW-1526-SM-5IFHL,Normal Tissue,8,GTEX-12ZZX-0126-SM-5EGK9,Normal Tissue,0.9967553019523621,True
21,GTEX-Y8LW-1526-SM-5IFHL,Normal Tissue,9,GTEX-ZWKS-0626-SM-5GIDV,Normal Tissue,0.9966942667961121,True
291,GTEX-Y3IK-1626-SM-4YCF5,Normal Tissue,0,GTEX-11ZU8-0126-SM-5EQ58,Normal Tissue,0.9995075464248657,True
291,GTEX-Y3IK-1626-SM-4YCF5,Normal Tissue,1,GTEX-ZF29-0926-SM-4WKFZ,Normal Tissue,0.99903404712677,True
291,GTEX-Y3IK-1626-SM-4YCF5,Normal Tissue,2,GTEX-13113-1926-SM-5LZWG,Normal Tissue,0.9988123178482056,True
291,GTEX-Y3IK-1626-SM-4YCF5,Normal Tissue,3,GTEX-145LS-0126-SM-5QGP1,Normal Tissue,0.9987748861312866,True
291,GTEX-Y3IK-1626-SM-4YCF5,Normal Tissue,4,GTEX-ZVP2-0326-SM-57WBP,Normal Tissue,0.9987037181854248,True
291,GTEX-Y3IK-1626-SM-4YCF5,Normal Tissue,5,GTEX-TMZS-0126-SM-3DB9Q,Normal Tissue,0.9983326196670532,True
291,GTEX-Y3IK-1626-SM-4YCF5,Normal Tissue,6,GTEX-ZLV1-1526-SM-4WWBC,Normal Tissue,0.9982334971427917,True
291,GTEX-Y3IK-1626-SM-4YCF5,Normal Tissue,7,GTEX-147F4-0226-SM-5QGPW,Normal Tissue,0.9981546998023987,True
291,GTEX-Y3IK-1626-SM-4YCF5,Normal Tissue,8,GTEX-13CF3-2426-SM-5IFGX,Normal Tissue,0.9980188608169556,True
291,GTEX-Y3IK-1626-SM-4YCF5,Normal Tissue,9,GTEX-11OF3-0126-SM-5PNYF,Normal Tissue,0.9975768327713013,True
489,TCGA-IH-A3EA-01,Primary Tumor,0,TCGA-EE-A29B-06,Metastasis,0.9949088096618652,False
489,TCGA-IH-A3EA-01,Primary Tumor,1,TCGA-BF-A5ES-01,Primary Tumor,0.990389883518219,True
489,TCGA-IH-A3EA-01,Primary Tumor,2,TCGA-D3-A8GK-06,Metastasis,0.9895349144935608,False
489,TCGA-IH-A3EA-01,Primary Tumor,3,TCGA-ER-A42H-01,Primary Tumor,0.9894556999206543,True
489,TCGA-IH-A3EA-01,Primary Tumor,4,TCGA-FS-A1ZY-06,Metastasis,0.9889742136001587,False
489,TCGA-IH-A3EA-01,Primary Tumor,5,TCGA-YG-AA3P-06,Metastasis,0.9887335300445557,False
489,TCGA-IH-A3EA-01,Primary Tumor,6,TCGA-D3-A51G-06,Metastasis,0.9881373047828674,False
489,TCGA-IH-A3EA-01,Primary Tumor,7,TCGA-D9-A6EG-06,Metastasis,0.9869078397750854,False
489,TCGA-IH-A3EA-01,Primary Tumor,8,TCGA-GN-A262-06,Metastasis,0.9847588539123535,False
489,TCGA-IH-A3EA-01,Primary Tumor,9,TCGA-BF-A3DM-01,Primary Tumor,0.9838777780532837,True
106,GTEX-12696-0126-SM-5EQ4L,Normal Tissue,0,GTEX-11DZ1-0126-SM-5985Q,Normal Tissue,0.9992977380752563,True
106,GTEX-12696-0126-SM-5EQ4L,Normal Tissue,1,GTEX-Y8LW-1526-SM-5IFHL,Normal Tissue,0.999032199382782,True
106,GTEX-12696-0126-SM-5EQ4L,Normal Tissue,2,GTEX-12WS9-0126-SM-5EGL7,Normal Tissue,0.9985966086387634,True
106,GTEX-12696-0126-SM-5EQ4L,Normal Tissue,3,GTEX-X5EB-2226-SM-46MW4,Normal Tissue,0.9982210397720337,True
106,GTEX-12696-0126-SM-5EQ4L,Normal Tissue,4,GTEX-XBEC-0726-SM-4QARZ,Normal Tissue,0.9979628324508667,True
106,GTEX-12696-0126-SM-5EQ4L,Normal Tissue,5,GTEX-13VXU-0626-SM-5L3F9,Normal Tissue,0.9977933168411255,True
106,GTEX-12696-0126-SM-5EQ4L,Normal Tissue,6,GTEX-ZE9C-2526-SM-5IJDR,Normal Tissue,0.9976865649223328,True
106,GTEX-12696-0126-SM-5EQ4L,Normal Tissue,7,GTEX-139D8-0226-SM-5KLZO,Normal Tissue,0.9966148734092712,True
106,GTEX-12696-0126-SM-5EQ4L,Normal Tissue,8,GTEX-14A6H-0126-SM-5QGPK,Normal Tissue,0.9964368343353271,True
106,GTEX-12696-0126-SM-5EQ4L,Normal Tissue,9,GTEX-Y5V6-2326-SM-4VDSA,Normal Tissue,0.9963762760162354,True
663,GTEX-XPVG-2126-SM-4B667,Normal Tissue,0,GTEX-139TU-0726-SM-5L3EK,Normal Tissue,0.9993416666984558,True
663,GTEX-XPVG-2126-SM-4B667,Normal Tissue,1,GTEX-XAJ8-1426-SM-47JYM,Normal Tissue,0.9992297887802124,True
663,GTEX-XPVG-2126-SM-4B667,Normal Tissue,2,GTEX-WZTO-0126-SM-3NM95,Normal Tissue,0.9987370371818542,True
663,GTEX-XPVG-2126-SM-4B667,Normal Tissue,3,GTEX-12ZZY-0226-SM-5LZVE,Normal Tissue,0.9984782338142395,True
663,GTEX-XPVG-2126-SM-4B667,Normal Tissue,4,GTEX-WFON-1926-SM-3LK7L,Normal Tissue,0.9973727464675903,True
663,GTEX-XPVG-2126-SM-4B667,Normal Tissue,5,GTEX-WH7G-2026-SM-3NMBL,Normal Tissue,0.9972584843635559,True
663,GTEX-XPVG-2126-SM-4B667,Normal Tissue,6,GTEX-Z93S-1626-SM-5CVMB,Normal Tissue,0.9966980218887329,True
663,GTEX-XPVG-2126-SM-4B667,Normal Tissue,7,GTEX-146FR-1326-SM-5SIAJ,Normal Tissue,0.9957388639450073,True
663,GTEX-XPVG-2126-SM-4B667,Normal Tissue,8,GTEX-XK95-0226-SM-4AT58,Normal Tissue,0.9950923323631287,True
663,GTEX-XPVG-2126-SM-4B667,Normal Tissue,9,GTEX-WHPG-2626-SM-3NMBR,Normal Tissue,0.9941823482513428,True
195,TCGA-EE-A2MS-06,Metastasis,0,TCGA-EE-A2GK-06,Metastasis,0.9978678822517395,True
195,TCGA-EE-A2MS-06,Metastasis,1,TCGA-EE-A184-06,Metastasis,0.9865075349807739,True
195,TCGA-EE-A2MS-06,Metastasis,2,TCGA-D3-A2JN-06,Metastasis,0.9802985787391663,True
195,TCGA-EE-A2MS-06,Metastasis,3,TCGA-EE-A2M8-06,Metastasis,0.9800192713737488,True
195,TCGA-EE-A2MS-06,Metastasis,4,TCGA-ER-A19O-06,Metastasis,0.9786584973335266,True
195,TCGA-EE-A2MS-06,Metastasis,5,TCGA-WE-AA9Y-06,Metastasis,0.9761863350868225,True
195,TCGA-EE-A2MS-06,Metastasis,6,TCGA-FS-A1ZA-06,Metastasis,0.9751663208007812,True
195,TCGA-EE-A2MS-06,Metastasis,7,TCGA-FS-A1ZQ-06,Metastasis,0.9731193780899048,True
195,TCGA-EE-A2MS-06,Metastasis,8,TCGA-EE-A20F-06,Metastasis,0.972103476524353,True
195,TCGA-EE-A2MS-06,Metastasis,9,TCGA-EE-A29X-06,Metastasis,0.9701933860778809,True
556,TCGA-EE-A2M8-06,Metastasis,0,TCGA-EE-A20F-06,Metastasis,0.9938691854476929,True
556,TCGA-EE-A2M8-06,Metastasis,1,TCGA-ER-A19O-06,Metastasis,0.9923689365386963,True
556,TCGA-EE-A2M8-06,Metastasis,2,TCGA-EE-A29X-06,Metastasis,0.9919291734695435,True
556,TCGA-EE-A2M8-06,Metastasis,3,TCGA-WE-AA9Y-06,Metastasis,0.9899941086769104,True
556,TCGA-EE-A2M8-06,Metastasis,4,TCGA-XV-AB01-06,Metastasis,0.9889565706253052,True
556,TCGA-EE-A2M8-06,Metastasis,5,TCGA-EE-A2M6-06,Metastasis,0.9863922595977783,True
556,TCGA-EE-A2M8-06,Metastasis,6,TCGA-EE-A2GK-06,Metastasis,0.983727216720581,True
556,TCGA-EE-A2M8-06,Metastasis,7,TCGA-EE-A2MS-06,Metastasis,0.9800192713737488,True
556,TCGA-EE-A2M8-06,Metastasis,8,TCGA-GN-A26C-01,Primary Tumor,0.9785327315330505,False
556,TCGA-EE-A2M8-06,Metastasis,9,TCGA-D3-A2JN-06,Metastasis,0.9783092737197876,True
233,GTEX-XAJ8-1426-SM-47JYM,Normal Tissue,0,GTEX-XPVG-2126-SM-4B667,Normal Tissue,0.9992297887802124,True
233,GTEX-XAJ8-1426-SM-47JYM,Normal Tissue,1,GTEX-12ZZY-0226-SM-5LZVE,Normal Tissue,0.9987810254096985,True
233,GTEX-XAJ8-1426-SM-47JYM,Normal Tissue,2,GTEX-139TU-0726-SM-5L3EK,Normal Tissue,0.9986176490783691,True
233,GTEX-XAJ8-1426-SM-47JYM,Normal Tissue,3,GTEX-WZTO-0126-SM-3NM95,Normal Tissue,0.9981188178062439,True
233,GTEX-XAJ8-1426-SM-47JYM,Normal Tissue,4,GTEX-WFON-1926-SM-3LK7L,Normal Tissue,0.9977139830589294,True
233,GTEX-XAJ8-1426-SM-47JYM,Normal Tissue,5,GTEX-146FR-1326-SM-5SIAJ,Normal Tissue,0.9976948499679565,True
233,GTEX-XAJ8-1426-SM-47JYM,Normal Tissue,6,GTEX-Z93S-1626-SM-5CVMB,Normal Tissue,0.9954741597175598,True
233,GTEX-XAJ8-1426-SM-47JYM,Normal Tissue,7,GTEX-WH7G-2026-SM-3NMBL,Normal Tissue,0.9949306845664978,True
233,GTEX-XAJ8-1426-SM-47JYM,Normal Tissue,8,GTEX-XK95-0226-SM-4AT58,Normal Tissue,0.994929313659668,True
233,GTEX-XAJ8-1426-SM-47JYM,Normal Tissue,9,GTEX-X4EO-0326-SM-3P5YO,Normal Tissue,0.9930599331855774,True
1231,GTEX-ZLV1-1526-SM-4WWBC,Normal Tissue,0,GTEX-ZVP2-0326-SM-57WBP,Normal Tissue,0.9996330142021179,True
1231,GTEX-ZLV1-1526-SM-4WWBC,Normal Tissue,1,GTEX-133LE-2326-SM-5K7W3,Normal Tissue,0.999265730381012,True
1231,GTEX-ZLV1-1526-SM-4WWBC,Normal Tissue,2,GTEX-11OF3-0126-SM-5PNYF,Normal Tissue,0.9992520213127136,True
1231,GTEX-ZLV1-1526-SM-4WWBC,Normal Tissue,3,GTEX-11ZU8-0126-SM-5EQ58,Normal Tissue,0.999231219291687,True
1231,GTEX-ZLV1-1526-SM-4WWBC,Normal Tissue,4,GTEX-145LS-0126-SM-5QGP1,Normal Tissue,0.9991074204444885,True
1231,GTEX-ZLV1-1526-SM-4WWBC,Normal Tissue,5,GTEX-14A6H-0126-SM-5QGPK,Normal Tissue,0.9988231658935547,True
1231,GTEX-ZLV1-1526-SM-4WWBC,Normal Tissue,6,GTEX-Y5V6-2326-SM-4VDSA,Normal Tissue,0.9988213777542114,True
1231,GTEX-ZLV1-1526-SM-4WWBC,Normal Tissue,7,GTEX-ZF29-0926-SM-4WKFZ,Normal Tissue,0.9987802505493164,True
1231,GTEX-ZLV1-1526-SM-4WWBC,Normal Tissue,8,GTEX-13CF3-2426-SM-5IFGX,Normal Tissue,0.9986056089401245,True
1231,GTEX-ZLV1-1526-SM-4WWBC,Normal Tissue,9,GTEX-ZE7O-0126-SM-57WC1,Normal Tissue,0.9983645081520081,True
701,GTEX-WZTO-0126-SM-3NM95,Normal Tissue,0,GTEX-XPVG-2126-SM-4B667,Normal Tissue,0.9987370371818542,True
701,GTEX-WZTO-0126-SM-3NM95,Normal Tissue,1,GTEX-XAJ8-1426-SM-47JYM,Normal Tissue,0.9981188178062439,True
701,GTEX-WZTO-0126-SM-3NM95,Normal Tissue,2,GTEX-139TU-0726-SM-5L3EK,Normal Tissue,0.9977203011512756,True
701,GTEX-WZTO-0126-SM-3NM95,Normal Tissue,3,GTEX-146FR-1326-SM-5SIAJ,Normal Tissue,0.9972890019416809,True
701,GTEX-WZTO-0126-SM-3NM95,Normal Tissue,4,GTEX-12ZZY-0226-SM-5LZVE,Normal Tissue,0.9953029751777649,True
701,GTEX-WZTO-0126-SM-3NM95,Normal Tissue,5,GTEX-WH7G-2026-SM-3NMBL,Normal Tissue,0.9943018555641174,True
701,GTEX-WZTO-0126-SM-3NM95,Normal Tissue,6,GTEX-WFON-1926-SM-3LK7L,Normal Tissue,0.9937931895256042,True
701,GTEX-WZTO-0126-SM-3NM95,Normal Tissue,7,GTEX-Z93S-1626-SM-5CVMB,Normal Tissue,0.9927722215652466,True
701,GTEX-WZTO-0126-SM-3NM95,Normal Tissue,8,GTEX-XK95-0226-SM-4AT58,Normal Tissue,0.9913050532341003,True
701,GTEX-WZTO-0126-SM-3NM95,Normal Tissue,9,GTEX-X4EO-0326-SM-3P5YO,Normal Tissue,0.9902978539466858,True
122,GTEX-XUZC-0008-SM-4BOQG,Normal Tissue,0,GTEX-S341-0008-SM-4AD6D,Normal Tissue,0.9986293315887451,True
122,GTEX-XUZC-0008-SM-4BOQG,Normal Tissue,1,GTEX-ZQG8-0008-SM-4YCE7,Normal Tissue,0.9981585741043091,True
122,GTEX-XUZC-0008-SM-4BOQG,Normal Tissue,2,GTEX-WXYG-0008-SM-4ONDU,Normal Tissue,0.9972519874572754,True
122,GTEX-XUZC-0008-SM-4BOQG,Normal Tissue,3,GTEX-PSDG-0008-SM-48TE5,Normal Tissue,0.9960711598396301,True
122,GTEX-XUZC-0008-SM-4BOQG,Normal Tissue,4,GTEX-XUW1-0008-SM-4BOQH,Normal Tissue,0.995932936668396,True
122,GTEX-XUZC-0008-SM-4BOQG,Normal Tissue,5,GTEX-ZVP2-0008-SM-51MSL,Normal Tissue,0.9956919550895691,True
122,GTEX-XUZC-0008-SM-4BOQG,Normal Tissue,6,GTEX-T2YK-0008-SM-4DM6M,Normal Tissue,0.9944396615028381,True
122,GTEX-XUZC-0008-SM-4BOQG,Normal Tissue,7,GTEX-W5WG-0008-SM-4KL25,Normal Tissue,0.9933226704597473,True
122,GTEX-XUZC-0008-SM-4BOQG,Normal Tissue,8,GTEX-111VG-0008-SM-5Q5BG,Normal Tissue,0.9918287992477417,True
122,GTEX-XUZC-0008-SM-4BOQG,Normal Tissue,9,GTEX-X3Y1-0008-SM-4PR12,Normal Tissue,0.9906337261199951,True
62,GTEX-12WSB-0126-SM-59HJN,Normal Tissue,0,GTEX-ZTTD-2826-SM-4YCFA,Normal Tissue,0.9989967346191406,True
62,GTEX-12WSB-0126-SM-59HJN,Normal Tissue,1,GTEX-YECK-0326-SM-4W1YS,Normal Tissue,0.9978780746459961,True
62,GTEX-12WSB-0126-SM-59HJN,Normal Tissue,2,GTEX-11H98-0126-SM-5EGHG,Normal Tissue,0.9974422454833984,True
62,GTEX-12WSB-0126-SM-59HJN,Normal Tissue,3,GTEX-ZWKS-0626-SM-5GIDV,Normal Tissue,0.9972925782203674,True
62,GTEX-12WSB-0126-SM-59HJN,Normal Tissue,4,GTEX-11NUK-2726-SM-5A5MC,Normal Tissue,0.9971410632133484,True
62,GTEX-12WSB-0126-SM-59HJN,Normal Tissue,5,GTEX-ZY6K-1826-SM-5GZXK,Normal Tissue,0.9971257448196411,True
62,GTEX-12WSB-0126-SM-59HJN,Normal Tissue,6,GTEX-13PVQ-0126-SM-5SIB4,Normal Tissue,0.9941278100013733,True
62,GTEX-12WSB-0126-SM-59HJN,Normal Tissue,7,GTEX-ZYFD-0626-SM-5E44E,Normal Tissue,0.9934036731719971,True
62,GTEX-12WSB-0126-SM-59HJN,Normal Tissue,8,GTEX-XBEC-0726-SM-4QARZ,Normal Tissue,0.9926196336746216,True
62,GTEX-12WSB-0126-SM-59HJN,Normal Tissue,9,GTEX-ZE9C-2526-SM-5IJDR,Normal Tissue,0.9922330379486084,True
155,GTEX-ZTTD-2826-SM-4YCFA,Normal Tissue,0,GTEX-12WSB-0126-SM-59HJN,Normal Tissue,0.9989967346191406,True
155,GTEX-ZTTD-2826-SM-4YCFA,Normal Tissue,1,GTEX-ZY6K-1826-SM-5GZXK,Normal Tissue,0.9987568259239197,True
155,GTEX-ZTTD-2826-SM-4YCFA,Normal Tissue,2,GTEX-11H98-0126-SM-5EGHG,Normal Tissue,0.9968562126159668,True
155,GTEX-ZTTD-2826-SM-4YCFA,Normal Tissue,3,GTEX-11NUK-2726-SM-5A5MC,Normal Tissue,0.9968213438987732,True
155,GTEX-ZTTD-2826-SM-4YCFA,Normal Tissue,4,GTEX-ZWKS-0626-SM-5GIDV,Normal Tissue,0.9954312443733215,True
155,GTEX-ZTTD-2826-SM-4YCFA,Normal Tissue,5,GTEX-YECK-0326-SM-4W1YS,Normal Tissue,0.9950025081634521,True
155,GTEX-ZTTD-2826-SM-4YCFA,Normal Tissue,6,GTEX-XBEC-0726-SM-4QARZ,Normal Tissue,0.9921853542327881,True
155,GTEX-ZTTD-2826-SM-4YCFA,Normal Tissue,7,GTEX-13PVQ-0126-SM-5SIB4,Normal Tissue,0.9913955330848694,True
155,GTEX-ZTTD-2826-SM-4YCFA,Normal Tissue,8,GTEX-ZUA1-2626-SM-5NQ92,Normal Tissue,0.9912458658218384,True
155,GTEX-ZTTD-2826-SM-4YCFA,Normal Tissue,9,GTEX-ZE9C-2526-SM-5IJDR,Normal Tissue,0.9905773401260376,True
49,GTEX-WI4N-1026-SM-3LK7N,Normal Tissue,0,GTEX-ZE7O-0126-SM-57WC1,Normal Tissue,0.9994531869888306,True
49,GTEX-WI4N-1026-SM-3LK7N,Normal Tissue,1,GTEX-11ZUS-2626-SM-5FQUR,Normal Tissue,0.9993863701820374,True
49,GTEX-WI4N-1026-SM-3LK7N,Normal Tissue,2,GTEX-133LE-2326-SM-5K7W3,Normal Tissue,0.9993062019348145,True
49,GTEX-WI4N-1026-SM-3LK7N,Normal Tissue,3,GTEX-ZF29-0926-SM-4WKFZ,Normal Tissue,0.9989218711853027,True
49,GTEX-WI4N-1026-SM-3LK7N,Normal Tissue,4,GTEX-14A6H-0126-SM-5QGPK,Normal Tissue,0.9986962676048279,True
49,GTEX-WI4N-1026-SM-3LK7N,Normal Tissue,5,GTEX-11ZU8-0126-SM-5EQ58,Normal Tissue,0.9986494779586792,True
49,GTEX-WI4N-1026-SM-3LK7N,Normal Tissue,6,GTEX-ZVP2-0326-SM-57WBP,Normal Tissue,0.9984037280082703,True
49,GTEX-WI4N-1026-SM-3LK7N,Normal Tissue,7,GTEX-ZLV1-1526-SM-4WWBC,Normal Tissue,0.9980734586715698,True
49,GTEX-WI4N-1026-SM-3LK7N,Normal Tissue,8,GTEX-11OF3-0126-SM-5PNYF,Normal Tissue,0.9980416893959045,True
49,GTEX-WI4N-1026-SM-3LK7N,Normal Tissue,9,GTEX-13VXU-0626-SM-5L3F9,Normal Tissue,0.9979897141456604,True
1006,TCGA-YD-A9TA-06,Metastasis,0,TCGA-DA-A95V-06,Metastasis,0.9903374314308167,True
1006,TCGA-YD-A9TA-06,Metastasis,1,TCGA-D3-A3MR-06,Metastasis,0.9869076609611511,True
1006,TCGA-YD-A9TA-06,Metastasis,2,TCGA-D3-A8GO-06,Metastasis,0.984634280204773,True
1006,TCGA-YD-A9TA-06,Metastasis,3,TCGA-GN-A26C-01,Primary Tumor,0.9836252331733704,False
1006,TCGA-YD-A9TA-06,Metastasis,4,TCGA-D9-A3Z3-06,Metastasis,0.9817967414855957,True
1006,TCGA-YD-A9TA-06,Metastasis,5,TCGA-GN-A9SD-06,Metastasis,0.9815821647644043,True
1006,TCGA-YD-A9TA-06,Metastasis,6,TCGA-EE-A2A6-06,Metastasis,0.978552520275116,True
1006,TCGA-YD-A9TA-06,Metastasis,7,TCGA-WE-AA9Y-06,Metastasis,0.9779007434844971,True
1006,TCGA-YD-A9TA-06,Metastasis,8,TCGA-D3-A5GN-06,Metastasis,0.9773220419883728,True
1006,TCGA-YD-A9TA-06,Metastasis,9,TCGA-EE-A20F-06,Metastasis,0.9772871732711792,True
1173,TCGA-FS-A4FB-06,Metastasis,0,TCGA-FS-A1ZY-06,Metastasis,0.9879738092422485,True
1173,TCGA-FS-A4FB-06,Metastasis,1,TCGA-GN-A264-06,Metastasis,0.9874122738838196,True
1173,TCGA-FS-A4FB-06,Metastasis,2,TCGA-D9-A4Z5-01,Primary Tumor,0.9867532849311829,False
1173,TCGA-FS-A4FB-06,Metastasis,3,TCGA-EE-A3AG-06,Metastasis,0.9865837097167969,True
1173,TCGA-FS-A4FB-06,Metastasis,4,TCGA-D9-A6EG-06,Metastasis,0.9826269149780273,True
1173,TCGA-FS-A4FB-06,Metastasis,5,TCGA-BF-A5EP-01,Primary Tumor,0.9771566390991211,False
1173,TCGA-FS-A4FB-06,Metastasis,6,TCGA-BF-A3DM-01,Primary Tumor,0.9710220098495483,False
1173,TCGA-FS-A4FB-06,Metastasis,7,TCGA-EE-A29B-06,Metastasis,0.964070200920105,True
1173,TCGA-FS-A4FB-06,Metastasis,8,TCGA-IH-A3EA-01,Primary Tumor,0.9632250666618347,False
1173,TCGA-FS-A4FB-06,Metastasis,9,GTEX-139T4-0008-SM-5S2WF,Normal Tissue,0.9600143432617188,False
823,TCGA-D3-A51R-06,Metastasis,0,TCGA-D3-A3MV-06,Metastasis,0.9960628747940063,True
823,TCGA-D3-A51R-06,Metastasis,1,TCGA-D3-A8GR-06,Metastasis,0.987908124923706,True
823,TCGA-D3-A51R-06,Metastasis,2,TCGA-ER-A42H-01,Primary Tumor,0.9875900149345398,False
823,TCGA-D3-A51R-06,Metastasis,3,TCGA-GN-A262-06,Metastasis,0.9873120784759521,True
823,TCGA-D3-A51R-06,Metastasis,4,TCGA-YG-AA3P-06,Metastasis,0.9862760305404663,True
823,TCGA-D3-A51R-06,Metastasis,5,TCGA-WE-A8ZM-06,Metastasis,0.9841836094856262,True
823,TCGA-D3-A51R-06,Metastasis,6,TCGA-D3-A51G-06,Metastasis,0.984063982963562,True
823,TCGA-D3-A51R-06,Metastasis,7,TCGA-D9-A6EG-06,Metastasis,0.9835213422775269,True
823,TCGA-D3-A51R-06,Metastasis,8,TCGA-WE-A8ZN-06,Metastasis,0.9784548282623291,True
823,TCGA-D3-A51R-06,Metastasis,9,TCGA-EE-A29B-06,Metastasis,0.9677468538284302,True
641,GTEX-TML8-1926-SM-32QOS,Normal Tissue,0,GTEX-XQ8I-0926-SM-4BOOF,Normal Tissue,0.9997702240943909,True
641,GTEX-TML8-1926-SM-32QOS,Normal Tissue,1,GTEX-11EQ9-2426-SM-5HL5T,Normal Tissue,0.9986656308174133,True
641,GTEX-TML8-1926-SM-32QOS,Normal Tissue,2,GTEX-T5JC-0426-SM-32PLO,Normal Tissue,0.9986249208450317,True
641,GTEX-TML8-1926-SM-32QOS,Normal Tissue,3,GTEX-13113-1926-SM-5LZWG,Normal Tissue,0.9977439045906067,True
641,GTEX-TML8-1926-SM-32QOS,Normal Tissue,4,GTEX-Y5LM-1926-SM-5RQJH,Normal Tissue,0.9977042078971863,True
641,GTEX-TML8-1926-SM-32QOS,Normal Tissue,5,GTEX-145LS-0126-SM-5QGP1,Normal Tissue,0.9976329803466797,True
641,GTEX-TML8-1926-SM-32QOS,Normal Tissue,6,GTEX-TMZS-0126-SM-3DB9Q,Normal Tissue,0.9968302249908447,True
641,GTEX-TML8-1926-SM-32QOS,Normal Tissue,7,GTEX-Y3IK-1626-SM-4YCF5,Normal Tissue,0.9966329336166382,True
641,GTEX-TML8-1926-SM-32QOS,Normal Tissue,8,GTEX-XOTO-0726-SM-4B659,Normal Tissue,0.9963582754135132,True
641,GTEX-TML8-1926-SM-32QOS,Normal Tissue,9,GTEX-ZVT2-0126-SM-5GIDQ,Normal Tissue,0.9962638020515442,True
1203,TCGA-FS-A1ZQ-06,Metastasis,0,TCGA-ER-A2NG-06,Metastasis,0.993502140045166,True
1203,TCGA-FS-A1ZQ-06,Metastasis,1,TCGA-EE-A184-06,Metastasis,0.9817690253257751,True
1203,TCGA-FS-A1ZQ-06,Metastasis,2,TCGA-FS-A1ZA-06,Metastasis,0.9733755588531494,True
1203,TCGA-FS-A1ZQ-06,Metastasis,3,TCGA-EE-A2MS-06,Metastasis,0.9731193780899048,True
1203,TCGA-FS-A1ZQ-06,Metastasis,4,TCGA-FS-A1ZZ-06,Metastasis,0.967054545879364,True
1203,TCGA-FS-A1ZQ-06,Metastasis,5,TCGA-EE-A2GK-06,Metastasis,0.9571449756622314,True
1203,TCGA-FS-A1ZQ-06,Metastasis,6,TCGA-ER-A19N-06,Metastasis,0.947460412979126,True
1203,TCGA-FS-A1ZQ-06,Metastasis,7,TCGA-ER-A19O-06,Metastasis,0.9379864931106567,True
1203,TCGA-FS-A1ZQ-06,Metastasis,8,TCGA-D3-A2JN-06,Metastasis,0.9232923984527588,True
1203,TCGA-FS-A1ZQ-06,Metastasis,9,TCGA-EE-A2M8-06,Metastasis,0.9220864176750183,True
1050,TCGA-FS-A1ZY-06,Metastasis,0,TCGA-D9-A4Z5-01,Primary Tumor,0.9963139891624451,False
1050,TCGA-FS-A1ZY-06,Metastasis,1,TCGA-D9-A6EG-06,Metastasis,0.9927043318748474,True
1050,TCGA-FS-A1ZY-06,Metastasis,2,TCGA-EE-A29B-06,Metastasis,0.9908068180084229,True
1050,TCGA-FS-A1ZY-06,Metastasis,3,TCGA-IH-A3EA-01,Primary Tumor,0.9889742136001587,False
1050,TCGA-FS-A1ZY-06,Metastasis,4,TCGA-FS-A4FB-06,Metastasis,0.9879738092422485,True
1050,TCGA-FS-A1ZY-06,Metastasis,5,TCGA-BF-A5EP-01,Primary Tumor,0.9872640371322632,False
1050,TCGA-FS-A1ZY-06,Metastasis,6,TCGA-BF-A3DM-01,Primary Tumor,0.9867134094238281,False
1050,TCGA-FS-A1ZY-06,Metastasis,7,TCGA-GN-A264-06,Metastasis,0.9805605411529541,True
1050,TCGA-FS-A1ZY-06,Metastasis,8,TCGA-ER-A42H-01,Primary Tumor,0.9802390933036804,False
1050,TCGA-FS-A1ZY-06,Metastasis,9,TCGA-YG-AA3P-06,Metastasis,0.9767050743103027,True
965,GTEX-XBEC-0726-SM-4QARZ,Normal Tissue,0,GTEX-ZE9C-2526-SM-5IJDR,Normal Tissue,0.9991785287857056,True
965,GTEX-XBEC-0726-SM-4QARZ,Normal Tissue,1,GTEX-11NUK-2726-SM-5A5MC,Normal Tissue,0.9984501600265503,True
965,GTEX-XBEC-0726-SM-4QARZ,Normal Tissue,2,GTEX-12696-0126-SM-5EQ4L,Normal Tissue,0.9979628324508667,True
965,GTEX-XBEC-0726-SM-4QARZ,Normal Tissue,3,GTEX-Y8LW-1526-SM-5IFHL,Normal Tissue,0.9979461431503296,True
965,GTEX-XBEC-0726-SM-4QARZ,Normal Tissue,4,GTEX-11H98-0126-SM-5EGHG,Normal Tissue,0.9978607892990112,True
965,GTEX-XBEC-0726-SM-4QARZ,Normal Tissue,5,GTEX-ZWKS-0626-SM-5GIDV,Normal Tissue,0.9974544644355774,True
965,GTEX-XBEC-0726-SM-4QARZ,Normal Tissue,6,GTEX-12WS9-0126-SM-5EGL7,Normal Tissue,0.9964962005615234,True
965,GTEX-XBEC-0726-SM-4QARZ,Normal Tissue,7,GTEX-11DZ1-0126-SM-5985Q,Normal Tissue,0.996367871761322,True
965,GTEX-XBEC-0726-SM-4QARZ,Normal Tissue,8,GTEX-X5EB-2226-SM-46MW4,Normal Tissue,0.995422899723053,True
965,GTEX-XBEC-0726-SM-4QARZ,Normal Tissue,9,GTEX-13VXU-0626-SM-5L3F9,Normal Tissue,0.9939919710159302,True
747,GTEX-14A6H-0126-SM-5QGPK,Normal Tissue,0,GTEX-133LE-2326-SM-5K7W3,Normal Tissue,0.9990414977073669,True
747,GTEX-14A6H-0126-SM-5QGPK,Normal Tissue,1,GTEX-ZLV1-1526-SM-4WWBC,Normal Tissue,0.9988231658935547,True
747,GTEX-14A6H-0126-SM-5QGPK,Normal Tissue,2,GTEX-ZVP2-0326-SM-57WBP,Normal Tissue,0.9987360239028931,True
747,GTEX-14A6H-0126-SM-5QGPK,Normal Tissue,3,GTEX-11ZU8-0126-SM-5EQ58,Normal Tissue,0.9987198114395142,True
747,GTEX-14A6H-0126-SM-5QGPK,Normal Tissue,4,GTEX-WI4N-1026-SM-3LK7N,Normal Tissue,0.9986962676048279,True
747,GTEX-14A6H-0126-SM-5QGPK,Normal Tissue,5,GTEX-11OF3-0126-SM-5PNYF,Normal Tissue,0.9986749887466431,True
747,GTEX-14A6H-0126-SM-5QGPK,Normal Tissue,6,GTEX-13VXU-0626-SM-5L3F9,Normal Tissue,0.9986647367477417,True
747,GTEX-14A6H-0126-SM-5QGPK,Normal Tissue,7,GTEX-Y5V6-2326-SM-4VDSA,Normal Tissue,0.9986465573310852,True
747,GTEX-14A6H-0126-SM-5QGPK,Normal Tissue,8,GTEX-X5EB-2226-SM-46MW4,Normal Tissue,0.9985843300819397,True
747,GTEX-14A6H-0126-SM-5QGPK,Normal Tissue,9,GTEX-ZE7O-0126-SM-57WC1,Normal Tissue,0.9984455704689026,True
670,TCGA-D3-A8GO-06,Metastasis,0,TCGA-D3-A1Q7-06,Metastasis,0.9946413636207581,True
670,TCGA-D3-A8GO-06,Metastasis,1,TCGA-FW-A3TU-06,Metastasis,0.9945209622383118,True
670,TCGA-D3-A8GO-06,Metastasis,2,TCGA-D3-A5GN-06,Metastasis,0.9896926879882812,True
670,TCGA-D3-A8GO-06,Metastasis,3,TCGA-D9-A3Z3-06,Metastasis,0.9876405000686646,True
670,TCGA-D3-A8GO-06,Metastasis,4,TCGA-DA-A95V-06,Metastasis,0.9866859316825867,True
670,TCGA-D3-A8GO-06,Metastasis,5,TCGA-GN-A26C-01,Primary Tumor,0.9857821464538574,False
670,TCGA-D3-A8GO-06,Metastasis,6,TCGA-D9-A3Z4-01,Primary Tumor,0.9847688674926758,False
670,TCGA-D3-A8GO-06,Metastasis,7,TCGA-YD-A9TA-06,Metastasis,0.984634280204773,True
670,TCGA-D3-A8GO-06,Metastasis,8,TCGA-EE-A2A6-06,Metastasis,0.9830293655395508,True
670,TCGA-D3-A8GO-06,Metastasis,9,TCGA-D3-A3MR-06,Metastasis,0.9738196730613708,True
904,GTEX-11ZU8-0126-SM-5EQ58,Normal Tissue,0,GTEX-ZVP2-0326-SM-57WBP,Normal Tissue,0.9995619654655457,True
904,GTEX-11ZU8-0126-SM-5EQ58,Normal Tissue,1,GTEX-Y3IK-1626-SM-4YCF5,Normal Tissue,0.9995075464248657,True
904,GTEX-11ZU8-0126-SM-5EQ58,Normal Tissue,2,GTEX-ZF29-0926-SM-4WKFZ,Normal Tissue,0.9992709755897522,True
904,GTEX-11ZU8-0126-SM-5EQ58,Normal Tissue,3,GTEX-ZLV1-1526-SM-4WWBC,Normal Tissue,0.999231219291687,True
904,GTEX-11ZU8-0126-SM-5EQ58,Normal Tissue,4,GTEX-145LS-0126-SM-5QGP1,Normal Tissue,0.999072790145874,True
904,GTEX-11ZU8-0126-SM-5EQ58,Normal Tissue,5,GTEX-133LE-2326-SM-5K7W3,Normal Tissue,0.9988405704498291,True
904,GTEX-11ZU8-0126-SM-5EQ58,Normal Tissue,6,GTEX-14A6H-0126-SM-5QGPK,Normal Tissue,0.9987198114395142,True
904,GTEX-11ZU8-0126-SM-5EQ58,Normal Tissue,7,GTEX-WI4N-1026-SM-3LK7N,Normal Tissue,0.9986494779586792,True
904,GTEX-11ZU8-0126-SM-5EQ58,Normal Tissue,8,GTEX-11OF3-0126-SM-5PNYF,Normal Tissue,0.998504638671875,True
904,GTEX-11ZU8-0126-SM-5EQ58,Normal Tissue,9,GTEX-ZE7O-0126-SM-57WC1,Normal Tissue,0.9984308481216431,True
1207,GTEX-11OF3-0126-SM-5PNYF,Normal Tissue,0,GTEX-13CF3-2426-SM-5IFGX,Normal Tissue,0.999587893486023,True
1207,GTEX-11OF3-0126-SM-5PNYF,Normal Tissue,1,GTEX-ZLV1-1526-SM-4WWBC,Normal Tissue,0.9992520213127136,True
1207,GTEX-11OF3-0126-SM-5PNYF,Normal Tissue,2,GTEX-133LE-2326-SM-5K7W3,Normal Tissue,0.9990299940109253,True
1207,GTEX-11OF3-0126-SM-5PNYF,Normal Tissue,3,GTEX-ZF29-0926-SM-4WKFZ,Normal Tissue,0.9989877939224243,True
1207,GTEX-11OF3-0126-SM-5PNYF,Normal Tissue,4,GTEX-139D8-0226-SM-5KLZO,Normal Tissue,0.9989418983459473,True
1207,GTEX-11OF3-0126-SM-5PNYF,Normal Tissue,5,GTEX-X5EB-2226-SM-46MW4,Normal Tissue,0.9988887906074524,True
1207,GTEX-11OF3-0126-SM-5PNYF,Normal Tissue,6,GTEX-ZE7O-0126-SM-57WC1,Normal Tissue,0.9987940192222595,True
1207,GTEX-11OF3-0126-SM-5PNYF,Normal Tissue,7,GTEX-14A6H-0126-SM-5QGPK,Normal Tissue,0.9986749887466431,True
1207,GTEX-11OF3-0126-SM-5PNYF,Normal Tissue,8,GTEX-11ZU8-0126-SM-5EQ58,Normal Tissue,0.998504638671875,True
1207,GTEX-11OF3-0126-SM-5PNYF,Normal Tissue,9,GTEX-ZVP2-0326-SM-57WBP,Normal Tissue,0.9984174370765686,True
592,GTEX-13PVQ-0126-SM-5SIB4,Normal Tissue,0,GTEX-ZUA1-2626-SM-5NQ92,Normal Tissue,0.9976207613945007,True
592,GTEX-13PVQ-0126-SM-5SIB4,Normal Tissue,1,GTEX-12WSB-2926-SM-59HKL,Normal Tissue,0.9959568977355957,True
592,GTEX-13PVQ-0126-SM-5SIB4,Normal Tissue,2,GTEX-X4EP-0626-SM-3P621,Normal Tissue,0.9954059720039368,True
592,GTEX-13PVQ-0126-SM-5SIB4,Normal Tissue,3,GTEX-11H98-0126-SM-5EGHG,Normal Tissue,0.99484783411026,True
592,GTEX-13PVQ-0126-SM-5SIB4,Normal Tissue,4,GTEX-YECK-0326-SM-4W1YS,Normal Tissue,0.9947906732559204,True
592,GTEX-13PVQ-0126-SM-5SIB4,Normal Tissue,5,GTEX-12WSB-0126-SM-59HJN,Normal Tissue,0.9941278100013733,True
592,GTEX-13PVQ-0126-SM-5SIB4,Normal Tissue,6,GTEX-11DZ1-0126-SM-5985Q,Normal Tissue,0.9937694072723389,True
592,GTEX-13PVQ-0126-SM-5SIB4,Normal Tissue,7,GTEX-ZY6K-1826-SM-5GZXK,Normal Tissue,0.9932167530059814,True
592,GTEX-13PVQ-0126-SM-5SIB4,Normal Tissue,8,GTEX-11NUK-2726-SM-5A5MC,Normal Tissue,0.9923825860023499,True
592,GTEX-13PVQ-0126-SM-5SIB4,Normal Tissue,9,GTEX-Y8LW-1526-SM-5IFHL,Normal Tissue,0.9917598962783813,True
267,TCGA-FW-A3R5-06,Metastasis,0,TCGA-DA-A1I2-06,Metastasis,0.9985151886940002,True
267,TCGA-FW-A3R5-06,Metastasis,1,TCGA-EB-A97M-01,Primary Tumor,0.9984815716743469,False
267,TCGA-FW-A3R5-06,Metastasis,2,TCGA-RP-A695-06,Metastasis,0.9940885901451111,True
267,TCGA-FW-A3R5-06,Metastasis,3,TCGA-WE-AAA0-06,Metastasis,0.9939152598381042,True
267,TCGA-FW-A3R5-06,Metastasis,4,TCGA-D9-A3Z4-01,Primary Tumor,0.9895647764205933,False
267,TCGA-FW-A3R5-06,Metastasis,5,TCGA-D9-A148-06,Metastasis,0.9886964559555054,True
267,TCGA-FW-A3R5-06,Metastasis,6,TCGA-ER-A2NC-06,Metastasis,0.9882248640060425,True
267,TCGA-FW-A3R5-06,Metastasis,7,TCGA-DA-A1I0-06,Metastasis,0.9879820346832275,True
267,TCGA-FW-A3R5-06,Metastasis,8,TCGA-EE-A29X-06,Metastasis,0.9865142703056335,True
267,TCGA-FW-A3R5-06,Metastasis,9,TCGA-EE-A2M6-06,Metastasis,0.9852764010429382,True
887,TCGA-BF-A3DM-01,Primary Tumor,0,TCGA-BF-A5EP-01,Primary Tumor,0.9987006187438965,True
887,TCGA-BF-A3DM-01,Primary Tumor,1,TCGA-EE-A29L-06,Metastasis,0.9878647327423096,False
887,TCGA-BF-A3DM-01,Primary Tumor,2,TCGA-FS-A1ZY-06,Metastasis,0.9867134094238281,False
887,TCGA-BF-A3DM-01,Primary Tumor,3,TCGA-BF-A5ES-01,Primary Tumor,0.9843126535415649,True
887,TCGA-BF-A3DM-01,Primary Tumor,4,TCGA-IH-A3EA-01,Primary Tumor,0.9838777780532837,True
887,TCGA-BF-A3DM-01,Primary Tumor,5,TCGA-GN-A264-06,Metastasis,0.980849027633667,False
887,TCGA-BF-A3DM-01,Primary Tumor,6,TCGA-D9-A4Z5-01,Primary Tumor,0.9748876690864563,True
887,TCGA-BF-A3DM-01,Primary Tumor,7,TCGA-EE-A29B-06,Metastasis,0.9733333587646484,False
887,TCGA-BF-A3DM-01,Primary Tumor,8,TCGA-D9-A6EG-06,Metastasis,0.9732390642166138,False
887,TCGA-BF-A3DM-01,Primary Tumor,9,TCGA-FS-A4FB-06,Metastasis,0.9710220098495483,False
1198,GTEX-WXYG-0008-SM-4ONDU,Normal Tissue,0,GTEX-ZVP2-0008-SM-51MSL,Normal Tissue,0.9991729855537415,True
1198,GTEX-WXYG-0008-SM-4ONDU,Normal Tissue,1,GTEX-T2YK-0008-SM-4DM6M,Normal Tissue,0.9990591406822205,True
1198,GTEX-WXYG-0008-SM-4ONDU,Normal Tissue,2,GTEX-ZQG8-0008-SM-4YCE7,Normal Tissue,0.9990397691726685,True
1198,GTEX-WXYG-0008-SM-4ONDU,Normal Tissue,3,GTEX-S341-0008-SM-4AD6D,Normal Tissue,0.9983314275741577,True
1198,GTEX-WXYG-0008-SM-4ONDU,Normal Tissue,4,GTEX-W5WG-0008-SM-4KL25,Normal Tissue,0.9979685544967651,True
1198,GTEX-WXYG-0008-SM-4ONDU,Normal Tissue,5,GTEX-XUW1-0008-SM-4BOQH,Normal Tissue,0.9978535175323486,True
1198,GTEX-WXYG-0008-SM-4ONDU,Normal Tissue,6,GTEX-XUZC-0008-SM-4BOQG,Normal Tissue,0.9972519874572754,True
1198,GTEX-WXYG-0008-SM-4ONDU,Normal Tissue,7,GTEX-111VG-0008-SM-5Q5BG,Normal Tissue,0.9968481659889221,True
1198,GTEX-WXYG-0008-SM-4ONDU,Normal Tissue,8,GTEX-RTLS-0008-SM-48FET,Normal Tissue,0.9963642358779907,True
1198,GTEX-WXYG-0008-SM-4ONDU,Normal Tissue,9,GTEX-X3Y1-0008-SM-4PR12,Normal Tissue,0.9957478642463684,True
437,TCGA-ER-A2NC-06,Metastasis,0,TCGA-RP-A695-06,Metastasis,0.9965841770172119,True
437,TCGA-ER-A2NC-06,Metastasis,1,TCGA-BF-A5ES-01,Primary Tumor,0.9918212294578552,False
437,TCGA-ER-A2NC-06,Metastasis,2,TCGA-FR-A3YO-06,Metastasis,0.9902291893959045,True
437,TCGA-ER-A2NC-06,Metastasis,3,TCGA-DA-A1I0-06,Metastasis,0.9897410273551941,True
437,TCGA-ER-A2NC-06,Metastasis,4,TCGA-FW-A3R5-06,Metastasis,0.9882248640060425,True
437,TCGA-ER-A2NC-06,Metastasis,5,TCGA-D3-A8GK-06,Metastasis,0.9864072799682617,True
437,TCGA-ER-A2NC-06,Metastasis,6,TCGA-EB-A97M-01,Primary Tumor,0.9862490296363831,False
437,TCGA-ER-A2NC-06,Metastasis,7,TCGA-D9-A148-06,Metastasis,0.9840530753135681,True
437,TCGA-ER-A2NC-06,Metastasis,8,TCGA-EE-A29L-06,Metastasis,0.9830157160758972,True
437,TCGA-ER-A2NC-06,Metastasis,9,TCGA-DA-A1I2-06,Metastasis,0.9815905094146729,True
1037,GTEX-S341-0008-SM-4AD6D,Normal Tissue,0,GTEX-ZQG8-0008-SM-4YCE7,Normal Tissue,0.9996200203895569,True
1037,GTEX-S341-0008-SM-4AD6D,Normal Tissue,1,GTEX-XUZC-0008-SM-4BOQG,Normal Tissue,0.9986293315887451,True
1037,GTEX-S341-0008-SM-4AD6D,Normal Tissue,2,GTEX-WXYG-0008-SM-4ONDU,Normal Tissue,0.9983314275741577,True
1037,GTEX-S341-0008-SM-4AD6D,Normal Tissue,3,GTEX-W5WG-0008-SM-4KL25,Normal Tissue,0.9965119957923889,True
1037,GTEX-S341-0008-SM-4AD6D,Normal Tissue,4,GTEX-ZVP2-0008-SM-51MSL,Normal Tissue,0.9964368343353271,True
1037,GTEX-S341-0008-SM-4AD6D,Normal Tissue,5,GTEX-XUW1-0008-SM-4BOQH,Normal Tissue,0.9963053464889526,True
1037,GTEX-S341-0008-SM-4AD6D,Normal Tissue,6,GTEX-T2YK-0008-SM-4DM6M,Normal Tissue,0.9960795640945435,True
1037,GTEX-S341-0008-SM-4AD6D,Normal Tissue,7,GTEX-PSDG-0008-SM-48TE5,Normal Tissue,0.9948313236236572,True
1037,GTEX-S341-0008-SM-4AD6D,Normal Tissue,8,GTEX-111VG-0008-SM-5Q5BG,Normal Tissue,0.9935628175735474,True
1037,GTEX-S341-0008-SM-4AD6D,Normal Tissue,9,GTEX-X3Y1-0008-SM-4PR12,Normal Tissue,0.9930202960968018,True
1106,GTEX-WH7G-2026-SM-3NMBL,Normal Tissue,0,GTEX-Z93S-1626-SM-5CVMB,Normal Tissue,0.9987830519676208,True
1106,GTEX-WH7G-2026-SM-3NMBL,Normal Tissue,1,GTEX-WHPG-2626-SM-3NMBR,Normal Tissue,0.9987441897392273,True
1106,GTEX-WH7G-2026-SM-3NMBL,Normal Tissue,2,GTEX-ZU9S-1826-SM-5NQ9E,Normal Tissue,0.997956395149231,True
1106,GTEX-WH7G-2026-SM-3NMBL,Normal Tissue,3,GTEX-145ME-1826-SM-5SI9G,Normal Tissue,0.9974637627601624,True
1106,GTEX-WH7G-2026-SM-3NMBL,Normal Tissue,4,GTEX-XPVG-2126-SM-4B667,Normal Tissue,0.9972584843635559,True
1106,GTEX-WH7G-2026-SM-3NMBL,Normal Tissue,5,GTEX-WFON-1926-SM-3LK7L,Normal Tissue,0.9972275495529175,True
1106,GTEX-WH7G-2026-SM-3NMBL,Normal Tissue,6,GTEX-X4EO-0326-SM-3P5YO,Normal Tissue,0.9972122311592102,True
1106,GTEX-WH7G-2026-SM-3NMBL,Normal Tissue,7,GTEX-139TU-0726-SM-5L3EK,Normal Tissue,0.9970159530639648,True
1106,GTEX-WH7G-2026-SM-3NMBL,Normal Tissue,8,GTEX-12ZZY-0226-SM-5LZVE,Normal Tissue,0.9964292049407959,True
1106,GTEX-WH7G-2026-SM-3NMBL,Normal Tissue,9,GTEX-XK95-0226-SM-4AT58,Normal Tissue,0.9959829449653625,True
731,TCGA-D9-A3Z4-01,Primary Tumor,0,TCGA-WE-AAA0-06,Metastasis,0.9975991249084473,False
731,TCGA-D9-A3Z4-01,Primary Tumor,1,TCGA-DA-A1I2-06,Metastasis,0.9943550229072571,False
731,TCGA-D9-A3Z4-01,Primary Tumor,2,TCGA-YG-AA3O-06,Metastasis,0.9931732416152954,False
731,TCGA-D9-A3Z4-01,Primary Tumor,3,TCGA-D3-A1Q7-06,Metastasis,0.9929578304290771,False
731,TCGA-D9-A3Z4-01,Primary Tumor,4,TCGA-EE-A2A6-06,Metastasis,0.9929532408714294,False
731,TCGA-D9-A3Z4-01,Primary Tumor,5,TCGA-D3-A8GQ-06,Metastasis,0.9902252554893494,False
731,TCGA-D9-A3Z4-01,Primary Tumor,6,TCGA-FW-A3R5-06,Metastasis,0.9895647764205933,False
731,TCGA-D9-A3Z4-01,Primary Tumor,7,TCGA-FW-A3TU-06,Metastasis,0.9888128638267517,False
731,TCGA-D9-A3Z4-01,Primary Tumor,8,TCGA-EB-A97M-01,Primary Tumor,0.988171398639679,True
731,TCGA-D9-A3Z4-01,Primary Tumor,9,TCGA-EE-A2M6-06,Metastasis,0.9849967360496521,False
1123,GTEX-X5EB-2226-SM-46MW4,Normal Tissue,0,GTEX-12WS9-0126-SM-5EGL7,Normal Tissue,0.9991400241851807,True
1123,GTEX-X5EB-2226-SM-46MW4,Normal Tissue,1,GTEX-11OF3-0126-SM-5PNYF,Normal Tissue,0.9988887906074524,True
1123,GTEX-X5EB-2226-SM-46MW4,Normal Tissue,2,GTEX-Y8LW-1526-SM-5IFHL,Normal Tissue,0.9988381266593933,True
1123,GTEX-X5EB-2226-SM-46MW4,Normal Tissue,3,GTEX-14A6H-0126-SM-5QGPK,Normal Tissue,0.9985843300819397,True
1123,GTEX-X5EB-2226-SM-46MW4,Normal Tissue,4,GTEX-11DZ1-0126-SM-5985Q,Normal Tissue,0.9985721111297607,True
1123,GTEX-X5EB-2226-SM-46MW4,Normal Tissue,5,GTEX-139D8-0226-SM-5KLZO,Normal Tissue,0.99847811460495,True
1123,GTEX-X5EB-2226-SM-46MW4,Normal Tissue,6,GTEX-X4EO-2926-SM-4E3JH,Normal Tissue,0.9983240365982056,True
1123,GTEX-X5EB-2226-SM-46MW4,Normal Tissue,7,GTEX-12696-0126-SM-5EQ4L,Normal Tissue,0.9982210397720337,True
1123,GTEX-X5EB-2226-SM-46MW4,Normal Tissue,8,GTEX-133LE-2326-SM-5K7W3,Normal Tissue,0.9979300498962402,True
1123,GTEX-X5EB-2226-SM-46MW4,Normal Tissue,9,GTEX-ZE7O-0126-SM-57WC1,Normal Tissue,0.9977182745933533,True
396,GTEX-Y5V6-2326-SM-4VDSA,Normal Tissue,0,GTEX-133LE-2326-SM-5K7W3,Normal Tissue,0.9991703033447266,True
396,GTEX-Y5V6-2326-SM-4VDSA,Normal Tissue,1,GTEX-ZVP2-0326-SM-57WBP,Normal Tissue,0.99901282787323,True
396,GTEX-Y5V6-2326-SM-4VDSA,Normal Tissue,2,GTEX-ZLV1-1526-SM-4WWBC,Normal Tissue,0.9988213777542114,True
396,GTEX-Y5V6-2326-SM-4VDSA,Normal Tissue,3,GTEX-14A6H-0126-SM-5QGPK,Normal Tissue,0.9986465573310852,True
396,GTEX-Y5V6-2326-SM-4VDSA,Normal Tissue,4,GTEX-13VXU-0626-SM-5L3F9,Normal Tissue,0.9982900023460388,True
396,GTEX-Y5V6-2326-SM-4VDSA,Normal Tissue,5,GTEX-ZE7O-0126-SM-57WC1,Normal Tissue,0.9982233047485352,True
396,GTEX-Y5V6-2326-SM-4VDSA,Normal Tissue,6,GTEX-1313W-0626-SM-5EQ4H,Normal Tissue,0.9980270862579346,True
396,GTEX-Y5V6-2326-SM-4VDSA,Normal Tissue,7,GTEX-11ZU8-0126-SM-5EQ58,Normal Tissue,0.9978234767913818,True
396,GTEX-Y5V6-2326-SM-4VDSA,Normal Tissue,8,GTEX-WI4N-1026-SM-3LK7N,Normal Tissue,0.9977712631225586,True
396,GTEX-Y5V6-2326-SM-4VDSA,Normal Tissue,9,GTEX-11OF3-0126-SM-5PNYF,Normal Tissue,0.9976456761360168,True
886,GTEX-X4EO-2926-SM-4E3JH,Normal Tissue,0,GTEX-139D8-0226-SM-5KLZO,Normal Tissue,0.9995198249816895,True
886,GTEX-X4EO-2926-SM-4E3JH,Normal Tissue,1,GTEX-12ZZX-0126-SM-5EGK9,Normal Tissue,0.9988306164741516,True
886,GTEX-X4EO-2926-SM-4E3JH,Normal Tissue,2,GTEX-ZDTT-0426-SM-4WKFL,Normal Tissue,0.9983904957771301,True
886,GTEX-X4EO-2926-SM-4E3JH,Normal Tissue,3,GTEX-X5EB-2226-SM-46MW4,Normal Tissue,0.9983240365982056,True
886,GTEX-X4EO-2926-SM-4E3JH,Normal Tissue,4,GTEX-11OF3-0126-SM-5PNYF,Normal Tissue,0.9981930255889893,True
886,GTEX-X4EO-2926-SM-4E3JH,Normal Tissue,5,GTEX-145ME-1826-SM-5SI9G,Normal Tissue,0.9978717565536499,True
886,GTEX-X4EO-2926-SM-4E3JH,Normal Tissue,6,GTEX-Y8LW-1526-SM-5IFHL,Normal Tissue,0.9976887106895447,True
886,GTEX-X4EO-2926-SM-4E3JH,Normal Tissue,7,GTEX-13CF3-2426-SM-5IFGX,Normal Tissue,0.9975996017456055,True
886,GTEX-X4EO-2926-SM-4E3JH,Normal Tissue,8,GTEX-ZU9S-1826-SM-5NQ9E,Normal Tissue,0.9975879192352295,True
886,GTEX-X4EO-2926-SM-4E3JH,Normal Tissue,9,GTEX-X4EP-0626-SM-3P621,Normal Tissue,0.9975820779800415,True
1229,GTEX-UJHI-0008-SM-4IHL1,Normal Tissue,0,GTEX-ZPIC-0008-SM-4E3JF,Normal Tissue,0.999464213848114,True
1229,GTEX-UJHI-0008-SM-4IHL1,Normal Tissue,1,GTEX-Y8E4-0008-SM-4V6FW,Normal Tissue,0.9971696734428406,True
1229,GTEX-UJHI-0008-SM-4IHL1,Normal Tissue,2,GTEX-RVPU-0008-SM-3NM8B,Normal Tissue,0.9960474371910095,True
1229,GTEX-UJHI-0008-SM-4IHL1,Normal Tissue,3,GTEX-WVJS-0008-SM-4MVPC,Normal Tissue,0.9960005879402161,True
1229,GTEX-UJHI-0008-SM-4IHL1,Normal Tissue,4,GTEX-WRHU-0008-SM-4MVPB,Normal Tissue,0.9942320585250854,True
1229,GTEX-UJHI-0008-SM-4IHL1,Normal Tissue,5,GTEX-WH7G-0008-SM-4LVNM,Normal Tissue,0.9930823445320129,True
1229,GTEX-UJHI-0008-SM-4IHL1,Normal Tissue,6,GTEX-Z93S-0008-SM-4RGM5,Normal Tissue,0.9928981065750122,True
1229,GTEX-UJHI-0008-SM-4IHL1,Normal Tissue,7,GTEX-W5X1-0008-SM-4LMKA,Normal Tissue,0.9926090836524963,True
1229,GTEX-UJHI-0008-SM-4IHL1,Normal Tissue,8,GTEX-WWYW-0008-SM-4MVPF,Normal Tissue,0.9915536046028137,True
1229,GTEX-UJHI-0008-SM-4IHL1,Normal Tissue,9,GTEX-XUW1-0008-SM-4BOQH,Normal Tissue,0.9906914830207825,True
620,GTEX-XBEW-0008-SM-4AT3Y,Normal Tissue,0,GTEX-WH7G-0008-SM-4LVNM,Normal Tissue,0.9989535212516785,True
620,GTEX-XBEW-0008-SM-4AT3Y,Normal Tissue,1,GTEX-QVJO-0008-SM-447AU,Normal Tissue,0.9982412457466125,True
620,GTEX-XBEW-0008-SM-4AT3Y,Normal Tissue,2,GTEX-Z93S-0008-SM-4RGM5,Normal Tissue,0.9980870485305786,True
620,GTEX-XBEW-0008-SM-4AT3Y,Normal Tissue,3,GTEX-W5X1-0008-SM-4LMKA,Normal Tissue,0.9953235387802124,True
620,GTEX-XBEW-0008-SM-4AT3Y,Normal Tissue,4,GTEX-UJMC-0008-SM-4IHKK,Normal Tissue,0.9947079420089722,True
620,GTEX-XBEW-0008-SM-4AT3Y,Normal Tissue,5,GTEX-XUW1-0008-SM-4BOQH,Normal Tissue,0.9941624402999878,True
620,GTEX-XBEW-0008-SM-4AT3Y,Normal Tissue,6,GTEX-RTLS-0008-SM-48FET,Normal Tissue,0.994070827960968,True
620,GTEX-XBEW-0008-SM-4AT3Y,Normal Tissue,7,GTEX-ZVP2-0008-SM-51MSL,Normal Tissue,0.9938698410987854,True
620,GTEX-XBEW-0008-SM-4AT3Y,Normal Tissue,8,GTEX-Y8E4-0008-SM-4V6FW,Normal Tissue,0.9934455156326294,True
620,GTEX-XBEW-0008-SM-4AT3Y,Normal Tissue,9,GTEX-WCDI-0008-SM-47JYE,Normal Tissue,0.9932011961936951,True
284,GTEX-WHPG-2626-SM-3NMBR,Normal Tissue,0,GTEX-WH7G-2026-SM-3NMBL,Normal Tissue,0.9987441897392273,True
284,GTEX-WHPG-2626-SM-3NMBR,Normal Tissue,1,GTEX-Z93S-1626-SM-5CVMB,Normal Tissue,0.9976800084114075,True
284,GTEX-WHPG-2626-SM-3NMBR,Normal Tissue,2,GTEX-ZU9S-1826-SM-5NQ9E,Normal Tissue,0.9973351955413818,True
284,GTEX-WHPG-2626-SM-3NMBR,Normal Tissue,3,GTEX-145ME-1826-SM-5SI9G,Normal Tissue,0.9971857070922852,True
284,GTEX-WHPG-2626-SM-3NMBR,Normal Tissue,4,GTEX-ZYFD-0626-SM-5E44E,Normal Tissue,0.9966612458229065,True
284,GTEX-WHPG-2626-SM-3NMBR,Normal Tissue,5,GTEX-ZDTT-0426-SM-4WKFL,Normal Tissue,0.9961695671081543,True
284,GTEX-WHPG-2626-SM-3NMBR,Normal Tissue,6,GTEX-X4EO-0326-SM-3P5YO,Normal Tissue,0.995801568031311,True
284,GTEX-WHPG-2626-SM-3NMBR,Normal Tissue,7,GTEX-12ZZX-0126-SM-5EGK9,Normal Tissue,0.9954319596290588,True
284,GTEX-WHPG-2626-SM-3NMBR,Normal Tissue,8,GTEX-WFON-1926-SM-3LK7L,Normal Tissue,0.9949324131011963,True
284,GTEX-WHPG-2626-SM-3NMBR,Normal Tissue,9,GTEX-XPVG-2126-SM-4B667,Normal Tissue,0.9941823482513428,True
1041,GTEX-13113-1926-SM-5LZWG,Normal Tissue,0,GTEX-Y3IK-1626-SM-4YCF5,Normal Tissue,0.9988123178482056,True
1041,GTEX-13113-1926-SM-5LZWG,Normal Tissue,1,GTEX-ZF29-0926-SM-4WKFZ,Normal Tissue,0.9983524680137634,True
1041,GTEX-13113-1926-SM-5LZWG,Normal Tissue,2,GTEX-ZVT2-0126-SM-5GIDQ,Normal Tissue,0.9981198310852051,True
1041,GTEX-13113-1926-SM-5LZWG,Normal Tissue,3,GTEX-145LS-0126-SM-5QGP1,Normal Tissue,0.9980951547622681,True
1041,GTEX-13113-1926-SM-5LZWG,Normal Tissue,4,GTEX-XQ8I-0926-SM-4BOOF,Normal Tissue,0.9979949593544006,True
1041,GTEX-13113-1926-SM-5LZWG,Normal Tissue,5,GTEX-11EQ9-2426-SM-5HL5T,Normal Tissue,0.9977847933769226,True
1041,GTEX-13113-1926-SM-5LZWG,Normal Tissue,6,GTEX-TML8-1926-SM-32QOS,Normal Tissue,0.9977439045906067,True
1041,GTEX-13113-1926-SM-5LZWG,Normal Tissue,7,GTEX-11ZU8-0126-SM-5EQ58,Normal Tissue,0.9976274371147156,True
1041,GTEX-13113-1926-SM-5LZWG,Normal Tissue,8,GTEX-13CF3-2426-SM-5IFGX,Normal Tissue,0.9974719882011414,True
1041,GTEX-13113-1926-SM-5LZWG,Normal Tissue,9,GTEX-Y5LM-1926-SM-5RQJH,Normal Tissue,0.9972043037414551,True
1052,GTEX-WYBS-0008-SM-4ONDX,Normal Tissue,0,GTEX-R55D-0008-SM-48FEV,Normal Tissue,0.9901620745658875,True
1052,GTEX-WYBS-0008-SM-4ONDX,Normal Tissue,1,GTEX-WCDI-0008-SM-47JYE,Normal Tissue,0.9892705678939819,True
1052,GTEX-WYBS-0008-SM-4ONDX,Normal Tissue,2,GTEX-OHPM-0008-SM-4E3IP,Normal Tissue,0.9881148934364319,True
1052,GTEX-WYBS-0008-SM-4ONDX,Normal Tissue,3,GTEX-R55F-0008-SM-48FE6,Normal Tissue,0.9866129755973816,True
1052,GTEX-WYBS-0008-SM-4ONDX,Normal Tissue,4,GTEX-139T4-0008-SM-5S2WF,Normal Tissue,0.9856516122817993,True
1052,GTEX-WYBS-0008-SM-4ONDX,Normal Tissue,5,GTEX-QVJO-0008-SM-447AU,Normal Tissue,0.98232102394104,True
1052,GTEX-WYBS-0008-SM-4ONDX,Normal Tissue,6,GTEX-WWYW-0008-SM-4MVPF,Normal Tissue,0.9804635643959045,True
1052,GTEX-WYBS-0008-SM-4ONDX,Normal Tissue,7,GTEX-XBEW-0008-SM-4AT3Y,Normal Tissue,0.9797772169113159,True
1052,GTEX-WYBS-0008-SM-4ONDX,Normal Tissue,8,GTEX-Z93S-0008-SM-4RGM5,Normal Tissue,0.9756084084510803,True
1052,GTEX-WYBS-0008-SM-4ONDX,Normal Tissue,9,GTEX-W5X1-0008-SM-4LMKA,Normal Tissue,0.9749447703361511,True
725,GTEX-145ME-1826-SM-5SI9G,Normal Tissue,0,GTEX-ZU9S-1826-SM-5NQ9E,Normal Tissue,0.9997643232345581,True
725,GTEX-145ME-1826-SM-5SI9G,Normal Tissue,1,GTEX-X4EO-0326-SM-3P5YO,Normal Tissue,0.9996120929718018,True
725,GTEX-145ME-1826-SM-5SI9G,Normal Tissue,2,GTEX-12ZZX-0126-SM-5EGK9,Normal Tissue,0.9995681643486023,True
725,GTEX-145ME-1826-SM-5SI9G,Normal Tissue,3,GTEX-Z93S-1626-SM-5CVMB,Normal Tissue,0.9993383288383484,True
725,GTEX-145ME-1826-SM-5SI9G,Normal Tissue,4,GTEX-XK95-0226-SM-4AT58,Normal Tissue,0.9987764954566956,True
725,GTEX-145ME-1826-SM-5SI9G,Normal Tissue,5,GTEX-131XH-2226-SM-5DUXJ,Normal Tissue,0.9984975457191467,True
725,GTEX-145ME-1826-SM-5SI9G,Normal Tissue,6,GTEX-ZDTT-0426-SM-4WKFL,Normal Tissue,0.9982857704162598,True
725,GTEX-145ME-1826-SM-5SI9G,Normal Tissue,7,GTEX-ZXG5-2126-SM-59HKD,Normal Tissue,0.9980600476264954,True
725,GTEX-145ME-1826-SM-5SI9G,Normal Tissue,8,GTEX-X4EO-2926-SM-4E3JH,Normal Tissue,0.9978717565536499,True
725,GTEX-145ME-1826-SM-5SI9G,Normal Tissue,9,GTEX-139T8-0626-SM-5KLZX,Normal Tissue,0.9974988102912903,True
836,GTEX-139TU-0726-SM-5L3EK,Normal Tissue,0,GTEX-XPVG-2126-SM-4B667,Normal Tissue,0.9993416666984558,True
836,GTEX-139TU-0726-SM-5L3EK,Normal Tissue,1,GTEX-12ZZY-0226-SM-5LZVE,Normal Tissue,0.9988948702812195,True
836,GTEX-139TU-0726-SM-5L3EK,Normal Tissue,2,GTEX-XAJ8-1426-SM-47JYM,Normal Tissue,0.9986176490783691,True
836,GTEX-139TU-0726-SM-5L3EK,Normal Tissue,3,GTEX-WZTO-0126-SM-3NM95,Normal Tissue,0.9977203011512756,True
836,GTEX-139TU-0726-SM-5L3EK,Normal Tissue,4,GTEX-WFON-1926-SM-3LK7L,Normal Tissue,0.9976212382316589,True
836,GTEX-139TU-0726-SM-5L3EK,Normal Tissue,5,GTEX-Z93S-1626-SM-5CVMB,Normal Tissue,0.9972544312477112,True
836,GTEX-139TU-0726-SM-5L3EK,Normal Tissue,6,GTEX-WH7G-2026-SM-3NMBL,Normal Tissue,0.9970159530639648,True
836,GTEX-139TU-0726-SM-5L3EK,Normal Tissue,7,GTEX-XK95-0226-SM-4AT58,Normal Tissue,0.9964969158172607,True
836,GTEX-139TU-0726-SM-5L3EK,Normal Tissue,8,GTEX-146FR-1326-SM-5SIAJ,Normal Tissue,0.9955846071243286,True
836,GTEX-139TU-0726-SM-5L3EK,Normal Tissue,9,GTEX-X4EO-0326-SM-3P5YO,Normal Tissue,0.9951270222663879,True
240,GTEX-ZVT3-0008-SM-51MRI,Normal Tissue,0,GTEX-OOBK-0008-SM-3NB27,Normal Tissue,0.9842404127120972,True
240,GTEX-ZVT3-0008-SM-51MRI,Normal Tissue,1,GTEX-WVJS-0008-SM-4MVPC,Normal Tissue,0.9827824831008911,True
240,GTEX-ZVT3-0008-SM-51MRI,Normal Tissue,2,GTEX-XUZC-0008-SM-4BOQG,Normal Tissue,0.9787110090255737,True
240,GTEX-ZVT3-0008-SM-51MRI,Normal Tissue,3,GTEX-S341-0008-SM-4AD6D,Normal Tissue,0.9746603965759277,True
240,GTEX-ZVT3-0008-SM-51MRI,Normal Tissue,4,GTEX-XUW1-0008-SM-4BOQH,Normal Tissue,0.9735413193702698,True
240,GTEX-ZVT3-0008-SM-51MRI,Normal Tissue,5,GTEX-PSDG-0008-SM-48TE5,Normal Tissue,0.9734793901443481,True
240,GTEX-ZVT3-0008-SM-51MRI,Normal Tissue,6,GTEX-Y9LG-0008-SM-4VBRJ,Normal Tissue,0.9728503823280334,True
240,GTEX-ZVT3-0008-SM-51MRI,Normal Tissue,7,GTEX-ZQG8-0008-SM-4YCE7,Normal Tissue,0.972686767578125,True
240,GTEX-ZVT3-0008-SM-51MRI,Normal Tissue,8,GTEX-VUSG-0008-SM-4KL24,Normal Tissue,0.9723843932151794,True
240,GTEX-ZVT3-0008-SM-51MRI,Normal Tissue,9,GTEX-ZPIC-0008-SM-4E3JF,Normal Tissue,0.9715937972068787,True
27,TCGA-D3-A8GK-06,Metastasis,0,TCGA-FR-A3YO-06,Metastasis,0.9961015582084656,True
27,TCGA-D3-A8GK-06,Metastasis,1,TCGA-BF-A5ES-01,Primary Tumor,0.995877206325531,False
27,TCGA-D3-A8GK-06,Metastasis,2,TCGA-D3-A51G-06,Metastasis,0.9917933940887451,True
27,TCGA-D3-A8GK-06,Metastasis,3,TCGA-YG-AA3P-06,Metastasis,0.9898061752319336,True
27,TCGA-D3-A8GK-06,Metastasis,4,TCGA-IH-A3EA-01,Primary Tumor,0.9895349144935608,False
27,TCGA-D3-A8GK-06,Metastasis,5,TCGA-GN-A262-06,Metastasis,0.9893457889556885,True
27,TCGA-D3-A8GK-06,Metastasis,6,TCGA-ER-A42H-01,Primary Tumor,0.9885551333427429,False
27,TCGA-D3-A8GK-06,Metastasis,7,TCGA-WE-A8ZM-06,Metastasis,0.9876176714897156,True
27,TCGA-D3-A8GK-06,Metastasis,8,TCGA-ER-A2NC-06,Metastasis,0.9864072799682617,True
27,TCGA-D3-A8GK-06,Metastasis,9,TCGA-EE-A29B-06,Metastasis,0.9825544357299805,True
821,GTEX-12WS9-0126-SM-5EGL7,Normal Tissue,0,GTEX-X5EB-2226-SM-46MW4,Normal Tissue,0.9991400241851807,True
821,GTEX-12WS9-0126-SM-5EGL7,Normal Tissue,1,GTEX-Y8LW-1526-SM-5IFHL,Normal Tissue,0.9985989928245544,True
821,GTEX-12WS9-0126-SM-5EGL7,Normal Tissue,2,GTEX-12696-0126-SM-5EQ4L,Normal Tissue,0.9985966086387634,True
821,GTEX-12WS9-0126-SM-5EGL7,Normal Tissue,3,GTEX-11DZ1-0126-SM-5985Q,Normal Tissue,0.9985596537590027,True
821,GTEX-12WS9-0126-SM-5EGL7,Normal Tissue,4,GTEX-13VXU-0626-SM-5L3F9,Normal Tissue,0.9978758692741394,True
821,GTEX-12WS9-0126-SM-5EGL7,Normal Tissue,5,GTEX-14A6H-0126-SM-5QGPK,Normal Tissue,0.997648298740387,True
821,GTEX-12WS9-0126-SM-5EGL7,Normal Tissue,6,GTEX-139D8-0226-SM-5KLZO,Normal Tissue,0.9975277185440063,True
821,GTEX-12WS9-0126-SM-5EGL7,Normal Tissue,7,GTEX-11OF3-0126-SM-5PNYF,Normal Tissue,0.9975012540817261,True
821,GTEX-12WS9-0126-SM-5EGL7,Normal Tissue,8,GTEX-133LE-2326-SM-5K7W3,Normal Tissue,0.9974369406700134,True
821,GTEX-12WS9-0126-SM-5EGL7,Normal Tissue,9,GTEX-Y5V6-2326-SM-4VDSA,Normal Tissue,0.9971341490745544,True
599,TCGA-GN-A9SD-06,Metastasis,0,TCGA-D3-A3MR-06,Metastasis,0.9897920489311218,True
599,TCGA-GN-A9SD-06,Metastasis,1,TCGA-EE-A20F-06,Metastasis,0.9877969622612,True
599,TCGA-GN-A9SD-06,Metastasis,2,TCGA-DA-A95V-06,Metastasis,0.9848037362098694,True
599,TCGA-GN-A9SD-06,Metastasis,3,TCGA-WE-AA9Y-06,Metastasis,0.9829753637313843,True
599,TCGA-GN-A9SD-06,Metastasis,4,TCGA-YD-A9TA-06,Metastasis,0.9815821647644043,True
599,TCGA-GN-A9SD-06,Metastasis,5,TCGA-GN-A26C-01,Primary Tumor,0.9747863411903381,False
599,TCGA-GN-A9SD-06,Metastasis,6,TCGA-EE-A2M8-06,Metastasis,0.973320484161377,True
599,TCGA-GN-A9SD-06,Metastasis,7,TCGA-D3-A2JN-06,Metastasis,0.9696927666664124,True
599,TCGA-GN-A9SD-06,Metastasis,8,TCGA-EE-A2M6-06,Metastasis,0.9670082926750183,True
599,TCGA-GN-A9SD-06,Metastasis,9,TCGA-EE-A2A6-06,Metastasis,0.9620290398597717,True
405,TCGA-YG-AA3O-06,Metastasis,0,TCGA-D3-A8GQ-06,Metastasis,0.9967148303985596,True
405,TCGA-YG-AA3O-06,Metastasis,1,TCGA-D9-A3Z4-01,Primary Tumor,0.9931732416152954,False
405,TCGA-YG-AA3O-06,Metastasis,2,TCGA-WE-AAA0-06,Metastasis,0.9902792572975159,True
405,TCGA-YG-AA3O-06,Metastasis,3,TCGA-WE-A8ZN-06,Metastasis,0.9891528487205505,True
405,TCGA-YG-AA3O-06,Metastasis,4,TCGA-DA-A1I2-06,Metastasis,0.9888573884963989,True
405,TCGA-YG-AA3O-06,Metastasis,5,TCGA-D3-A1Q7-06,Metastasis,0.9881085753440857,True
405,TCGA-YG-AA3O-06,Metastasis,6,TCGA-EB-A97M-01,Primary Tumor,0.9850133657455444,False
405,TCGA-YG-AA3O-06,Metastasis,7,TCGA-FW-A3R5-06,Metastasis,0.9809901118278503,True
405,TCGA-YG-AA3O-06,Metastasis,8,TCGA-D3-A8GR-06,Metastasis,0.9770783185958862,True
405,TCGA-YG-AA3O-06,Metastasis,9,TCGA-FW-A3TU-06,Metastasis,0.9751967191696167,True
719,GTEX-111CU-1926-SM-5GZYZ,Normal Tissue,0,GTEX-XOTO-0726-SM-4B659,Normal Tissue,0.9990124702453613,True
719,GTEX-111CU-1926-SM-5GZYZ,Normal Tissue,1,GTEX-139T8-0626-SM-5KLZX,Normal Tissue,0.9986621141433716,True
719,GTEX-111CU-1926-SM-5GZYZ,Normal Tissue,2,GTEX-131XH-2226-SM-5DUXJ,Normal Tissue,0.9986050128936768,True
719,GTEX-111CU-1926-SM-5GZYZ,Normal Tissue,3,GTEX-XUW1-0926-SM-4BONX,Normal Tissue,0.9985826015472412,True
719,GTEX-111CU-1926-SM-5GZYZ,Normal Tissue,4,GTEX-13CF3-2426-SM-5IFGX,Normal Tissue,0.9985013604164124,True
719,GTEX-111CU-1926-SM-5GZYZ,Normal Tissue,5,GTEX-X4EO-0326-SM-3P5YO,Normal Tissue,0.9984484314918518,True
719,GTEX-111CU-1926-SM-5GZYZ,Normal Tissue,6,GTEX-XK95-0226-SM-4AT58,Normal Tissue,0.9980781078338623,True
719,GTEX-111CU-1926-SM-5GZYZ,Normal Tissue,7,GTEX-12ZZX-0126-SM-5EGK9,Normal Tissue,0.9977847933769226,True
719,GTEX-111CU-1926-SM-5GZYZ,Normal Tissue,8,GTEX-11OF3-0126-SM-5PNYF,Normal Tissue,0.9976212382316589,True
719,GTEX-111CU-1926-SM-5GZYZ,Normal Tissue,9,GTEX-ZXG5-2126-SM-59HKD,Normal Tissue,0.9976046681404114,True
594,GTEX-12ZZX-0126-SM-5EGK9,Normal Tissue,0,GTEX-145ME-1826-SM-5SI9G,Normal Tissue,0.9995681643486023,True
594,GTEX-12ZZX-0126-SM-5EGK9,Normal Tissue,1,GTEX-X4EO-0326-SM-3P5YO,Normal Tissue,0.9991023540496826,True
594,GTEX-12ZZX-0126-SM-5EGK9,Normal Tissue,2,GTEX-ZU9S-1826-SM-5NQ9E,Normal Tissue,0.9990302920341492,True
594,GTEX-12ZZX-0126-SM-5EGK9,Normal Tissue,3,GTEX-X4EO-2926-SM-4E3JH,Normal Tissue,0.9988306164741516,True
594,GTEX-12ZZX-0126-SM-5EGK9,Normal Tissue,4,GTEX-131XH-2226-SM-5DUXJ,Normal Tissue,0.9984706044197083,True
594,GTEX-12ZZX-0126-SM-5EGK9,Normal Tissue,5,GTEX-ZDTT-0426-SM-4WKFL,Normal Tissue,0.9982721209526062,True
594,GTEX-12ZZX-0126-SM-5EGK9,Normal Tissue,6,GTEX-XK95-0226-SM-4AT58,Normal Tissue,0.9981537461280823,True
594,GTEX-12ZZX-0126-SM-5EGK9,Normal Tissue,7,GTEX-Z93S-1626-SM-5CVMB,Normal Tissue,0.9981522560119629,True
594,GTEX-12ZZX-0126-SM-5EGK9,Normal Tissue,8,GTEX-ZXG5-2126-SM-59HKD,Normal Tissue,0.9981191754341125,True
594,GTEX-12ZZX-0126-SM-5EGK9,Normal Tissue,9,GTEX-139T8-0626-SM-5KLZX,Normal Tissue,0.9978588223457336,True
1015,TCGA-DA-A95V-06,Metastasis,0,TCGA-GN-A26C-01,Primary Tumor,0.9960629940032959,False
1015,TCGA-DA-A95V-06,Metastasis,1,TCGA-D3-A3MR-06,Metastasis,0.9939757585525513,True
1015,TCGA-DA-A95V-06,Metastasis,2,TCGA-D3-A5GN-06,Metastasis,0.9925843477249146,True
1015,TCGA-DA-A95V-06,Metastasis,3,TCGA-YD-A9TA-06,Metastasis,0.9903374314308167,True
1015,TCGA-DA-A95V-06,Metastasis,4,TCGA-FW-A3TU-06,Metastasis,0.9887040257453918,True
1015,TCGA-DA-A95V-06,Metastasis,5,TCGA-D3-A8GO-06,Metastasis,0.9866859316825867,True
1015,TCGA-DA-A95V-06,Metastasis,6,TCGA-EE-A2A6-06,Metastasis,0.9856080412864685,True
1015,TCGA-DA-A95V-06,Metastasis,7,TCGA-EE-A20F-06,Metastasis,0.9852349162101746,True
1015,TCGA-DA-A95V-06,Metastasis,8,TCGA-GN-A9SD-06,Metastasis,0.9848037362098694,True
1015,TCGA-DA-A95V-06,Metastasis,9,TCGA-D9-A3Z3-06,Metastasis,0.9839820265769958,True
869,GTEX-1313W-0626-SM-5EQ4H,Normal Tissue,0,GTEX-12WSJ-1126-SM-5LZVJ,Normal Tissue,0.9984832406044006,True
869,GTEX-1313W-0626-SM-5EQ4H,Normal Tissue,1,GTEX-Y5V6-2326-SM-4VDSA,Normal Tissue,0.9980270862579346,True
869,GTEX-1313W-0626-SM-5EQ4H,Normal Tissue,2,GTEX-1399S-0126-SM-5IJCF,Normal Tissue,0.9972334504127502,True
869,GTEX-1313W-0626-SM-5EQ4H,Normal Tissue,3,GTEX-ZVP2-0326-SM-57WBP,Normal Tissue,0.9971595406532288,True
869,GTEX-1313W-0626-SM-5EQ4H,Normal Tissue,4,GTEX-ZAJG-0126-SM-5HL94,Normal Tissue,0.9966273307800293,True
869,GTEX-1313W-0626-SM-5EQ4H,Normal Tissue,5,GTEX-W5X1-2526-SM-3GILC,Normal Tissue,0.9966011047363281,True
869,GTEX-1313W-0626-SM-5EQ4H,Normal Tissue,6,GTEX-147F4-0226-SM-5QGPW,Normal Tissue,0.9962947368621826,True
869,GTEX-1313W-0626-SM-5EQ4H,Normal Tissue,7,GTEX-13VXU-0626-SM-5L3F9,Normal Tissue,0.996228039264679,True
869,GTEX-1313W-0626-SM-5EQ4H,Normal Tissue,8,GTEX-133LE-2326-SM-5K7W3,Normal Tissue,0.9960521459579468,True
869,GTEX-1313W-0626-SM-5EQ4H,Normal Tissue,9,GTEX-ZLV1-1526-SM-4WWBC,Normal Tissue,0.9959086179733276,True
794,GTEX-146FR-1326-SM-5SIAJ,Normal Tissue,0,GTEX-XAJ8-1426-SM-47JYM,Normal Tissue,0.9976948499679565,True
794,GTEX-146FR-1326-SM-5SIAJ,Normal Tissue,1,GTEX-WZTO-0126-SM-3NM95,Normal Tissue,0.9972890019416809,True
794,GTEX-146FR-1326-SM-5SIAJ,Normal Tissue,2,GTEX-XPVG-2126-SM-4B667,Normal Tissue,0.9957388639450073,True
794,GTEX-146FR-1326-SM-5SIAJ,Normal Tissue,3,GTEX-139TU-0726-SM-5L3EK,Normal Tissue,0.9955846071243286,True
794,GTEX-146FR-1326-SM-5SIAJ,Normal Tissue,4,GTEX-12ZZY-0226-SM-5LZVE,Normal Tissue,0.9944143891334534,True
794,GTEX-146FR-1326-SM-5SIAJ,Normal Tissue,5,GTEX-WFON-1926-SM-3LK7L,Normal Tissue,0.9922780394554138,True
794,GTEX-146FR-1326-SM-5SIAJ,Normal Tissue,6,GTEX-XK95-0226-SM-4AT58,Normal Tissue,0.9899957180023193,True
794,GTEX-146FR-1326-SM-5SIAJ,Normal Tissue,7,GTEX-Z93S-1626-SM-5CVMB,Normal Tissue,0.9887341856956482,True
794,GTEX-146FR-1326-SM-5SIAJ,Normal Tissue,8,GTEX-T5JC-0426-SM-32PLO,Normal Tissue,0.9882888197898865,True
794,GTEX-146FR-1326-SM-5SIAJ,Normal Tissue,9,GTEX-XUW1-0926-SM-4BONX,Normal Tissue,0.9881370663642883,True
341,TCGA-EE-A29X-06,Metastasis,0,TCGA-EE-A2M6-06,Metastasis,0.9951608777046204,True
341,TCGA-EE-A29X-06,Metastasis,1,TCGA-DA-A1I0-06,Metastasis,0.9919915795326233,True
341,TCGA-EE-A29X-06,Metastasis,2,TCGA-EE-A2M8-06,Metastasis,0.9919291734695435,True
341,TCGA-EE-A29X-06,Metastasis,3,TCGA-EE-A20F-06,Metastasis,0.9876277446746826,True
341,TCGA-EE-A29X-06,Metastasis,4,TCGA-EE-A2A6-06,Metastasis,0.9872486591339111,True
341,TCGA-EE-A29X-06,Metastasis,5,TCGA-RP-A695-06,Metastasis,0.9870209693908691,True
341,TCGA-EE-A29X-06,Metastasis,6,TCGA-GN-A26C-01,Primary Tumor,0.9867996573448181,False
341,TCGA-EE-A29X-06,Metastasis,7,TCGA-FW-A3R5-06,Metastasis,0.9865142703056335,True
341,TCGA-EE-A29X-06,Metastasis,8,TCGA-ER-A19O-06,Metastasis,0.9862208962440491,True
341,TCGA-EE-A29X-06,Metastasis,9,TCGA-WE-AA9Y-06,Metastasis,0.9854263663291931,True
532,GTEX-W5X1-0008-SM-4LMKA,Normal Tissue,0,GTEX-QVJO-0008-SM-447AU,Normal Tissue,0.9977006912231445,True
532,GTEX-W5X1-0008-SM-4LMKA,Normal Tissue,1,GTEX-UJMC-0008-SM-4IHKK,Normal Tissue,0.9972345232963562,True
532,GTEX-W5X1-0008-SM-4LMKA,Normal Tissue,2,GTEX-WH7G-0008-SM-4LVNM,Normal Tissue,0.9970455765724182,True
532,GTEX-W5X1-0008-SM-4LMKA,Normal Tissue,3,GTEX-T5JW-0008-SM-4DM5X,Normal Tissue,0.9963259100914001,True
532,GTEX-W5X1-0008-SM-4LMKA,Normal Tissue,4,GTEX-WEY5-0008-SM-4LMKC,Normal Tissue,0.9957975745201111,True
532,GTEX-W5X1-0008-SM-4LMKA,Normal Tissue,5,GTEX-XBEW-0008-SM-4AT3Y,Normal Tissue,0.9953235387802124,True
532,GTEX-W5X1-0008-SM-4LMKA,Normal Tissue,6,GTEX-X3Y1-0008-SM-4PR12,Normal Tissue,0.9953072667121887,True
532,GTEX-W5X1-0008-SM-4LMKA,Normal Tissue,7,GTEX-R55D-0008-SM-48FEV,Normal Tissue,0.9952152371406555,True
532,GTEX-W5X1-0008-SM-4LMKA,Normal Tissue,8,GTEX-Z93S-0008-SM-4RGM5,Normal Tissue,0.9946611523628235,True
532,GTEX-W5X1-0008-SM-4LMKA,Normal Tissue,9,GTEX-X5EB-0008-SM-46MU3,Normal Tissue,0.9945107698440552,True
148,GTEX-ZVT2-0126-SM-5GIDQ,Normal Tissue,0,GTEX-13113-1926-SM-5LZWG,Normal Tissue,0.9981198310852051,True
148,GTEX-ZVT2-0126-SM-5GIDQ,Normal Tissue,1,GTEX-XUW1-0926-SM-4BONX,Normal Tissue,0.9973751306533813,True
148,GTEX-ZVT2-0126-SM-5GIDQ,Normal Tissue,2,GTEX-XQ8I-0926-SM-4BOOF,Normal Tissue,0.9973170161247253,True
148,GTEX-ZVT2-0126-SM-5GIDQ,Normal Tissue,3,GTEX-TML8-1926-SM-32QOS,Normal Tissue,0.9962638020515442,True
148,GTEX-ZVT2-0126-SM-5GIDQ,Normal Tissue,4,GTEX-11EQ9-2426-SM-5HL5T,Normal Tissue,0.9959682822227478,True
148,GTEX-ZVT2-0126-SM-5GIDQ,Normal Tissue,5,GTEX-XOTO-0726-SM-4B659,Normal Tissue,0.9956690073013306,True
148,GTEX-ZVT2-0126-SM-5GIDQ,Normal Tissue,6,GTEX-139T8-0626-SM-5KLZX,Normal Tissue,0.9950538277626038,True
148,GTEX-ZVT2-0126-SM-5GIDQ,Normal Tissue,7,GTEX-111CU-1926-SM-5GZYZ,Normal Tissue,0.9950512051582336,True
148,GTEX-ZVT2-0126-SM-5GIDQ,Normal Tissue,8,GTEX-ZF29-0926-SM-4WKFZ,Normal Tissue,0.9946905970573425,True
148,GTEX-ZVT2-0126-SM-5GIDQ,Normal Tissue,9,GTEX-Y3IK-1626-SM-4YCF5,Normal Tissue,0.9946226477622986,True
597,TCGA-DA-A1I0-06,Metastasis,0,TCGA-RP-A695-06,Metastasis,0.996408224105835,True
597,TCGA-DA-A1I0-06,Metastasis,1,TCGA-EE-A29X-06,Metastasis,0.9919915795326233,True
597,TCGA-DA-A1I0-06,Metastasis,2,TCGA-ER-A2NC-06,Metastasis,0.9897410273551941,True
597,TCGA-DA-A1I0-06,Metastasis,3,TCGA-FW-A3R5-06,Metastasis,0.9879820346832275,True
597,TCGA-DA-A1I0-06,Metastasis,4,TCGA-ER-A19O-06,Metastasis,0.9858721494674683,True
597,TCGA-DA-A1I0-06,Metastasis,5,TCGA-EB-A97M-01,Primary Tumor,0.9829372763633728,False
597,TCGA-DA-A1I0-06,Metastasis,6,TCGA-EE-A2M6-06,Metastasis,0.9796730279922485,True
597,TCGA-DA-A1I0-06,Metastasis,7,TCGA-XV-AB01-06,Metastasis,0.9789825677871704,True
597,TCGA-DA-A1I0-06,Metastasis,8,TCGA-DA-A1I2-06,Metastasis,0.978478193283081,True
597,TCGA-DA-A1I0-06,Metastasis,9,TCGA-EE-A2M8-06,Metastasis,0.9777433276176453,True
1090,GTEX-WCDI-0008-SM-47JYE,Normal Tissue,0,GTEX-OHPM-0008-SM-4E3IP,Normal Tissue,0.9960828423500061,True
1090,GTEX-WCDI-0008-SM-47JYE,Normal Tissue,1,GTEX-Z93S-0008-SM-4RGM5,Normal Tissue,0.9945802092552185,True
1090,GTEX-WCDI-0008-SM-47JYE,Normal Tissue,2,GTEX-XBEW-0008-SM-4AT3Y,Normal Tissue,0.9932011961936951,True
1090,GTEX-WCDI-0008-SM-47JYE,Normal Tissue,3,GTEX-R55D-0008-SM-48FEV,Normal Tissue,0.9931091070175171,True
1090,GTEX-WCDI-0008-SM-47JYE,Normal Tissue,4,GTEX-WWYW-0008-SM-4MVPF,Normal Tissue,0.993008017539978,True
1090,GTEX-WCDI-0008-SM-47JYE,Normal Tissue,5,GTEX-WH7G-0008-SM-4LVNM,Normal Tissue,0.9923466444015503,True
1090,GTEX-WCDI-0008-SM-47JYE,Normal Tissue,6,GTEX-R55F-0008-SM-48FE6,Normal Tissue,0.9923139810562134,True
1090,GTEX-WCDI-0008-SM-47JYE,Normal Tissue,7,GTEX-QVJO-0008-SM-447AU,Normal Tissue,0.9917243719100952,True
1090,GTEX-WCDI-0008-SM-47JYE,Normal Tissue,8,GTEX-Y8E4-0008-SM-4V6FW,Normal Tissue,0.991716742515564,True
1090,GTEX-WCDI-0008-SM-47JYE,Normal Tissue,9,GTEX-RVPU-0008-SM-3NM8B,Normal Tissue,0.9910194873809814,True
804,GTEX-QCQG-1726-SM-3GIJ9,Normal Tissue,0,GTEX-T6MO-1626-SM-32QOM,Normal Tissue,0.994796097278595,True
804,GTEX-QCQG-1726-SM-3GIJ9,Normal Tissue,1,GTEX-TML8-1926-SM-32QOS,Normal Tissue,0.9940129518508911,True
804,GTEX-QCQG-1726-SM-3GIJ9,Normal Tissue,2,GTEX-XQ8I-0926-SM-4BOOF,Normal Tissue,0.9933376312255859,True
804,GTEX-QCQG-1726-SM-3GIJ9,Normal Tissue,3,GTEX-T5JC-0426-SM-32PLO,Normal Tissue,0.993140459060669,True
804,GTEX-QCQG-1726-SM-3GIJ9,Normal Tissue,4,GTEX-Y5LM-1926-SM-5RQJH,Normal Tissue,0.9924768805503845,True
804,GTEX-QCQG-1726-SM-3GIJ9,Normal Tissue,5,GTEX-ZVT2-0126-SM-5GIDQ,Normal Tissue,0.988411009311676,True
804,GTEX-QCQG-1726-SM-3GIJ9,Normal Tissue,6,GTEX-TMZS-0126-SM-3DB9Q,Normal Tissue,0.9881720542907715,True
804,GTEX-QCQG-1726-SM-3GIJ9,Normal Tissue,7,GTEX-11EQ9-2426-SM-5HL5T,Normal Tissue,0.9876614212989807,True
804,GTEX-QCQG-1726-SM-3GIJ9,Normal Tissue,8,GTEX-13113-1926-SM-5LZWG,Normal Tissue,0.9874103665351868,True
804,GTEX-QCQG-1726-SM-3GIJ9,Normal Tissue,9,GTEX-145LS-0126-SM-5QGP1,Normal Tissue,0.9861747026443481,True
274,GTEX-WVJS-0008-SM-4MVPC,Normal Tissue,0,GTEX-Y8E4-0008-SM-4V6FW,Normal Tissue,0.997214674949646,True
274,GTEX-WVJS-0008-SM-4MVPC,Normal Tissue,1,GTEX-ZPIC-0008-SM-4E3JF,Normal Tissue,0.9968528747558594,True
274,GTEX-WVJS-0008-SM-4MVPC,Normal Tissue,2,GTEX-UJHI-0008-SM-4IHL1,Normal Tissue,0.9960005879402161,True
274,GTEX-WVJS-0008-SM-4MVPC,Normal Tissue,3,GTEX-XUW1-0008-SM-4BOQH,Normal Tissue,0.9939788579940796,True
274,GTEX-WVJS-0008-SM-4MVPC,Normal Tissue,4,GTEX-Y9LG-0008-SM-4VBRJ,Normal Tissue,0.9937145113945007,True
274,GTEX-WVJS-0008-SM-4MVPC,Normal Tissue,5,GTEX-RVPU-0008-SM-3NM8B,Normal Tissue,0.9932199716567993,True
274,GTEX-WVJS-0008-SM-4MVPC,Normal Tissue,6,GTEX-Z93S-0008-SM-4RGM5,Normal Tissue,0.9930371046066284,True
274,GTEX-WVJS-0008-SM-4MVPC,Normal Tissue,7,GTEX-OOBK-0008-SM-3NB27,Normal Tissue,0.9926696419715881,True
274,GTEX-WVJS-0008-SM-4MVPC,Normal Tissue,8,GTEX-WRHU-0008-SM-4MVPB,Normal Tissue,0.991905927658081,True
274,GTEX-WVJS-0008-SM-4MVPC,Normal Tissue,9,GTEX-WH7G-0008-SM-4LVNM,Normal Tissue,0.9915795922279358,True
607,GTEX-P4QS-0008-SM-48TDY,Normal Tissue,0,GTEX-X5EB-0008-SM-46MU3,Normal Tissue,0.9985043406486511,True
607,GTEX-P4QS-0008-SM-48TDY,Normal Tissue,1,GTEX-T5JW-0008-SM-4DM5X,Normal Tissue,0.9983980655670166,True
607,GTEX-P4QS-0008-SM-48TDY,Normal Tissue,2,GTEX-WHSE-0008-SM-4M1ZO,Normal Tissue,0.9973209500312805,True
607,GTEX-P4QS-0008-SM-48TDY,Normal Tissue,3,GTEX-WEY5-0008-SM-4LMKC,Normal Tissue,0.9971972703933716,True
607,GTEX-P4QS-0008-SM-48TDY,Normal Tissue,4,GTEX-11DXX-0008-SM-5Q5B8,Normal Tissue,0.9968546032905579,True
607,GTEX-P4QS-0008-SM-48TDY,Normal Tissue,5,GTEX-UJMC-0008-SM-4IHKK,Normal Tissue,0.9949666857719421,True
607,GTEX-P4QS-0008-SM-48TDY,Normal Tissue,6,GTEX-X3Y1-0008-SM-4PR12,Normal Tissue,0.9940842390060425,True
607,GTEX-P4QS-0008-SM-48TDY,Normal Tissue,7,GTEX-111VG-0008-SM-5Q5BG,Normal Tissue,0.9911618828773499,True
607,GTEX-P4QS-0008-SM-48TDY,Normal Tissue,8,GTEX-W5X1-0008-SM-4LMKA,Normal Tissue,0.9909189939498901,True
607,GTEX-P4QS-0008-SM-48TDY,Normal Tissue,9,GTEX-W5WG-0008-SM-4KL25,Normal Tissue,0.989258885383606,True
1190,TCGA-FS-A1ZZ-06,Metastasis,0,TCGA-ER-A2NG-06,Metastasis,0.98417067527771,True
1190,TCGA-FS-A1ZZ-06,Metastasis,1,TCGA-FS-A1ZQ-06,Metastasis,0.967054545879364,True
1190,TCGA-FS-A1ZZ-06,Metastasis,2,TCGA-ER-A197-06,Metastasis,0.963732123374939,True
1190,TCGA-FS-A1ZZ-06,Metastasis,3,TCGA-FS-A1ZA-06,Metastasis,0.9573929905891418,True
1190,TCGA-FS-A1ZZ-06,Metastasis,4,TCGA-EB-A3Y7-01,Primary Tumor,0.9478687047958374,False
1190,TCGA-FS-A1ZZ-06,Metastasis,5,GTEX-ZV7C-0926-SM-59HL1,Normal Tissue,0.9444748163223267,False
1190,TCGA-FS-A1ZZ-06,Metastasis,6,TCGA-ER-A19N-06,Metastasis,0.9282138347625732,True
1190,TCGA-FS-A1ZZ-06,Metastasis,7,TCGA-EE-A184-06,Metastasis,0.9240214824676514,True
1190,TCGA-FS-A1ZZ-06,Metastasis,8,TCGA-EE-A2MS-06,Metastasis,0.9060706496238708,True
1190,TCGA-FS-A1ZZ-06,Metastasis,9,TCGA-D3-A3CC-06,Metastasis,0.9036585092544556,True
372,GTEX-ZUA1-2626-SM-5NQ92,Normal Tissue,0,GTEX-13PVQ-0126-SM-5SIB4,Normal Tissue,0.9976207613945007,True
372,GTEX-ZUA1-2626-SM-5NQ92,Normal Tissue,1,GTEX-ZY6K-1826-SM-5GZXK,Normal Tissue,0.9954046010971069,True
372,GTEX-ZUA1-2626-SM-5NQ92,Normal Tissue,2,GTEX-11H98-0126-SM-5EGHG,Normal Tissue,0.9932081699371338,True
372,GTEX-ZUA1-2626-SM-5NQ92,Normal Tissue,3,GTEX-12BJ1-0926-SM-5EQ62,Normal Tissue,0.9919784665107727,True
372,GTEX-ZUA1-2626-SM-5NQ92,Normal Tissue,4,GTEX-12WSB-2926-SM-59HKL,Normal Tissue,0.9916006922721863,True
372,GTEX-ZUA1-2626-SM-5NQ92,Normal Tissue,5,GTEX-12WSB-0126-SM-59HJN,Normal Tissue,0.9913532733917236,True
372,GTEX-ZUA1-2626-SM-5NQ92,Normal Tissue,6,GTEX-ZTTD-2826-SM-4YCFA,Normal Tissue,0.9912458658218384,True
372,GTEX-ZUA1-2626-SM-5NQ92,Normal Tissue,7,GTEX-X62O-0126-SM-4E3JN,Normal Tissue,0.9909929633140564,True
372,GTEX-ZUA1-2626-SM-5NQ92,Normal Tissue,8,GTEX-11NUK-2726-SM-5A5MC,Normal Tissue,0.9906830191612244,True
372,GTEX-ZUA1-2626-SM-5NQ92,Normal Tissue,9,GTEX-11DZ1-0126-SM-5985Q,Normal Tissue,0.9904593825340271,True
161,TCGA-EE-A2GK-06,Metastasis,0,TCGA-EE-A2MS-06,Metastasis,0.9978678822517395,True
161,TCGA-EE-A2GK-06,Metastasis,1,TCGA-D3-A2JN-06,Metastasis,0.9878290295600891,True
161,TCGA-EE-A2GK-06,Metastasis,2,TCGA-WE-AA9Y-06,Metastasis,0.9854022860527039,True
161,TCGA-EE-A2GK-06,Metastasis,3,TCGA-EE-A2M8-06,Metastasis,0.983727216720581,True
161,TCGA-EE-A2GK-06,Metastasis,4,TCGA-EE-A20F-06,Metastasis,0.9807841181755066,True
161,TCGA-EE-A2GK-06,Metastasis,5,TCGA-EE-A2M6-06,Metastasis,0.9802131652832031,True
161,TCGA-EE-A2GK-06,Metastasis,6,TCGA-EE-A29X-06,Metastasis,0.9780663251876831,True
161,TCGA-EE-A2GK-06,Metastasis,7,TCGA-EE-A184-06,Metastasis,0.9770058393478394,True
161,TCGA-EE-A2GK-06,Metastasis,8,TCGA-ER-A19O-06,Metastasis,0.9768861532211304,True
161,TCGA-EE-A2GK-06,Metastasis,9,TCGA-D9-A148-06,Metastasis,0.9764618277549744,True
251,TCGA-ER-A42H-01,Primary Tumor,0,TCGA-YG-AA3P-06,Metastasis,0.9991123676300049,False
251,TCGA-ER-A42H-01,Primary Tumor,1,TCGA-D3-A51G-06,Metastasis,0.9980958104133606,False
251,TCGA-ER-A42H-01,Primary Tumor,2,TCGA-GN-A262-06,Metastasis,0.9979872107505798,False
251,TCGA-ER-A42H-01,Primary Tumor,3,TCGA-WE-A8ZM-06,Metastasis,0.9959824085235596,False
251,TCGA-ER-A42H-01,Primary Tumor,4,TCGA-D9-A6EG-06,Metastasis,0.993686318397522,False
251,TCGA-ER-A42H-01,Primary Tumor,5,TCGA-EE-A29B-06,Metastasis,0.9911308288574219,False
251,TCGA-ER-A42H-01,Primary Tumor,6,TCGA-D3-A3MV-06,Metastasis,0.9905245304107666,False
251,TCGA-ER-A42H-01,Primary Tumor,7,TCGA-IH-A3EA-01,Primary Tumor,0.9894556999206543,True
251,TCGA-ER-A42H-01,Primary Tumor,8,TCGA-FR-A3YO-06,Metastasis,0.9890351295471191,False
251,TCGA-ER-A42H-01,Primary Tumor,9,TCGA-D3-A8GK-06,Metastasis,0.9885551333427429,False
