idx,sample_id,y_true,y_pred,true_label,pred_label,confidence,correct,pseudotime
0,GTEX-ZF29-0926-SM-4WKFZ,2,2,Normal Tissue,Normal Tissue,0.9815734028816224,True,0.16529414
1,GTEX-TSE9-0126-SM-3DB83,2,2,Normal Tissue,Normal Tissue,0.9980796575546264,True,0.105360605
2,GTEX-12WSK-2326-SM-5GCOH,2,2,Normal Tissue,Normal Tissue,0.982394278049469,True,0.13408282
3,GTEX-P4PQ-0126-SM-2S1NM,2,2,Normal Tissue,Normal Tissue,0.9982290863990784,True,0.06510977
5,TCGA-EE-A29D-06,1,1,Metastasis,Metastasis,0.9392886757850648,True,0.8564454
6,TCGA-FS-A1ZA-06,1,1,Metastasis,Metastasis,0.6424977779388428,True,0.6763345
7,TCGA-EE-A17X-06,1,1,Metastasis,Metastasis,0.759365975856781,True,0.7840874
8,TCGA-FR-A8YD-06,1,1,Metastasis,Metastasis,0.8965343832969666,True,0.8108548
9,TCGA-FS-A1ZF-06,1,1,Metastasis,Metastasis,0.8235040903091431,True,0.9640925
10,GTEX-X585-0008-SM-46MU4,2,2,Normal Tissue,Normal Tissue,0.9972264170646667,True,0.5730697
11,TCGA-EB-A41A-01,0,0,Primary Tumor,Primary Tumor,0.883481502532959,True,0.6769086
12,TCGA-D3-A3ML-06,1,1,Metastasis,Metastasis,0.9152052998542786,True,0.8941716
13,TCGA-EE-A2MP-06,1,1,Metastasis,Metastasis,0.7504464983940125,True,0.80007416
14,TCGA-DA-A1I4-06,1,1,Metastasis,Metastasis,0.7182748317718506,True,0.8666528
15,GTEX-132NY-0326-SM-5IJBL,2,2,Normal Tissue,Normal Tissue,0.9897937774658204,True,0.1412508
16,GTEX-ZT9X-0008-SM-4YCD7,2,2,Normal Tissue,Normal Tissue,0.7696229815483093,True,0.6449664
17,TCGA-ER-A19S-06,1,1,Metastasis,Metastasis,0.9688394069671632,True,0.82683444
18,TCGA-EE-A3AB-06,1,1,Metastasis,Metastasis,0.7097386717796326,True,0.61851966
19,GTEX-11DXX-0008-SM-5Q5B8,2,2,Normal Tissue,Normal Tissue,0.993108868598938,True,0.61008185
20,GTEX-11O72-0626-SM-5PNYE,2,2,Normal Tissue,Normal Tissue,0.9314110279083252,True,0.11193335
21,GTEX-Y8LW-1526-SM-5IFHL,2,2,Normal Tissue,Normal Tissue,0.9853917956352234,True,0.11658816
22,TCGA-D3-A5GR-06,1,1,Metastasis,Metastasis,0.9770476818084716,True,0.80969924
23,GTEX-13PVR-2326-SM-5QGR1,2,2,Normal Tissue,Normal Tissue,0.9935903549194336,True,0.11046323
24,GTEX-T6MO-1626-SM-32QOM,2,2,Normal Tissue,Normal Tissue,0.9974343180656432,True,0.10837002
25,TCGA-W3-AA1R-06,1,1,Metastasis,Metastasis,0.9671750664711,True,0.8507575
26,GTEX-ZVZP-2426-SM-59HKJ,2,2,Normal Tissue,Normal Tissue,0.9798943400382996,True,0.096869245
27,TCGA-D3-A8GK-06,1,1,Metastasis,Metastasis,0.9238631129264832,True,0.8613444
28,GTEX-U4B1-1826-SM-4DXSU,2,2,Normal Tissue,Normal Tissue,0.9875213503837584,True,0.31147322
29,GTEX-ZVZO-0126-SM-5A5L9,2,2,Normal Tissue,Normal Tissue,0.9963381290435792,True,0.15004505
30,GTEX-13FTY-2126-SM-5IFFB,2,2,Normal Tissue,Normal Tissue,0.9731876254081726,True,0.12789947
32,GTEX-OXRP-0126-SM-3NB32,2,2,Normal Tissue,Normal Tissue,0.9875710010528564,True,0.13222016
33,GTEX-YFC4-0008-SM-4RGM3,2,2,Normal Tissue,Normal Tissue,0.9015808701515198,True,0.65144926
34,GTEX-13FH7-1126-SM-5K7UG,2,2,Normal Tissue,Normal Tissue,0.9359008073806764,True,0.26771522
35,GTEX-147GR-0526-SM-5S2MY,2,2,Normal Tissue,Normal Tissue,0.994742512702942,True,0.06685759
36,GTEX-Y8LW-1826-SM-5S2MV,2,2,Normal Tissue,Normal Tissue,0.9931828379631042,True,0.11696969
37,GTEX-O5YU-0008-SM-4E3I7,2,2,Normal Tissue,Normal Tissue,0.7297556400299072,True,0.72821814
38,GTEX-X8HC-0126-SM-4E3JW,2,2,Normal Tissue,Normal Tissue,0.9741738438606262,True,0.19053963
39,TCGA-D3-A51G-06,1,1,Metastasis,Metastasis,0.8966275453567505,True,0.9093738
40,TCGA-EE-A29M-06,1,1,Metastasis,Metastasis,0.9763150215148926,True,0.7576526
41,TCGA-BF-A5ER-01,0,0,Primary Tumor,Primary Tumor,0.8523361682891846,True,0.7501028
42,TCGA-D3-A8GD-06,1,1,Metastasis,Metastasis,0.986653745174408,True,0.7276878
43,TCGA-D3-A5GU-06,1,1,Metastasis,Metastasis,0.9410877823829652,True,0.93057865
44,GTEX-YEC4-2126-SM-5IFJH,2,2,Normal Tissue,Normal Tissue,0.9831140041351318,True,0.12385483
45,GTEX-SIU8-0126-SM-2XCDT,2,2,Normal Tissue,Normal Tissue,0.9867907166481018,True,0.18112175
46,GTEX-Y111-0126-SM-4SOIV,2,2,Normal Tissue,Normal Tissue,0.9934296011924744,True,0.08833706
47,GTEX-11GS4-0008-SM-5QGRA,2,2,Normal Tissue,Normal Tissue,0.9732267260551452,True,0.65857476
48,GTEX-YJ8O-2526-SM-5HL85,2,2,Normal Tissue,Normal Tissue,0.8780732750892639,True,0.095351286
49,GTEX-WI4N-1026-SM-3LK7N,2,2,Normal Tissue,Normal Tissue,0.9790183305740356,True,0.1982015
50,TCGA-D3-A3C8-06,1,1,Metastasis,Metastasis,0.4439341425895691,True,0.55047464
51,TCGA-FS-A4F2-06,1,1,Metastasis,Metastasis,0.7413737177848816,True,0.99741405
52,TCGA-EE-A29P-06,1,1,Metastasis,Metastasis,0.971891224384308,True,0.7526434
53,GTEX-QLQ7-1626-SM-2S1R8,2,2,Normal Tissue,Normal Tissue,0.9898410439491272,True,0.07960791
54,TCGA-EB-A44O-01,0,0,Primary Tumor,Primary Tumor,0.8093043565750122,True,0.59351265
56,TCGA-ER-A19T-01,0,0,Primary Tumor,Primary Tumor,0.7016427516937256,True,0.6927114
57,GTEX-11EQ8-0008-SM-5Q5DJ,2,2,Normal Tissue,Normal Tissue,0.849030077457428,True,0.70953536
58,GTEX-11GSO-2426-SM-5A5LY,2,2,Normal Tissue,Normal Tissue,0.9840646386146544,True,0.076847844
59,GTEX-OXRL-0126-SM-2YUMP,2,2,Normal Tissue,Normal Tissue,0.993818700313568,True,0.17969765
60,GTEX-XV7Q-0008-SM-4BRWL,2,2,Normal Tissue,Normal Tissue,0.9531062245368958,True,0.6671269
61,TCGA-ER-A19T-06,1,1,Metastasis,Metastasis,0.8852370381355286,True,0.94714504
62,GTEX-12WSB-0126-SM-59HJN,2,2,Normal Tissue,Normal Tissue,0.9208038449287416,True,0.19563064
63,GTEX-SNMC-0008-SM-4DM5A,2,2,Normal Tissue,Normal Tissue,0.8412265181541443,True,0.64795446
64,GTEX-QVJO-0008-SM-447AU,2,2,Normal Tissue,Normal Tissue,0.8987857103347778,True,0.6880119
65,GTEX-Y5V6-2426-SM-4VDSB,2,2,Normal Tissue,Normal Tissue,0.9822789430618286,True,0.04729559
66,GTEX-Z93S-0008-SM-4RGM5,2,2,Normal Tissue,Normal Tissue,0.8233230710029602,True,0.6898257
67,GTEX-13OVH-0126-SM-5MR4B,2,2,Normal Tissue,Normal Tissue,0.958994209766388,True,0.15495798
68,GTEX-XUW1-0926-SM-4BONX,2,2,Normal Tissue,Normal Tissue,0.9656133055686952,True,0.14820945
69,GTEX-14C5O-0126-SM-5SI6N,2,2,Normal Tissue,Normal Tissue,0.9750945568084716,True,0.13905998
70,GTEX-145MG-1526-SM-5Q5EM,2,2,Normal Tissue,Normal Tissue,0.885202944278717,True,0.106009826
71,GTEX-XLM4-0008-SM-4AT4W,2,2,Normal Tissue,Normal Tissue,0.7614931464195251,True,0.74107677
72,GTEX-WYVS-2126-SM-3NMA3,2,2,Normal Tissue,Normal Tissue,0.9529647827148438,True,0.05979262
73,GTEX-14753-0426-SM-5NQAM,2,2,Normal Tissue,Normal Tissue,0.9888606667518616,True,0.1018622
74,TCGA-D3-A3CE-06,1,1,Metastasis,Metastasis,0.8992915749549866,True,0.75692296
75,GTEX-13OW8-1026-SM-5J1NQ,2,2,Normal Tissue,Normal Tissue,0.9902217388153076,True,0.03738934
76,GTEX-113JC-2326-SM-5EQ4E,2,2,Normal Tissue,Normal Tissue,0.9572811722755432,True,0.14545274
77,GTEX-Z9EW-1626-SM-5CVMN,2,2,Normal Tissue,Normal Tissue,0.9906080961227416,True,0.07944788
78,GTEX-13X6K-0626-SM-5LU5D,2,2,Normal Tissue,Normal Tissue,0.9695109128952026,True,0.16367066
79,TCGA-ER-A19M-06,1,1,Metastasis,Metastasis,0.9471552968025208,True,0.8619928
80,GTEX-11OF3-0008-SM-5S2NH,2,2,Normal Tissue,Normal Tissue,0.9784577488899232,True,0.6784054
81,GTEX-ZPU1-1126-SM-4YCF3,2,2,Normal Tissue,Normal Tissue,0.9624906182289124,True,0.19389652
82,TCGA-EE-A3AF-06,1,1,Metastasis,Metastasis,0.8075889945030212,True,0.8431023
83,TCGA-EE-A29A-06,1,1,Metastasis,Metastasis,0.7224575877189636,True,0.9487143
84,TCGA-EE-A184-06,1,1,Metastasis,Metastasis,0.8296128511428833,True,0.67782545
85,TCGA-FS-A1YY-06,1,1,Metastasis,Metastasis,0.68709796667099,True,0.9419632
86,TCGA-EE-A3J4-06,1,1,Metastasis,Metastasis,0.826613187789917,True,0.9067781
88,TCGA-FS-A4F8-06,1,1,Metastasis,Metastasis,0.8304924368858337,True,0.6604793
89,GTEX-RN64-0008-SM-48FEZ,2,2,Normal Tissue,Normal Tissue,0.9585108757019044,True,0.69444203
90,TCGA-EB-A6QZ-01,0,0,Primary Tumor,Primary Tumor,0.915783703327179,True,0.6543284
91,TCGA-D3-A8GQ-06,1,1,Metastasis,Metastasis,0.8988354206085205,True,0.88431996
92,TCGA-RP-A694-06,1,1,Metastasis,Metastasis,0.9466511607170104,True,0.7702635
93,TCGA-FS-A1ZC-06,1,1,Metastasis,Metastasis,0.589709460735321,True,0.89528537
94,GTEX-QLQW-1126-SM-2S1Q8,2,2,Normal Tissue,Normal Tissue,0.935951054096222,True,0.008862014
95,TCGA-XV-AAZW-01,0,0,Primary Tumor,Primary Tumor,0.6872434616088867,True,0.46010962
96,GTEX-Y111-0626-SM-4SOIT,2,2,Normal Tissue,Normal Tissue,0.9947186708450316,True,0.14772247
97,GTEX-11UD1-0008-SM-5S2P6,2,2,Normal Tissue,Normal Tissue,0.9660462141036988,True,0.6847077
98,TCGA-FW-A3TU-06,1,1,Metastasis,Metastasis,0.9743379354476928,True,0.8519758
99,GTEX-P4PQ-0008-SM-48TDX,2,2,Normal Tissue,Normal Tissue,0.9970308542251588,True,0.6160442
100,GTEX-T5JW-0008-SM-4DM5X,2,2,Normal Tissue,Normal Tissue,0.9807854294776917,True,0.6518645
101,GTEX-13OVJ-0126-SM-5KM36,2,2,Normal Tissue,Normal Tissue,0.975807011127472,True,0.17076452
103,GTEX-PWCY-1826-SM-2S1OK,2,2,Normal Tissue,Normal Tissue,0.9991673231124878,True,0.0
105,GTEX-13OVI-2726-SM-5KM56,2,2,Normal Tissue,Normal Tissue,0.9231895208358764,True,0.4117745
106,GTEX-12696-0126-SM-5EQ4L,2,2,Normal Tissue,Normal Tissue,0.986423909664154,True,0.14840297
108,GTEX-132AR-0326-SM-5KM2C,2,2,Normal Tissue,Normal Tissue,0.991316556930542,True,0.16836137
109,TCGA-BF-AAP1-01,0,0,Primary Tumor,Primary Tumor,0.8013482689857483,True,0.7285203
110,GTEX-13OW5-0126-SM-5MR3A,2,2,Normal Tissue,Normal Tissue,0.8781553506851196,True,0.17033017
111,TCGA-YD-A9TB-06,1,1,Metastasis,Metastasis,0.9725965261459352,True,0.78830713
112,GTEX-P4QT-0008-SM-48TDZ,2,2,Normal Tissue,Normal Tissue,0.9281219840049744,True,0.6399992
113,TCGA-EE-A2MU-06,1,1,Metastasis,Metastasis,0.9585517048835754,True,0.685896
114,GTEX-13G51-1826-SM-5KLZH,2,2,Normal Tissue,Normal Tissue,0.9379208087921144,True,0.09952787
115,TCGA-ER-A3EV-06,1,1,Metastasis,Metastasis,0.8977444767951965,True,0.710582
116,GTEX-XQ8I-0008-SM-4WAWM,2,2,Normal Tissue,Normal Tissue,0.919260025024414,True,0.67940646
118,TCGA-YD-A89C-06,1,1,Metastasis,Metastasis,0.907201886177063,True,0.9617906
119,TCGA-EE-A2M5-06,1,1,Metastasis,Metastasis,0.523465633392334,True,0.64826524
120,TCGA-FS-A1Z4-06,1,1,Metastasis,Metastasis,0.9443178772926332,True,0.7782504
121,TCGA-RP-A695-06,1,1,Metastasis,Metastasis,0.9431375861167908,True,0.8069582
122,GTEX-XUZC-0008-SM-4BOQG,2,2,Normal Tissue,Normal Tissue,0.958587646484375,True,0.6259747
124,GTEX-131YS-2826-SM-5EQ47,2,2,Normal Tissue,Normal Tissue,0.9840421676635742,True,0.16244985
125,GTEX-11TUW-0626-SM-5LU9M,2,2,Normal Tissue,Normal Tissue,0.9960838556289672,True,0.06813015
126,TCGA-GN-A262-06,1,1,Metastasis,Metastasis,0.8782697916030884,True,0.91561145
127,TCGA-BF-AAP2-01,0,0,Primary Tumor,Primary Tumor,0.8086894750595093,True,0.53076863
128,GTEX-XUJ4-1826-SM-4BOOU,2,2,Normal Tissue,Normal Tissue,0.9931488633155824,True,0.13535278
129,TCGA-EE-A2MN-06,1,1,Metastasis,Metastasis,0.9621000289916992,True,0.7664189
130,GTEX-12WSJ-1126-SM-5LZVJ,2,2,Normal Tissue,Normal Tissue,0.9874572157859802,True,0.2183223
131,TCGA-FS-A1ZT-06,1,1,Metastasis,Metastasis,0.9638618230819702,True,0.7388624
132,GTEX-13SLX-0526-SM-5S2ON,2,2,Normal Tissue,Normal Tissue,0.9878271222114564,True,0.09740147
133,TCGA-EB-A5SE-01,0,0,Primary Tumor,Primary Tumor,0.8346560597419739,True,0.5837824
134,GTEX-13X6J-0126-SM-5QGOU,2,2,Normal Tissue,Normal Tissue,0.9958655834197998,True,0.08341987
135,GTEX-XMD1-0008-SM-4AT41,2,2,Normal Tissue,Normal Tissue,0.8816103339195251,True,0.7030776
136,GTEX-WVLH-0008-SM-4MVPD,2,2,Normal Tissue,Normal Tissue,0.4730375111103058,True,0.6849273
137,TCGA-EB-A5VV-06,1,1,Metastasis,Metastasis,0.9065132737159728,True,0.6989444
138,GTEX-YB5K-0008-SM-4VDT8,2,2,Normal Tissue,Normal Tissue,0.8876289129257202,True,0.6922252
139,GTEX-13O1R-0126-SM-5L3EH,2,2,Normal Tissue,Normal Tissue,0.9886276125907898,True,0.15682377
140,GTEX-139YR-1026-SM-5LZYN,2,2,Normal Tissue,Normal Tissue,0.9930104613304138,True,0.13383318
141,GTEX-11EQ8-0126-SM-5EQ54,2,2,Normal Tissue,Normal Tissue,0.9608703851699828,True,0.44588983
142,GTEX-1212Z-0126-SM-59HK4,2,2,Normal Tissue,Normal Tissue,0.9571014046669006,True,0.098522365
143,GTEX-ZZ64-1026-SM-5GZXG,2,2,Normal Tissue,Normal Tissue,0.9043349027633668,True,0.1767961
144,GTEX-13X6J-0626-SM-5LU5F,2,2,Normal Tissue,Normal Tissue,0.9705697298049928,True,0.17247032
145,GTEX-ZVTK-0226-SM-51MRG,2,2,Normal Tissue,Normal Tissue,0.8982932567596436,True,0.29084983
146,GTEX-PLZ4-0008-SM-48TE6,2,2,Normal Tissue,Normal Tissue,0.998085618019104,True,0.60818297
147,GTEX-WYJK-0526-SM-3NM8Z,2,2,Normal Tissue,Normal Tissue,0.8479567766189575,True,0.16500236
148,GTEX-ZVT2-0126-SM-5GIDQ,2,2,Normal Tissue,Normal Tissue,0.9543913006782532,True,0.17986529
149,GTEX-WXYG-2326-SM-4E3I6,2,2,Normal Tissue,Normal Tissue,0.9862594604492188,True,0.18059821
151,GTEX-ZQG8-1626-SM-5HL6H,2,2,Normal Tissue,Normal Tissue,0.855060338973999,True,0.07616911
152,TCGA-D3-A2J7-06,1,1,Metastasis,Metastasis,0.9654558300971984,True,0.7489913
153,GTEX-YEC4-0008-SM-4W1YR,2,2,Normal Tissue,Normal Tissue,0.6436174511909485,True,0.7032254
154,GTEX-XK95-0008-SM-4AT5G,2,2,Normal Tissue,Normal Tissue,0.9924553632736206,True,0.5735548
155,GTEX-ZTTD-2826-SM-4YCFA,2,2,Normal Tissue,Normal Tissue,0.9396443367004396,True,0.18846297
156,GTEX-11O72-0008-SM-5Q5DN,2,2,Normal Tissue,Normal Tissue,0.7953794598579407,True,0.71538776
157,TCGA-DA-A1I5-06,1,1,Metastasis,Metastasis,0.8845244646072388,True,0.61489266
158,TCGA-EB-A5KH-06,1,1,Metastasis,Metastasis,0.8464975357055664,True,0.7557027
159,GTEX-QV44-1926-SM-2S1RF,2,2,Normal Tissue,Normal Tissue,0.9932119846343994,True,0.096187636
160,GTEX-XUW1-0008-SM-4BOQH,2,2,Normal Tissue,Normal Tissue,0.909902811050415,True,0.6523218
161,TCGA-EE-A2GK-06,1,1,Metastasis,Metastasis,0.8996057510375977,True,0.7204101
162,GTEX-13NZ8-0826-SM-5MR3I,2,2,Normal Tissue,Normal Tissue,0.983500838279724,True,0.19742288
163,GTEX-WQUQ-0426-SM-3MJFU,2,2,Normal Tissue,Normal Tissue,0.9770402908325196,True,0.102924585
164,GTEX-RUSQ-1526-SM-2TF62,2,2,Normal Tissue,Normal Tissue,0.9949172735214232,True,0.17768788
166,GTEX-WQUQ-0008-SM-4OOT1,2,2,Normal Tissue,Normal Tissue,0.9181696176528932,True,0.6752524
167,TCGA-FR-A3YO-06,1,1,Metastasis,Metastasis,0.906990647315979,True,0.8587439
168,GTEX-ZEX8-0008-SM-4E3JU,2,2,Normal Tissue,Normal Tissue,0.9602971076965332,True,0.64301056
169,GTEX-14C38-0726-SM-5SI6M,2,2,Normal Tissue,Normal Tissue,0.9486205577850342,True,0.25930196
172,GTEX-ZDTS-0126-SM-4WAY5,2,2,Normal Tissue,Normal Tissue,0.9953253269195556,True,0.0455221
173,GTEX-1399U-0008-SM-5S2VE,2,2,Normal Tissue,Normal Tissue,0.8156944513320923,True,0.73729146
174,TCGA-EE-A2GO-06,1,1,Metastasis,Metastasis,0.5061368346214294,True,0.9172901
175,TCGA-W3-AA1W-06,1,1,Metastasis,Metastasis,0.979700803756714,True,0.8205323
176,GTEX-Y9LG-1126-SM-4VBQ7,2,2,Normal Tissue,Normal Tissue,0.9871742725372314,True,0.1414275
177,TCGA-EB-A24C-01,0,0,Primary Tumor,Primary Tumor,0.726145327091217,True,0.5157356
178,GTEX-X638-0126-SM-47JZ8,2,2,Normal Tissue,Normal Tissue,0.9656621813774108,True,0.1705524
179,GTEX-13N11-2326-SM-5IJBF,2,2,Normal Tissue,Normal Tissue,0.9694141149520874,True,0.10150173
180,GTEX-147F3-0526-SM-5SI98,2,2,Normal Tissue,Normal Tissue,0.8963510394096375,True,0.07276692
181,TCGA-EB-A3XB-01,0,0,Primary Tumor,Primary Tumor,0.7347915768623352,True,0.6332949
183,TCGA-FS-A1ZD-06,1,1,Metastasis,Metastasis,0.8756551146507263,True,0.8659229
184,GTEX-11EQ9-1626-SM-5PNY8,2,2,Normal Tissue,Normal Tissue,0.8451497554779053,True,0.15222244
185,TCGA-D3-A2JF-06,1,1,Metastasis,Metastasis,0.9277397394180298,True,0.6979487
187,TCGA-WE-A8ZX-06,1,1,Metastasis,Metastasis,0.9646806120872498,True,0.81932086
188,TCGA-EE-A2MJ-06,1,1,Metastasis,Metastasis,0.8697632551193237,True,0.6909633
189,GTEX-T5JC-0426-SM-32PLO,2,2,Normal Tissue,Normal Tissue,0.9957494735717772,True,0.041391402
191,GTEX-X4EP-0126-SM-3P5YV,2,2,Normal Tissue,Normal Tissue,0.8935655355453491,True,0.13509122
192,TCGA-EB-A44Q-06,1,1,Metastasis,Metastasis,0.9715213775634766,True,0.8751321
193,GTEX-111YS-0008-SM-5Q5BH,2,2,Normal Tissue,Normal Tissue,0.7550090551376343,True,0.74859595
194,GTEX-ZVZP-1226-SM-5GID7,2,2,Normal Tissue,Normal Tissue,0.9853535890579224,True,0.1282546
195,TCGA-EE-A2MS-06,1,1,Metastasis,Metastasis,0.8740952014923096,True,0.6955531
196,GTEX-XBED-2226-SM-47JYQ,2,2,Normal Tissue,Normal Tissue,0.985352098941803,True,0.078977525
197,GTEX-PLZ6-0008-SM-48TD5,2,2,Normal Tissue,Normal Tissue,0.9044857621192932,True,0.6919342
198,GTEX-ZEX8-2426-SM-4WKG4,2,2,Normal Tissue,Normal Tissue,0.964518427848816,True,0.13885589
199,TCGA-D3-A1Q7-06,1,1,Metastasis,Metastasis,0.9493985176086426,True,0.88068724
200,TCGA-GF-A3OT-06,1,1,Metastasis,Metastasis,0.8352066874504089,True,0.84958404
201,TCGA-ER-A19G-06,1,1,Metastasis,Metastasis,0.9820889234542848,True,0.78993064
202,TCGA-EB-A3Y6-01,0,0,Primary Tumor,Primary Tumor,0.7142086029052734,True,0.635632
203,TCGA-WE-A8ZO-06,1,1,Metastasis,Metastasis,0.960047483444214,True,0.87654
204,GTEX-WH7G-0008-SM-4LVNM,2,2,Normal Tissue,Normal Tissue,0.8730545043945312,True,0.6831334
206,GTEX-13FLV-0126-SM-5K7WT,2,2,Normal Tissue,Normal Tissue,0.966926097869873,True,0.10387392
207,TCGA-DA-A95X-06,1,1,Metastasis,Metastasis,0.9595703482627868,True,0.8936682
208,GTEX-OHPK-0008-SM-4E3JL,2,2,Normal Tissue,Normal Tissue,0.4562101066112518,True,0.77736115
209,GTEX-ZVZQ-0326-SM-59HLL,2,2,Normal Tissue,Normal Tissue,0.85272216796875,True,0.6078588
210,GTEX-RU72-0926-SM-2TF6B,2,2,Normal Tissue,Normal Tissue,0.9969562292099,True,0.08706148
211,GTEX-1122O-0008-SM-5QGR2,2,2,Normal Tissue,Normal Tissue,0.995784342288971,True,0.6313948
212,GTEX-OXRK-0226-SM-2YUN1,2,2,Normal Tissue,Normal Tissue,0.9910469651222228,True,0.15068108
213,GTEX-U8XE-0326-SM-3DB8P,2,2,Normal Tissue,Normal Tissue,0.9875827431678772,True,0.11753645
214,GTEX-OXRN-0126-SM-48TDM,2,2,Normal Tissue,Normal Tissue,0.983570158481598,True,0.119841754
215,GTEX-QEG4-0008-SM-48TYZ,2,2,Normal Tissue,Normal Tissue,0.9174195528030396,True,0.6622143
216,GTEX-ZGAY-0526-SM-4WWBB,2,2,Normal Tissue,Normal Tissue,0.9583265781402588,True,0.1550967
217,GTEX-QDT8-0008-SM-48U2F,2,2,Normal Tissue,Normal Tissue,0.9675034284591676,True,0.6338737
218,GTEX-13CF3-2426-SM-5IFGX,2,2,Normal Tissue,Normal Tissue,0.986041247844696,True,0.12825155
219,TCGA-D3-A3C7-06,1,1,Metastasis,Metastasis,0.947709619998932,True,0.83323497
220,GTEX-X88G-0008-SM-47JWN,2,2,Normal Tissue,Normal Tissue,0.6614454388618469,True,0.71224946
221,GTEX-12126-0008-SM-5S2UC,2,2,Normal Tissue,Normal Tissue,0.8747401237487793,True,0.69991815
222,TCGA-ER-A19D-06,1,1,Metastasis,Metastasis,0.6239750981330872,True,0.6864202
223,TCGA-DA-A1HY-06,1,1,Metastasis,Metastasis,0.8889039754867554,True,0.80552614
224,GTEX-P4QR-0008-SM-48TE2,2,2,Normal Tissue,Normal Tissue,0.9491173028945924,True,0.61775094
225,GTEX-13S7M-0126-SM-5SI6A,2,2,Normal Tissue,Normal Tissue,0.9867714047431946,True,0.12568226
226,TCGA-W3-AA21-06,1,1,Metastasis,Metastasis,0.9591880440711976,True,0.83727294
227,GTEX-ZYFG-2326-SM-5E44B,2,2,Normal Tissue,Normal Tissue,0.9718376398086548,True,0.19853963
228,GTEX-11DXY-0126-SM-5H11Q,2,2,Normal Tissue,Normal Tissue,0.9868760108947754,True,0.12960555
229,GTEX-ZY6K-1426-SM-5GZX2,2,2,Normal Tissue,Normal Tissue,0.8962652683258057,True,0.279849
230,GTEX-11EMC-0008-SM-5Q5DR,2,2,Normal Tissue,Normal Tissue,0.9904462099075316,True,0.6101906
231,GTEX-12WS9-0326-SM-59HJV,2,2,Normal Tissue,Normal Tissue,0.996467113494873,True,0.12422981
232,GTEX-111VG-0008-SM-5Q5BG,2,2,Normal Tissue,Normal Tissue,0.9879702925682068,True,0.5855678
233,GTEX-XAJ8-1426-SM-47JYM,2,2,Normal Tissue,Normal Tissue,0.9569490551948548,True,0.031097105
234,GTEX-X5EB-0008-SM-46MU3,2,2,Normal Tissue,Normal Tissue,0.975265085697174,True,0.6440378
235,TCGA-ER-A19K-01,0,0,Primary Tumor,Primary Tumor,0.6555933952331543,True,0.5281783
236,TCGA-EE-A2MI-06,1,1,Metastasis,Metastasis,0.7522914409637451,True,0.8315838
237,TCGA-GN-A267-06,1,1,Metastasis,Metastasis,0.8400963544845581,True,0.79003793
238,GTEX-YB5E-0008-SM-4VDT7,2,2,Normal Tissue,Normal Tissue,0.7800371050834656,True,0.7019233
239,GTEX-UPJH-0226-SM-3GADV,2,2,Normal Tissue,Normal Tissue,0.9919427633285522,True,0.028398253
240,GTEX-ZVT3-0008-SM-51MRI,2,2,Normal Tissue,Normal Tissue,0.6329086422920227,True,0.66074365
241,GTEX-XUJ4-0008-SM-4BOQI,2,2,Normal Tissue,Normal Tissue,0.97126567363739,True,0.6507184
242,GTEX-Z93S-1626-SM-5CVMB,2,2,Normal Tissue,Normal Tissue,0.9644610285758972,True,0.08835979
244,GTEX-YJ8A-0426-SM-5IFID,2,2,Normal Tissue,Normal Tissue,0.9969236254692078,True,0.099970125
245,TCGA-WE-AAA4-06,1,1,Metastasis,Metastasis,0.9076287150382996,True,0.7387917
246,TCGA-DA-A1IA-06,1,1,Metastasis,Metastasis,0.7862144708633423,True,0.9129572
247,GTEX-13X6I-1826-SM-5SIAO,2,2,Normal Tissue,Normal Tissue,0.9685758948326112,True,0.12995157
248,GTEX-11EI6-2826-SM-5H11D,2,2,Normal Tissue,Normal Tissue,0.941950261592865,True,0.052930027
249,GTEX-11WQC-1826-SM-5GU59,2,2,Normal Tissue,Normal Tissue,0.9855915307998656,True,0.109697506
250,GTEX-R55F-0126-SM-48FCK,2,2,Normal Tissue,Normal Tissue,0.983151912689209,True,0.18607615
252,TCGA-BF-AAP0-06,1,1,Metastasis,Metastasis,0.9754157066345216,True,0.8770679
253,TCGA-ER-A3PL-06,1,1,Metastasis,Metastasis,0.9486200213432312,True,0.8532472
254,GTEX-11DXY-0008-SM-5QGR4,2,2,Normal Tissue,Normal Tissue,0.9616088271141052,True,0.6677473
255,GTEX-OIZH-0126-SM-2HMIS,2,2,Normal Tissue,Normal Tissue,0.9597871899604796,True,0.14762275
256,GTEX-11XUK-0008-SM-5S2WD,2,2,Normal Tissue,Normal Tissue,0.948340117931366,True,0.6847939
257,GTEX-WZTO-0008-SM-4PQZZ,2,2,Normal Tissue,Normal Tissue,0.8726558685302734,True,0.7055898
258,GTEX-146FQ-2126-SM-5RQHU,2,2,Normal Tissue,Normal Tissue,0.9909403324127196,True,0.07552823
259,GTEX-X4EP-0008-SM-4PQYO,2,2,Normal Tissue,Normal Tissue,0.9509596228599548,True,0.6562487
260,TCGA-FR-A3YN-06,1,1,Metastasis,Metastasis,0.9684929251670836,True,0.8174858
261,GTEX-W5WG-0008-SM-4KL25,2,2,Normal Tissue,Normal Tissue,0.986856997013092,True,0.5993665
263,TCGA-D3-A51T-06,1,1,Metastasis,Metastasis,0.9774489998817444,True,0.7345103
264,GTEX-WFJO-0008-SM-4LVN7,2,2,Normal Tissue,Normal Tissue,0.997796893119812,True,0.5461165
266,GTEX-1399R-2726-SM-5IJBA,2,2,Normal Tissue,Normal Tissue,0.9395015239715576,True,0.17416587
267,TCGA-FW-A3R5-06,1,1,Metastasis,Metastasis,0.9521380066871644,True,0.8338716
268,TCGA-FS-A1ZJ-06,1,1,Metastasis,Metastasis,0.7355422377586365,True,0.77841526
269,TCGA-BF-AAOX-01,0,0,Primary Tumor,Primary Tumor,0.8200393319129944,True,0.5347373
270,TCGA-FR-A7U9-06,1,1,Metastasis,Metastasis,0.9650483131408693,True,0.8597526
271,GTEX-131XH-2226-SM-5DUXJ,2,2,Normal Tissue,Normal Tissue,0.9783745408058168,True,0.11281035
272,GTEX-Y8E4-0008-SM-4V6FW,2,2,Normal Tissue,Normal Tissue,0.8292853832244873,True,0.7023584
273,GTEX-TML8-0008-SM-4DXUI,2,2,Normal Tissue,Normal Tissue,0.8669281005859375,True,0.6543332
274,GTEX-WVJS-0008-SM-4MVPC,2,2,Normal Tissue,Normal Tissue,0.7773584723472595,True,0.69852
275,TCGA-D3-A1Q3-06,1,1,Metastasis,Metastasis,0.9668455123901368,True,0.77264386
276,GTEX-X585-2426-SM-46MW2,2,2,Normal Tissue,Normal Tissue,0.9243910312652588,True,0.2644546
277,GTEX-Y8E5-0008-SM-57WBA,2,2,Normal Tissue,Normal Tissue,0.737371563911438,True,0.73930544
278,TCGA-W3-AA1Q-06,1,1,Metastasis,Metastasis,0.9484751224517822,True,0.8236201
279,TCGA-D9-A1JW-06,1,1,Metastasis,Metastasis,0.9320456981658936,True,0.7143488
280,TCGA-GN-A268-06,1,1,Metastasis,Metastasis,0.880828320980072,True,0.88422155
281,TCGA-GN-A4U7-06,1,1,Metastasis,Metastasis,0.6455841660499573,True,0.73126376
282,GTEX-T2YK-0008-SM-4DM6M,2,2,Normal Tissue,Normal Tissue,0.9688173532485962,True,0.60970104
283,TCGA-EE-A3J8-06,1,1,Metastasis,Metastasis,0.8062284588813782,True,0.8555614
284,GTEX-WHPG-2626-SM-3NMBR,2,2,Normal Tissue,Normal Tissue,0.9348824620246888,True,0.09892634
285,GTEX-ZPU1-0008-SM-4E3IR,2,2,Normal Tissue,Normal Tissue,0.9774183630943298,True,0.5904841
286,TCGA-GN-A4U4-06,1,1,Metastasis,Metastasis,0.7695721983909607,True,0.77144915
287,TCGA-D3-A2JD-06,1,1,Metastasis,Metastasis,0.9640676379203796,True,0.79440624
288,TCGA-WE-A8JZ-06,1,1,Metastasis,Metastasis,0.9035536050796508,True,0.8574133
289,GTEX-ZTPG-0326-SM-5O9AX,2,2,Normal Tissue,Normal Tissue,0.9782922863960266,True,0.21923502
291,GTEX-Y3IK-1626-SM-4YCF5,2,2,Normal Tissue,Normal Tissue,0.9894961714744568,True,0.15097436
292,TCGA-Z2-AA3S-06,1,1,Metastasis,Metastasis,0.9518864750862122,True,0.89720535
293,TCGA-BF-A5EO-01,0,0,Primary Tumor,Primary Tumor,0.4971727430820465,True,0.5033977
294,GTEX-145MH-2826-SM-5RQJF,2,2,Normal Tissue,Normal Tissue,0.984655261039734,True,0.1639955
295,GTEX-R53T-0008-SM-48FEW,2,2,Normal Tissue,Normal Tissue,0.8868532180786133,True,0.7460549
299,GTEX-UJMC-0008-SM-4IHKK,2,2,Normal Tissue,Normal Tissue,0.96459299325943,True,0.65353656
300,GTEX-ZT9X-1526-SM-5DUXD,2,2,Normal Tissue,Normal Tissue,0.9741907119750975,True,0.14637187
301,GTEX-PWN1-0126-SM-2I3FK,2,2,Normal Tissue,Normal Tissue,0.9723337292671204,True,0.11655337
302,GTEX-Y3IK-2426-SM-4WWDU,2,2,Normal Tissue,Normal Tissue,0.9565184116363524,True,0.2075664
303,TCGA-D3-A3MR-06,1,1,Metastasis,Metastasis,0.9829592704772948,True,0.76934004
304,TCGA-FS-A4F0-06,1,1,Metastasis,Metastasis,0.8004232048988342,True,0.9032652
305,GTEX-OXRO-0126-SM-2YUN4,2,2,Normal Tissue,Normal Tissue,0.9818105697631836,True,0.20622906
306,GTEX-U3ZG-0008-SM-47JWL,2,2,Normal Tissue,Normal Tissue,0.9621505737304688,True,0.64051616
307,GTEX-WYBS-0626-SM-3NMAS,2,2,Normal Tissue,Normal Tissue,0.9718174934387208,True,0.1560335
308,GTEX-N7MS-0008-SM-4E3JI,2,2,Normal Tissue,Normal Tissue,0.6248726844787598,True,0.7576202
309,TCGA-D3-A3MV-06,1,1,Metastasis,Metastasis,0.8650506138801575,True,0.9542067
310,TCGA-XV-AB01-06,1,1,Metastasis,Metastasis,0.9607794880867004,True,0.7065174
311,TCGA-EE-A2A2-06,1,1,Metastasis,Metastasis,0.9370048642158508,True,0.75782466
312,TCGA-ER-A3ET-06,1,1,Metastasis,Metastasis,0.905463933944702,True,0.823581
313,GTEX-12BJ1-0926-SM-5EQ62,2,2,Normal Tissue,Normal Tissue,0.9830989241600036,True,0.20663655
314,TCGA-D3-A8GC-06,1,1,Metastasis,Metastasis,0.9662023186683656,True,0.8355482
315,GTEX-WFG7-0008-SM-4LMKB,2,2,Normal Tissue,Normal Tissue,0.9938232898712158,True,0.5500509
316,TCGA-FS-A4F5-06,1,1,Metastasis,Metastasis,0.8922619819641113,True,0.909564
317,GTEX-R55D-0008-SM-48FEV,2,2,Normal Tissue,Normal Tissue,0.8113805055618286,True,0.7377105
318,TCGA-WE-AAA3-06,1,1,Metastasis,Metastasis,0.9404511451721193,True,0.879176
319,GTEX-Q2AH-0008-SM-48U2J,2,2,Normal Tissue,Normal Tissue,0.918266534805298,True,0.65687054
320,TCGA-D9-A149-06,1,1,Metastasis,Metastasis,0.9205409288406372,True,0.78692454
321,GTEX-Y8DK-0008-SM-4RGM2,2,2,Normal Tissue,Normal Tissue,0.9900818467140198,True,0.6065632
322,GTEX-1192W-0008-SM-5QGRE,2,2,Normal Tissue,Normal Tissue,0.9699357748031616,True,0.62507373
323,GTEX-P4PP-0008-SM-48TDV,2,2,Normal Tissue,Normal Tissue,0.9571520686149596,True,0.63038987
324,GTEX-11NUK-0126-SM-5A5L3,2,2,Normal Tissue,Normal Tissue,0.9465128183364868,True,0.17733435
325,GTEX-RNOR-0126-SM-2TF57,2,2,Normal Tissue,Normal Tissue,0.9935278296470642,True,0.13157965
327,TCGA-GN-A4U8-06,1,1,Metastasis,Metastasis,0.9732698798179626,True,0.7141549
328,GTEX-QEL4-0008-SM-447AZ,2,2,Normal Tissue,Normal Tissue,0.9089950323104858,True,0.6925609
329,GTEX-OIZI-0008-SM-2XCFD,2,2,Normal Tissue,Normal Tissue,0.8559897541999817,True,0.70437115
330,GTEX-VJYA-1526-SM-3GIJV,2,2,Normal Tissue,Normal Tissue,0.9989066123962402,True,0.04783375
331,TCGA-XV-A9W5-01,0,0,Primary Tumor,Primary Tumor,0.673407256603241,True,0.5531537
334,TCGA-EE-A2GJ-06,1,1,Metastasis,Metastasis,0.9316297769546508,True,0.8481643
335,GTEX-U8T8-0008-SM-4DXSP,2,2,Normal Tissue,Normal Tissue,0.8325356841087341,True,0.6948222
336,GTEX-ZYY3-2926-SM-5GIEB,2,2,Normal Tissue,Normal Tissue,0.989916741847992,True,0.12964346
337,GTEX-12WSN-2326-SM-5DUVG,2,2,Normal Tissue,Normal Tissue,0.994063675403595,True,0.10847007
338,GTEX-139D8-1126-SM-5LU8W,2,2,Normal Tissue,Normal Tissue,0.9803774952888488,True,0.16907904
339,GTEX-PLZ5-2026-SM-2S1O4,2,2,Normal Tissue,Normal Tissue,0.9981687068939208,True,0.063125
340,GTEX-12WSL-2526-SM-5GCNJ,2,2,Normal Tissue,Normal Tissue,0.9768791794776917,True,0.14114347
341,TCGA-EE-A29X-06,1,1,Metastasis,Metastasis,0.9474766850471495,True,0.76282644
342,GTEX-13FHO-0426-SM-5L3F5,2,2,Normal Tissue,Normal Tissue,0.9882373213768004,True,0.16451603
343,GTEX-11DYG-0008-SM-5QGR5,2,2,Normal Tissue,Normal Tissue,0.7718833684921265,True,0.6997143
345,GTEX-13JUV-2026-SM-5K7UA,2,2,Normal Tissue,Normal Tissue,0.9967273473739624,True,0.10795894
346,GTEX-1313W-0126-SM-5LZUN,2,2,Normal Tissue,Normal Tissue,0.9384816884994508,True,0.20403008
347,TCGA-ER-A2ND-06,1,1,Metastasis,Metastasis,0.8672703504562378,True,0.9335795
348,TCGA-D3-A1Q9-06,1,1,Metastasis,Metastasis,0.8742178678512573,True,0.7420386
349,TCGA-FS-A4FD-06,1,1,Metastasis,Metastasis,0.8997460603713989,True,0.877847
350,TCGA-D3-A3C6-06,1,1,Metastasis,Metastasis,0.851270854473114,True,0.9277908
351,GTEX-ZZPT-0226-SM-5E43X,2,2,Normal Tissue,Normal Tissue,0.9793119430541992,True,0.17634754
352,GTEX-ZVZP-0008-SM-51MSX,2,2,Normal Tissue,Normal Tissue,0.5087645053863525,True,0.715183
353,GTEX-ZP4G-2426-SM-57WEY,2,2,Normal Tissue,Normal Tissue,0.9478764533996582,True,0.17706524
354,TCGA-EB-A5SG-06,1,1,Metastasis,Metastasis,0.9829077124595642,True,0.7627964
355,GTEX-WRHK-0008-SM-4MVPA,2,2,Normal Tissue,Normal Tissue,0.7627735137939453,True,0.69456273
356,GTEX-13PDP-0726-SM-5L3HP,2,2,Normal Tissue,Normal Tissue,0.9816250205039978,True,0.14483319
357,GTEX-Y5LM-1926-SM-5RQJH,2,2,Normal Tissue,Normal Tissue,0.9948410391807556,True,0.1301209
358,TCGA-BF-A9VF-01,0,0,Primary Tumor,Primary Tumor,0.8882311582565308,True,0.5908755
359,TCGA-EE-A3J5-06,1,1,Metastasis,Metastasis,0.960318088531494,True,0.77475464
360,TCGA-GN-A4U9-06,1,1,Metastasis,Metastasis,0.920412302017212,True,1.0
361,GTEX-XAJ8-0826-SM-47JY6,2,2,Normal Tissue,Normal Tissue,0.980361819267273,True,0.11509827
362,GTEX-13U4I-2226-SM-5LU5H,2,2,Normal Tissue,Normal Tissue,0.9862425327301024,True,0.13995416
363,GTEX-S7PM-0126-SM-4AD6S,2,2,Normal Tissue,Normal Tissue,0.984310507774353,True,0.10916034
364,GTEX-1128S-2326-SM-5GZZY,2,2,Normal Tissue,Normal Tissue,0.9539406895637512,True,0.14375061
365,GTEX-TMZS-0008-SM-47JWM,2,2,Normal Tissue,Normal Tissue,0.9495850801467896,True,0.608103
366,GTEX-WEY5-0008-SM-4LMKC,2,2,Normal Tissue,Normal Tissue,0.984616219997406,True,0.6369437
367,TCGA-D9-A3Z3-06,1,1,Metastasis,Metastasis,0.9844973087310792,True,0.84488857
368,GTEX-13NYS-0626-SM-5L3F1,2,2,Normal Tissue,Normal Tissue,0.993313729763031,True,0.10973072
369,TCGA-DA-A1HV-06,1,1,Metastasis,Metastasis,0.8241348266601562,True,0.62014806
370,GTEX-13G51-2526-SM-5LZYK,2,2,Normal Tissue,Normal Tissue,0.9884634613990784,True,0.12251695
371,GTEX-13112-2826-SM-5DUWH,2,2,Normal Tissue,Normal Tissue,0.990208089351654,True,0.1097767
372,GTEX-ZUA1-2626-SM-5NQ92,2,2,Normal Tissue,Normal Tissue,0.9032355546951294,True,0.261805
373,GTEX-PVOW-0126-SM-2XCFA,2,2,Normal Tissue,Normal Tissue,0.9967892169952391,True,0.08431822
374,TCGA-EE-A3AA-06,1,1,Metastasis,Metastasis,0.645056426525116,True,0.6365443
375,GTEX-11DXX-2126-SM-5PNYR,2,2,Normal Tissue,Normal Tissue,0.981410026550293,True,0.18536003
376,GTEX-X8HC-0008-SM-46MU6,2,2,Normal Tissue,Normal Tissue,0.5946598052978516,True,0.771519
377,GTEX-XQ3S-1426-SM-4BOPR,2,2,Normal Tissue,Normal Tissue,0.9873735308647156,True,0.12168678
378,GTEX-13N2G-0226-SM-5K7VF,2,2,Normal Tissue,Normal Tissue,0.9637274146080016,True,0.14258151
379,GTEX-W5WG-1826-SM-4KL2Y,2,2,Normal Tissue,Normal Tissue,0.9738768339157104,True,0.12988043
380,GTEX-QXCU-0008-SM-48FCH,2,2,Normal Tissue,Normal Tissue,0.9616595506668092,True,0.6653543
381,GTEX-XXEK-1626-SM-4BRUZ,2,2,Normal Tissue,Normal Tissue,0.9935948252677916,True,0.11072965
383,GTEX-145LT-1726-SM-5QGP3,2,2,Normal Tissue,Normal Tissue,0.9769247770309448,True,0.095845915
384,GTEX-ZTTD-0008-SM-51MQV,2,2,Normal Tissue,Normal Tissue,0.9820047616958618,True,0.62988865
385,GTEX-14AS3-1526-SM-5Q5ED,2,2,Normal Tissue,Normal Tissue,0.9933063387870787,True,0.0909877
386,TCGA-FW-A5DY-06,1,1,Metastasis,Metastasis,0.971031367778778,True,0.79609513
387,TCGA-EE-A29H-06,1,1,Metastasis,Metastasis,0.9603630304336548,True,0.7202027
388,GTEX-ZVT4-0008-SM-57WCA,2,2,Normal Tissue,Normal Tissue,0.8760234713554382,True,0.6467605
389,GTEX-ZC5H-0008-SM-4WAX8,2,2,Normal Tissue,Normal Tissue,0.9523325562477112,True,0.65640515
390,TCGA-ER-A2NE-06,1,1,Metastasis,Metastasis,0.6160359978675842,True,0.73870635
393,TCGA-EB-A6L9-06,1,1,Metastasis,Metastasis,0.8853896260261536,True,0.63650423
394,GTEX-139T8-0126-SM-5K7XZ,2,2,Normal Tissue,Normal Tissue,0.995958149433136,True,0.10475892
395,TCGA-D3-A2JN-06,1,1,Metastasis,Metastasis,0.8749394416809082,True,0.7225488
396,GTEX-Y5V6-2326-SM-4VDSA,2,2,Normal Tissue,Normal Tissue,0.9933638572692872,True,0.13819276
397,GTEX-11DYG-1526-SM-5A5JS,2,2,Normal Tissue,Normal Tissue,0.9487152695655824,True,0.22147216
398,GTEX-ZAB5-2626-SM-5KM3Y,2,2,Normal Tissue,Normal Tissue,0.9697827100753784,True,0.28585732
399,GTEX-VUSG-2526-SM-4KL1V,2,2,Normal Tissue,Normal Tissue,0.979391872882843,True,0.11933348
400,TCGA-W3-A828-06,1,1,Metastasis,Metastasis,0.6885480284690857,True,0.700775
401,GTEX-P4QT-0126-SM-2I3FL,2,2,Normal Tissue,Normal Tissue,0.9582838416099548,True,0.19094796
402,GTEX-ZTX8-0008-SM-4YCDV,2,2,Normal Tissue,Normal Tissue,0.8481289148330688,True,0.67550856
403,TCGA-EE-A29S-06,1,1,Metastasis,Metastasis,0.955461084842682,True,0.8764793
405,TCGA-YG-AA3O-06,1,1,Metastasis,Metastasis,0.9399431347846984,True,0.9101562
406,TCGA-DA-A3F2-06,1,1,Metastasis,Metastasis,0.9576151371002196,True,0.7791413
407,GTEX-139TS-2826-SM-5J1OO,2,2,Normal Tissue,Normal Tissue,0.980861485004425,True,0.13456778
409,TCGA-LH-A9QB-06,1,1,Metastasis,Metastasis,0.8256059288978577,True,0.9772436
410,TCGA-D3-A2JC-06,1,1,Metastasis,Metastasis,0.9574463963508606,True,0.7718384
411,GTEX-R55E-0126-SM-2TC5Y,2,2,Normal Tissue,Normal Tissue,0.9841073751449584,True,0.12049662
412,GTEX-P44H-0008-SM-48TDW,2,2,Normal Tissue,Normal Tissue,0.9916661381721495,True,0.60797554
413,GTEX-11VI4-1126-SM-5EQMD,2,2,Normal Tissue,Normal Tissue,0.9475870132446288,True,0.2041381
414,TCGA-WE-AA9Y-06,1,1,Metastasis,Metastasis,0.9307536482810974,True,0.73440653
415,GTEX-X4EO-0326-SM-3P5YO,2,2,Normal Tissue,Normal Tissue,0.968070387840271,True,0.11239536
416,GTEX-13111-1826-SM-5GCP1,2,2,Normal Tissue,Normal Tissue,0.8975477814674377,True,0.33509564
417,TCGA-WE-A8ZR-06,1,1,Metastasis,Metastasis,0.9754918813705444,True,0.8113502
419,GTEX-ZDXO-0008-SM-4E3HR,2,2,Normal Tissue,Normal Tissue,0.4222505688667297,True,0.7864087
420,TCGA-EB-A24D-01,0,0,Primary Tumor,Primary Tumor,0.8854021430015564,True,0.6546854
421,GTEX-145MN-1526-SM-5SI9T,2,2,Normal Tissue,Normal Tissue,0.9851917028427124,True,0.12884822
422,GTEX-ZU9S-1826-SM-5NQ9E,2,2,Normal Tissue,Normal Tissue,0.9495646357536316,True,0.13592015
423,TCGA-D3-A3MO-06,1,1,Metastasis,Metastasis,0.8113377690315247,True,0.89540666
424,GTEX-YFCO-1226-SM-5LUAT,2,2,Normal Tissue,Normal Tissue,0.9897005558013916,True,0.119363636
425,GTEX-133LE-2326-SM-5K7W3,2,2,Normal Tissue,Normal Tissue,0.9844054579734802,True,0.18012084
426,GTEX-X4XY-0226-SM-4E3IZ,2,2,Normal Tissue,Normal Tissue,0.962473690509796,True,0.2641602
427,TCGA-DA-A1I1-06,1,1,Metastasis,Metastasis,0.9681116342544556,True,0.76386833
428,GTEX-11WQK-0008-SM-5SI6T,2,2,Normal Tissue,Normal Tissue,0.9875367283821106,True,0.62310195
429,GTEX-11PRG-0008-SM-5S2N5,2,2,Normal Tissue,Normal Tissue,0.9340471029281616,True,0.70197237
431,TCGA-EE-A2GM-06,1,1,Metastasis,Metastasis,0.6334737539291382,True,0.8125745
432,GTEX-ZF2S-2326-SM-4WWCE,2,2,Normal Tissue,Normal Tissue,0.9898213148117064,True,0.10535304
433,GTEX-WVJS-0126-SM-4MVOT,2,2,Normal Tissue,Normal Tissue,0.9971436858177184,True,0.075268894
434,TCGA-D3-A8GM-06,1,1,Metastasis,Metastasis,0.9806092381477356,True,0.7706343
435,GTEX-144GO-2026-SM-5O99P,2,2,Normal Tissue,Normal Tissue,0.9763357043266296,True,0.20611398
436,TCGA-DA-A95Z-06,1,1,Metastasis,Metastasis,0.9143288731575012,True,0.89743537
437,TCGA-ER-A2NC-06,1,1,Metastasis,Metastasis,0.9326978325843812,True,0.8138316
438,TCGA-ER-A19B-06,1,1,Metastasis,Metastasis,0.8600431680679321,True,0.80161434
439,TCGA-EE-A2A0-06,1,1,Metastasis,Metastasis,0.961206316947937,True,0.73777467
440,GTEX-13113-1626-SM-5EQ4I,2,2,Normal Tissue,Normal Tissue,0.9910861849784852,True,0.18368362
441,TCGA-EE-A20B-06,1,1,Metastasis,Metastasis,0.8911129832267761,True,0.71337986
442,TCGA-EB-A5UL-06,1,1,Metastasis,Metastasis,0.9834385514259338,True,0.8347604
443,GTEX-117YW-0008-SM-5QGRD,2,2,Normal Tissue,Normal Tissue,0.99886155128479,True,0.56880456
444,GTEX-12WSD-0626-SM-5GCMW,2,2,Normal Tissue,Normal Tissue,0.9801966547966005,True,0.15199067
445,GTEX-ZDYS-2026-SM-5HL5L,2,2,Normal Tissue,Normal Tissue,0.9846011400222778,True,0.13913114
447,TCGA-FS-A1ZK-06,1,1,Metastasis,Metastasis,0.8303912878036499,True,0.8201025
448,TCGA-EE-A2MT-06,1,1,Metastasis,Metastasis,0.8678826093673706,True,0.69988906
449,GTEX-V1D1-2026-SM-3GAF4,2,2,Normal Tissue,Normal Tissue,0.9995729327201844,True,0.03582523
450,GTEX-11DXW-0826-SM-5H118,2,2,Normal Tissue,Normal Tissue,0.9130533933639526,True,0.086199045
451,TCGA-OD-A75X-06,1,1,Metastasis,Metastasis,0.5091304183006287,True,0.6880974
453,GTEX-N7MS-0225-SM-4E3HO,2,2,Normal Tissue,Normal Tissue,0.9789727330207824,True,0.20413357
454,TCGA-FR-A8YC-06,1,1,Metastasis,Metastasis,0.959674060344696,True,0.8362666
455,GTEX-144GN-2326-SM-5LU4F,2,2,Normal Tissue,Normal Tissue,0.991455852985382,True,0.18054499
456,GTEX-11ZVC-2526-SM-5FQTE,2,2,Normal Tissue,Normal Tissue,0.940498948097229,True,0.1753903
457,GTEX-13PVR-0426-SM-5RQK2,2,2,Normal Tissue,Normal Tissue,0.9778345823287964,True,0.15468428
458,GTEX-X585-0226-SM-4QAS2,2,2,Normal Tissue,Normal Tissue,0.9959111213684082,True,0.09961754
459,GTEX-ZYW4-0626-SM-59HJR,2,2,Normal Tissue,Normal Tissue,0.9843421578407288,True,0.10903073
460,GTEX-ZWKS-0626-SM-5GIDV,2,2,Normal Tissue,Normal Tissue,0.9676734209060668,True,0.14621553
461,GTEX-14753-0726-SM-5QGQO,2,2,Normal Tissue,Normal Tissue,0.9825415015220642,True,0.12682647
462,TCGA-GN-A265-06,1,1,Metastasis,Metastasis,0.9767756462097168,True,0.76612103
463,GTEX-WFON-1926-SM-3LK7L,2,2,Normal Tissue,Normal Tissue,0.9777272939682008,True,0.06546223
464,GTEX-12584-0126-SM-5EGKQ,2,2,Normal Tissue,Normal Tissue,0.9819145798683168,True,0.16186036
465,TCGA-ER-A19Q-06,1,1,Metastasis,Metastasis,0.7819318771362305,True,0.8493153
466,GTEX-PLZ4-0126-SM-5SI8O,2,2,Normal Tissue,Normal Tissue,0.9885900616645812,True,0.17346855
467,GTEX-11ILO-0008-SM-5QGR9,2,2,Normal Tissue,Normal Tissue,0.9034669995307922,True,0.69312465
468,GTEX-NPJ7-0008-SM-4E3JS,2,2,Normal Tissue,Normal Tissue,0.4405051469802856,True,0.78270924
469,TCGA-BF-A3DN-01,0,0,Primary Tumor,Primary Tumor,0.8159485459327698,True,0.8020926
470,GTEX-1192X-2726-SM-5N9DN,2,2,Normal Tissue,Normal Tissue,0.9823725819587708,True,0.12342496
471,GTEX-Y114-2426-SM-4TT8A,2,2,Normal Tissue,Normal Tissue,0.988800883293152,True,0.15649469
472,GTEX-131XF-2126-SM-5DUWS,2,2,Normal Tissue,Normal Tissue,0.9803707599639891,True,0.1205123
473,GTEX-12ZZZ-0626-SM-5DUXI,2,2,Normal Tissue,Normal Tissue,0.9689311981201172,True,0.036414586
474,GTEX-11DXW-0226-SM-5H122,2,2,Normal Tissue,Normal Tissue,0.9860156774520874,True,0.05961204
475,TCGA-DA-A1HW-06,1,1,Metastasis,Metastasis,0.9644061326980592,True,0.8184278
476,GTEX-13OW6-2726-SM-5J2OE,2,2,Normal Tissue,Normal Tissue,0.9393245577812196,True,0.1343678
477,GTEX-YJ89-0126-SM-4TT3X,2,2,Normal Tissue,Normal Tissue,0.9742056131362916,True,0.13155897
478,GTEX-111YS-1526-SM-5GZYW,2,2,Normal Tissue,Normal Tissue,0.974334716796875,True,0.17225002
479,GTEX-13N2G-2626-SM-5J1OT,2,2,Normal Tissue,Normal Tissue,0.9882590770721436,True,0.08254394
480,GTEX-11NSD-2226-SM-5986V,2,2,Normal Tissue,Normal Tissue,0.8329812288284302,True,0.088120006
481,GTEX-1212Z-2526-SM-5EGKP,2,2,Normal Tissue,Normal Tissue,0.9810743927955629,True,0.12728591
482,TCGA-ER-A1A1-06,1,1,Metastasis,Metastasis,0.9511706829071044,True,0.7826786
483,TCGA-DA-A1I8-06,1,1,Metastasis,Metastasis,0.7415712475776672,True,0.8212645
485,TCGA-EE-A3JI-06,1,1,Metastasis,Metastasis,0.9398163557052612,True,0.917042
487,GTEX-Y3I4-0008-SM-4TT21,2,2,Normal Tissue,Normal Tissue,0.6428000926971436,True,0.71506864
488,TCGA-D3-A51F-06,1,1,Metastasis,Metastasis,0.9737139344215392,True,0.83532774
490,GTEX-13IVO-0726-SM-5LZYV,2,2,Normal Tissue,Normal Tissue,0.9934208989143372,True,0.13550784
491,GTEX-OHPM-0126-SM-2YUN9,2,2,Normal Tissue,Normal Tissue,0.9949748516082764,True,0.10561586
492,TCGA-D3-A8GE-06,1,1,Metastasis,Metastasis,0.9478885531425476,True,0.8660457
493,GTEX-ZVTK-0008-SM-57WDA,2,2,Normal Tissue,Normal Tissue,0.5156009793281555,True,0.79806966
494,TCGA-D3-A51J-06,1,1,Metastasis,Metastasis,0.9862105250358582,True,0.7847791
495,GTEX-YFC4-0126-SM-5CVLY,2,2,Normal Tissue,Normal Tissue,0.972878396511078,True,0.15596657
496,GTEX-ZYFD-0126-SM-5GIDL,2,2,Normal Tissue,Normal Tissue,0.9441961646080016,True,0.18240117
497,GTEX-11EMC-2926-SM-5EQ4F,2,2,Normal Tissue,Normal Tissue,0.995315670967102,True,0.053790852
498,GTEX-RVPU-0008-SM-3NM8B,2,2,Normal Tissue,Normal Tissue,0.6255371570587158,True,0.75896066
499,GTEX-131XH-0126-SM-5LZUY,2,2,Normal Tissue,Normal Tissue,0.9718152284622192,True,0.24043085
501,GTEX-131XW-0626-SM-5PNVD,2,2,Normal Tissue,Normal Tissue,0.990340292453766,True,0.14484996
503,TCGA-FR-A8YE-06,1,1,Metastasis,Metastasis,0.9758843183517456,True,0.8165739
504,GTEX-YEC3-1326-SM-4WWEL,2,2,Normal Tissue,Normal Tissue,0.9839312434196472,True,0.12394818
505,GTEX-SUCS-0008-SM-4DM53,2,2,Normal Tissue,Normal Tissue,0.992417335510254,True,0.5295359
506,GTEX-ZU9S-0226-SM-5E441,2,2,Normal Tissue,Normal Tissue,0.9732137322425842,True,0.16217622
507,TCGA-D9-A3Z1-06,1,1,Metastasis,Metastasis,0.976211428642273,True,0.7508986
508,GTEX-13VXT-0126-SM-5LU4I,2,2,Normal Tissue,Normal Tissue,0.962344765663147,True,0.19953318
509,GTEX-11TUW-2726-SM-5EQLC,2,2,Normal Tissue,Normal Tissue,0.9514058232307434,True,0.19339652
510,GTEX-11TTK-0126-SM-5987B,2,2,Normal Tissue,Normal Tissue,0.9579634070396424,True,0.2624013
511,GTEX-11I78-0008-SM-5Q5DI,2,2,Normal Tissue,Normal Tissue,0.8597243428230286,True,0.6977306
512,GTEX-ZAB4-2126-SM-5HL8U,2,2,Normal Tissue,Normal Tissue,0.9678155183792114,True,0.11949576
513,GTEX-SE5C-0008-SM-4B64J,2,2,Normal Tissue,Normal Tissue,0.7177705764770508,True,0.72688955
515,GTEX-11ZTS-0008-SM-5S2VC,2,2,Normal Tissue,Normal Tissue,0.9574191570281982,True,0.6788087
516,GTEX-QDVN-2026-SM-3GAEP,2,2,Normal Tissue,Normal Tissue,0.997575342655182,True,0.12755919
517,GTEX-1269C-2526-SM-5EGJ3,2,2,Normal Tissue,Normal Tissue,0.9250155687332152,True,0.19605733
518,GTEX-ZYW4-0126-SM-5E44A,2,2,Normal Tissue,Normal Tissue,0.992159366607666,True,0.14047584
520,TCGA-WE-A8K5-06,1,1,Metastasis,Metastasis,0.9430792927742004,True,0.92000306
522,GTEX-PWO3-1526-SM-48TCM,2,2,Normal Tissue,Normal Tissue,0.9829079508781432,True,0.1671312
523,TCGA-EE-A3AG-06,1,1,Metastasis,Metastasis,0.5022614598274231,True,0.8235054
524,TCGA-D3-A2JP-06,1,1,Metastasis,Metastasis,0.7461617588996887,True,0.7381607
525,GTEX-QESD-1426-SM-2S1R9,2,2,Normal Tissue,Normal Tissue,0.9955878257751464,True,0.09887072
526,GTEX-13FTY-0526-SM-5L3EV,2,2,Normal Tissue,Normal Tissue,0.9715364575386048,True,0.15227954
527,GTEX-RNOR-0008-SM-48FEY,2,2,Normal Tissue,Normal Tissue,0.9548200964927672,True,0.691445
528,GTEX-YBZK-0008-SM-59HL6,2,2,Normal Tissue,Normal Tissue,0.8827361464500427,True,0.70167124
529,TCGA-ER-A199-06,1,1,Metastasis,Metastasis,0.9155918955802916,True,0.6880737
530,GTEX-11P81-2226-SM-5PNYI,2,2,Normal Tissue,Normal Tissue,0.9810556769371032,True,0.17659232
531,GTEX-WHWD-0008-SM-4OOSU,2,2,Normal Tissue,Normal Tissue,0.9906501770019532,True,0.5954763
532,GTEX-W5X1-0008-SM-4LMKA,2,2,Normal Tissue,Normal Tissue,0.9428720474243164,True,0.6890316
533,GTEX-POYW-0008-SM-48TE4,2,2,Normal Tissue,Normal Tissue,0.9977783560752868,True,0.5601354
534,TCGA-FS-A1YW-06,1,1,Metastasis,Metastasis,0.6444187760353088,True,0.7342659
536,TCGA-D3-A2JE-06,1,1,Metastasis,Metastasis,0.9437676668167114,True,0.86962575
537,GTEX-11EM3-1226-SM-5N9DD,2,2,Normal Tissue,Normal Tissue,0.9437068104743958,True,0.21748154
538,GTEX-14A5H-0826-SM-5QGPJ,2,2,Normal Tissue,Normal Tissue,0.9929324388504028,True,0.17325185
539,TCGA-D9-A6EA-06,1,1,Metastasis,Metastasis,0.955028772354126,True,0.8574143
540,TCGA-ER-A19W-06,1,1,Metastasis,Metastasis,0.9809792041778564,True,0.8480921
541,GTEX-Y9LG-0008-SM-4VBRJ,2,2,Normal Tissue,Normal Tissue,0.4296708703041076,True,0.7547726
542,TCGA-D3-A8GS-06,1,1,Metastasis,Metastasis,0.9698246717453004,True,0.7397505
543,GTEX-WK11-0008-SM-4OOSX,2,2,Normal Tissue,Normal Tissue,0.9859262704849244,True,0.61020476
544,GTEX-ZVT2-2526-SM-51MT1,2,2,Normal Tissue,Normal Tissue,0.9765937328338624,True,0.17312108
545,GTEX-13OVI-1426-SM-5L3EY,2,2,Normal Tissue,Normal Tissue,0.9866604804992676,True,0.21032701
546,GTEX-Q2AI-0008-SM-48U2H,2,2,Normal Tissue,Normal Tissue,0.3615097403526306,True,0.73057556
547,GTEX-111VG-2426-SM-5GZXD,2,2,Normal Tissue,Normal Tissue,0.9600932002067566,True,0.16630596
548,GTEX-YEC3-1326-SM-5PNXV,2,2,Normal Tissue,Normal Tissue,0.9805222153663636,True,0.1733014
549,GTEX-PWOO-0008-SM-48TDU,2,2,Normal Tissue,Normal Tissue,0.9836511015892028,True,0.6188161
550,TCGA-EE-A3J3-06,1,1,Metastasis,Metastasis,0.954050600528717,True,0.8344799
551,TCGA-FS-A1ZW-06,1,1,Metastasis,Metastasis,0.9839718341827391,True,0.72657573
552,TCGA-D3-A1Q4-06,1,1,Metastasis,Metastasis,0.9434528350830078,True,0.89747846
553,GTEX-117YX-1926-SM-5GIEC,2,2,Normal Tissue,Normal Tissue,0.9953268766403198,True,0.14186724
554,GTEX-11P82-0008-SM-5S2MS,2,2,Normal Tissue,Normal Tissue,0.9764458537101746,True,0.64820534
555,GTEX-WOFL-0008-SM-4OOSZ,2,2,Normal Tissue,Normal Tissue,0.9968730807304382,True,0.58589256
556,TCGA-EE-A2M8-06,1,1,Metastasis,Metastasis,0.953935980796814,True,0.7184443
557,GTEX-111FC-2526-SM-5GZXU,2,2,Normal Tissue,Normal Tissue,0.956803023815155,True,0.22740841
558,GTEX-1399T-2826-SM-5KLYZ,2,2,Normal Tissue,Normal Tissue,0.9833263754844666,True,0.071410306
559,GTEX-145MN-2226-SM-5SIAU,2,2,Normal Tissue,Normal Tissue,0.9888489246368408,True,0.12922645
560,TCGA-EE-A2M7-06,1,1,Metastasis,Metastasis,0.9664348363876344,True,0.7618731
561,GTEX-O5YW-0008-SM-4E3IE,2,2,Normal Tissue,Normal Tissue,0.7985900044441223,True,0.7117648
562,GTEX-QMRM-0008-SM-447B1,2,2,Normal Tissue,Normal Tissue,0.976902723312378,True,0.59941965
563,GTEX-13OVL-0226-SM-5L3E9,2,2,Normal Tissue,Normal Tissue,0.961914837360382,True,0.0735664
564,GTEX-WHSB-0008-SM-4M1ZP,2,2,Normal Tissue,Normal Tissue,0.998331606388092,True,0.57429105
565,GTEX-13N11-2526-SM-5K7UE,2,2,Normal Tissue,Normal Tissue,0.991075873374939,True,0.16037486
566,GTEX-V1D1-2226-SM-3NMAX,2,2,Normal Tissue,Normal Tissue,0.9734280705451964,True,0.12078621
567,GTEX-1399Q-2326-SM-5KM2X,2,2,Normal Tissue,Normal Tissue,0.98896324634552,True,0.1657499
568,TCGA-ER-A198-06,1,1,Metastasis,Metastasis,0.9343909621238708,True,0.83729225
569,TCGA-EE-A3JD-06,1,1,Metastasis,Metastasis,0.9518030881881714,True,0.6642951
572,GTEX-ZPIC-1726-SM-57WF2,2,2,Normal Tissue,Normal Tissue,0.9646453261375428,True,0.10516753
573,GTEX-ZV6S-0008-SM-4YCF9,2,2,Normal Tissue,Normal Tissue,0.9475246071815492,True,0.6381726
574,TCGA-EE-A181-06,1,1,Metastasis,Metastasis,0.9715532064437866,True,0.6744077
575,GTEX-X4LF-0008-SM-4QAST,2,2,Normal Tissue,Normal Tissue,0.9493029117584229,True,0.67241925
576,TCGA-DA-A3F3-06,1,1,Metastasis,Metastasis,0.9538183212280272,True,0.8795492
577,GTEX-11OC5-0126-SM-5HL6A,2,2,Normal Tissue,Normal Tissue,0.971492350101471,True,0.15991136
578,TCGA-EB-A1NK-01,0,0,Primary Tumor,Primary Tumor,0.7426143288612366,True,0.48769614
579,GTEX-XYKS-2126-SM-4E3IB,2,2,Normal Tissue,Normal Tissue,0.983482837677002,True,0.17376879
580,GTEX-11GS4-2726-SM-5A5LE,2,2,Normal Tissue,Normal Tissue,0.9765190482139589,True,0.13024715
581,TCGA-ER-A19P-06,1,1,Metastasis,Metastasis,0.958082675933838,True,0.7118003
582,GTEX-133LE-1826-SM-5J1MV,2,2,Normal Tissue,Normal Tissue,0.9795388579368592,True,0.12211462
584,GTEX-1399U-1126-SM-5L3DB,2,2,Normal Tissue,Normal Tissue,0.9569273591041564,True,0.18200102
585,GTEX-145MI-0626-SM-5SI8S,2,2,Normal Tissue,Normal Tissue,0.938081681728363,True,0.1746603
586,GTEX-ZTX8-1326-SM-4YCEL,2,2,Normal Tissue,Normal Tissue,0.9754790663719176,True,0.21735853
587,TCGA-BF-AAP7-01,0,0,Primary Tumor,Primary Tumor,0.7010740041732788,True,0.5130462
588,GTEX-O5YW-0126-SM-3LK6D,2,2,Normal Tissue,Normal Tissue,0.9958299994468688,True,0.087871164
589,GTEX-U8T8-0126-SM-3DB94,2,2,Normal Tissue,Normal Tissue,0.9936748147010804,True,0.11652451
590,GTEX-14DAQ-0126-SM-5S2MQ,2,2,Normal Tissue,Normal Tissue,0.9700043201446532,True,0.14376242
591,GTEX-ZDYS-0008-SM-4E3IX,2,2,Normal Tissue,Normal Tissue,0.5691580176353455,True,0.7132519
592,GTEX-13PVQ-0126-SM-5SIB4,2,2,Normal Tissue,Normal Tissue,0.8920787572860718,True,0.24390732
593,GTEX-ZUA1-0008-SM-4YCEW,2,2,Normal Tissue,Normal Tissue,0.612633228302002,True,0.7307519
594,GTEX-12ZZX-0126-SM-5EGK9,2,2,Normal Tissue,Normal Tissue,0.974659502506256,True,0.12779734
595,GTEX-13FTW-2626-SM-5K7WL,2,2,Normal Tissue,Normal Tissue,0.99061381816864,True,0.1376252
596,GTEX-ZDTT-0426-SM-4WKFL,2,2,Normal Tissue,Normal Tissue,0.9313865303993224,True,0.1841085
597,TCGA-DA-A1I0-06,1,1,Metastasis,Metastasis,0.9441319704055786,True,0.77257323
599,TCGA-GN-A9SD-06,1,1,Metastasis,Metastasis,0.9648597240447998,True,0.7096155
600,GTEX-ZC5H-0226-SM-4WAY9,2,2,Normal Tissue,Normal Tissue,0.9921342134475708,True,0.09512929
601,GTEX-R3RS-0008-SM-48FF1,2,2,Normal Tissue,Normal Tissue,0.9891263842582704,True,0.56006414
602,GTEX-139T4-0226-SM-5HL5S,2,2,Normal Tissue,Normal Tissue,0.9969229102134703,True,0.120220385
603,TCGA-EE-A29T-06,1,1,Metastasis,Metastasis,0.9728410243988036,True,0.84763515
604,TCGA-D9-A6E9-06,1,1,Metastasis,Metastasis,0.9871793389320374,True,0.7847131
605,TCGA-EB-A51B-01,0,0,Primary Tumor,Primary Tumor,0.7533100247383118,True,0.59381783
606,GTEX-ZAB4-0008-SM-4RGM6,2,2,Normal Tissue,Normal Tissue,0.6937341690063477,True,0.637078
607,GTEX-P4QS-0008-SM-48TDY,2,2,Normal Tissue,Normal Tissue,0.9914513230323792,True,0.6229065
608,GTEX-145MO-2826-SM-5LU96,2,2,Normal Tissue,Normal Tissue,0.9773847460746764,True,0.096870966
609,GTEX-ZXG5-2126-SM-59HKD,2,2,Normal Tissue,Normal Tissue,0.986571490764618,True,0.08281749
610,GTEX-XV7Q-1826-SM-4BRUV,2,2,Normal Tissue,Normal Tissue,0.9652240872383118,True,0.19999036
611,TCGA-BF-A1Q0-01,0,0,Primary Tumor,Primary Tumor,0.6556176543235779,True,0.7105174
612,GTEX-ZQUD-1426-SM-57WER,2,2,Normal Tissue,Normal Tissue,0.9551295638084412,True,0.03315554
614,TCGA-EE-A2GH-06,1,1,Metastasis,Metastasis,0.976778507232666,True,0.7153385
615,GTEX-145MF-0626-SM-5LUAI,2,2,Normal Tissue,Normal Tissue,0.9930270314216614,True,0.10676063
616,GTEX-13U4I-0126-SM-5LU38,2,2,Normal Tissue,Normal Tissue,0.965347707271576,True,0.13698246
617,GTEX-11DZ1-2426-SM-5GZZX,2,2,Normal Tissue,Normal Tissue,0.9961279034614564,True,0.15102017
618,TCGA-D3-A1Q6-06,1,1,Metastasis,Metastasis,0.9384865164756776,True,0.7643766
619,GTEX-ZTX8-1426-SM-5DUVO,2,2,Normal Tissue,Normal Tissue,0.9924031496047974,True,0.0971039
620,GTEX-XBEW-0008-SM-4AT3Y,2,2,Normal Tissue,Normal Tissue,0.8418080806732178,True,0.68098897
621,GTEX-14BIN-1126-SM-5RQJZ,2,2,Normal Tissue,Normal Tissue,0.9734547138214112,True,0.13862075
622,TCGA-D3-A3CF-06,1,1,Metastasis,Metastasis,0.9541661739349364,True,0.7457891
623,GTEX-11DZ1-0008-SM-5QGR3,2,2,Normal Tissue,Normal Tissue,0.9955405592918396,True,0.56251955
624,TCGA-EE-A3JA-06,1,1,Metastasis,Metastasis,0.9414826035499572,True,0.6181477
626,GTEX-11NUK-2726-SM-5A5MC,2,2,Normal Tissue,Normal Tissue,0.9788762331008912,True,0.13627833
627,GTEX-13111-1626-SM-5EGJY,2,2,Normal Tissue,Normal Tissue,0.96171236038208,True,0.17414044
628,GTEX-WFON-2126-SM-3LK7O,2,2,Normal Tissue,Normal Tissue,0.9830062985420228,True,0.13143529
629,GTEX-13IVO-0126-SM-5J1NG,2,2,Normal Tissue,Normal Tissue,0.9324925541877748,True,0.15565822
630,TCGA-WE-A8ZN-06,1,1,Metastasis,Metastasis,0.91336327791214,True,0.93252796
631,GTEX-11EM3-2426-SM-59861,2,2,Normal Tissue,Normal Tissue,0.7997409701347351,True,0.14410463
632,GTEX-13OVL-0126-SM-5L3GJ,2,2,Normal Tissue,Normal Tissue,0.941548228263855,True,0.15180723
633,GTEX-XK95-0226-SM-4AT58,2,2,Normal Tissue,Normal Tissue,0.972329556941986,True,0.11818864
634,TCGA-W3-AA1V-06,1,1,Metastasis,Metastasis,0.9207820296287536,True,0.8760274
635,GTEX-X4EP-0626-SM-3P621,2,2,Normal Tissue,Normal Tissue,0.9212433695793152,True,0.19359468
637,GTEX-113IC-0008-SM-5QGRF,2,2,Normal Tissue,Normal Tissue,0.9616049528121948,True,0.655283
638,GTEX-ZYFG-1526-SM-5GZYM,2,2,Normal Tissue,Normal Tissue,0.9935824275016784,True,0.1354337
639,TCGA-D3-A1QB-06,1,1,Metastasis,Metastasis,0.976294994354248,True,0.80075586
640,TCGA-FS-A1Z0-06,1,1,Metastasis,Metastasis,0.9595499038696288,True,0.8182719
641,GTEX-TML8-1926-SM-32QOS,2,2,Normal Tissue,Normal Tissue,0.9926079511642456,True,0.096475124
642,GTEX-13NZB-2526-SM-5J1OM,2,2,Normal Tissue,Normal Tissue,0.9942157864570618,True,0.09302975
643,GTEX-11ZTT-0008-SM-5S2TZ,2,2,Normal Tissue,Normal Tissue,0.8368348479270935,True,0.7533536
644,GTEX-14E6E-1826-SM-5S2R7,2,2,Normal Tissue,Normal Tissue,0.9930922985076904,True,0.15749973
645,GTEX-ZLWG-0826-SM-59888,2,2,Normal Tissue,Normal Tissue,0.9700500965118408,True,0.18386118
646,TCGA-D3-A2JG-06,1,1,Metastasis,Metastasis,0.9581249356269836,True,0.85879713
647,GTEX-13W3W-2426-SM-5LU5B,2,2,Normal Tissue,Normal Tissue,0.958784520626068,True,0.19570233
648,TCGA-GN-A26A-06,1,1,Metastasis,Metastasis,0.8274754285812378,True,0.8392026
649,TCGA-GN-A8LK-06,1,1,Metastasis,Metastasis,0.942463994026184,True,0.89465356
650,GTEX-11TT1-2526-SM-5EGIB,2,2,Normal Tissue,Normal Tissue,0.954197108745575,True,0.09630818
651,TCGA-FR-A44A-06,1,1,Metastasis,Metastasis,0.9491865634918212,True,0.8448906
652,GTEX-YB5K-2026-SM-4VDT3,2,2,Normal Tissue,Normal Tissue,0.9718319773674012,True,0.21745059
653,GTEX-QEG5-0008-SM-4R1KL,2,2,Normal Tissue,Normal Tissue,0.9810032844543456,True,0.6157753
654,GTEX-OOBJ-0008-SM-3NB26,2,2,Normal Tissue,Normal Tissue,0.9589253664016724,True,0.68515646
655,GTEX-OHPL-0126-SM-2HMJ7,2,2,Normal Tissue,Normal Tissue,0.9667536020278932,True,0.17073853
656,GTEX-WHSE-0008-SM-4M1ZO,2,2,Normal Tissue,Normal Tissue,0.9973971843719482,True,0.5806424
657,GTEX-WRHU-0008-SM-4MVPB,2,2,Normal Tissue,Normal Tissue,0.5494064688682556,True,0.7688733
658,GTEX-RWSA-0008-SM-47JYX,2,2,Normal Tissue,Normal Tissue,0.9962679743766784,True,0.5727678
659,GTEX-11ZTT-2126-SM-5CVLO,2,2,Normal Tissue,Normal Tissue,0.9897846579551696,True,0.14630757
660,GTEX-P4PP-0126-SM-3LK69,2,2,Normal Tissue,Normal Tissue,0.9779719114303588,True,0.19187899
661,GTEX-11ZU8-2526-SM-5EQKI,2,2,Normal Tissue,Normal Tissue,0.9863241314888,True,0.11421903
662,GTEX-WEY5-2326-SM-3GIKK,2,2,Normal Tissue,Normal Tissue,0.9974811673164368,True,0.1278564
663,GTEX-XPVG-2126-SM-4B667,2,2,Normal Tissue,Normal Tissue,0.917762279510498,True,0.070975795
664,GTEX-X638-0008-SM-47JZ7,2,2,Normal Tissue,Normal Tissue,0.9393028020858764,True,0.67056865
665,TCGA-FS-A4F9-06,1,1,Metastasis,Metastasis,0.8689092397689819,True,0.9508489
666,TCGA-D3-A3BZ-06,1,1,Metastasis,Metastasis,0.8930915594100952,True,0.66565555
667,TCGA-D3-A5GL-06,1,1,Metastasis,Metastasis,0.9274027347564696,True,0.8588717
668,GTEX-ZE9C-2526-SM-5IJDR,2,2,Normal Tissue,Normal Tissue,0.9871719479560852,True,0.12635033
669,GTEX-11ZUS-2626-SM-5FQUR,2,2,Normal Tissue,Normal Tissue,0.9821734428405762,True,0.18368201
670,TCGA-D3-A8GO-06,1,1,Metastasis,Metastasis,0.9659369587898254,True,0.85901546
671,GTEX-ZXG5-0008-SM-57WDB,2,2,Normal Tissue,Normal Tissue,0.9853428602218628,True,0.6295066
672,GTEX-12WSM-0008-SM-5S2VD,2,2,Normal Tissue,Normal Tissue,0.9798153638839722,True,0.6441201
673,GTEX-12696-2426-SM-5EQ6H,2,2,Normal Tissue,Normal Tissue,0.9753002524375916,True,0.15624818
674,TCGA-BF-A1PX-01,0,0,Primary Tumor,Primary Tumor,0.5837774872779846,True,0.38566777
675,GTEX-ZAJG-0126-SM-5HL94,2,2,Normal Tissue,Normal Tissue,0.9965053796768188,True,0.1516258
676,GTEX-13OW5-2326-SM-5L3HO,2,2,Normal Tissue,Normal Tissue,0.9703936576843262,True,0.13800088
677,GTEX-11LCK-2226-SM-5HL4Q,2,2,Normal Tissue,Normal Tissue,0.9575238823890686,True,0.14999138
678,GTEX-YF7O-0008-SM-4W1ZS,2,2,Normal Tissue,Normal Tissue,0.9369179606437684,True,0.65061104
679,TCGA-EE-A2GT-06,1,1,Metastasis,Metastasis,0.963216245174408,True,0.7439226
680,GTEX-1211K-2026-SM-5EQ4Z,2,2,Normal Tissue,Normal Tissue,0.9960727691650392,True,0.12770285
681,TCGA-EE-A2GE-06,1,1,Metastasis,Metastasis,0.9478852152824402,True,0.84579724
682,GTEX-139UW-2826-SM-5L3E7,2,2,Normal Tissue,Normal Tissue,0.9951203465461732,True,0.12418803
683,GTEX-ZA64-1026-SM-5HL8R,2,2,Normal Tissue,Normal Tissue,0.9899383783340454,True,0.1496894
684,GTEX-XV7Q-2526-SM-4BRV9,2,2,Normal Tissue,Normal Tissue,0.989473521709442,True,0.12784623
685,GTEX-117XS-2726-SM-5N9BL,2,2,Normal Tissue,Normal Tissue,0.9731994867324828,True,0.18235539
686,TCGA-GF-A4EO-06,1,1,Metastasis,Metastasis,0.9812169075012208,True,0.84263057
687,GTEX-14C39-1726-SM-5RQIL,2,2,Normal Tissue,Normal Tissue,0.9818374514579772,True,0.18926169
688,GTEX-UPK5-0008-SM-4IHJD,2,2,Normal Tissue,Normal Tissue,0.9753748774528505,True,0.5994722
689,GTEX-NFK9-0008-SM-4E3JE,2,2,Normal Tissue,Normal Tissue,0.8928317427635193,True,0.68325907
690,TCGA-FW-A3TV-06,1,1,Metastasis,Metastasis,0.9461564421653748,True,0.86422014
691,TCGA-ER-A42K-06,1,1,Metastasis,Metastasis,0.7922139167785645,True,0.87447405
692,GTEX-WRHK-1426-SM-3MJF9,2,2,Normal Tissue,Normal Tissue,0.983727216720581,True,0.119519204
693,GTEX-111FC-0126-SM-5N9DL,2,2,Normal Tissue,Normal Tissue,0.9672480821609496,True,0.16254146
695,GTEX-13FHP-0126-SM-5IJBG,2,2,Normal Tissue,Normal Tissue,0.963282823562622,True,0.17541736
696,GTEX-UTHO-0008-SM-4JBID,2,2,Normal Tissue,Normal Tissue,0.9844750165939332,True,0.63789994
697,TCGA-EE-A2GP-06,1,1,Metastasis,Metastasis,0.7917007803916931,True,0.72282237
698,GTEX-WI4N-0008-SM-4OOSV,2,2,Normal Tissue,Normal Tissue,0.9652719497680664,True,0.68253875
699,GTEX-11LCK-1026-SM-5A5KB,2,2,Normal Tissue,Normal Tissue,0.9770895838737488,True,0.09264282
700,GTEX-Y114-2126-SM-4TT8B,2,2,Normal Tissue,Normal Tissue,0.9896935820579528,True,0.17912042
701,GTEX-WZTO-0126-SM-3NM95,2,2,Normal Tissue,Normal Tissue,0.8321461081504822,True,0.095637135
702,GTEX-Z93S-0126-SM-5HL7M,2,2,Normal Tissue,Normal Tissue,0.9876648783683776,True,0.123050265
703,GTEX-145ME-1726-SM-5Q5EU,2,2,Normal Tissue,Normal Tissue,0.9640185832977296,True,0.20853218
704,GTEX-ZWKS-0126-SM-5SIAA,2,2,Normal Tissue,Normal Tissue,0.9903619289398192,True,0.102697864
705,GTEX-145LS-0126-SM-5QGP1,2,2,Normal Tissue,Normal Tissue,0.9912269711494446,True,0.14377165
706,GTEX-Y8DK-0126-SM-4TT3L,2,2,Normal Tissue,Normal Tissue,0.9355584383010864,True,0.11134539
708,TCGA-D9-A6EC-06,1,1,Metastasis,Metastasis,0.9150885939598083,True,0.90569264
709,GTEX-12WSH-0008-SM-5S2V1,2,2,Normal Tissue,Normal Tissue,0.7621912360191345,True,0.73184127
711,TCGA-D9-A6EG-06,1,1,Metastasis,Metastasis,0.7664939165115356,True,0.8969171
713,GTEX-ZDXO-3026-SM-5J1N5,2,2,Normal Tissue,Normal Tissue,0.9941489696502686,True,0.13791034
714,GTEX-13NZ9-2626-SM-5L3FK,2,2,Normal Tissue,Normal Tissue,0.9668641090393066,True,0.10136477
715,GTEX-R55F-0008-SM-48FE6,2,2,Normal Tissue,Normal Tissue,0.4554015100002289,True,0.78208333
716,TCGA-DA-A1I7-06,1,1,Metastasis,Metastasis,0.7532712817192078,True,0.78800404
718,TCGA-GF-A6C9-06,1,1,Metastasis,Metastasis,0.9378256797790528,True,0.7754101
719,GTEX-111CU-1926-SM-5GZYZ,2,2,Normal Tissue,Normal Tissue,0.968389928340912,True,0.15177563
720,GTEX-RWS6-0008-SM-47JYV,2,2,Normal Tissue,Normal Tissue,0.818126916885376,True,0.75242126
721,TCGA-EE-A3AH-06,1,1,Metastasis,Metastasis,0.9004946351051331,True,0.77593744
722,GTEX-UPK5-0726-SM-4IHL7,2,2,Normal Tissue,Normal Tissue,0.999647855758667,True,0.12249436
723,GTEX-11UD1-0126-SM-5PNYG,2,2,Normal Tissue,Normal Tissue,0.9832361340522766,True,0.21137634
724,GTEX-XYKS-0008-SM-4BRW6,2,2,Normal Tissue,Normal Tissue,0.9816692471504213,True,0.59919375
725,GTEX-145ME-1826-SM-5SI9G,2,2,Normal Tissue,Normal Tissue,0.9684122800827026,True,0.105887
726,TCGA-EB-A5SH-06,1,1,Metastasis,Metastasis,0.9621439576148988,True,0.8081928
727,GTEX-14BMU-1226-SM-5S2OR,2,2,Normal Tissue,Normal Tissue,0.9896757006645204,True,0.14498799
728,GTEX-11P81-2326-SM-59875,2,2,Normal Tissue,Normal Tissue,0.8569560050964355,True,0.121733494
729,GTEX-PX3G-0008-SM-48U2L,2,2,Normal Tissue,Normal Tissue,0.8128053545951843,True,0.6834584
730,TCGA-D3-A3C1-06,1,1,Metastasis,Metastasis,0.7753894329071045,True,0.74646974
732,GTEX-WHSB-1326-SM-3LK6W,2,2,Normal Tissue,Normal Tissue,0.9776727557182312,True,0.16548909
733,TCGA-EE-A2A6-06,1,1,Metastasis,Metastasis,0.9353200793266296,True,0.79743516
734,TCGA-FS-A1ZH-06,1,1,Metastasis,Metastasis,0.9250547885894777,True,0.7521883
735,GTEX-14A5H-0426-SM-5QGQF,2,2,Normal Tissue,Normal Tissue,0.987789511680603,True,0.09841508
736,GTEX-XXEK-2226-SM-4BRUM,2,2,Normal Tissue,Normal Tissue,0.9841381907463074,True,0.10271661
737,GTEX-ZAB5-1826-SM-5HL7C,2,2,Normal Tissue,Normal Tissue,0.9796048402786256,True,0.089736454
738,GTEX-11ZTT-2426-SM-5EQLS,2,2,Normal Tissue,Normal Tissue,0.97763329744339,True,0.16879244
739,GTEX-11ZTS-0126-SM-5EQ6M,2,2,Normal Tissue,Normal Tissue,0.9681997895240784,True,0.1915737
740,TCGA-D3-A5GN-06,1,1,Metastasis,Metastasis,0.9819477796554564,True,0.8395635
741,GTEX-12C56-1726-SM-5EQ61,2,2,Normal Tissue,Normal Tissue,0.9730605483055116,True,0.02787269
742,GTEX-139UW-0326-SM-5J1ML,2,2,Normal Tissue,Normal Tissue,0.9829773902893066,True,0.18302113
743,GTEX-V1D1-0008-SM-4JBIJ,2,2,Normal Tissue,Normal Tissue,0.9350852966308594,True,0.6294029
744,GTEX-XBEW-0626-SM-4QASP,2,2,Normal Tissue,Normal Tissue,0.9873633980751038,True,0.13752428
745,GTEX-QV44-0008-SM-447AX,2,2,Normal Tissue,Normal Tissue,0.9363827109336852,True,0.6596372
746,TCGA-FS-A1ZP-06,1,1,Metastasis,Metastasis,0.9393497109413148,True,0.86548203
747,GTEX-14A6H-0126-SM-5QGPK,2,2,Normal Tissue,Normal Tissue,0.9915552735328674,True,0.13788782
748,TCGA-EB-A44P-01,0,0,Primary Tumor,Primary Tumor,0.6675000190734863,True,0.6478239
749,GTEX-XMD2-0008-SM-4WWE7,2,2,Normal Tissue,Normal Tissue,0.5956992506980896,True,0.6597246
750,GTEX-ZYFC-0426-SM-5GICQ,2,2,Normal Tissue,Normal Tissue,0.991515040397644,True,0.13432784
751,GTEX-RWSA-0126-SM-2XCBB,2,2,Normal Tissue,Normal Tissue,0.9986372590065002,True,0.07985774
752,GTEX-S4P3-0008-SM-3NM8R,2,2,Normal Tissue,Normal Tissue,0.879061222076416,True,0.71564645
753,GTEX-ZXES-0008-SM-57WCX,2,2,Normal Tissue,Normal Tissue,0.9624375104904176,True,0.7074982
754,GTEX-SJXC-0008-SM-4DM7G,2,2,Normal Tissue,Normal Tissue,0.9866575598716736,True,0.6272111
755,GTEX-XUZC-1726-SM-4BRWS,2,2,Normal Tissue,Normal Tissue,0.9938021898269652,True,0.14357243
756,TCGA-ER-A2NH-06,1,1,Metastasis,Metastasis,0.6841307878494263,True,0.51882905
757,TCGA-W3-A825-06,1,1,Metastasis,Metastasis,0.8965034484863281,True,0.8263248
758,GTEX-ZLFU-1826-SM-4WWBV,2,2,Normal Tissue,Normal Tissue,0.9969203472137452,True,0.13724706
759,GTEX-12WSL-2026-SM-5GCML,2,2,Normal Tissue,Normal Tissue,0.9440346360206604,True,0.20076384
760,GTEX-11OF3-2626-SM-5GU7F,2,2,Normal Tissue,Normal Tissue,0.986356258392334,True,0.110023074
761,GTEX-YF7O-1526-SM-5IFI6,2,2,Normal Tissue,Normal Tissue,0.9853240847587584,True,0.14083178
762,TCGA-ER-A2NG-06,1,1,Metastasis,Metastasis,0.5842998027801514,True,0.6203465
763,GTEX-ZP4G-0008-SM-4E3I4,2,2,Normal Tissue,Normal Tissue,0.8160887360572815,True,0.7101011
764,GTEX-PVOW-0008-SM-48TE8,2,2,Normal Tissue,Normal Tissue,0.9789309501647948,True,0.5882937
766,GTEX-13VXU-0126-SM-5SI9F,2,2,Normal Tissue,Normal Tissue,0.979106068611145,True,0.12365196
767,TCGA-D3-A8GB-06,1,1,Metastasis,Metastasis,0.949731707572937,True,0.8550579
768,GTEX-YJ89-0008-SM-4RGM4,2,2,Normal Tissue,Normal Tissue,0.943002700805664,True,0.59499705
769,GTEX-X3Y1-2026-SM-3P5YM,2,2,Normal Tissue,Normal Tissue,0.9854651093482972,True,0.12506826
770,TCGA-EE-A2MK-06,1,1,Metastasis,Metastasis,0.8796710968017578,True,0.7444159
771,GTEX-TMKS-0126-SM-3DB7S,2,2,Normal Tissue,Normal Tissue,0.9929423332214355,True,0.17164646
772,GTEX-12WSA-0226-SM-5BC5V,2,2,Normal Tissue,Normal Tissue,0.9696420431137084,True,0.07106489
774,TCGA-D3-A8GI-06,1,1,Metastasis,Metastasis,0.902389645576477,True,0.8898308
775,GTEX-S33H-0008-SM-4AD6C,2,2,Normal Tissue,Normal Tissue,0.9670287370681764,True,0.64189386
776,GTEX-117YW-2626-SM-5GZZH,2,2,Normal Tissue,Normal Tissue,0.9909752011299132,True,0.067117855
778,GTEX-OHPM-0008-SM-4E3IP,2,2,Normal Tissue,Normal Tissue,0.5171622633934021,True,0.77130866
779,GTEX-13VXU-0626-SM-5L3F9,2,2,Normal Tissue,Normal Tissue,0.9883497953414916,True,0.17080879
780,GTEX-14E6C-0126-SM-5RQIP,2,2,Normal Tissue,Normal Tissue,0.9958114624023438,True,0.16814
781,GTEX-XBED-1926-SM-47JYP,2,2,Normal Tissue,Normal Tissue,0.9887423515319824,True,0.08450543
782,GTEX-ZVT3-0126-SM-5GU6I,2,2,Normal Tissue,Normal Tissue,0.9886361956596376,True,0.08145859
783,TCGA-D3-A2JA-06,1,1,Metastasis,Metastasis,0.8142220973968506,True,0.713793
784,GTEX-ZE7O-0126-SM-57WC1,2,2,Normal Tissue,Normal Tissue,0.9794897437095642,True,0.18429114
785,TCGA-WE-A8ZQ-06,1,1,Metastasis,Metastasis,0.9274242520332336,True,0.9084923
786,TCGA-DA-A1I2-06,1,1,Metastasis,Metastasis,0.958845317363739,True,0.8593849
787,GTEX-11EQ9-0008-SM-5Q5DK,2,2,Normal Tissue,Normal Tissue,0.5682496428489685,True,0.7444125
788,GTEX-ZQG8-0008-SM-4YCE7,2,2,Normal Tissue,Normal Tissue,0.9691594243049622,True,0.61773145
789,TCGA-GF-A2C7-01,0,0,Primary Tumor,Primary Tumor,0.8428347706794739,True,0.54553694
791,GTEX-TMZS-0126-SM-3DB9Q,2,2,Normal Tissue,Normal Tissue,0.9972010850906372,True,0.092594534
792,GTEX-PLZ6-1426-SM-5S2TR,2,2,Normal Tissue,Normal Tissue,0.9894765615463256,True,0.1473479
793,TCGA-EE-A29R-06,1,1,Metastasis,Metastasis,0.8440065383911133,True,0.8597248
794,GTEX-146FR-1326-SM-5SIAJ,2,2,Normal Tissue,Normal Tissue,0.928342342376709,True,0.06691238
796,TCGA-EE-A20C-06,1,1,Metastasis,Metastasis,0.6997126936912537,True,0.89121705
797,GTEX-P4QR-0326-SM-5SI8P,2,2,Normal Tissue,Normal Tissue,0.985461950302124,True,0.21766582
798,TCGA-EE-A2MG-06,1,1,Metastasis,Metastasis,0.9510492086410522,True,0.7475113
799,GTEX-YEC4-1826-SM-4W1YP,2,2,Normal Tissue,Normal Tissue,0.949457824230194,True,0.10653893
800,GTEX-11EQ9-2426-SM-5HL5T,2,2,Normal Tissue,Normal Tissue,0.9892577528953552,True,0.10137585
803,TCGA-EB-A82C-01,0,0,Primary Tumor,Primary Tumor,0.4952763319015503,True,0.5274388
804,GTEX-QCQG-1726-SM-3GIJ9,2,2,Normal Tissue,Normal Tissue,0.995692789554596,True,0.06862946
805,GTEX-RVPU-2226-SM-2XCAQ,2,2,Normal Tissue,Normal Tissue,0.9957894682884216,True,0.094946064
806,GTEX-139T8-0626-SM-5KLZX,2,2,Normal Tissue,Normal Tissue,0.9814615845680236,True,0.12072126
807,GTEX-ZVE2-2826-SM-5GU51,2,2,Normal Tissue,Normal Tissue,0.9843053221702576,True,0.039717473
808,GTEX-ZT9W-1126-SM-57WDR,2,2,Normal Tissue,Normal Tissue,0.9748001098632812,True,0.18500592
809,TCGA-D3-A51N-06,1,1,Metastasis,Metastasis,0.9736950993537904,True,0.7701118
810,TCGA-EE-A17Y-06,1,1,Metastasis,Metastasis,0.8702654838562012,True,0.8144538
811,GTEX-P78B-0008-SM-48TE1,2,2,Normal Tissue,Normal Tissue,0.7543401718139648,True,0.69708914
812,TCGA-EE-A29B-06,1,1,Metastasis,Metastasis,0.8641815781593323,True,0.8973505
813,GTEX-Y8E4-2026-SM-5IFJB,2,2,Normal Tissue,Normal Tissue,0.9737170934677124,True,0.16832782
814,GTEX-139TT-0126-SM-5K7Y5,2,2,Normal Tissue,Normal Tissue,0.9832693338394164,True,0.100933455
815,GTEX-R45C-0008-SM-48FF2,2,2,Normal Tissue,Normal Tissue,0.9849182963371276,True,0.6138392
816,TCGA-D3-A8GJ-06,1,1,Metastasis,Metastasis,0.975707471370697,True,0.7710976
818,TCGA-FR-A7UA-06,1,1,Metastasis,Metastasis,0.982539176940918,True,0.7693761
819,GTEX-13NYB-0126-SM-5J1MD,2,2,Normal Tissue,Normal Tissue,0.992060661315918,True,0.14209974
820,GTEX-144FL-0626-SM-5LU43,2,2,Normal Tissue,Normal Tissue,0.9882832765579224,True,0.19931057
821,GTEX-12WS9-0126-SM-5EGL7,2,2,Normal Tissue,Normal Tissue,0.9867043495178224,True,0.1516333
822,GTEX-U8XE-0008-SM-4E3K4,2,2,Normal Tissue,Normal Tissue,0.6047409772872925,True,0.68464714
823,TCGA-D3-A51R-06,1,1,Metastasis,Metastasis,0.7970466017723083,True,0.9575675
824,TCGA-RP-A6K9-06,1,1,Metastasis,Metastasis,0.8741934299468994,True,0.9420555
825,GTEX-12ZZY-0226-SM-5LZVE,2,2,Normal Tissue,Normal Tissue,0.9701658487319946,True,0.06552698
826,GTEX-NFK9-0226-SM-2HMKQ,2,2,Normal Tissue,Normal Tissue,0.9823854565620422,True,0.12036425
827,GTEX-QV31-0008-SM-447AT,2,2,Normal Tissue,Normal Tissue,0.9541926383972168,True,0.5687226
828,GTEX-WL46-0008-SM-4OOSW,2,2,Normal Tissue,Normal Tissue,0.7503634095191956,True,0.7102371
829,GTEX-PWCY-1826-SM-5SI7U,2,2,Normal Tissue,Normal Tissue,0.968028962612152,True,0.104936
831,TCGA-EE-A2GL-06,1,1,Metastasis,Metastasis,0.9482522010803224,True,0.7921604
832,TCGA-EE-A29N-06,1,1,Metastasis,Metastasis,0.9171302318572998,True,0.7647375
833,GTEX-11EI6-0008-SM-5QGR7,2,2,Normal Tissue,Normal Tissue,0.9441872239112854,True,0.6845451
835,TCGA-D3-A2JB-06,1,1,Metastasis,Metastasis,0.9662204384803772,True,0.7373187
836,GTEX-139TU-0726-SM-5L3EK,2,2,Normal Tissue,Normal Tissue,0.9191341996192932,True,0.11392155
837,GTEX-139D8-0226-SM-5KLZO,2,2,Normal Tissue,Normal Tissue,0.973977506160736,True,0.17362358
838,GTEX-13FXS-0226-SM-5IJCK,2,2,Normal Tissue,Normal Tissue,0.980249285697937,True,0.12464286
839,TCGA-HR-A2OG-06,1,1,Metastasis,Metastasis,0.9400206804275512,True,0.7504622
840,GTEX-RVPV-0008-SM-47JYW,2,2,Normal Tissue,Normal Tissue,0.9948611855506896,True,0.58317673
841,TCGA-DA-A1IB-06,1,1,Metastasis,Metastasis,0.5799955725669861,True,0.5819901
842,GTEX-ZV7C-0008-SM-57WCL,2,2,Normal Tissue,Normal Tissue,0.9668970108032228,True,0.64398575
843,GTEX-ZE7O-2726-SM-51MT5,2,2,Normal Tissue,Normal Tissue,0.9846908450126648,True,0.18926972
844,GTEX-ZVE1-0008-SM-51MS9,2,2,Normal Tissue,Normal Tissue,0.8043956160545349,True,0.70850205
845,GTEX-1497J-0226-SM-5QGPU,2,2,Normal Tissue,Normal Tissue,0.9989830851554872,True,0.08165025
846,GTEX-ZF28-0126-SM-4WKGK,2,2,Normal Tissue,Normal Tissue,0.9864939451217652,True,0.1359843
847,GTEX-ZDTT-2726-SM-4WKF8,2,2,Normal Tissue,Normal Tissue,0.9799287915229796,True,0.10975335
848,TCGA-D3-A51E-06,1,1,Metastasis,Metastasis,0.9767214059829712,True,0.76074797
850,GTEX-T8EM-1026-SM-3DB7M,2,2,Normal Tissue,Normal Tissue,0.9934796094894408,True,0.041102294
851,TCGA-HR-A2OH-06,1,1,Metastasis,Metastasis,0.9826810956001282,True,0.7669212
852,GTEX-ZE9C-0008-SM-4E3K6,2,2,Normal Tissue,Normal Tissue,0.8302074670791626,True,0.6658489
853,TCGA-ER-A19N-06,1,1,Metastasis,Metastasis,0.5913503766059875,True,0.65142566
855,GTEX-11EI6-0126-SM-5985R,2,2,Normal Tissue,Normal Tissue,0.9721385836601256,True,0.11624658
856,TCGA-D3-A2JO-06,1,1,Metastasis,Metastasis,0.9719815254211426,True,0.75932384
857,GTEX-13O3O-2326-SM-5IJD6,2,2,Normal Tissue,Normal Tissue,0.9070512056350708,True,0.22575824
858,GTEX-Y3IK-0008-SM-4WWDZ,2,2,Normal Tissue,Normal Tissue,0.945417582988739,True,0.6438825
859,GTEX-12584-0726-SM-5FQTK,2,2,Normal Tissue,Normal Tissue,0.9804019331932068,True,0.12125215
860,GTEX-ZC5H-1526-SM-5HL9Y,2,2,Normal Tissue,Normal Tissue,0.9824076294898988,True,0.13443583
861,GTEX-11WQC-2526-SM-5CVLE,2,2,Normal Tissue,Normal Tissue,0.9610518217086792,True,0.13423887
862,TCGA-EE-A29W-06,1,1,Metastasis,Metastasis,0.8014947772026062,True,0.9364677
863,GTEX-T6MN-0008-SM-4DM7H,2,2,Normal Tissue,Normal Tissue,0.9920956492424012,True,0.5566015
864,GTEX-XUW1-0426-SM-4BOOT,2,2,Normal Tissue,Normal Tissue,0.9811820387840272,True,0.14032583
865,GTEX-11EQ8-0926-SM-5H12V,2,2,Normal Tissue,Normal Tissue,0.9937319159507751,True,0.10264387
866,GTEX-13SLW-0126-SM-5SI6C,2,2,Normal Tissue,Normal Tissue,0.973003089427948,True,0.11162487
867,TCGA-EB-A5UN-06,1,1,Metastasis,Metastasis,0.7685578465461731,True,0.7480881
868,GTEX-W5X1-2526-SM-3GILC,2,2,Normal Tissue,Normal Tissue,0.9849911332130432,True,0.21469079
869,GTEX-1313W-0626-SM-5EQ4H,2,2,Normal Tissue,Normal Tissue,0.9958831071853638,True,0.15218638
870,TCGA-EE-A2GC-06,1,1,Metastasis,Metastasis,0.9872400164604188,True,0.7515453
871,GTEX-WY7C-2126-SM-3NB2R,2,2,Normal Tissue,Normal Tissue,0.9424961805343628,True,0.17256749
872,GTEX-OXRK-0008-SM-3NB28,2,2,Normal Tissue,Normal Tissue,0.9872000217437744,True,0.6483016
873,TCGA-D3-A5GS-06,1,1,Metastasis,Metastasis,0.9706080555915833,True,0.8548111
874,GTEX-13RTJ-2426-SM-5S2Q2,2,2,Normal Tissue,Normal Tissue,0.9888854026794434,True,0.1604264
875,TCGA-D3-A8GV-06,1,1,Metastasis,Metastasis,0.9502578973770142,True,0.9388963
876,TCGA-ER-A2NF-06,1,1,Metastasis,Metastasis,0.9765018820762634,True,0.7449322
878,GTEX-13FH7-2026-SM-5IJCR,2,2,Normal Tissue,Normal Tissue,0.9883155822753906,True,0.1307796
879,GTEX-U4B1-0008-SM-4DXUW,2,2,Normal Tissue,Normal Tissue,0.947840690612793,True,0.6340193
880,GTEX-13O3P-0126-SM-5KM4S,2,2,Normal Tissue,Normal Tissue,0.9744037985801696,True,0.14233866
881,GTEX-12C56-1526-SM-5FQUQ,2,2,Normal Tissue,Normal Tissue,0.9313488602638244,True,0.09430607
882,TCGA-FR-A2OS-01,0,0,Primary Tumor,Primary Tumor,0.5017846822738647,True,0.8220375
883,GTEX-R55G-0008-SM-48FEX,2,2,Normal Tissue,Normal Tissue,0.7736186981201172,True,0.7604589
884,TCGA-EE-A29E-06,1,1,Metastasis,Metastasis,0.8301382064819336,True,0.8987773
885,GTEX-11DYG-0126-SM-59883,2,2,Normal Tissue,Normal Tissue,0.9886354207992554,True,0.13940804
886,GTEX-X4EO-2926-SM-4E3JH,2,2,Normal Tissue,Normal Tissue,0.9694603681564332,True,0.15515406
888,GTEX-ZYVF-0926-SM-5E44J,2,2,Normal Tissue,Normal Tissue,0.7587770223617554,True,0.2801267
889,GTEX-T2IS-0008-SM-4DM75,2,2,Normal Tissue,Normal Tissue,0.8908838033676147,True,0.63680387
890,TCGA-ER-A193-06,1,1,Metastasis,Metastasis,0.8100361227989197,True,0.75993896
891,GTEX-QEG4-0226-SM-2S1PY,2,2,Normal Tissue,Normal Tissue,0.9815748929977416,True,0.11904723
892,GTEX-WH7G-2326-SM-3NMBC,2,2,Normal Tissue,Normal Tissue,0.979921579360962,True,0.07224612
893,TCGA-ER-A19O-06,1,1,Metastasis,Metastasis,0.9435496926307678,True,0.70609
895,TCGA-EB-A5UM-01,0,0,Primary Tumor,Primary Tumor,0.6485799551010132,True,0.6124217
896,TCGA-EE-A2A1-06,1,1,Metastasis,Metastasis,0.9223884344100952,True,0.76368433
897,GTEX-Y8E4-0626-SM-4WWDL,2,2,Normal Tissue,Normal Tissue,0.7607216835021973,True,0.20243055
898,GTEX-ZT9W-0008-SM-4YCDJ,2,2,Normal Tissue,Normal Tissue,0.8715505599975586,True,0.66133165
899,GTEX-XOTO-0126-SM-4B66N,2,2,Normal Tissue,Normal Tissue,0.9236060976982116,True,0.06695345
900,GTEX-WI4N-2726-SM-3LK7Y,2,2,Normal Tissue,Normal Tissue,0.9864316582679749,True,0.20806874
901,GTEX-145LV-2126-SM-5LU8N,2,2,Normal Tissue,Normal Tissue,0.9875180125236512,True,0.12302037
902,GTEX-11P82-1626-SM-59879,2,2,Normal Tissue,Normal Tissue,0.9677212238311768,True,0.1805345
904,GTEX-11ZU8-0126-SM-5EQ58,2,2,Normal Tissue,Normal Tissue,0.9902259707450868,True,0.15334862
905,TCGA-BF-A1PV-01,0,0,Primary Tumor,Primary Tumor,0.6273131966590881,True,0.7258974
906,GTEX-11LCK-0008-SM-5Q5BB,2,2,Normal Tissue,Normal Tissue,0.986014485359192,True,0.6474978
907,TCGA-D9-A1X3-06,1,1,Metastasis,Metastasis,0.537075936794281,True,0.6786522
908,TCGA-BF-A1PU-01,0,0,Primary Tumor,Primary Tumor,0.7883032560348511,True,0.8002403
909,GTEX-13OW6-0426-SM-5L3HM,2,2,Normal Tissue,Normal Tissue,0.986928641796112,True,0.061025914
911,GTEX-XOT4-0626-SM-4B66L,2,2,Normal Tissue,Normal Tissue,0.9696671366691588,True,0.13800566
912,GTEX-14A6H-2026-SM-5Q5DD,2,2,Normal Tissue,Normal Tissue,0.9627701640129088,True,0.1287509
913,GTEX-X4XX-0126-SM-3NMC2,2,2,Normal Tissue,Normal Tissue,0.9721489548683168,True,0.11485705
914,GTEX-113IC-0126-SM-5HL6T,2,2,Normal Tissue,Normal Tissue,0.9917741417884828,True,0.14125524
915,GTEX-11P7K-2126-SM-5GU7G,2,2,Normal Tissue,Normal Tissue,0.995431900024414,True,0.12739752
916,TCGA-EE-A3J7-06,1,1,Metastasis,Metastasis,0.922358214855194,True,0.9383869
917,GTEX-XQ8I-0926-SM-4BOOF,2,2,Normal Tissue,Normal Tissue,0.989071011543274,True,0.113396436
918,GTEX-VUSH-0008-SM-47JWK,2,2,Normal Tissue,Normal Tissue,0.98131000995636,True,0.58689106
919,GTEX-ZPCL-0008-SM-4WWAU,2,2,Normal Tissue,Normal Tissue,0.8725586533546448,True,0.6754767
920,TCGA-RP-A690-06,1,1,Metastasis,Metastasis,0.8777969479560852,True,0.90985864
921,TCGA-D3-A3CB-06,1,1,Metastasis,Metastasis,0.965031623840332,True,0.7358265
922,TCGA-ER-A3ES-06,1,1,Metastasis,Metastasis,0.8825477957725525,True,0.8101221
923,GTEX-XUYS-0008-SM-47JYZ,2,2,Normal Tissue,Normal Tissue,0.9965816140174866,True,0.57454836
924,TCGA-GN-A264-06,1,1,Metastasis,Metastasis,0.6307934522628784,True,0.8137444
925,GTEX-Y111-0008-SM-4SOJ3,2,2,Normal Tissue,Normal Tissue,0.8939501047134399,True,0.6926365
926,TCGA-D3-A1Q8-06,1,1,Metastasis,Metastasis,0.9113152027130128,True,0.68658864
927,TCGA-3N-A9WC-06,1,1,Metastasis,Metastasis,0.9792856574058532,True,0.7813036
928,TCGA-FS-A1YX-06,1,1,Metastasis,Metastasis,0.7365314364433289,True,0.86301917
929,GTEX-WK11-2726-SM-3NMAQ,2,2,Normal Tissue,Normal Tissue,0.9038795828819276,True,0.06766504
930,GTEX-QMR6-0008-SM-447AV,2,2,Normal Tissue,Normal Tissue,0.7883862853050232,True,0.7058345
931,TCGA-EE-A2GU-06,1,1,Metastasis,Metastasis,0.9612839818000792,True,0.8425907
932,GTEX-PW2O-0008-SM-48TEB,2,2,Normal Tissue,Normal Tissue,0.8556069731712341,True,0.72345334
933,GTEX-S3XE-1726-SM-3K2AM,2,2,Normal Tissue,Normal Tissue,0.9832968711853028,True,0.17205493
934,GTEX-ZVTK-0426-SM-51MRS,2,2,Normal Tissue,Normal Tissue,0.9848915338516236,True,0.17550498
935,TCGA-WE-A8ZT-06,1,1,Metastasis,Metastasis,0.9474236965179444,True,0.9571054
936,GTEX-R55G-2526-SM-2TC6D,2,2,Normal Tissue,Normal Tissue,0.9922677874565125,True,0.12478212
937,TCGA-W3-AA1O-06,1,1,Metastasis,Metastasis,0.8846167325973511,True,0.9530767
938,TCGA-GN-A8LL-06,1,1,Metastasis,Metastasis,0.9795221090316772,True,0.7696699
939,GTEX-YECK-0326-SM-4W1YS,2,2,Normal Tissue,Normal Tissue,0.9243542551994324,True,0.19248927
940,TCGA-D3-A8GL-06,1,1,Metastasis,Metastasis,0.9435182213783264,True,0.9315521
941,GTEX-S95S-0008-SM-4AT5M,2,2,Normal Tissue,Normal Tissue,0.9536702036857604,True,0.6357176
942,GTEX-SIU8-0008-SM-4BRUC,2,2,Normal Tissue,Normal Tissue,0.850517213344574,True,0.60040414
943,GTEX-Y5V5-2326-SM-4V6GA,2,2,Normal Tissue,Normal Tissue,0.9829059839248656,True,0.11963036
944,GTEX-OOBK-0126-SM-2YUND,2,2,Normal Tissue,Normal Tissue,0.9883660674095154,True,0.13602091
945,GTEX-TMMY-0226-SM-33HBA,2,2,Normal Tissue,Normal Tissue,0.9912250638008118,True,0.10639264
947,GTEX-11TUW-0008-SM-5SI6S,2,2,Normal Tissue,Normal Tissue,0.8706231117248535,True,0.7149263
948,GTEX-1399R-1326-SM-5PNYS,2,2,Normal Tissue,Normal Tissue,0.9475353360176086,True,0.20486991
949,GTEX-ZVP2-0008-SM-51MSL,2,2,Normal Tissue,Normal Tissue,0.9443052411079408,True,0.63766164
950,GTEX-13O3Q-2426-SM-5IJBR,2,2,Normal Tissue,Normal Tissue,0.9836223721504213,True,0.09755573
951,GTEX-147F3-1726-SM-5SIAW,2,2,Normal Tissue,Normal Tissue,0.9696117639541626,True,0.1307141
952,TCGA-FR-A69P-06,1,1,Metastasis,Metastasis,0.812885582447052,True,0.88587165
954,GTEX-13W3W-0726-SM-5IJDQ,2,2,Normal Tissue,Normal Tissue,0.9792287349700928,True,0.18064888
955,GTEX-PWCY-0008-SM-48TE9,2,2,Normal Tissue,Normal Tissue,0.9876174330711364,True,0.5837348
956,GTEX-12WSC-2826-SM-5BC5Y,2,2,Normal Tissue,Normal Tissue,0.9827006459236144,True,0.03693706
957,TCGA-EE-A180-06,1,1,Metastasis,Metastasis,0.8974590301513672,True,0.88936466
958,GTEX-147F4-0226-SM-5QGPW,2,2,Normal Tissue,Normal Tissue,0.9974295496940612,True,0.09744667
959,TCGA-EB-A57M-01,0,0,Primary Tumor,Primary Tumor,0.5216271281242371,True,0.42337796
960,GTEX-13NYB-2526-SM-5K7Z6,2,2,Normal Tissue,Normal Tissue,0.9969417452812196,True,0.112485886
961,GTEX-139TU-0126-SM-5K7WH,2,2,Normal Tissue,Normal Tissue,0.993107795715332,True,0.080073155
962,GTEX-X261-0126-SM-3NMD6,2,2,Normal Tissue,Normal Tissue,0.9056562781333924,True,0.1540071
963,GTEX-QDVJ-0008-SM-48U2E,2,2,Normal Tissue,Normal Tissue,0.9521921277046204,True,0.6031303
964,GTEX-11O72-0126-SM-59887,2,2,Normal Tissue,Normal Tissue,0.9731242060661316,True,0.14155956
965,GTEX-XBEC-0726-SM-4QARZ,2,2,Normal Tissue,Normal Tissue,0.9900709986686708,True,0.11642989
966,GTEX-13W46-0226-SM-5SIAG,2,2,Normal Tissue,Normal Tissue,0.9529340863227844,True,0.13781981
967,GTEX-S7SF-1626-SM-3K2AY,2,2,Normal Tissue,Normal Tissue,0.988734245300293,True,0.15678665
968,GTEX-RTLS-0008-SM-48FET,2,2,Normal Tissue,Normal Tissue,0.9422701597213744,True,0.6278671
969,TCGA-DA-A3F5-06,1,1,Metastasis,Metastasis,0.8645976185798645,True,0.9649341
970,GTEX-U3ZH-0008-SM-4DXT2,2,2,Normal Tissue,Normal Tissue,0.604033887386322,True,0.7064901
971,TCGA-EE-A3AE-06,1,1,Metastasis,Metastasis,0.8897521495819092,True,0.7518443
972,GTEX-Z93T-0126-SM-5HL5N,2,2,Normal Tissue,Normal Tissue,0.983110785484314,True,0.13095316
973,GTEX-13O21-1426-SM-5K7XI,2,2,Normal Tissue,Normal Tissue,0.9733301401138306,True,0.07234693
974,TCGA-EB-A5FP-01,0,0,Primary Tumor,Primary Tumor,0.5956718921661377,True,0.50077
975,GTEX-XBEW-1126-SM-4QARW,2,2,Normal Tissue,Normal Tissue,0.9914496541023254,True,0.1839498
976,GTEX-WHSE-0126-SM-3NMBT,2,2,Normal Tissue,Normal Tissue,0.9627978205680848,True,0.14511119
977,GTEX-13NYC-0326-SM-5K7WP,2,2,Normal Tissue,Normal Tissue,0.9891913533210754,True,0.09514731
978,GTEX-14B4R-1326-SM-5Q5EZ,2,2,Normal Tissue,Normal Tissue,0.9405598640441896,True,0.1545437
979,GTEX-NPJ8-0126-SM-2YUNR,2,2,Normal Tissue,Normal Tissue,0.9978049397468568,True,0.06577176
980,TCGA-EE-A183-06,1,1,Metastasis,Metastasis,0.904457688331604,True,0.77453053
981,GTEX-12126-0326-SM-5PNW3,2,2,Normal Tissue,Normal Tissue,0.9836296439170836,True,0.07226422
982,GTEX-S7PM-0008-SM-3NM9Q,2,2,Normal Tissue,Normal Tissue,0.7164777517318726,True,0.6391806
983,GTEX-OXRK-0226-SM-3NB2G,2,2,Normal Tissue,Normal Tissue,0.990789532661438,True,0.1211565
984,GTEX-1192X-0226-SM-5H12D,2,2,Normal Tissue,Normal Tissue,0.9950875639915466,True,0.10155294
985,GTEX-X8HC-0626-SM-4E3HQ,2,2,Normal Tissue,Normal Tissue,0.941970705986023,True,0.24357244
986,GTEX-11DXY-2626-SM-5GIE7,2,2,Normal Tissue,Normal Tissue,0.986101508140564,True,0.10315041
987,GTEX-ZV7C-0926-SM-59HL1,2,2,Normal Tissue,Normal Tissue,0.8512515425682068,True,0.595078
988,TCGA-DA-A3F8-06,1,1,Metastasis,Metastasis,0.9477449655532836,True,0.6729398
989,GTEX-NL3G-0008-SM-4E3JX,2,2,Normal Tissue,Normal Tissue,0.9154014587402344,True,0.6884231
990,TCGA-D3-A2J6-06,1,1,Metastasis,Metastasis,0.6083792448043823,True,0.88090914
991,GTEX-QVJO-1626-SM-2S1QW,2,2,Normal Tissue,Normal Tissue,0.9912740588188172,True,0.12347116
992,TCGA-ER-A42L-06,1,1,Metastasis,Metastasis,0.963638722896576,True,0.8353775
993,GTEX-ZDTT-0008-SM-4E3K5,2,2,Normal Tissue,Normal Tissue,0.7225692868232727,True,0.7045736
994,GTEX-13FTW-0326-SM-5K7UW,2,2,Normal Tissue,Normal Tissue,0.9574087858200072,True,0.14448732
995,GTEX-139TS-2126-SM-5K7XC,2,2,Normal Tissue,Normal Tissue,0.9786946177482604,True,0.19253607
996,GTEX-Q734-0008-SM-48U2I,2,2,Normal Tissue,Normal Tissue,0.9690243005752563,True,0.66922385
997,GTEX-ZTSS-0008-SM-4YCE8,2,2,Normal Tissue,Normal Tissue,0.7302217483520508,True,0.65780425
998,TCGA-WE-A8ZM-06,1,1,Metastasis,Metastasis,0.8583270311355591,True,0.87186074
999,GTEX-12WSB-2926-SM-59HKL,2,2,Normal Tissue,Normal Tissue,0.9357927441596984,True,0.23469621
1000,GTEX-11P7K-1126-SM-5HL4L,2,2,Normal Tissue,Normal Tissue,0.9954082369804382,True,0.114612624
1001,TCGA-EE-A20F-06,1,1,Metastasis,Metastasis,0.947123885154724,True,0.7299702
1002,GTEX-OHPJ-0008-SM-4E3JG,2,2,Normal Tissue,Normal Tissue,0.9640300869941713,True,0.65579885
1003,GTEX-ZP4G-1426-SM-4WWCL,2,2,Normal Tissue,Normal Tissue,0.9879578948020936,True,0.11515545
1004,TCGA-FW-A3I3-06,1,1,Metastasis,Metastasis,0.4324050545692444,True,0.5473139
1005,GTEX-XOTO-0726-SM-4B659,2,2,Normal Tissue,Normal Tissue,0.9799312949180604,True,0.12035792
1006,TCGA-YD-A9TA-06,1,1,Metastasis,Metastasis,0.9734469652175904,True,0.7950083
1008,GTEX-X4XY-0008-SM-46MVL,2,2,Normal Tissue,Normal Tissue,0.9702844619750975,True,0.6488113
1009,TCGA-EB-A6QY-01,0,0,Primary Tumor,Primary Tumor,0.6009965538978577,True,0.38334975
1010,TCGA-WE-A8ZY-06,1,1,Metastasis,Metastasis,0.8548194169998169,True,0.85713935
1011,GTEX-111CU-1126-SM-5EGIM,2,2,Normal Tissue,Normal Tissue,0.9867239594459534,True,0.11565013
1012,TCGA-D3-A1Q1-06,1,1,Metastasis,Metastasis,0.6666310429573059,True,0.99214303
1013,TCGA-D3-A8GR-06,1,1,Metastasis,Metastasis,0.90303635597229,True,0.9401673
1014,TCGA-EE-A20I-06,1,1,Metastasis,Metastasis,0.9430366158485411,True,0.74193186
1015,TCGA-DA-A95V-06,1,1,Metastasis,Metastasis,0.9695846438407898,True,0.7824851
1016,GTEX-14DAR-2026-SM-5S2O3,2,2,Normal Tissue,Normal Tissue,0.994751513004303,True,0.004821617
1017,GTEX-OXRP-0126-SM-48TDI,2,2,Normal Tissue,Normal Tissue,0.9936621189117432,True,0.08655571
1018,GTEX-11P81-0008-SM-5S2OT,2,2,Normal Tissue,Normal Tissue,0.9978498220443726,True,0.5937309
1019,TCGA-EE-A3JB-06,1,1,Metastasis,Metastasis,0.8948009610176086,True,0.87977904
1020,TCGA-ER-A19F-06,1,1,Metastasis,Metastasis,0.784923791885376,True,0.7155668
1021,GTEX-ZAK1-0626-SM-5HL8E,2,2,Normal Tissue,Normal Tissue,0.9855178594589232,True,0.1394187
1023,GTEX-WRHU-2826-SM-3MJG8,2,2,Normal Tissue,Normal Tissue,0.9103423357009888,True,0.117724374
1024,GTEX-ZDTS-0826-SM-4WKHL,2,2,Normal Tissue,Normal Tissue,0.991711974143982,True,0.16044012
1025,GTEX-117YX-2326-SM-5H12W,2,2,Normal Tissue,Normal Tissue,0.9965463280677797,True,0.10283723
1026,GTEX-12ZZY-0726-SM-5EQ66,2,2,Normal Tissue,Normal Tissue,0.9950435161590576,True,0.08147762
1028,GTEX-Y5V6-0008-SM-4V6FV,2,2,Normal Tissue,Normal Tissue,0.8612488508224487,True,0.689253
1029,GTEX-14BMV-0126-SM-5S2PO,2,2,Normal Tissue,Normal Tissue,0.983773112297058,True,0.11083381
1030,GTEX-QCQG-0008-SM-48U2G,2,2,Normal Tissue,Normal Tissue,0.8919416069984436,True,0.637822
1031,GTEX-X3Y1-0008-SM-4PR12,2,2,Normal Tissue,Normal Tissue,0.9827143549919128,True,0.64342636
1032,TCGA-EE-A2MR-06,1,1,Metastasis,Metastasis,0.8912965655326843,True,0.7248094
1033,GTEX-12WSD-0126-SM-59HKN,2,2,Normal Tissue,Normal Tissue,0.988800883293152,True,0.120097764
1034,GTEX-S4UY-0008-SM-3NM8H,2,2,Normal Tissue,Normal Tissue,0.6504359245300293,True,0.72454756
1036,GTEX-13JVG-0726-SM-5KM16,2,2,Normal Tissue,Normal Tissue,0.9844912886619568,True,0.19377205
1037,GTEX-S341-0008-SM-4AD6D,2,2,Normal Tissue,Normal Tissue,0.9716700315475464,True,0.6213842
1038,GTEX-U8XE-0226-SM-4E3J3,2,2,Normal Tissue,Normal Tissue,0.9652813673019408,True,0.21234648
1039,GTEX-13OW7-0426-SM-5K7VK,2,2,Normal Tissue,Normal Tissue,0.9679489731788636,True,0.13717163
1040,GTEX-11WQC-0008-SM-5SI6R,2,2,Normal Tissue,Normal Tissue,0.7054250240325928,True,0.73310876
1041,GTEX-13113-1926-SM-5LZWG,2,2,Normal Tissue,Normal Tissue,0.9793094396591188,True,0.17533185
1042,TCGA-D3-A1Q5-06,1,1,Metastasis,Metastasis,0.954291820526123,True,0.8374337
1043,GTEX-ZPCL-1126-SM-4WWFE,2,2,Normal Tissue,Normal Tissue,0.9537259340286256,True,0.15391362
1044,GTEX-ZDYS-2426-SM-4WKGI,2,2,Normal Tissue,Normal Tissue,0.9315512776374816,True,0.18598266
1045,GTEX-146FH-0126-SM-5QGPP,2,2,Normal Tissue,Normal Tissue,0.9865397810935974,True,0.110291936
1046,GTEX-ZTSS-1926-SM-57WEW,2,2,Normal Tissue,Normal Tissue,0.9781702160835266,True,0.10097314
1047,TCGA-EE-A3JE-06,1,1,Metastasis,Metastasis,0.9706555604934692,True,0.6828949
1048,GTEX-QESD-0008-SM-447B2,2,2,Normal Tissue,Normal Tissue,0.9798990488052368,True,0.61311513
1049,GTEX-ZT9W-2426-SM-57WFJ,2,2,Normal Tissue,Normal Tissue,0.5188352465629578,True,0.73262066
1050,TCGA-FS-A1ZY-06,1,1,Metastasis,Metastasis,0.7351444959640503,True,0.84683335
1051,GTEX-Q2AI-1326-SM-2S1PL,2,2,Normal Tissue,Normal Tissue,0.9977877140045166,True,0.09931294
1052,GTEX-WYBS-0008-SM-4ONDX,2,2,Normal Tissue,Normal Tissue,0.4726385474205017,True,0.7652838
1054,GTEX-ZVE1-0726-SM-51MRN,2,2,Normal Tissue,Normal Tissue,0.9549184441566468,True,0.2279366
1055,TCGA-QB-A6FS-06,1,1,Metastasis,Metastasis,0.9709486365318298,True,0.7910803
1056,TCGA-FR-A729-06,1,1,Metastasis,Metastasis,0.965264081954956,True,0.67088133
1057,GTEX-ZV68-0008-SM-4YCCV,2,2,Normal Tissue,Normal Tissue,0.9300491213798524,True,0.6709302
1059,GTEX-113JC-0008-SM-5QGR6,2,2,Normal Tissue,Normal Tissue,0.8443524837493896,True,0.7334804
1060,GTEX-ZVZQ-0008-SM-51MSK,2,2,Normal Tissue,Normal Tissue,0.9796732664108276,True,0.64404786
1061,TCGA-FS-A1Z7-06,1,1,Metastasis,Metastasis,0.9131484627723694,True,0.9264593
1062,GTEX-SNOS-0008-SM-4DM6I,2,2,Normal Tissue,Normal Tissue,0.9375098943710328,True,0.5729043
1063,GTEX-11DZ1-0126-SM-5985Q,2,2,Normal Tissue,Normal Tissue,0.9788084626197816,True,0.16838504
1064,GTEX-ZYWO-2226-SM-5GZXR,2,2,Normal Tissue,Normal Tissue,0.9574328064918518,True,0.21839888
1065,TCGA-GN-A266-06,1,1,Metastasis,Metastasis,0.9698864221572876,True,0.79068583
1066,TCGA-RP-A693-06,1,1,Metastasis,Metastasis,0.9575260281562804,True,0.7798155
1067,GTEX-ZLWG-0008-SM-4E3J4,2,2,Normal Tissue,Normal Tissue,0.957377552986145,True,0.6700676
1068,TCGA-EE-A3JH-06,1,1,Metastasis,Metastasis,0.979720652103424,True,0.76192063
1069,TCGA-D3-A1QA-06,1,1,Metastasis,Metastasis,0.9540603160858154,True,0.8470864
1070,TCGA-D3-A1QA-07,1,1,Metastasis,Metastasis,0.9340068697929382,True,0.75644785
1071,TCGA-DA-A95Y-06,1,1,Metastasis,Metastasis,0.9204267263412476,True,0.8118602
1072,TCGA-EE-A2MD-06,1,1,Metastasis,Metastasis,0.9751968383789062,True,0.75547755
1073,GTEX-111VG-1626-SM-5EGIO,2,2,Normal Tissue,Normal Tissue,0.988742470741272,True,0.13051368
1074,TCGA-EB-A3Y7-01,0,0,Primary Tumor,Primary Tumor,0.6568705439567566,True,0.65155226
1075,GTEX-RM2N-1426-SM-2TF4H,2,2,Normal Tissue,Normal Tissue,0.9913382530212402,True,0.111941926
1076,TCGA-FR-A726-01,0,0,Primary Tumor,Primary Tumor,0.8634686470031738,True,0.650847
1077,GTEX-11DXZ-2026-SM-5987S,2,2,Normal Tissue,Normal Tissue,0.985633671283722,True,0.15118836
1078,TCGA-EE-A2MQ-06,1,1,Metastasis,Metastasis,0.9304518699645996,True,0.82635105
1079,GTEX-SSA3-0008-SM-47JWJ,2,2,Normal Tissue,Normal Tissue,0.9799003005027772,True,0.542361
1080,TCGA-D3-A2J8-06,1,1,Metastasis,Metastasis,0.9657319784164428,True,0.8267371
1081,GTEX-WOFL-0126-SM-3MJG2,2,2,Normal Tissue,Normal Tissue,0.9781326055526732,True,0.13762577
1082,GTEX-RN64-0126-SM-2TC68,2,2,Normal Tissue,Normal Tissue,0.9493685364723206,True,0.1519955
1083,TCGA-BF-A3DJ-01,0,0,Primary Tumor,Primary Tumor,0.7533218860626221,True,0.52666813
1084,GTEX-WWYW-0008-SM-4MVPF,2,2,Normal Tissue,Normal Tissue,0.5304397344589233,True,0.77861696
1085,TCGA-D9-A148-06,1,1,Metastasis,Metastasis,0.8740844130516052,True,0.7955862
1086,GTEX-PLZ4-0126-SM-2S1OG,2,2,Normal Tissue,Normal Tissue,0.9982726573944092,True,0.116353355
1087,TCGA-EB-A6R0-01,0,0,Primary Tumor,Primary Tumor,0.580100953578949,True,0.6626361
1088,GTEX-U3ZN-0008-SM-4DXTL,2,2,Normal Tissue,Normal Tissue,0.8932666182518005,True,0.6734534
1089,GTEX-13VXT-1926-SM-5K7UO,2,2,Normal Tissue,Normal Tissue,0.9926342368125916,True,0.16899197
1090,GTEX-WCDI-0008-SM-47JYE,2,2,Normal Tissue,Normal Tissue,0.5607942342758179,True,0.7314991
1091,GTEX-ZVT4-0126-SM-51MS1,2,2,Normal Tissue,Normal Tissue,0.974919855594635,True,0.18871242
1092,GTEX-1399S-0126-SM-5IJCF,2,2,Normal Tissue,Normal Tissue,0.9812896847724916,True,0.22215019
1093,GTEX-PSDG-0226-SM-33HC1,2,2,Normal Tissue,Normal Tissue,0.9900791645050048,True,0.12326815
1094,GTEX-13FTX-1526-SM-5K7VJ,2,2,Normal Tissue,Normal Tissue,0.9801666140556335,True,0.1875145
1095,GTEX-WXYG-2026-SM-4E3IY,2,2,Normal Tissue,Normal Tissue,0.986427128314972,True,0.17134833
1096,GTEX-13PVQ-0626-SM-5LU47,2,2,Normal Tissue,Normal Tissue,0.9830126166343688,True,0.12422342
1097,TCGA-D3-A51K-06,1,1,Metastasis,Metastasis,0.9832162261009216,True,0.7729393
1098,TCGA-FR-A7U8-06,1,1,Metastasis,Metastasis,0.811260998249054,True,0.91346705
1099,GTEX-SUCS-1926-SM-32PM3,2,2,Normal Tissue,Normal Tissue,0.9750290513038636,True,0.15515707
1100,GTEX-1192X-0008-SM-5Q5B7,2,2,Normal Tissue,Normal Tissue,0.9520831108093262,True,0.638096
1101,GTEX-11WQK-1026-SM-5EQLX,2,2,Normal Tissue,Normal Tissue,0.9569213390350342,True,0.2159456
1102,GTEX-PSDG-0008-SM-48TE5,2,2,Normal Tissue,Normal Tissue,0.9558250308036804,True,0.59168035
1104,TCGA-Z2-A8RT-06,1,1,Metastasis,Metastasis,0.9614714980125428,True,0.8132484
1105,GTEX-Y5V5-0126-SM-5S2NW,2,2,Normal Tissue,Normal Tissue,0.9888972640037536,True,0.08779293
1106,GTEX-WH7G-2026-SM-3NMBL,2,2,Normal Tissue,Normal Tissue,0.916713535785675,True,0.12449075
1107,GTEX-11VI4-1726-SM-5CVLH,2,2,Normal Tissue,Normal Tissue,0.9499233961105348,True,0.13393803
1108,GTEX-T6MN-0126-SM-32PLP,2,2,Normal Tissue,Normal Tissue,0.9776790142059326,True,0.15192606
1109,TCGA-EB-A44R-06,1,1,Metastasis,Metastasis,0.9599846601486206,True,0.85653186
1110,TCGA-FS-A1ZG-06,1,1,Metastasis,Metastasis,0.9067290425300598,True,0.8659459
1111,GTEX-12WSK-2126-SM-5CVNC,2,2,Normal Tissue,Normal Tissue,0.984867513179779,True,0.17256658
1112,GTEX-XAJ8-0008-SM-46MU7,2,2,Normal Tissue,Normal Tissue,0.3807268440723419,True,0.76901543
1113,TCGA-YG-AA3P-06,1,1,Metastasis,Metastasis,0.8865824341773987,True,0.9176421
1114,TCGA-FS-A1ZS-06,1,1,Metastasis,Metastasis,0.8112229704856873,True,0.8208723
1115,GTEX-PWN1-0008-SM-48TEA,2,2,Normal Tissue,Normal Tissue,0.9980134963989258,True,0.58258945
1117,GTEX-148VJ-0626-SM-5LUAW,2,2,Normal Tissue,Normal Tissue,0.9939358830451964,True,0.17228535
1118,GTEX-131YS-0126-SM-5KM1M,2,2,Normal Tissue,Normal Tissue,0.9686813354492188,True,0.18349665
1120,GTEX-11TTK-0008-SM-5S2RU,2,2,Normal Tissue,Normal Tissue,0.9716508984565736,True,0.6758768
1121,GTEX-1211K-1526-SM-5FQU4,2,2,Normal Tissue,Normal Tissue,0.9357230067253112,True,0.14047298
1122,TCGA-EE-A2GB-06,1,1,Metastasis,Metastasis,0.886414647102356,True,0.8323128
1123,GTEX-X5EB-2226-SM-46MW4,2,2,Normal Tissue,Normal Tissue,0.9886229634284972,True,0.12436948
1124,GTEX-11DXZ-2326-SM-5EGGV,2,2,Normal Tissue,Normal Tissue,0.9798939824104308,True,0.14138834
1127,TCGA-FS-A1Z3-06,1,1,Metastasis,Metastasis,0.7631251811981201,True,0.93072563
1128,GTEX-11ONC-0008-SM-5S2MG,2,2,Normal Tissue,Normal Tissue,0.9729562401771544,True,0.69884276
1129,GTEX-ZAK1-0126-SM-5IJD3,2,2,Normal Tissue,Normal Tissue,0.9765580296516418,True,0.14079033
1130,GTEX-VUSG-2326-SM-4KL1U,2,2,Normal Tissue,Normal Tissue,0.9935546517372132,True,0.082698904
1131,GTEX-13X6I-0626-SM-5QGP9,2,2,Normal Tissue,Normal Tissue,0.9892237186431884,True,0.13583271
1132,TCGA-D9-A1JX-06,1,1,Metastasis,Metastasis,0.9678032398223876,True,0.7767211
1133,GTEX-13SLW-0626-SM-5Q5ER,2,2,Normal Tissue,Normal Tissue,0.987000584602356,True,0.12321911
1134,TCGA-ER-A195-06,1,1,Metastasis,Metastasis,0.6055631041526794,True,0.649466
1135,GTEX-XGQ4-0008-SM-4AT3Z,2,2,Normal Tissue,Normal Tissue,0.8284885287284851,True,0.641838
1136,GTEX-ZZ64-1726-SM-5GZYB,2,2,Normal Tissue,Normal Tissue,0.9355651140213012,True,0.20803334
1137,GTEX-ZTSS-1426-SM-5985P,2,2,Normal Tissue,Normal Tissue,0.9170469641685486,True,0.14688022
1138,TCGA-D3-A2JL-06,1,1,Metastasis,Metastasis,0.964187741279602,True,0.71695125
1139,TCGA-EE-A2MH-06,1,1,Metastasis,Metastasis,0.8958526849746704,True,0.7127464
1140,TCGA-D3-A8GN-06,1,1,Metastasis,Metastasis,0.9608702659606934,True,0.79115605
1141,TCGA-EE-A2M6-06,1,1,Metastasis,Metastasis,0.9437517523765564,True,0.7773876
1142,TCGA-D3-A8GP-06,1,1,Metastasis,Metastasis,0.9434114694595336,True,0.8541263
1143,TCGA-ER-A19C-06,1,1,Metastasis,Metastasis,0.7711977362632751,True,0.8188038
1144,GTEX-R3RS-0126-SM-3GIJL,2,2,Normal Tissue,Normal Tissue,0.9947847723960876,True,0.10199418
1145,GTEX-12126-0826-SM-5FQTZ,2,2,Normal Tissue,Normal Tissue,0.9798831343650818,True,0.18192028
1146,GTEX-XQ8I-0426-SM-4BOPO,2,2,Normal Tissue,Normal Tissue,0.9964369535446168,True,0.016175754
1147,TCGA-EE-A2GS-06,1,1,Metastasis,Metastasis,0.9010267853736876,True,0.7616979
1148,GTEX-PLZ6-1426-SM-2S1OQ,2,2,Normal Tissue,Normal Tissue,0.995142698287964,True,0.098430656
1149,TCGA-WE-A8K1-06,1,1,Metastasis,Metastasis,0.9743067622184752,True,0.7885369
1150,TCGA-EE-A2GD-06,1,1,Metastasis,Metastasis,0.4672378003597259,True,0.6684119
1151,GTEX-13OW7-0126-SM-5MR3B,2,2,Normal Tissue,Normal Tissue,0.9713886380195618,True,0.17390181
1152,GTEX-ZDXO-3126-SM-5IJDF,2,2,Normal Tissue,Normal Tissue,0.9839339852333068,True,0.16883294
1153,TCGA-ER-A19H-06,1,1,Metastasis,Metastasis,0.9506455063819884,True,0.7250541
1154,TCGA-EE-A2MC-06,1,1,Metastasis,Metastasis,0.8582515120506287,True,0.70505214
1155,GTEX-12WSJ-1826-SM-5GCNY,2,2,Normal Tissue,Normal Tissue,0.9845060706138612,True,0.12439062
1156,GTEX-13OW8-1326-SM-5J1OW,2,2,Normal Tissue,Normal Tissue,0.9861226081848145,True,0.10762336
1158,GTEX-WY7C-0008-SM-4ONDW,2,2,Normal Tissue,Normal Tissue,0.9716153144836426,True,0.61876345
1159,TCGA-ER-A19L-06,1,1,Metastasis,Metastasis,0.8171160221099854,True,0.87423265
1160,TCGA-WE-A8K6-06,1,1,Metastasis,Metastasis,0.8680906295776367,True,0.9150214
1161,GTEX-U3ZM-1526-SM-3DB9D,2,2,Normal Tissue,Normal Tissue,0.9881386160850524,True,0.021867968
1162,TCGA-EE-A2A5-06,1,1,Metastasis,Metastasis,0.8211457133293152,True,0.9875453
1163,GTEX-ZTPG-0008-SM-4YCEK,2,2,Normal Tissue,Normal Tissue,0.9781866669654846,True,0.62196314
1164,GTEX-UJHI-1526-SM-3DB99,2,2,Normal Tissue,Normal Tissue,0.9860883355140686,True,0.12172811
1165,GTEX-XMD3-0008-SM-4AT4V,2,2,Normal Tissue,Normal Tissue,0.9506863355636596,True,0.7104009
1166,GTEX-ZV68-0126-SM-59HKS,2,2,Normal Tissue,Normal Tissue,0.8874955773353577,True,0.24584313
1167,TCGA-EE-A2ME-06,1,1,Metastasis,Metastasis,0.9808014035224916,True,0.7384764
1168,GTEX-X62O-0126-SM-4E3JN,2,2,Normal Tissue,Normal Tissue,0.9798592329025269,True,0.22347403
1169,GTEX-146FQ-0126-SM-5NQA9,2,2,Normal Tissue,Normal Tissue,0.976133108139038,True,0.13518256
1170,TCGA-GN-A26D-06,1,1,Metastasis,Metastasis,0.9247571229934692,True,0.8033374
1171,GTEX-13N1W-0126-SM-5K7VT,2,2,Normal Tissue,Normal Tissue,0.9941593408584596,True,0.076845035
1172,TCGA-D3-A2J9-06,1,1,Metastasis,Metastasis,0.9636235237121582,True,0.7560657
1173,TCGA-FS-A4FB-06,1,1,Metastasis,Metastasis,0.5198701024055481,True,0.8281554
1174,TCGA-EE-A29Q-06,1,1,Metastasis,Metastasis,0.9323079586029052,True,0.94462156
1175,GTEX-13D11-0926-SM-5J2NC,2,2,Normal Tissue,Normal Tissue,0.9179301261901855,True,0.09110581
1176,GTEX-13112-0126-SM-5P9IU,2,2,Normal Tissue,Normal Tissue,0.9378372430801392,True,0.20338358
1177,GTEX-11XUK-2026-SM-5EQLF,2,2,Normal Tissue,Normal Tissue,0.9691482186317444,True,0.18099228
1178,GTEX-WYVS-1626-SM-3NM9R,2,2,Normal Tissue,Normal Tissue,0.9641126394271852,True,0.05183424
1179,TCGA-D3-A3C3-06,1,1,Metastasis,Metastasis,0.9329038262367249,True,0.7889168
1180,GTEX-11DXX-2426-SM-5GZZW,2,2,Normal Tissue,Normal Tissue,0.947179675102234,True,0.18331377
1181,GTEX-12WSC-0126-SM-5EQ4P,2,2,Normal Tissue,Normal Tissue,0.9559013843536376,True,0.12713887
1182,GTEX-O5YT-0008-SM-4E3IQ,2,2,Normal Tissue,Normal Tissue,0.9248180985450744,True,0.670031
1183,TCGA-Z2-AA3V-06,1,1,Metastasis,Metastasis,0.9503560066223145,True,0.76482844
1184,GTEX-OHPL-0008-SM-4E3I9,2,2,Normal Tissue,Normal Tissue,0.4498874247074127,True,0.79215485
1185,GTEX-O5YT-0126-SM-48TBW,2,2,Normal Tissue,Normal Tissue,0.9882938861846924,True,0.1542926
1187,GTEX-13OVG-1626-SM-5J1NF,2,2,Normal Tissue,Normal Tissue,0.9481534957885742,True,0.19327956
1188,GTEX-OIZG-0726-SM-33HBL,2,2,Normal Tissue,Normal Tissue,0.9668937921524048,True,0.10464923
1189,GTEX-11ILO-0626-SM-5A5LO,2,2,Normal Tissue,Normal Tissue,0.9234153628349304,True,0.11632332
1192,TCGA-GF-A6C8-06,1,1,Metastasis,Metastasis,0.9439392685890198,True,0.8426065
1193,GTEX-ZPIC-0008-SM-4E3JF,2,2,Normal Tissue,Normal Tissue,0.9056760668754578,True,0.7118261
1194,GTEX-YECK-0008-SM-4W1ZG,2,2,Normal Tissue,Normal Tissue,0.7623370289802551,True,0.7133679
1195,GTEX-12ZZX-2426-SM-5GCOE,2,2,Normal Tissue,Normal Tissue,0.922880470752716,True,0.09655463
1197,GTEX-WYJK-0008-SM-4ONDV,2,2,Normal Tissue,Normal Tissue,0.8158255815505981,True,0.7041659
1198,GTEX-WXYG-0008-SM-4ONDU,2,2,Normal Tissue,Normal Tissue,0.9683400392532348,True,0.62338865
1199,GTEX-ZY6K-1826-SM-5GZXK,2,2,Normal Tissue,Normal Tissue,0.926575005054474,True,0.20993243
1200,TCGA-EE-A3AC-06,1,1,Metastasis,Metastasis,0.9183534979820251,True,0.75900805
1201,GTEX-13YAN-0326-SM-5O9DF,2,2,Normal Tissue,Normal Tissue,0.9849205613136292,True,0.13644527
1202,TCGA-D3-A5GO-06,1,1,Metastasis,Metastasis,0.9460607171058656,True,0.88126254
1203,TCGA-FS-A1ZQ-06,1,1,Metastasis,Metastasis,0.6667234897613525,True,0.62352216
1204,GTEX-Y3I4-2126-SM-4TT7C,2,2,Normal Tissue,Normal Tissue,0.9783024787902832,True,0.20284747
1206,TCGA-XV-AAZV-01,0,0,Primary Tumor,Primary Tumor,0.8452159762382507,True,0.49833748
1207,GTEX-11OF3-0126-SM-5PNYF,2,2,Normal Tissue,Normal Tissue,0.9870720505714417,True,0.13559212
1208,TCGA-FS-A1ZU-06,1,1,Metastasis,Metastasis,0.5376484990119934,True,0.84887296
1209,TCGA-WE-AAA0-06,1,1,Metastasis,Metastasis,0.9400433897972108,True,0.8472928
1210,GTEX-ZYT6-0226-SM-5NQ6T,2,2,Normal Tissue,Normal Tissue,0.9730133414268494,True,0.15150703
1211,GTEX-ZQUD-0008-SM-4YCCU,2,2,Normal Tissue,Normal Tissue,0.8383180499076843,True,0.6770554
1212,GTEX-Y8LW-0008-SM-4V6G5,2,2,Normal Tissue,Normal Tissue,0.8044736385345459,True,0.7215755
1213,TCGA-GN-A4U3-06,1,1,Metastasis,Metastasis,0.945800483226776,True,0.8122028
1214,GTEX-X4EO-0008-SM-4QASS,2,2,Normal Tissue,Normal Tissue,0.9804480075836182,True,0.68024004
1215,GTEX-WHWD-1826-SM-3LK6I,2,2,Normal Tissue,Normal Tissue,0.9956486821174622,True,0.07828779
1216,GTEX-11ILO-0126-SM-5A5LN,2,2,Normal Tissue,Normal Tissue,0.975290834903717,True,0.09917056
1217,GTEX-ZE9C-2726-SM-57WB5,2,2,Normal Tissue,Normal Tissue,0.8176026344299316,True,0.2409578
1220,GTEX-WFG7-2026-SM-5SI7P,2,2,Normal Tissue,Normal Tissue,0.9720569252967834,True,0.23637094
1221,GTEX-WYJK-0126-SM-3NMAB,2,2,Normal Tissue,Normal Tissue,0.920479953289032,True,0.12201362
1222,TCGA-D3-A3MU-06,1,1,Metastasis,Metastasis,0.9195454120635986,True,0.74981815
1223,GTEX-XQ3S-1526-SM-4BOOC,2,2,Normal Tissue,Normal Tissue,0.9940352439880372,True,0.06701819
1224,GTEX-13PDP-0126-SM-5L3HD,2,2,Normal Tissue,Normal Tissue,0.9725452065467834,True,0.1199116
1226,GTEX-YB5K-2126-SM-4WWDJ,2,2,Normal Tissue,Normal Tissue,0.9420847296714784,True,0.08697898
1227,GTEX-11NV4-0008-SM-5Q5BA,2,2,Normal Tissue,Normal Tissue,0.956077516078949,True,0.63321507
1228,GTEX-11TT1-1826-SM-5EQLV,2,2,Normal Tissue,Normal Tissue,0.9747977256774902,True,0.18944234
1229,GTEX-UJHI-0008-SM-4IHL1,2,2,Normal Tissue,Normal Tissue,0.8716269731521606,True,0.7218101
1230,GTEX-ZVE2-0226-SM-59HJB,2,2,Normal Tissue,Normal Tissue,0.9760294556617736,True,0.059257954
1231,GTEX-ZLV1-1526-SM-4WWBC,2,2,Normal Tissue,Normal Tissue,0.9917253255844116,True,0.13500144
1232,GTEX-1314G-1326-SM-5BC6E,2,2,Normal Tissue,Normal Tissue,0.9560094475746156,True,0.050958272
1233,TCGA-D3-A2JH-06,1,1,Metastasis,Metastasis,0.9559779167175292,True,0.81675565
1234,GTEX-11H98-0126-SM-5EGHG,2,2,Normal Tissue,Normal Tissue,0.9694662094116212,True,0.168245
1235,GTEX-TKQ2-0008-SM-4DM5L,2,2,Normal Tissue,Normal Tissue,0.982611894607544,True,0.59160733
1236,TCGA-EE-A2GR-06,1,1,Metastasis,Metastasis,0.5799172520637512,True,0.7355419
1237,GTEX-11ZU8-0008-SM-5S2VO,2,2,Normal Tissue,Normal Tissue,0.8669686317443848,True,0.714263
1238,GTEX-T2IS-0126-SM-4DM6O,2,2,Normal Tissue,Normal Tissue,0.9869335889816284,True,0.09883491
1239,GTEX-12KS4-2126-SM-5FQUT,2,2,Normal Tissue,Normal Tissue,0.9133410453796388,True,0.07845435
1240,GTEX-X261-0008-SM-4PR11,2,2,Normal Tissue,Normal Tissue,0.9933435916900636,True,0.58614844
1241,GTEX-ZYT6-2326-SM-5GZY3,2,2,Normal Tissue,Normal Tissue,0.9849081039428712,True,0.18810475
1242,TCGA-FS-A4F4-06,1,1,Metastasis,Metastasis,0.9038315415382384,True,0.89549446
1243,GTEX-RU72-0008-SM-46MV8,2,2,Normal Tissue,Normal Tissue,0.9913724660873412,True,0.65370804
1244,TCGA-EE-A2GN-06,1,1,Metastasis,Metastasis,0.878457248210907,True,0.87404716
1246,GTEX-13OVJ-0826-SM-5J1OK,2,2,Normal Tissue,Normal Tissue,0.9871976971626282,True,0.122664325
1247,GTEX-12WSH-1526-SM-5BC5W,2,2,Normal Tissue,Normal Tissue,0.9800887703895568,True,0.12938257
1248,GTEX-WY7C-2326-SM-3NB2U,2,2,Normal Tissue,Normal Tissue,0.9875826239585876,True,0.09696356
1249,GTEX-ZVP2-0326-SM-57WBP,2,2,Normal Tissue,Normal Tissue,0.9920529127120972,True,0.14292349
1250,GTEX-XUYS-0126-SM-47JWZ,2,2,Normal Tissue,Normal Tissue,0.9791566133499146,True,0.11001653
1251,GTEX-145MI-0526-SM-5O9A8,2,2,Normal Tissue,Normal Tissue,0.9720966815948486,True,0.15399094
1253,TCGA-EE-A2GI-06,1,1,Metastasis,Metastasis,0.9849649667739868,True,0.7612318
1254,TCGA-QB-AA9O-06,1,1,Metastasis,Metastasis,0.9751378893852234,True,0.6886362
1255,GTEX-12KS4-0326-SM-5EQ41,2,2,Normal Tissue,Normal Tissue,0.987958550453186,True,0.08960899
1256,GTEX-SJXC-0126-SM-2XCFF,2,2,Normal Tissue,Normal Tissue,0.9988922476768494,True,0.053486213
1257,TCGA-EE-A2MM-06,1,1,Metastasis,Metastasis,0.8706569075584412,True,0.82675946
1258,GTEX-WYVS-0008-SM-4ONDY,2,2,Normal Tissue,Normal Tissue,0.9729041457176208,True,0.659402
1259,GTEX-131XF-2626-SM-5EQ6K,2,2,Normal Tissue,Normal Tissue,0.9829676747322084,True,0.10314242
1262,GTEX-XPVG-2626-SM-4B669,2,2,Normal Tissue,Normal Tissue,0.9781027436256408,True,0.12651792
1263,GTEX-139TT-2126-SM-5LZWC,2,2,Normal Tissue,Normal Tissue,0.9744749665260316,True,0.07724702
1264,GTEX-Y3I4-1726-SM-4TT89,2,2,Normal Tissue,Normal Tissue,0.9737311601638794,True,0.21922643
1265,GTEX-13OVH-0526-SM-5L3E6,2,2,Normal Tissue,Normal Tissue,0.9777575135231018,True,0.16122277
1266,GTEX-12WSN-1426-SM-5GCO6,2,2,Normal Tissue,Normal Tissue,0.9786170125007628,True,0.3013676
1267,TCGA-EE-A2MF-06,1,1,Metastasis,Metastasis,0.9616684317588806,True,0.8444547
1268,GTEX-ZXG5-0126-SM-5GIEU,2,2,Normal Tissue,Normal Tissue,0.9722777009010316,True,0.11444828
1270,TCGA-3N-A9WD-06,1,1,Metastasis,Metastasis,0.8802878260612488,True,0.65919536
1271,GTEX-SN8G-0008-SM-4DM4X,2,2,Normal Tissue,Normal Tissue,0.9608152508735656,True,0.6367971
1272,TCGA-DA-A95W-06,1,1,Metastasis,Metastasis,0.9294606447219848,True,0.7694155
1274,GTEX-ZYFD-0626-SM-5E44E,2,2,Normal Tissue,Normal Tissue,0.8874356746673584,True,0.15729937
1275,TCGA-D9-A4Z6-06,1,1,Metastasis,Metastasis,0.9366406798362732,True,0.863513
1276,GTEX-QDT8-0126-SM-48TZ1,2,2,Normal Tissue,Normal Tissue,0.9873132109642028,True,0.1572534
1277,GTEX-148VI-1626-SM-5SI6E,2,2,Normal Tissue,Normal Tissue,0.9926315546035768,True,0.13176434
1278,TCGA-EE-A29L-06,1,1,Metastasis,Metastasis,0.7980678081512451,True,0.7935272
1279,GTEX-1122O-2126-SM-5EGIR,2,2,Normal Tissue,Normal Tissue,0.9759864211082458,True,0.15982975
1280,GTEX-R55E-0008-SM-48FCG,2,2,Normal Tissue,Normal Tissue,0.9637988209724426,True,0.64263517
